t_s,frame_ms,cpu_ms,gpu_ms,dist_m,phase
0.000046,0.0460,0.4270,2.9350,0.00,move_early
0.003371,3.3250,0.4210,2.9720,0.00,move_early
0.006345,2.9740,0.5140,2.9760,0.03,move_early
0.010388,4.0430,0.4460,3.6400,0.05,move_early
0.014515,4.1270,0.5960,3.9970,0.08,move_early
0.018516,4.0010,0.4220,3.3700,0.11,move_early
0.022286,3.7700,0.4290,3.5470,0.13,move_early
0.025282,2.9960,0.4150,2.9260,0.16,move_early
0.028276,2.9940,0.4180,2.9410,0.19,move_early
0.031323,3.0470,0.4160,2.9500,0.21,move_early
0.034628,3.3050,0.4210,3.2250,0.24,move_early
0.038083,3.4550,0.4300,2.9520,0.27,move_early
0.040842,2.7590,0.4210,2.9320,0.29,move_early
0.043873,3.0310,0.4250,2.9520,0.32,move_early
0.046851,2.9780,0.4330,2.9140,0.35,move_early
0.049937,3.0860,0.4300,2.9440,0.37,move_early
0.052928,2.9910,0.4120,2.9370,0.40,move_early
0.055953,3.0250,0.4350,2.9300,0.43,move_early
0.058955,3.0020,0.4290,2.9300,0.45,move_early
0.062023,3.0680,0.4270,2.9260,0.48,move_early
0.064982,2.9590,0.4420,2.9350,0.51,move_early
0.068027,3.0450,0.4190,2.9370,0.53,move_early
0.070999,2.9720,0.4370,2.9290,0.56,move_early
0.074044,3.0450,0.4310,2.9570,0.59,move_early
0.077035,2.9910,0.4520,2.9500,0.61,move_early
0.080052,3.0170,0.4080,2.9360,0.64,move_early
0.083056,3.0040,0.4250,2.9310,0.67,move_early
0.086054,2.9980,0.5580,2.9460,0.69,move_early
0.089091,3.0370,0.5550,2.9440,0.72,move_early
0.092117,3.0260,0.4200,2.9300,0.74,move_early
0.095168,3.0510,0.4210,2.9280,0.76,move_early
0.098167,2.9990,0.4170,2.9470,0.79,move_early
0.101354,3.1870,0.4160,2.9380,0.81,move_early
0.104387,3.0330,0.4460,2.9400,0.84,move_early
0.110460,6.0730,0.4140,2.9350,0.86,move_early
0.115022,4.5620,0.5730,2.9180,0.90,move_early
0.118929,3.9070,0.4200,2.9410,0.92,move_early
0.122431,3.5020,0.4550,2.9530,0.95,move_early
0.125549,3.1180,0.4600,2.9460,0.98,move_early
0.128810,3.2610,0.4080,2.9400,1.00,move_early
0.132000,3.1900,0.4160,2.9350,1.03,move_early
0.135174,3.1740,0.4320,2.9550,1.06,move_early
0.138291,3.1170,0.4420,2.9370,1.08,move_early
0.141389,3.0980,0.4140,2.9550,1.11,move_early
0.144502,3.1130,0.4120,2.9460,1.14,move_early
0.147611,3.1090,0.4300,2.9630,1.16,move_early
0.150787,3.1760,0.4210,2.9460,1.19,move_early
0.153950,3.1630,0.4160,2.9410,1.22,move_early
0.157085,3.1350,0.4370,2.9510,1.24,move_early
0.160216,3.1310,0.4330,2.9750,1.27,move_early
0.163457,3.2410,0.4410,2.9500,1.30,move_early
0.166691,3.2340,0.4180,3.1580,1.32,move_early
0.169851,3.1600,0.4060,2.9280,1.35,move_early
0.173096,3.2450,0.4250,2.9510,1.38,move_early
0.176241,3.1450,0.4740,2.9600,1.40,move_early
0.179365,3.1240,0.4190,2.9340,1.43,move_early
0.182756,3.3910,0.4280,2.9800,1.46,move_early
0.185921,3.1650,0.4440,2.9460,1.48,move_early
0.189128,3.2070,0.4290,2.9750,1.51,move_early
0.192273,3.1450,0.4320,2.9380,1.53,move_early
0.195669,3.3960,0.4280,2.9630,1.56,move_early
0.198889,3.2200,0.4610,3.2160,1.58,move_early
0.202024,3.1350,0.4230,2.9690,1.61,move_early
0.205119,3.0950,0.4270,2.9330,1.63,move_early
0.208292,3.1730,0.4280,2.9820,1.66,move_early
0.211511,3.2190,0.4450,2.9370,1.68,move_early
0.214843,3.3320,0.4340,2.9520,1.70,move_early
0.217981,3.1380,0.5730,2.9320,1.73,move_early
0.221136,3.1550,0.4350,2.9300,1.75,move_early
0.225339,4.2030,0.4200,2.9310,1.78,move_early
0.229111,3.7720,0.4210,2.9390,1.80,move_early
0.232326,3.2150,0.4830,2.9430,1.83,move_early
0.235442,3.1160,0.4710,3.1750,1.85,move_early
0.238605,3.1630,0.4340,2.9420,1.87,move_early
0.241714,3.1090,0.4200,2.9450,1.90,move_early
0.244770,3.0560,0.4250,2.9540,1.92,move_early
0.247791,3.0210,0.4390,2.9450,1.95,move_early
0.250822,3.0310,0.4080,2.9320,1.97,move_early
0.253881,3.0590,0.4140,2.9290,2.00,move_early
0.256944,3.0630,0.4250,2.9290,2.02,move_early
0.260087,3.1430,0.4290,2.9190,2.04,move_early
0.263192,3.1050,0.4230,2.9330,2.07,move_early
0.266442,3.2500,0.4320,3.2220,2.09,move_early
0.269927,3.4850,0.4080,3.1520,2.12,move_early
0.275869,5.9420,0.4230,2.9400,2.14,move_early
0.280029,4.1600,0.6170,2.9370,2.16,move_early
0.283356,3.3270,0.4270,2.9350,2.19,move_early
0.286643,3.2870,0.4140,2.9520,2.22,move_early
0.290031,3.3880,0.4060,2.9480,2.24,move_early
0.293678,3.6470,0.4840,2.9510,2.27,move_early
0.297111,3.4330,0.5120,2.9350,2.30,move_early
0.300507,3.3960,0.4180,3.1500,2.32,move_early
0.303836,3.3290,0.4460,2.9360,2.35,move_early
0.307121,3.2850,0.4220,2.9470,2.38,move_early
0.312295,5.1740,0.4180,2.9490,2.40,move_early
0.315889,3.5940,0.4350,2.9430,2.43,move_early
0.319247,3.3580,0.5590,2.9400,2.46,move_early
0.322612,3.3650,0.4420,2.9450,2.48,move_early
0.325950,3.3380,0.4190,2.9390,2.51,move_early
0.329323,3.3730,0.4290,2.9250,2.54,move_early
0.332717,3.3940,0.4400,2.9420,2.56,move_early
0.336105,3.3880,0.4510,2.9320,2.59,move_early
0.339445,3.3400,0.4840,2.9310,2.62,move_early
0.342778,3.3330,0.4190,2.9430,2.64,move_early
0.346036,3.2580,0.4460,2.9430,2.67,move_early
0.349419,3.3830,0.4040,2.9440,2.70,move_early
0.353020,3.6010,0.4690,2.9390,2.72,move_early
0.356444,3.4240,0.5680,2.9220,2.75,move_early
0.365454,9.0100,0.4620,2.9480,2.78,move_early
0.378148,12.6940,0.4390,2.9370,2.82,move_early
0.386693,8.5450,0.5090,2.9260,2.92,move_early
0.391028,4.3350,0.5460,2.9500,2.99,move_early
0.393885,2.8570,0.5330,2.9010,3.03,move_early
0.396865,2.9800,0.4880,2.9090,3.07,move_early
0.399799,2.9340,0.4250,2.9120,3.12,move_early
0.402732,2.9330,0.4310,2.8980,3.16,move_early
0.405739,3.0070,0.4270,2.9150,3.21,move_early
0.408687,2.9480,0.4530,2.9020,3.25,move_early
0.411672,2.9850,0.4540,2.8980,3.29,move_early
0.414652,2.9800,0.5620,2.8890,3.32,move_early
0.417626,2.9740,0.4320,2.8910,3.34,move_early
0.420542,2.9160,0.4290,2.9080,3.37,move_early
0.423565,3.0230,0.4560,2.8920,3.39,move_early
0.426514,2.9490,0.4090,2.9140,3.41,move_early
0.429538,3.0240,0.5480,2.9130,3.44,move_early
0.433043,3.5050,0.4110,2.9400,3.46,move_early
0.435744,2.7010,0.4230,2.9320,3.49,move_early
0.438760,3.0160,0.4180,2.9320,3.51,move_early
0.441871,3.1110,0.4220,2.9370,3.54,move_early
0.444770,2.8990,0.4200,2.9230,3.56,move_early
0.447804,3.0340,0.4360,2.9410,3.58,move_early
0.450820,3.0160,0.4170,2.9500,3.61,move_early
0.453813,2.9930,0.4150,2.9390,3.63,move_early
0.457175,3.3620,0.4430,3.2130,3.66,move_early
0.460212,3.0370,0.4370,2.9240,3.68,move_early
0.463383,3.1710,0.4420,3.1590,3.70,move_early
0.466450,3.0670,0.4340,2.9380,3.73,move_early
0.469398,2.9480,0.4250,2.9220,3.75,move_early
0.472463,3.0650,0.4270,2.9450,3.78,move_early
0.475498,3.0350,0.4170,2.9440,3.80,move_early
0.478557,3.0590,0.4210,2.9370,3.83,move_early
0.481499,2.9420,0.5070,2.9370,3.85,move_early
0.484539,3.0400,0.4160,2.9340,3.87,move_early
0.487593,3.0540,0.4130,2.9530,3.90,move_early
0.490644,3.0510,0.4620,2.9470,3.92,move_early
0.493692,3.0480,0.4140,2.9280,3.95,move_early
0.496586,2.8940,0.4120,2.9260,3.97,move_early
0.499643,3.0570,0.4110,2.9550,4.00,move_early
0.502659,3.0160,0.4240,2.9380,4.02,move_early
0.505671,3.0120,0.4300,2.9270,4.04,move_early
0.508657,2.9860,0.5390,2.9410,4.07,move_early
0.511701,3.0440,0.4200,2.9420,4.09,move_early
0.514725,3.0240,0.4310,2.9530,4.12,move_early
0.517798,3.0730,0.4200,2.9300,4.14,move_early
0.520707,2.9090,0.4200,2.9290,4.17,move_early
0.523732,3.0250,0.4170,2.9470,4.19,move_early
0.530850,7.1180,0.4110,2.9330,4.21,move_early
0.534920,4.0700,0.4130,3.1690,4.24,move_early
0.537373,2.4530,0.4520,2.9440,4.26,move_early
0.540578,3.2050,0.4880,2.9340,4.29,move_early
0.543307,2.7290,0.4260,2.9250,4.31,move_early
0.546349,3.0420,0.4190,2.9510,4.33,move_early
0.549324,2.9750,0.4160,2.9220,4.36,move_early
0.552589,3.2650,0.4210,2.9510,4.38,move_early
0.555390,2.8010,0.4230,2.9270,4.41,move_early
0.558446,3.0560,0.4730,2.9620,4.43,move_early
0.561430,2.9840,0.4320,2.9370,4.46,move_early
0.564414,2.9840,0.4360,2.9390,4.48,move_early
0.567401,2.9870,0.4270,2.9210,4.50,move_early
0.570408,3.0070,0.4250,2.9300,4.53,move_early
0.573454,3.0460,0.5390,2.9360,4.55,move_early
0.576501,3.0470,0.4100,2.9330,4.58,move_early
0.579543,3.0420,0.3960,2.9490,4.60,move_early
0.582560,3.0170,0.4050,2.9440,4.63,move_early
0.585566,3.0060,0.4100,2.9540,4.65,move_early
0.588568,3.0020,0.4190,2.9320,4.67,move_early
0.591638,3.0700,0.4130,2.9540,4.70,move_early
0.594704,3.0660,0.4110,2.9500,4.72,move_early
0.598131,3.4270,0.4180,3.4070,4.75,move_early
0.601168,3.0370,0.4440,2.9490,4.77,move_early
0.604178,3.0100,0.4190,2.9380,4.80,move_early
0.607277,3.0990,0.4110,2.9480,4.82,move_early
0.610314,3.0370,0.4120,2.9380,4.84,move_early
0.613298,2.9840,0.4160,2.9440,4.87,move_early
0.616313,3.0150,0.4030,2.9440,4.89,move_early
0.619330,3.0170,0.4160,2.9490,4.92,move_early
0.622499,3.1690,0.4260,2.9370,4.94,move_early
0.625408,2.9090,0.4390,2.9340,4.97,move_early
0.628504,3.0960,0.4250,2.9490,4.99,move_early
0.634342,5.8380,0.4420,2.9340,5.01,move_early
0.638590,4.2480,0.4340,2.9390,5.04,move_early
0.641402,2.8120,0.4500,2.9400,5.06,move_early
0.644287,2.8850,0.4230,2.9540,5.09,move_early
0.647375,3.0880,0.4360,2.9310,5.11,move_early
0.650316,2.9410,0.4150,2.9180,5.14,move_early
0.653349,3.0330,0.4090,2.9430,5.16,move_early
0.656414,3.0650,0.4130,2.9420,5.18,move_early
0.659389,2.9750,0.4200,2.9200,5.21,move_early
0.666211,6.8220,0.4150,2.9380,5.23,move_early
0.669236,3.0250,0.4470,2.9310,5.26,move_early
0.672140,2.9040,0.4310,2.9270,5.29,move_early
0.675024,2.8840,0.4250,2.9320,5.31,move_early
0.678145,3.1210,0.4160,2.9420,5.34,move_early
0.681059,2.9140,0.5930,2.9390,5.37,move_early
0.684567,3.5080,0.4390,2.9380,5.39,move_early
0.687526,2.9590,0.5600,2.9320,5.42,move_early
0.690418,2.8920,0.4420,2.9360,5.45,move_early
0.693445,3.0270,0.4160,2.9310,5.47,move_early
0.696685,3.2400,0.4220,3.1410,5.50,move_early
0.699666,2.9810,0.4250,2.9270,5.53,move_early
0.702842,3.1760,0.4230,2.9310,5.55,move_early
0.705784,2.9420,0.4550,2.9440,5.58,move_early
0.708825,3.0410,0.4360,2.9350,5.60,move_early
0.711744,2.9190,0.4160,2.9170,5.63,move_early
0.714824,3.0800,0.4350,2.9310,5.65,move_early
0.717811,2.9870,0.4170,2.9450,5.68,move_early
0.720810,2.9990,0.4160,2.9480,5.70,move_early
0.723964,3.1540,0.4390,2.9190,5.72,move_early
0.726951,2.9870,0.4280,2.9400,5.75,move_early
0.729868,2.9170,0.4140,2.9390,5.77,move_early
0.732881,3.0130,0.4240,2.9510,5.80,move_early
0.735882,3.0010,0.4200,2.9300,5.82,move_early
0.738923,3.0410,0.4300,2.9370,5.85,move_early
0.741958,3.0350,0.4330,2.9400,5.87,move_early
0.745009,3.0510,0.4600,2.9850,5.89,move_early
0.748028,3.0190,0.4190,2.9530,5.92,move_early
0.751049,3.0210,0.4330,2.9220,5.94,move_early
0.754037,2.9880,0.4200,2.9230,5.97,move_early
0.757058,3.0210,0.4130,2.9430,5.99,move_early
0.760185,3.1270,0.4290,2.9360,6.01,move_early
0.763158,2.9730,0.4450,2.9350,6.04,move_early
0.766419,3.2610,0.4270,3.1800,6.06,move_early
0.769404,2.9850,0.4290,2.9350,6.09,move_early
0.772418,3.0140,0.4260,2.9310,6.11,move_early
0.775415,2.9970,0.4510,2.9530,6.14,move_early
0.778449,3.0340,0.4190,2.9330,6.16,move_early
0.781513,3.0640,0.4260,2.9640,6.18,move_early
0.784506,2.9930,0.4250,2.9430,6.21,move_early
0.787528,3.0220,0.4250,2.9400,6.23,move_early
0.790666,3.1380,0.4240,2.9430,6.26,move_early
0.793580,2.9140,0.4350,2.9400,6.28,move_early
0.797037,3.4570,0.4530,3.1650,6.31,move_early
0.800065,3.0280,0.4260,2.9340,6.33,move_early
0.803074,3.0090,0.4420,2.9440,6.36,move_early
0.806108,3.0340,0.4220,2.9200,6.38,move_early
0.809099,2.9910,0.4820,2.9320,6.41,move_early
0.812062,2.9630,0.4380,2.9420,6.43,move_early
0.815214,3.1520,0.4240,2.9290,6.45,move_early
0.818137,2.9230,0.4340,2.9430,6.48,move_early
0.821184,3.0470,0.4130,2.9340,6.50,move_early
0.824187,3.0030,0.4430,2.9440,6.53,move_early
0.827331,3.1440,0.4370,2.9790,6.55,move_early
0.830248,2.9170,0.4090,2.9450,6.58,move_early
0.833333,3.0850,0.4300,2.9640,6.60,move_early
0.836379,3.0460,0.4000,2.9520,6.62,move_early
0.839379,3.0000,0.4060,2.9410,6.65,move_early
0.842329,2.9500,0.4230,2.9460,6.67,move_early
0.845371,3.0420,0.4470,2.9410,6.70,move_early
0.848389,3.0180,0.4210,2.9590,6.72,move_early
0.851374,2.9850,0.4190,2.9470,6.74,move_early
0.854601,3.2270,0.4210,2.9610,6.77,move_early
0.857540,2.9390,0.4110,2.9340,6.79,move_early
0.860534,2.9940,0.4970,2.9350,6.82,move_early
0.863573,3.0390,0.4170,2.9940,6.84,move_early
0.866803,3.2300,0.4420,3.1620,6.87,move_early
0.869882,3.0790,0.4220,2.9640,6.89,move_early
0.872892,3.0100,0.5480,2.9480,6.92,move_early
0.875991,3.0990,0.4270,2.9710,6.94,move_early
0.878976,2.9850,0.4210,2.9560,6.96,move_early
0.882012,3.0360,0.4130,2.9810,6.99,move_early
0.892066,10.0540,0.4170,2.9580,7.01,move_early
0.900691,8.6250,0.4300,2.9420,7.04,move_early
0.904534,3.8430,0.5030,3.1850,7.10,move_early
0.907110,2.5760,0.5230,2.9640,7.13,move_early
0.910063,2.9530,0.4580,2.9320,7.15,move_early
0.913072,3.0090,0.4540,2.9140,7.18,move_early
0.919150,6.0780,0.4240,2.9190,7.21,move_early
0.921937,2.7870,0.4320,2.9120,7.24,move_early
0.924976,3.0390,0.4460,2.9200,7.27,move_early
0.927411,2.4350,0.4650,2.9060,7.30,move_early
0.930797,3.3860,0.4540,3.3330,7.32,move_early
0.934151,3.3540,0.4260,3.1000,7.35,move_early
0.937082,2.9310,0.4130,2.8750,7.38,move_early
0.941221,4.1390,0.4630,4.0710,7.41,move_early
0.944185,2.9640,0.4230,2.8670,7.44,move_early
0.947221,3.0360,0.4080,2.8730,7.47,move_early
0.950580,3.3590,0.4120,3.2700,7.50,move_early
0.953580,3.0000,0.4170,2.9310,7.53,move_early
0.956554,2.9740,0.4440,2.9260,7.56,move_early
0.959586,3.0320,0.4240,2.9300,7.59,move_early
0.962537,2.9510,0.5500,2.9290,7.62,move_early
0.965748,3.2110,0.4160,3.1560,7.65,move_early
0.968757,3.0090,0.4490,2.9340,7.68,move_early
0.971758,3.0010,0.6160,2.9260,7.71,move_early
0.974775,3.0170,0.4130,2.9460,7.74,move_early
0.977807,3.0320,0.4500,2.9290,7.76,move_early
0.980772,2.9650,0.4180,2.9360,7.79,move_early
0.983822,3.0500,0.4090,2.9400,7.82,move_early
0.986791,2.9690,0.4100,2.9220,7.84,move_early
0.989808,3.0170,0.4310,2.9210,7.87,move_early
0.992800,2.9920,0.4120,2.9370,7.90,move_early
0.995868,3.0680,0.4300,2.9500,7.92,move_early
0.998906,3.0380,0.4380,2.9290,7.95,move_early
1.001868,2.9620,0.4410,2.9220,7.98,move_early
1.005120,3.2520,0.5660,2.9450,8.00,move_early
1.008431,3.3110,0.4470,2.9420,8.03,move_early
1.011104,2.6730,0.4260,2.9300,8.06,move_early
1.013968,2.8640,0.5500,2.9330,8.08,move_early
1.016977,3.0090,0.4450,2.9390,8.11,move_early
1.020025,3.0480,0.4230,2.9480,8.14,move_early
1.023086,3.0610,0.4300,2.9290,8.16,move_early
1.026083,2.9970,0.4370,2.9320,8.19,move_early
1.029092,3.0090,0.4390,2.9350,8.22,move_early
1.034145,5.0530,0.4360,2.9400,8.24,move_early
1.037708,3.5630,0.4600,2.9300,8.27,move_early
1.041984,4.2760,0.4950,2.9460,8.30,move_early
1.045900,3.9160,0.5230,2.9300,8.32,move_early
1.048743,2.8430,0.4400,2.9260,8.35,move_early
1.051679,2.9360,0.4590,2.9480,8.38,move_early
1.054697,3.0180,0.4400,2.9460,8.40,move_early
1.057631,2.9340,0.4510,2.9200,8.43,move_early
1.060674,3.0430,0.6010,2.9420,8.46,move_early
1.063823,3.1490,0.4360,3.1560,8.48,move_early
1.066867,3.0440,0.4210,2.9350,8.51,move_early
1.069879,3.0120,0.4540,2.9380,8.54,move_early
1.072882,3.0030,0.4310,2.9310,8.56,move_early
1.075930,3.0480,0.4740,2.9230,8.59,move_early
1.079018,3.0880,0.4760,2.9410,8.62,move_early
1.082101,3.0830,0.4470,2.9270,8.64,move_early
1.084935,2.8340,0.4860,2.9200,8.67,move_early
1.087933,2.9980,0.5520,2.9290,8.70,move_early
1.091895,3.9620,0.5990,2.9440,8.72,move_early
1.095336,3.4410,0.4660,2.9520,8.75,move_early
1.097828,2.4920,0.4450,2.9270,8.78,move_early
1.100781,2.9530,0.4500,2.9260,8.80,move_early
1.103800,3.0190,0.4570,2.9360,8.83,move_early
1.106834,3.0340,0.5730,2.9340,8.86,move_early
1.109819,2.9850,0.4100,2.9470,8.88,move_early
1.112907,3.0880,0.4240,2.9320,8.91,move_early
1.115918,3.0110,0.4130,2.9420,8.93,move_early
1.118880,2.9620,0.4230,2.9360,8.95,move_early
1.121938,3.0580,0.4420,2.9480,8.98,move_early
1.124926,2.9880,0.4500,2.9230,9.00,move_early
1.127871,2.9450,0.4290,2.9260,9.03,move_early
1.131111,3.2400,0.4100,3.1710,9.05,move_early
1.134166,3.0550,0.4180,2.9460,9.07,move_early
1.137198,3.0320,0.4340,2.9150,9.10,move_early
1.140619,3.4210,0.4500,2.9150,9.12,move_early
1.144006,3.3870,0.4230,2.9320,9.15,move_early
1.146467,2.4610,0.4250,2.9250,9.17,move_early
1.149381,2.9140,0.4360,2.9270,9.19,move_early
1.152499,3.1180,0.5520,2.9120,9.22,move_early
1.155454,2.9550,1.1300,2.9230,9.24,move_early
1.158489,3.0350,0.4280,2.9530,9.27,move_early
1.161528,3.0390,0.4350,2.9240,9.29,move_early
1.164540,3.0120,0.4520,2.9280,9.32,move_early
1.167754,3.2140,0.4310,3.1420,9.34,move_early
1.170751,2.9970,0.4080,2.9380,9.36,move_early
1.173752,3.0010,0.4300,2.9380,9.39,move_early
1.176759,3.0070,0.4160,2.9360,9.41,move_early
1.179795,3.0360,0.4060,2.9230,9.44,move_early
1.182783,2.9880,0.4180,2.9320,9.46,move_early
1.185787,3.0040,0.5210,2.9310,9.49,move_early
1.188822,3.0350,0.4250,2.9260,9.51,move_early
1.191850,3.0280,0.4240,2.9370,9.53,move_early
1.194851,3.0010,0.4230,2.9430,9.56,move_early
1.197931,3.0800,0.4400,2.9310,9.58,move_early
1.200866,2.9350,0.4450,2.9340,9.61,move_early
1.203929,3.0630,0.4170,2.9430,9.63,move_early
1.207026,3.0970,0.4350,2.9390,9.66,move_early
1.209962,2.9360,0.4130,2.9480,9.68,move_early
1.213008,3.0460,0.4290,2.9440,9.70,move_early
1.216002,2.9940,0.4360,2.9390,9.73,move_early
1.219031,3.0290,0.4680,2.9490,9.75,move_early
1.222036,3.0050,0.4320,2.9300,9.78,move_early
1.225036,3.0000,0.4600,2.9530,9.80,move_early
1.228083,3.0470,0.4450,2.9390,9.83,move_early
1.231286,3.2030,0.4190,3.1410,9.85,move_early
1.234258,2.9720,0.4430,2.9310,9.87,move_early
1.237298,3.0400,0.5360,2.9360,9.90,move_early
1.240366,3.0680,0.4250,2.9340,9.92,move_early
1.243350,2.9840,0.4040,2.9300,9.95,move_early
1.246345,2.9950,0.5630,2.9390,9.97,move_early
1.249356,3.0110,0.4300,2.9490,9.99,move_early
1.252425,3.0690,0.4310,2.9350,10.02,move_early
1.255416,2.9910,0.4490,2.9390,10.04,move_early
1.258431,3.0150,0.4130,2.9390,10.07,move_early
1.261418,2.9870,0.4300,2.9180,10.09,move_early
1.264630,3.2120,0.4060,3.1450,10.12,move_early
1.267696,3.0660,0.4160,2.9380,10.14,move_early
1.270688,2.9920,0.4190,2.9140,10.16,move_early
1.273724,3.0360,0.4120,2.9340,10.19,move_early
1.276784,3.0600,0.4380,2.9640,10.21,move_early
1.279773,2.9890,0.4130,2.9000,10.24,move_early
1.282788,3.0150,0.7600,2.9330,10.26,move_early
1.287636,4.8480,0.4140,2.9360,10.29,move_early
1.290065,2.4290,0.4100,2.9290,10.31,move_early
1.298086,8.0210,0.4360,2.9590,10.33,move_early
1.301886,3.8000,0.4450,2.9160,10.36,move_early
1.304717,2.8310,0.4600,2.9550,10.38,move_early
1.314852,10.1350,0.4590,2.9390,10.41,move_early
1.317600,2.7480,0.4150,2.9250,10.43,move_early
1.320515,2.9150,0.4430,2.8930,10.46,move_early
1.323492,2.9770,0.4310,2.9090,10.49,move_early
1.326505,3.0130,0.4160,2.9110,10.51,move_early
1.329484,2.9790,0.4180,2.9240,10.54,move_early
1.332860,3.3760,0.4050,3.0890,10.57,move_early
1.335797,2.9370,0.4140,2.8600,10.59,move_early
1.338737,2.9400,0.4460,2.8840,10.62,move_early
1.341781,3.0440,0.4330,2.8660,10.65,move_early
1.345571,3.7900,0.4160,2.8810,10.67,move_early
1.348487,2.9160,0.5660,2.8650,10.70,move_early
1.351412,2.9250,0.4290,2.9130,10.73,move_early
1.354428,3.0160,0.4210,2.9050,10.75,move_early
1.357426,2.9980,0.4250,2.9010,10.78,move_early
1.401929,44.5030,0.4280,2.9210,10.81,move_early
1.410781,8.8520,0.4400,2.9070,11.16,move_early
1.414885,4.1040,0.5880,2.9210,11.30,move_early
1.418462,3.5770,0.5070,2.8770,11.34,move_early
1.421637,3.1750,0.4660,2.8880,11.35,move_early
1.424733,3.0960,0.4240,2.8860,11.38,move_early
1.428087,3.3540,0.4230,2.8970,11.41,move_early
1.431639,3.5520,0.4280,3.0980,11.43,move_early
1.434797,3.1580,0.4300,2.9010,11.46,move_early
1.438038,3.2410,0.4550,2.8950,11.49,move_early
1.441295,3.2570,0.5610,2.9000,11.52,move_early
1.446949,5.6540,0.5930,2.9060,11.55,move_early
1.450379,3.4300,0.4570,2.8870,11.58,move_early
1.453933,3.5540,0.4590,2.9390,11.60,move_early
1.457031,3.0980,0.5710,2.9390,11.63,move_early
1.460364,3.3330,0.4230,2.9270,11.66,move_early
1.463699,3.3350,0.4400,2.9580,11.68,move_early
1.467092,3.3930,0.4280,2.9380,11.71,move_early
1.470246,3.1540,0.4360,2.9320,11.74,move_early
1.473328,3.0820,0.4320,2.9210,11.76,move_early
1.476480,3.1520,0.4050,2.9330,11.79,move_early
1.479892,3.4120,0.4180,2.9060,11.82,move_early
1.483038,3.1460,0.5260,2.9050,11.84,move_early
1.486276,3.2380,0.4300,2.9270,11.87,move_early
1.489398,3.1220,0.4170,2.9330,11.90,move_early
1.492522,3.1240,0.4070,2.9270,11.92,move_early
1.499061,6.5390,0.4160,2.9140,11.95,move_early
1.506124,7.0630,0.4800,2.9270,11.98,move_early
1.517454,11.3300,0.5620,2.9370,12.01,move_early
1.521358,3.9040,0.4300,2.9230,12.04,move_early
1.525017,3.6590,0.5240,2.9140,12.06,move_early
1.528835,3.8180,0.4640,2.9200,12.10,move_early
1.532401,3.5660,0.5790,3.3390,12.12,move_early
1.536040,3.6390,0.4260,2.9240,12.15,move_early
1.539674,3.6340,0.4390,2.9190,12.18,move_early
1.543720,4.0460,0.4670,2.9300,12.21,move_early
1.555086,11.3660,0.8480,2.9090,12.24,move_early
1.563673,8.5870,0.5090,2.9150,12.33,move_early
1.568840,5.1670,0.4680,2.9150,12.40,move_early
1.572672,3.8320,0.5400,2.9390,12.45,move_early
1.576134,3.4620,0.5050,2.9110,12.49,move_early
1.579471,3.3370,0.4640,2.9030,12.53,move_early
1.582778,3.3070,0.4430,2.9140,12.58,move_early
1.586264,3.4860,0.4270,2.9130,12.62,move_early
1.589631,3.3670,0.4410,2.9020,12.67,move_early
1.593392,3.7610,0.4340,2.8580,12.71,move_early
1.598325,4.9330,0.5590,2.8670,12.76,move_early
1.602269,3.9440,0.5490,2.8890,12.80,move_early
1.606207,3.9380,0.4370,2.8660,12.84,move_early
1.609775,3.5680,0.4430,2.8720,12.87,move_early
1.613621,3.8460,0.4270,2.8890,12.90,move_early
1.617475,3.8540,0.4540,2.9020,12.93,move_early
1.620979,3.5040,0.5320,2.8820,12.96,move_early
1.624564,3.5850,0.4420,2.8660,12.99,move_early
1.628323,3.7590,0.5070,2.8700,13.02,move_early
1.631891,3.5680,0.5050,3.0760,13.05,move_early
1.635630,3.7390,0.4760,2.8740,13.08,move_early
1.639267,3.6370,0.5440,2.8760,13.11,move_early
1.642947,3.6800,0.4780,2.8770,13.14,move_early
1.646452,3.5050,0.5040,2.8800,13.17,move_early
1.651079,4.6270,0.4540,2.8970,13.19,move_early
1.655972,4.8930,0.5350,2.8580,13.23,move_early
1.666811,10.8390,0.4920,2.8830,13.26,move_early
1.672434,5.6230,0.4830,2.8670,13.29,move_early
1.676337,3.9030,0.5560,2.8600,13.32,move_early
1.679727,3.3900,0.4780,2.9030,13.36,move_early
1.682891,3.1640,0.4400,2.8720,13.39,move_early
1.686208,3.3170,0.4190,2.8730,13.42,move_early
1.689395,3.1870,0.4460,2.8830,13.45,move_early
1.693276,3.8810,0.4390,2.8410,13.48,move_early
1.712093,18.8170,0.4490,2.8560,13.51,move_early
1.725179,13.0860,0.5200,3.2890,13.60,move_early
1.739469,14.2900,0.5720,3.8080,13.72,move_early
1.753011,13.5420,0.9160,2.8760,13.83,move_early
1.778957,25.9460,1.0470,5.1700,13.93,move_early
1.792471,13.5140,1.2130,3.5490,14.14,move_early
1.803912,11.4410,0.9260,3.3160,14.28,move_early
1.819372,15.4600,0.7920,4.4270,14.41,move_early
1.831281,11.9090,1.1220,5.6540,14.54,move_early
1.843394,12.1130,0.8650,3.2140,14.68,move_early
1.853252,9.8580,0.8310,4.1310,14.79,move_early
1.863764,10.5120,0.9770,8.4980,14.86,move_early
1.877019,13.2550,0.8740,5.3260,14.95,move_early
1.887019,10.0000,0.8720,2.9020,15.05,move_early
1.899722,12.7030,0.8960,3.8280,15.13,move_early
1.914455,14.7330,0.7390,5.2510,15.23,move_early
1.926763,12.3080,0.8760,4.6490,15.33,move_early
1.939657,12.8940,0.9130,5.0600,15.43,move_early
1.951991,12.3340,0.7900,2.9150,15.53,move_early
1.963456,11.4650,0.9100,3.1230,15.63,move_early
1.973032,9.5760,0.7500,3.1970,15.73,move_early
1.983643,10.6110,0.7180,5.2830,15.81,move_early
1.989959,6.3160,0.5740,3.3120,15.90,move_early
1.997176,7.2170,0.6220,4.1270,15.95,move_early
2.002841,5.6650,0.5340,2.8960,16.00,move_early
2.008526,5.6850,0.5490,2.8830,16.05,move_early
2.014676,6.1500,0.4850,3.2670,16.09,move_early
2.019337,4.6610,0.6270,2.8780,16.14,move_early
2.023258,3.9210,0.5010,3.6090,16.18,move_early
2.027790,4.5320,0.4390,4.1090,16.21,move_early
2.033475,5.6850,0.4590,3.1540,16.25,move_early
2.039017,5.5420,0.4880,4.0530,16.29,move_early
2.049579,10.5620,0.6290,4.0970,16.34,move_early
2.057804,8.2250,0.5230,2.8870,16.39,move_early
2.065550,7.7460,0.5970,2.8790,16.44,move_early
2.073526,7.9760,0.5780,2.8980,16.50,move_early
2.078413,4.8870,0.5590,2.9080,16.55,move_early
2.083476,5.0630,0.5500,2.8690,16.59,move_early
2.087902,4.4260,0.5180,2.8560,16.64,move_early
2.091892,3.9900,0.4760,3.2900,16.69,move_early
2.095871,3.9790,0.4310,2.8800,16.74,move_early
2.100174,4.3030,0.5200,2.8880,16.79,move_early
2.109285,9.1110,0.5210,4.0980,16.83,move_early
2.114843,5.5580,0.4400,2.8880,16.87,move_early
2.119691,4.8480,0.4670,4.1270,16.92,move_early
2.125714,6.0230,0.5030,2.8960,16.97,move_early
2.132359,6.6450,0.6350,2.8670,17.03,move_early
2.137766,5.4070,1.5700,3.1650,17.08,move_early
2.142398,4.6320,0.8180,3.8520,17.13,move_early
2.146947,4.5490,0.4720,4.0930,17.16,move_early
2.154045,7.0980,0.5850,2.8900,17.20,move_early
2.164138,10.0930,0.4620,3.1640,17.25,move_early
2.175426,11.2880,0.4870,3.1860,17.30,move_early
2.186791,11.3650,0.6190,2.8940,17.35,move_early
2.193202,6.4110,0.6480,2.9160,17.43,move_early
2.198533,5.3310,0.5580,4.2850,17.48,move_early
2.202768,4.2350,0.6080,4.0510,17.53,move_early
2.207689,4.9210,0.5010,2.9030,17.58,move_early
2.212601,4.9120,0.4990,2.8620,17.63,move_early
2.216882,4.2810,0.5090,4.0450,17.68,move_early
2.221044,4.1620,0.4930,2.8910,17.72,move_early
2.225020,3.9760,0.4830,2.8610,17.77,move_early
2.229333,4.3130,0.4890,3.8900,17.82,move_early
2.233402,4.0690,0.5000,3.1400,17.86,move_early
2.237577,4.1750,0.5240,4.5690,17.89,move_early
2.241158,3.5810,0.4750,2.9620,17.92,move_early
2.244934,3.7760,0.4680,2.9270,17.95,move_early
2.249015,4.0810,0.6150,4.0130,17.99,move_early
2.253939,4.9240,0.4530,2.9240,18.01,move_early
2.260185,6.2460,0.4930,3.9670,18.05,move_early
2.265772,5.5870,0.4790,2.9550,18.10,move_early
2.271326,5.5540,0.5200,2.9560,18.14,move_early
2.276964,5.6380,0.5220,2.9230,18.18,move_early
2.282260,5.2960,0.5440,3.6930,18.23,move_early
2.287478,5.2180,0.5050,3.9710,18.27,move_early
2.292243,4.7650,0.4710,2.9420,18.31,move_early
2.295728,3.4850,0.4890,2.9460,18.35,move_early
2.300096,4.3680,0.4980,3.1840,18.39,move_early
2.303773,3.6770,0.4390,2.9470,18.43,move_early
2.307832,4.0590,0.4590,3.4920,18.45,move_early
2.312296,4.4640,0.4380,4.0040,18.49,move_early
2.316049,3.7530,0.4780,2.9120,18.52,move_early
2.321020,4.9710,0.5030,3.9460,18.55,move_early
2.328340,7.3200,0.4680,2.9410,18.59,move_early
2.332583,4.2430,0.4510,2.9270,18.63,move_early
2.336200,3.6170,0.5260,3.1870,18.66,move_early
2.340130,3.9300,0.4850,3.9850,18.70,move_early
2.343735,3.6050,0.4350,2.9610,18.74,move_early
2.348173,4.4380,0.5460,3.9730,18.77,move_early
2.353227,5.0540,0.4820,2.9750,18.81,move_early
2.362169,8.9420,0.5100,2.9530,18.85,move_early
2.370866,8.6970,0.4800,4.0120,18.88,move_early
2.378548,7.6820,0.6060,3.5660,18.92,move_early
2.383987,5.4390,0.5710,2.9690,18.96,move_early
2.388584,4.5970,0.5810,3.0030,19.00,move_early
2.391751,3.1670,0.5190,2.9400,19.03,move_early
2.395576,3.8250,0.4850,4.2460,19.07,move_early
2.399809,4.2330,0.4790,2.9210,19.11,move_early
2.403039,3.2300,0.4500,2.9020,19.15,move_early
2.406794,3.7550,0.4350,2.9240,19.18,move_early
2.410663,3.8690,0.5100,2.9380,19.22,move_early
2.413455,2.7920,0.4460,2.9710,19.26,move_early
2.418645,5.1900,0.4670,2.9330,19.29,move_early
2.422169,3.5240,0.4650,2.9680,19.33,move_early
2.427370,5.2010,0.5110,2.9590,19.37,move_early
2.432397,5.0270,0.5200,4.0220,19.40,move_early
2.435211,2.8140,0.5870,2.9900,19.44,move_early
2.440741,5.5300,0.4730,3.5390,19.48,move_early
2.443971,3.2300,0.4490,4.0520,19.51,move_early
2.446494,2.5230,0.4510,2.9660,19.55,move_early
2.450533,4.0390,0.4790,4.0070,19.58,move_early
2.454850,4.3170,0.5850,2.9530,19.62,move_early
2.458830,3.9800,0.4250,4.0030,19.66,move_early
2.463315,4.4850,0.4590,2.9640,19.69,move_early
2.467121,3.8060,0.4900,4.2760,19.73,move_early
2.470845,3.7240,0.4770,2.9670,19.77,move_early
2.473695,2.8500,0.4840,2.9420,19.79,move_early
2.477756,4.0610,0.5970,4.0310,19.82,move_early
2.483674,5.9180,0.4510,2.9530,19.85,move_early
2.488021,4.3470,0.4970,4.0020,19.88,move_early
2.491403,3.3820,0.4450,2.9490,19.92,move_early
2.494194,2.7910,0.5160,2.9250,19.95,move_early
2.497232,3.0380,0.4490,2.9570,19.98,move_early
2.502616,5.3840,0.4380,3.2000,20.01,move_early
2.509078,6.4620,0.4380,4.0290,20.04,move_early
2.516066,6.9880,0.5520,2.9760,20.08,move_early
2.532146,16.0800,0.5980,2.9420,20.11,move_early
2.535235,3.0890,0.5510,2.9390,20.15,move_early
2.538191,2.9560,0.5140,2.9760,20.18,move_early
2.542266,4.0750,0.4740,3.9790,20.23,move_early
2.545339,3.0730,0.4200,2.9870,20.26,move_early
2.549303,3.9640,0.4220,2.9060,20.30,move_early
2.552359,3.0560,0.4300,2.9290,20.34,move_early
2.556987,4.6280,0.4300,2.9110,20.37,move_early
2.561833,4.8460,0.4340,2.9390,20.41,move_early
2.566282,4.4490,0.4860,3.1880,20.45,move_early
2.569493,3.2110,0.5420,3.9820,20.48,move_early
2.572721,3.2280,0.4370,2.9830,20.52,move_early
2.588018,15.2970,0.4470,4.3540,20.55,move_early
2.591342,3.3240,0.4900,2.9670,20.59,move_early
2.594385,3.0430,0.6400,3.2060,20.63,move_early
2.598827,4.4420,0.4610,3.2850,20.67,move_early
2.602950,4.1230,0.4560,4.0310,20.70,move_early
2.606038,3.0880,0.4470,2.9290,20.74,move_early
2.610039,4.0010,0.4840,3.9810,20.78,move_early
2.613047,3.0080,0.4330,2.8840,20.81,move_early
2.617060,4.0130,0.4290,3.9700,20.85,move_early
2.620085,3.0250,0.4290,2.8880,20.89,move_early
2.624128,4.0430,0.4610,3.9510,20.92,move_early
2.627062,2.9340,0.4670,2.8850,20.96,move_early
2.631153,4.0910,0.4310,3.9590,20.99,move_early
2.634931,3.7780,0.5330,2.9630,21.02,move_early
2.639673,4.7420,0.4450,3.9810,21.06,move_early
2.644258,4.5850,0.4510,2.9710,21.09,move_early
2.649027,4.7690,0.4710,3.9920,21.12,move_early
2.652886,3.8590,0.4340,2.9610,21.16,move_early
2.657308,4.4220,0.4360,2.9300,21.19,move_early
2.663969,6.6610,0.6430,3.9790,21.22,move_early
2.670935,6.9660,0.5600,3.1670,21.26,move_early
2.674708,3.7730,0.4840,2.9510,21.30,move_early
2.678209,3.5010,0.4970,2.9340,21.33,move_early
2.682101,3.8920,0.4330,2.9040,21.37,move_early
2.685604,3.5030,0.4130,2.9260,21.40,move_early
2.689196,3.5920,0.4470,2.8930,21.44,move_early
2.692646,3.4500,0.4440,2.8990,21.47,move_early
2.696061,3.4150,0.4300,2.8550,21.51,move_early
2.699492,3.4310,0.4170,2.8780,21.54,move_early
2.703199,3.7070,0.4300,3.1220,21.57,move_early
2.707354,4.1550,0.4110,2.9340,21.61,move_early
2.714351,6.9970,0.5780,2.8920,21.64,move_early
2.719239,4.8880,0.4530,4.0010,21.67,move_early
2.723162,3.9230,0.4740,4.0140,21.71,move_early
2.727120,3.9580,0.4430,2.9460,21.74,move_early
2.731298,4.1780,0.5460,3.1600,21.78,move_early
2.741386,10.0880,0.4790,2.9040,21.81,move_early
2.746670,5.2840,0.4660,2.8880,21.85,move_early
2.750498,3.8280,0.4600,2.9240,21.88,move_early
2.753908,3.4100,0.4770,2.9070,21.92,move_early
2.759831,5.9230,0.4590,3.9200,21.96,move_early
2.765894,6.0630,0.4290,2.9050,22.00,move_early
2.770333,4.4390,0.4670,2.8840,22.03,move_early
2.774404,4.0710,0.4930,2.8850,22.07,move_early
2.778993,4.5890,0.5190,5.1410,22.11,move_early
2.782338,3.3450,0.4500,2.9460,22.14,move_early
2.786143,3.8050,0.4990,2.9070,22.18,move_early
2.789317,3.1740,0.4370,2.9320,22.22,move_early
2.793158,3.8410,0.4440,2.9290,22.25,move_early
2.796327,3.1690,0.4280,2.9420,22.29,move_early
2.800437,4.1100,0.4350,3.1800,22.33,move_early
2.803638,3.2010,0.4160,2.9860,22.36,move_early
2.807603,3.9650,0.4310,2.9390,22.39,move_early
2.811345,3.7420,0.4240,2.9700,22.43,move_early
2.815267,3.9220,0.5860,3.4490,22.46,move_early
2.819895,4.6280,0.4570,3.2580,22.49,move_early
2.825690,5.7950,0.4480,2.9780,22.53,move_early
2.828925,3.2350,0.5120,3.8600,22.56,move_early
2.833193,4.2680,0.4570,4.0740,22.59,move_early
2.836673,3.4800,0.5160,3.2670,22.63,move_early
2.839934,3.2610,0.5060,3.2190,22.66,move_early
2.843472,3.5380,0.4510,2.9810,22.69,move_early
2.846573,3.1010,0.4510,3.2130,22.73,move_early
2.849703,3.1300,0.4130,2.9830,22.76,move_early
2.852978,3.2750,0.4230,3.2240,22.79,move_early
2.856103,3.1250,0.4780,2.9490,22.83,move_early
2.860985,4.8820,0.4330,2.9960,22.86,move_early
2.865140,4.1550,0.5880,2.9600,22.89,move_early
2.869129,3.9890,0.4550,3.1700,22.93,move_early
2.872640,3.5110,0.4760,2.9910,22.96,move_early
2.875852,3.2120,0.4430,2.9730,22.99,move_early
2.879094,3.2420,0.4260,2.9960,23.03,move_early
2.882308,3.2140,0.4480,3.2050,23.05,move_early
2.885485,3.1770,0.4290,2.9950,23.08,move_early
2.888670,3.1850,0.4170,3.2090,23.11,move_early
2.899899,11.2290,0.4290,2.9800,23.13,move_early
2.909494,9.5950,0.4590,3.1850,23.17,move_early
2.915091,5.5970,0.5500,2.9920,23.20,move_early
2.920520,5.4290,0.5090,3.2180,23.24,move_early
2.924307,3.7870,0.5510,3.0150,23.30,move_early
2.927425,3.1180,0.5410,2.9810,23.33,move_early
2.930714,3.2890,0.6680,3.3950,23.37,move_early
2.933796,3.0820,0.4550,2.9750,23.40,move_early
2.937034,3.2380,0.4830,3.1690,23.44,move_early
2.940083,3.0490,0.4340,2.9570,23.47,move_early
2.943312,3.2290,0.4240,3.1740,23.50,move_early
2.946311,2.9990,0.4560,2.9190,23.54,move_early
2.949601,3.2900,0.4580,3.2180,23.57,move_early
2.952697,3.0960,0.4400,2.9640,23.60,move_early
2.955800,3.1030,0.5570,3.0130,23.64,move_early
2.958959,3.1590,0.4490,2.9490,23.67,move_early
2.964722,5.7630,0.4430,3.1940,23.70,move_early
2.969493,4.7710,0.4280,3.2060,23.73,move_early
2.974507,5.0140,0.5170,3.2680,23.77,move_early
2.977352,2.8450,0.5420,2.9930,23.80,move_early
2.980216,2.8640,0.5330,2.9700,23.83,move_early
2.983248,3.0320,0.4780,2.9800,23.87,move_early
2.986504,3.2560,0.4350,2.9710,23.89,move_early
2.989612,3.1080,0.4490,2.9970,23.92,move_early
2.992820,3.2080,0.4950,3.1600,23.95,move_early
2.995884,3.0640,0.4480,3.0000,23.97,move_early
2.999395,3.5110,0.4310,3.4260,24.00,move_early
3.002476,3.0810,0.4710,2.9870,24.02,move_early
3.005936,3.4600,0.4740,3.2130,24.05,move_early
3.009014,3.0780,0.4170,2.9520,24.07,move_early
3.012550,3.5360,0.4700,3.2390,24.10,move_early
3.016364,3.8140,0.5550,2.9800,24.13,move_early
3.020052,3.6880,0.4290,2.9890,24.15,move_early
3.025512,5.4600,0.5230,2.9680,24.18,move_early
3.028401,2.8890,0.5550,3.0170,24.21,move_early
3.031395,2.9940,0.5390,3.0090,24.23,move_early
3.034682,3.2870,0.4740,3.4350,24.26,move_early
3.037739,3.0570,0.4340,2.9970,24.29,move_early
3.041014,3.2750,0.4210,3.2020,24.31,move_early
3.044148,3.1340,0.4270,3.0060,24.34,move_early
3.047378,3.2300,0.4360,3.2190,24.37,move_early
3.050469,3.0910,0.4470,2.9720,24.39,move_early
3.053785,3.3160,0.4140,3.2180,24.42,move_early
3.056834,3.0490,0.5560,2.9490,24.45,move_early
3.059815,2.9810,0.4610,2.9880,24.47,move_early
3.063621,3.8060,0.4480,2.9580,24.50,move_early
3.066744,3.1230,0.5340,2.9820,24.53,move_early
3.070228,3.4840,0.4510,3.3030,24.55,move_early
3.072960,2.7320,0.4870,3.1790,24.58,move_early
3.076325,3.3650,0.4800,3.1940,24.61,move_early
3.079444,3.1190,0.4380,2.9710,24.63,move_early
3.085395,5.9510,0.4420,3.1860,24.66,move_early
3.088346,2.9510,0.4550,2.9440,24.69,move_early
3.091252,2.9060,0.4490,2.9520,24.71,move_early
3.094692,3.4400,0.4240,2.9830,24.74,move_early
3.097616,2.9240,0.5310,3.3090,24.77,move_early
3.100673,3.0570,0.4210,2.9810,24.79,move_early
3.103912,3.2390,0.4240,3.1980,24.82,move_early
3.107114,3.2020,0.4090,2.9700,24.85,move_early
3.110590,3.4760,0.4250,3.1980,24.87,move_early
3.114087,3.4970,0.4360,2.9650,24.90,move_early
3.117302,3.2150,0.4990,3.2370,24.93,move_early
3.120035,2.7330,0.5140,2.9400,24.95,move_early
3.123023,2.9880,0.4980,2.9890,24.98,move_early
3.126213,3.1900,0.4760,2.9690,25.01,move_early
3.129374,3.1610,0.4420,2.9870,25.03,move_early
3.132755,3.3810,0.4290,3.2260,25.06,move_early
3.135819,3.0640,0.4270,2.9950,25.09,move_early
3.139069,3.2500,0.4390,3.2150,25.11,move_early
3.142179,3.1100,0.4550,3.0030,25.14,move_early
3.145500,3.3210,0.4700,3.1960,25.17,move_early
3.148559,3.0590,0.4250,2.9970,25.19,move_early
3.151832,3.2730,0.4470,3.2170,25.22,move_early
3.154924,3.0920,0.4240,2.9890,25.24,move_early
3.158217,3.2930,0.5650,3.2060,25.27,move_early
3.161248,3.0310,0.4620,2.9830,25.29,move_early
3.164490,3.2420,0.4120,3.0150,25.32,move_early
3.168533,4.0430,0.4210,3.2350,25.34,move_early
3.171635,3.1020,0.5950,3.0040,25.36,move_early
3.175028,3.3930,0.4890,2.9830,25.39,move_early
3.177676,2.6480,0.4660,3.0070,25.41,move_early
3.180891,3.2150,0.4460,3.2110,25.44,move_early
3.184024,3.1330,0.4250,2.9900,25.46,move_early
3.187239,3.2150,0.4420,3.2150,25.49,move_early
3.190368,3.1290,0.4340,3.0150,25.51,move_early
3.193610,3.2420,0.4320,3.1790,25.53,move_early
3.196618,3.0080,0.4150,2.9640,25.56,move_early
3.199938,3.3200,0.4110,3.2080,25.58,move_early
3.203142,3.2040,0.4830,2.9550,25.61,move_early
3.206557,3.4150,0.5600,3.2180,25.63,move_early
3.209754,3.1970,0.4660,2.9760,25.65,move_early
3.212973,3.2190,0.4320,3.0000,25.68,move_early
3.224459,11.4860,0.4200,2.9640,25.70,move_early
3.232167,7.7080,0.4350,3.0130,25.73,move_early
3.237466,5.2990,0.4450,2.9760,25.76,move_early
3.241229,3.7630,0.4830,2.9820,25.79,move_early
3.244286,3.0570,0.5350,3.2310,25.82,move_early
3.246964,2.6780,0.4970,2.9930,25.85,move_early
3.250262,3.2980,0.4640,3.1840,25.87,move_early
3.253282,3.0200,0.4310,2.9790,25.90,move_early
3.256558,3.2760,0.4530,3.1760,25.93,move_early
3.259606,3.0480,0.4170,2.9270,25.95,move_early
3.262807,3.2010,0.4330,3.1700,25.98,move_early
3.265908,3.1010,0.4340,2.9320,26.01,move_early
3.268916,3.0080,0.4720,2.9910,26.03,move_early
3.272605,3.6890,0.7020,3.2460,26.06,move_early
3.276172,3.5670,0.5620,3.4970,26.09,move_early
3.279449,3.2770,0.4460,2.9780,26.11,move_early
3.282541,3.0920,0.4490,2.9960,26.14,move_early
3.285781,3.2400,0.4130,2.9670,26.17,move_early
3.288845,3.0640,0.4190,3.0200,26.19,move_early
3.292147,3.3020,0.4200,3.2210,26.22,move_early
3.295277,3.1300,0.4320,3.0040,26.25,move_early
3.298508,3.2310,0.4270,3.1640,26.27,move_early
3.301599,3.0910,0.4260,3.0040,26.30,move_early
3.304851,3.2520,0.4230,3.1810,26.33,move_early
3.308104,3.2530,0.4370,2.9740,26.35,move_early
3.311420,3.3160,0.4380,3.2470,26.38,move_early
3.314530,3.1100,0.4430,2.9760,26.41,move_early
3.317654,3.1240,0.6160,2.9800,26.43,move_early
3.320873,3.2190,0.4360,2.9780,26.46,move_early
3.323929,3.0560,0.4320,2.9970,26.49,move_early
3.327432,3.5030,0.5260,2.9710,26.51,move_early
3.330384,2.9520,0.4300,3.0030,26.54,move_early
3.340370,9.9860,0.5640,3.4250,26.57,move_early
3.345036,4.6660,0.4300,3.0060,26.61,move_early
3.347811,2.7750,0.6410,3.2120,26.65,move_early
3.350639,2.8280,0.5070,3.0130,26.68,move_early
3.353889,3.2500,0.4630,3.1930,26.71,move_early
3.356926,3.0370,0.4330,2.9570,26.74,move_early
3.360182,3.2560,0.4660,3.1950,26.76,move_early
3.364107,3.9250,0.4330,2.9840,26.79,move_early
3.414745,50.6380,0.4160,2.9910,26.82,move_early
3.419475,4.7300,0.4910,2.9610,27.28,move_early
3.422854,3.3790,0.6790,2.9490,27.31,move_early
3.425766,2.9120,0.5720,2.9300,27.41,move_early
3.428627,2.8610,0.5320,2.9210,27.43,move_early
3.431677,3.0500,0.4890,2.8960,27.46,move_early
3.434731,3.0540,0.4580,2.9130,27.48,move_early
3.438090,3.3590,0.4340,3.3650,27.51,move_early
3.441091,3.0010,0.4500,2.9230,27.53,move_early
3.444350,3.2590,0.4630,3.1250,27.55,move_early
3.447270,2.9200,0.4430,2.8640,27.58,move_early
3.450553,3.2830,0.4430,3.2070,27.60,move_early
3.453621,3.0680,0.4290,2.9630,27.62,move_early
3.456667,3.0460,0.5750,2.9930,27.65,move_early
3.459970,3.3030,0.4270,2.9670,27.67,move_early
3.463051,3.0810,0.4220,3.0030,27.70,move_early
3.467011,3.9600,0.4320,2.9660,27.72,move_early
3.469925,2.9140,0.4270,3.0090,27.74,move_early
3.472907,2.9820,0.4400,3.4310,27.77,move_early
3.476327,3.4200,0.4510,3.2200,27.79,move_early
3.479527,3.2000,0.5400,3.1990,27.82,move_early
3.484875,5.3480,0.4270,3.0040,27.84,move_early
3.488327,3.4520,0.4340,3.2260,27.86,move_early
3.491845,3.5180,0.4560,3.0020,27.89,move_early
3.494638,2.7930,0.4700,2.9970,27.91,move_early
3.497535,2.8970,0.4670,3.0220,27.94,move_early
3.500794,3.2590,0.4380,3.1670,27.96,move_early
3.503860,3.0660,0.4480,2.9800,27.99,move_early
3.516348,12.4880,0.4460,3.4430,28.01,move_early
3.519866,3.5180,0.4780,2.9810,28.04,move_early
3.523223,3.3570,0.5200,2.9600,28.06,move_early
3.526050,2.8270,0.5420,2.9930,28.10,move_early
3.529199,3.1490,0.4470,2.9710,28.12,move_early
3.532247,3.0480,0.4590,3.0120,28.15,move_early
3.535791,3.5440,0.4330,3.4250,28.18,move_early
3.538880,3.0890,0.4150,2.9930,28.20,move_early
3.542216,3.3360,0.4270,3.2150,28.23,move_early
3.545685,3.4690,0.4430,3.2460,28.26,move_early
3.548977,3.2920,0.4260,3.2070,28.28,move_early
3.552095,3.1180,0.4200,2.9950,28.31,move_early
3.555563,3.4680,0.4350,3.2090,28.34,move_early
3.558551,2.9880,0.4320,2.9670,28.36,move_early
3.562041,3.4900,0.4670,3.2140,28.39,move_early
3.565050,3.0090,0.4400,2.9730,28.42,move_early
3.569277,4.2270,0.4550,2.9920,28.44,move_early
3.573476,4.1990,0.4870,3.2070,28.47,move_early
3.577204,3.7280,0.5610,3.2790,28.50,move_early
3.580655,3.4510,0.4900,2.9680,28.52,move_early
3.583809,3.1540,0.5200,3.2090,28.55,move_early
3.586896,3.0870,0.4600,2.9700,28.58,move_early
3.590207,3.3110,0.4400,3.2520,28.60,move_early
3.593234,3.0270,0.5330,2.9740,28.63,move_early
3.596227,2.9930,0.4330,2.9810,28.66,move_early
3.599462,3.2350,0.4550,2.9710,28.68,move_early
3.602748,3.2860,0.5350,2.9920,28.71,move_early
3.606051,3.3030,0.5690,3.2160,28.74,move_early
3.609155,3.1040,0.4410,3.0100,28.76,move_early
3.612549,3.3940,0.4400,3.3190,28.79,move_early
3.615585,3.0360,0.5400,2.9870,28.82,move_early
3.619654,4.0690,0.4330,3.2210,28.84,move_early
3.623711,4.0570,0.4610,3.2810,28.87,move_early
3.628849,5.1380,0.5020,3.2140,28.90,move_early
3.632055,3.2060,0.6000,2.9980,28.92,move_early
3.635063,3.0080,0.5400,2.9880,28.95,move_early
3.638186,3.1230,0.4560,3.2130,28.98,move_early
3.641726,3.5400,0.4540,2.9870,29.00,move_early
3.644678,2.9520,0.4320,2.9840,29.03,move_early
3.648047,3.3690,0.4980,2.9920,29.06,move_early
3.651094,3.0470,0.4360,3.0010,29.08,move_early
3.654837,3.7430,0.4570,2.9740,29.11,move_early
3.658081,3.2440,0.4640,2.9910,29.14,move_early
3.661576,3.4950,0.5090,2.9900,29.16,move_early
3.664557,2.9810,0.4590,2.9750,29.19,move_early
3.668137,3.5800,0.4710,3.1590,29.22,move_early
3.672849,4.7120,0.4460,2.9990,29.24,move_early
3.678449,5.6000,0.4370,3.4350,29.28,move_early
3.682839,4.3900,0.6040,3.1920,29.32,move_early
3.686301,3.4620,0.5330,2.9970,29.35,move_early
3.690199,3.8980,0.5290,2.9790,29.38,move_early
3.694231,4.0320,0.5190,4.0880,29.41,move_early
3.702581,8.3500,0.4320,2.9540,29.46,move_early
3.707769,5.1880,1.9700,3.1670,29.52,move_early
3.713141,5.3720,0.6730,3.4340,29.55,move_early
3.718459,5.3180,0.4950,2.9790,29.60,move_early
3.743286,24.8270,0.4600,3.0010,29.64,move_early
3.755491,12.2050,0.5640,2.9750,29.91,move_early
3.764589,9.0980,0.7180,3.1620,30.04,move_early
3.771729,7.1400,0.5740,2.9090,30.14,move_early
3.786982,15.2530,0.6020,3.6240,30.20,move_early
3.798482,11.5000,0.5880,3.1400,30.31,move_early
3.808296,9.8140,0.6040,2.8930,30.42,move_early
3.815462,7.1660,0.5900,3.1150,30.49,move_early
3.828045,12.5830,0.5500,2.8930,30.56,move_early
3.833784,5.7390,1.1790,2.9190,30.65,move_early
3.839112,5.3280,0.5400,3.1110,30.69,move_early
3.843643,4.5310,0.5350,3.1200,30.74,move_early
3.847476,3.8330,0.5200,2.9120,30.77,move_early
3.851144,3.6680,0.5250,2.8950,30.80,move_early
3.854931,3.7870,0.4980,2.9060,30.83,move_early
3.858847,3.9160,0.6170,2.8940,30.86,move_early
3.862518,3.6710,0.4880,3.1550,30.89,move_early
3.866989,4.4710,0.4750,2.8780,30.92,move_early
3.871361,4.3720,0.5170,3.0900,30.96,move_early
3.875723,4.3620,0.4900,2.9230,30.99,move_early
3.879522,3.7990,0.4890,2.8780,31.02,move_early
3.882909,3.3870,0.5940,3.1540,31.06,move_early
3.886550,3.6410,0.4770,2.8840,31.09,move_early
3.890042,3.4920,0.4730,3.1320,31.12,move_early
3.893132,3.0900,0.4880,2.8960,31.14,move_early
3.896548,3.4160,0.5310,3.1570,31.16,move_early
3.899619,3.0710,0.4920,2.8860,31.19,move_early
3.903585,3.9660,0.4480,3.1430,31.22,move_early
3.906902,3.3170,0.4440,2.8950,31.25,move_early
3.910471,3.5690,0.5350,3.1800,31.28,move_early
3.913906,3.4350,0.4960,2.9170,31.31,move_early
3.918188,4.2820,0.4970,3.1850,31.33,move_early
3.922065,3.8770,0.4600,2.9010,31.36,move_early
3.925803,3.7380,0.5250,3.1340,31.39,move_early
3.929904,4.1010,0.5090,2.9580,31.42,move_early
3.934122,4.2180,0.4670,3.1060,31.45,move_early
3.938083,3.9610,0.5130,2.9550,31.48,move_early
3.941473,3.3900,0.6670,2.9180,31.51,move_early
3.944852,3.3790,0.4840,3.1870,31.54,move_early
3.948526,3.6740,0.4430,2.9270,31.57,move_early
3.953002,4.4760,0.4800,2.9360,31.60,move_early
3.961325,8.3230,0.6740,2.9050,31.63,move_early
3.965337,4.0120,0.5600,3.1340,31.66,move_early
3.969940,4.6030,0.5260,2.9090,31.69,move_early
3.975393,5.4530,0.4840,3.1330,31.72,move_early
3.979832,4.4390,0.5230,2.9070,31.75,move_early
3.983602,3.7700,0.8080,2.9100,31.79,move_early
3.987172,3.5700,0.4620,3.1830,31.82,move_early
3.990357,3.1850,0.4710,2.8970,31.85,move_early
3.996532,6.1750,0.4700,3.1590,31.88,move_early
4.000468,3.9360,0.4660,2.8830,31.91,move_early
4.003551,3.0830,0.5110,2.9140,31.95,move_early
4.006958,3.4070,0.4530,2.9370,31.98,move_early
4.010009,3.0510,0.4520,2.9590,32.01,move_early
4.012933,2.9240,0.4340,2.9820,32.04,move_early
4.016342,3.4090,0.4770,2.9630,32.07,move_early
4.019856,3.5140,0.4470,2.9990,32.10,move_early
4.023059,3.2030,0.4530,3.1890,32.12,move_early
4.025833,2.7740,0.6410,2.9800,32.15,move_early
4.029274,3.4410,0.4550,3.2010,32.18,move_early
4.032659,3.3850,0.4520,3.0080,32.21,move_early
4.035491,2.8320,0.4470,3.2010,32.24,move_early
4.042161,6.6700,0.4550,3.2370,32.27,move_early
4.047224,5.0630,0.5600,3.3100,32.30,move_early
4.050971,3.7470,0.4810,2.9980,32.33,move_early
4.055735,4.7640,0.4700,3.0190,32.36,move_early
4.059250,3.5150,0.4610,3.2000,32.40,move_early
4.062464,3.2140,0.5450,2.9840,32.43,move_early
4.065712,3.2480,0.4510,2.9950,32.46,move_early
4.069153,3.4410,0.4840,3.0180,32.49,move_early
4.072446,3.2930,0.5980,3.2350,32.52,move_early
4.078230,5.7840,0.4820,3.0000,32.55,move_early
4.082348,4.1180,0.4610,2.9810,32.58,move_early
4.086179,3.8310,0.4620,3.2150,32.61,move_early
4.089838,3.6590,0.4540,3.0080,32.65,move_early
4.095838,6.0000,0.5000,2.9810,32.68,move_early
4.100929,5.0910,0.5250,2.9980,32.71,move_early
4.107227,6.2980,0.7480,3.0040,32.75,move_early
4.111747,4.5200,0.5490,2.9980,32.78,move_early
4.116877,5.1300,0.4810,2.9910,32.81,move_early
4.120792,3.9150,0.5160,3.0330,32.85,move_early
4.124077,3.2850,0.5110,3.0080,32.88,move_early
4.128915,4.8380,0.4910,3.2130,32.91,move_early
4.135232,6.3170,0.4530,2.9790,32.95,move_early
4.139641,4.4090,0.4960,2.9530,32.98,move_early
4.143881,4.2400,0.4880,3.2090,33.01,move_early
4.148477,4.5960,0.4800,2.9920,33.05,move_early
4.153677,5.2000,0.5250,2.9650,33.08,move_early
4.158528,4.8510,0.4880,2.9600,33.12,move_early
4.163120,4.5920,0.5050,3.2280,33.16,move_early
4.167119,3.9990,0.5070,2.9810,33.20,move_early
4.170869,3.7500,0.5350,2.9570,33.23,move_early
4.174583,3.7140,0.4980,2.9520,33.26,move_early
4.180033,5.4500,0.4850,2.9530,33.30,move_early
4.184450,4.4170,0.4930,3.2440,33.33,move_early
4.188203,3.7530,0.4540,2.9830,33.37,move_early
4.191464,3.2610,0.4590,2.9630,33.40,move_early
4.196408,4.9440,0.4630,3.0130,33.43,move_early
4.200328,3.9200,0.4740,2.9710,33.46,move_early
4.203449,3.1210,0.4630,3.1780,33.50,move_early
4.206640,3.1910,0.4940,3.0180,33.53,move_early
4.210200,3.5600,0.4520,3.4260,33.56,move_early
4.213937,3.7370,0.4340,2.9910,33.60,move_early
4.217749,3.8120,0.4780,3.2260,33.63,move_early
4.222729,4.9800,0.4690,3.0110,33.66,move_early
4.233511,10.7820,0.4840,3.1990,33.70,move_early
4.241665,8.1540,0.6050,2.9780,33.76,move_early
4.247621,5.9560,0.6320,3.1830,33.83,move_early
4.251776,4.1550,0.6150,3.0160,33.90,move_early
4.255744,3.9680,0.5630,2.9540,33.96,move_early
4.258900,3.1560,0.5180,3.2020,34.03,move_early
4.262051,3.1510,0.5120,2.9910,34.08,move_early
4.265233,3.1820,0.5440,3.1530,34.12,move_early
4.268275,3.0420,0.4600,2.9460,34.14,move_early
4.271840,3.5650,0.4370,3.5460,34.17,move_early
4.276065,4.2250,0.4820,3.1720,34.20,move_early
4.282082,6.0170,0.5240,3.1960,34.24,move_early
4.285357,3.2750,0.6650,2.9910,34.28,move_early
4.289179,3.8220,0.4830,2.9450,34.31,move_early
4.298982,9.8030,0.6080,3.0190,34.34,move_early
4.305779,6.7970,0.5820,3.2080,34.37,move_early
4.309236,3.4570,0.5770,3.0070,34.41,move_early
4.311887,2.6510,0.5830,3.0000,34.45,move_early
4.315116,3.2290,0.4740,2.9750,34.50,move_early
4.318115,2.9990,0.4520,3.0090,34.53,move_early
4.321421,3.3060,0.4470,3.2070,34.57,move_early
4.324873,3.4520,0.4550,3.0010,34.60,move_early
4.328859,3.9860,0.4590,3.2110,34.62,move_early
4.331666,2.8070,0.4560,2.9860,34.65,move_early
4.335227,3.5610,0.4920,3.1650,34.68,move_early
4.337982,2.7550,0.4520,3.2120,34.71,move_early
4.341511,3.5290,0.4810,3.4320,34.73,move_early
4.344605,3.0940,0.5090,2.9890,34.76,move_early
4.347866,3.2610,0.4440,3.2190,34.79,move_early
4.350862,2.9960,0.4350,2.9610,34.81,move_early
4.354249,3.3870,0.4730,3.2550,34.84,move_early
4.357226,2.9770,0.9020,2.9830,34.86,move_early
4.360332,3.1060,0.4370,3.0090,34.89,move_early
4.363639,3.3070,0.4330,2.9880,34.91,move_early
4.366902,3.2630,0.4490,3.0130,34.94,move_early
4.369942,3.0400,0.4260,3.1770,34.96,move_early
4.373051,3.1090,0.4600,3.0080,34.99,move_early
4.376560,3.5090,0.4570,3.4210,35.01,move_early
4.382226,5.6660,0.4530,3.0080,35.04,move_early
4.389621,7.3950,0.4500,3.2240,35.07,move_early
4.395209,5.5880,0.4590,3.0080,35.09,move_early
4.399382,4.1730,0.5510,3.0060,35.12,move_early
4.402906,3.5240,0.5230,3.0290,35.15,move_early
4.406228,3.3220,0.5250,3.3720,35.18,move_early
4.409320,3.0920,0.5270,3.0130,35.21,move_early
4.412390,3.0700,0.7910,2.9740,35.24,move_early
4.415742,3.3520,0.4610,3.0210,35.26,move_early
4.418727,2.9850,0.4420,3.2080,35.29,move_early
4.421834,3.1070,0.4770,3.0030,35.32,move_early
4.425189,3.3550,0.4780,3.1980,35.34,move_early
4.428843,3.6540,0.4640,3.0250,35.37,move_early
4.434480,5.6370,0.6130,3.1730,35.40,move_early
4.438739,4.2590,0.4970,2.9760,35.43,move_early
4.441749,3.0100,0.5470,3.2380,35.46,move_early
4.447154,5.4050,0.4730,3.0090,35.49,move_early
4.450670,3.5160,0.4710,2.9820,35.52,move_early
4.454451,3.7810,0.5060,3.1900,35.55,move_early
4.457456,3.0050,0.4620,2.9980,35.58,move_early
4.460795,3.3390,0.5040,3.2040,35.61,move_early
4.463864,3.0690,0.4410,3.0210,35.64,move_early
4.467065,3.2010,0.4560,3.1710,35.67,move_early
4.470333,3.2680,0.4580,3.2120,35.69,move_early
4.473656,3.3230,0.4590,3.1800,35.72,move_early
4.476927,3.2710,0.4880,2.9850,35.75,move_early
4.480268,3.3410,0.4280,3.2140,35.77,move_early
4.484164,3.8960,0.4730,2.9620,35.80,move_early
4.488533,4.3690,0.4710,3.0040,35.83,move_early
4.492875,4.3420,0.6270,2.9960,35.86,move_early
4.497955,5.0800,0.6220,3.2020,35.89,move_early
4.506500,8.5450,0.6320,3.0320,35.92,move_early
4.510054,3.5540,0.4620,2.9920,35.95,move_early
4.513212,3.1580,0.4500,3.0040,35.98,move_early
4.516530,3.3180,0.4660,3.2060,36.01,move_early
4.519762,3.2320,0.4810,3.0110,36.04,move_early
4.522970,3.2080,0.4410,3.2030,36.07,move_early
4.526455,3.4850,0.4420,2.9970,36.10,move_early
4.529508,3.0530,0.4400,3.2340,36.13,move_early
4.532827,3.3190,0.4350,2.9860,36.16,move_early
4.536028,3.2010,0.4350,3.1880,36.19,move_early
4.539811,3.7830,0.4430,3.1940,36.22,move_early
4.543054,3.2430,0.4520,3.2250,36.25,move_early
4.546337,3.2830,0.5400,2.9700,36.28,move_early
4.550213,3.8760,0.4380,3.0120,36.31,move_early
4.553343,3.1300,0.6470,2.9870,36.33,move_early
4.556813,3.4700,0.4430,3.2820,36.36,move_early
4.559933,3.1200,0.4870,2.9880,36.39,move_early
4.563102,3.1690,0.4310,3.0110,36.42,move_early
4.566199,3.0970,0.4490,2.9710,36.45,move_early
4.569373,3.1740,0.4500,3.0030,36.48,move_early
4.572744,3.3710,0.4560,3.2290,36.51,move_early
4.575856,3.1120,0.4440,2.9990,36.54,move_early
4.579104,3.2480,0.4390,3.2040,36.57,move_early
4.582280,3.1760,0.4570,3.0160,36.59,move_early
4.585801,3.5210,0.4390,3.2070,36.62,move_early
4.589007,3.2060,0.4560,2.9980,36.65,move_early
4.592232,3.2250,0.4480,3.2250,36.67,move_early
4.595492,3.2600,0.4360,2.9740,36.70,move_early
4.603949,8.4570,0.4720,4.4100,36.73,move_early
4.607770,3.8210,0.4400,3.0010,36.76,move_early
4.611218,3.4480,0.4580,3.0220,36.79,move_early
4.614558,3.3400,0.5960,3.0010,36.82,move_early
4.617970,3.4120,0.4390,3.0190,36.85,move_early
4.621210,3.2400,0.4920,2.9900,36.88,move_early
4.624405,3.1950,0.4610,3.0140,36.91,move_early
4.627615,3.2100,0.4410,3.2230,36.94,move_early
4.631558,3.9430,0.4330,2.9970,36.97,move_early
4.635188,3.6300,0.5460,3.1590,37.00,move_early
4.639457,4.2690,0.5590,2.9980,37.03,move_early
4.650125,10.6680,0.5580,3.4200,37.06,move_early
4.656633,6.5080,0.5010,3.0010,37.09,move_early
4.660270,3.6370,0.5670,2.9810,37.14,move_early
4.663478,3.2080,0.5610,2.9950,37.18,move_early
4.666517,3.0390,0.5150,3.0200,37.21,move_early
4.669645,3.1280,0.4870,2.9870,37.24,move_early
4.672992,3.3470,0.4900,3.1850,37.28,move_early
4.676437,3.4450,0.4540,3.4000,37.31,move_early
4.679470,3.0330,0.4990,2.9730,37.34,move_early
4.688385,8.9150,0.4390,3.1720,37.38,move_early
4.692343,3.9580,0.4550,2.9860,37.41,move_early
4.695279,2.9360,0.4790,3.0110,37.44,move_early
4.699047,3.7680,0.6090,2.9870,37.48,move_early
4.702384,3.3370,0.6020,2.9900,37.51,move_early
4.705495,3.1110,0.5500,3.2260,37.54,move_early
4.708462,2.9670,0.4500,2.9830,37.58,move_early
4.711708,3.2460,0.4720,2.9580,37.61,move_early
4.714810,3.1020,0.4300,3.0010,37.64,move_early
4.718023,3.2130,0.4710,2.9920,37.68,move_early
4.721106,3.0830,0.4370,2.9830,37.71,move_early
4.724365,3.2590,0.4400,3.1740,37.74,move_early
4.727398,3.0330,0.4350,2.9750,37.77,move_early
4.730675,3.2770,0.4360,3.1900,37.80,move_early
4.733794,3.1190,0.4430,2.9840,37.83,move_early
4.737030,3.2360,0.4350,3.2280,37.86,move_early
4.740317,3.2870,0.4340,2.9820,37.89,move_early
4.743410,3.0930,0.4350,3.0210,37.91,move_early
4.746822,3.4120,0.4240,2.9900,37.94,move_early
4.750366,3.5440,0.4260,3.0330,37.97,move_early
4.757558,7.1920,0.4410,2.9870,38.00,move_early
4.767404,9.8460,0.4640,3.0110,38.03,move_early
4.772006,4.6020,0.4320,3.0230,38.07,move_early
4.775056,3.0500,0.5570,3.3390,38.10,move_early
4.778318,3.2620,0.4940,3.0020,38.13,move_early
4.781319,3.0010,0.4470,3.0020,38.17,move_early
4.784420,3.1010,0.4410,3.0100,38.20,move_early
4.787704,3.2840,0.4300,3.2130,38.23,move_early
4.790912,3.2080,0.4340,2.9680,38.26,move_early
4.794071,3.1590,0.4480,3.1770,38.29,move_early
4.797208,3.1370,0.4530,2.9560,38.32,move_early
4.800316,3.1080,0.4490,3.1530,38.35,move_early
4.803372,3.0560,0.4370,2.9450,38.38,move_early
4.806565,3.1930,0.4440,3.1830,38.41,move_early
4.809862,3.2970,0.6330,2.9800,38.44,move_early
4.812889,3.0270,0.5170,2.9880,38.47,move_early
4.816283,3.3940,0.4730,2.9800,38.50,move_early
4.819287,3.0040,0.4460,3.0140,38.53,move_early
4.822553,3.2660,0.4530,2.9960,38.56,move_early
4.825644,3.0910,0.4400,3.0110,38.59,move_early
4.828974,3.3300,0.4420,3.2220,38.62,move_early
4.832399,3.4250,0.4290,3.0140,38.65,move_early
4.835470,3.0710,0.4340,3.1920,38.68,move_early
4.838650,3.1800,0.4470,3.0300,38.71,move_early
4.842114,3.4640,0.4390,3.3430,38.74,move_early
4.845245,3.1310,0.4470,2.9870,38.76,move_early
4.848490,3.2450,0.4770,3.2700,38.79,move_early
4.853583,5.0930,0.5410,2.9850,38.81,move_early
4.859184,5.6010,0.4570,3.0100,38.84,move_early
4.863175,3.9910,0.5340,3.0280,38.86,move_early
4.867963,4.7880,0.5670,2.9940,38.89,move_early
4.873784,5.8210,0.5570,3.1990,38.92,move_early
4.878409,4.6250,0.5780,3.0090,38.95,move_early
4.883044,4.6350,0.5770,2.9700,38.98,move_early
4.886155,3.1110,0.4840,3.1800,39.01,move_early
4.889320,3.1650,0.4880,2.9740,39.04,move_early
4.892348,3.0280,0.5930,2.9350,39.07,move_early
4.895384,3.0360,0.4370,2.9680,39.10,move_early
4.898708,3.3240,0.4400,3.1270,39.12,move_early
4.901736,3.0280,0.4480,2.9510,39.15,move_early
4.906992,5.2560,0.5510,3.4910,39.18,move_early
4.914206,7.2140,0.4550,2.9770,39.20,move_early
4.919408,5.2020,0.6370,2.9570,39.23,move_early
4.923270,3.8620,0.6560,2.9500,39.26,move_early
4.926970,3.7000,0.5460,3.1880,39.30,move_early
4.929983,3.0130,0.5770,2.9820,39.32,move_early
4.933195,3.2120,0.5380,3.1420,39.35,move_early
4.936174,2.9790,0.4560,2.9680,39.38,move_early
4.939510,3.3360,0.4700,3.2860,39.41,move_early
4.942536,3.0260,0.4490,2.9440,39.44,move_early
4.945810,3.2740,0.4500,3.2060,39.47,move_early
4.949761,3.9510,0.4350,2.9360,39.50,move_early
4.954029,4.2680,0.4570,2.9570,39.53,move_early
4.958435,4.4060,0.6180,2.9640,39.56,move_early
4.961414,2.9790,0.5480,3.1970,39.59,move_early
4.964392,2.9780,0.5060,2.9750,39.62,move_early
4.967618,3.2260,0.4900,3.1210,39.65,move_early
4.970849,3.2310,0.4660,3.1590,39.68,move_early
4.974222,3.3730,0.4430,3.3020,39.71,move_early
4.977240,3.0180,0.5930,2.9500,39.74,move_early
4.980653,3.4130,0.4370,3.2390,39.77,move_early
4.983578,2.9250,0.4440,2.9290,39.80,move_early
4.986636,3.0580,0.4580,2.9440,39.83,move_early
4.989899,3.2630,0.4420,2.9680,39.85,move_early
4.992953,3.0540,0.4330,3.0130,39.88,move_early
4.996265,3.3120,0.4370,3.1980,39.91,move_early
4.999343,3.0780,0.5720,2.9960,39.93,move_early
5.002538,3.1950,0.4450,3.1660,39.96,move_early
5.005616,3.0780,0.4280,2.9940,39.99,move_early
5.012365,6.7490,0.4470,3.3520,40.01,move_early
5.023146,10.7810,0.4540,2.9850,40.04,move_early
5.030611,7.4650,0.4520,3.0180,40.08,move_early
5.035343,4.7320,0.5820,3.2430,40.14,move_early
5.038741,3.3980,0.5280,3.6560,40.17,move_early
5.041643,2.9020,0.4710,3.0040,40.20,move_early
5.044805,3.1620,0.4580,3.2130,40.23,move_early
5.047881,3.0760,0.4350,2.9950,40.26,move_early
5.051151,3.2700,0.4560,3.1690,40.30,move_early
5.054104,2.9530,0.4470,2.9350,40.33,move_early
5.057395,3.2910,0.4500,3.1970,40.36,move_early
5.060475,3.0800,0.4490,2.9450,40.40,move_early
5.063704,3.2290,0.4510,3.1740,40.43,move_early
5.066766,3.0620,0.4820,2.9530,40.46,move_early
5.069877,3.1110,0.6080,3.0190,40.49,move_early
5.073339,3.4620,0.7140,3.2380,40.52,move_early
5.076412,3.0730,0.4400,3.0170,40.55,move_early
5.079662,3.2500,0.4690,3.0060,40.58,move_early
5.082787,3.1250,0.5780,3.0190,40.61,move_early
5.086081,3.2940,0.4410,3.2240,40.63,move_early
5.089524,3.4430,0.4440,3.0220,40.66,move_early
5.092456,2.9320,0.4240,3.2210,40.69,move_early
5.095498,3.0420,0.4330,2.9900,40.72,move_early
5.098787,3.2890,0.4370,3.2060,40.75,move_early
5.101882,3.0950,0.4310,2.9960,40.78,move_early
5.105376,3.4940,0.4750,3.2350,40.81,move_early
5.108698,3.3220,0.4470,3.0110,40.84,move_early
5.111771,3.0730,0.4310,3.0200,40.87,move_early
5.115062,3.2910,0.7190,3.0050,40.90,move_early
5.118192,3.1300,0.4390,3.0210,40.92,move_early
5.121469,3.2770,0.4640,2.9830,40.95,move_early
5.126381,4.9120,0.4320,3.0210,40.98,move_early
5.128947,2.5660,0.4520,3.2190,41.01,move_early
5.132557,3.6100,0.4350,3.0220,41.04,move_early
5.135255,2.6980,0.5640,2.9930,41.07,move_early
5.138414,3.1590,0.4800,3.0110,41.10,move_early
5.141840,3.4260,0.4390,3.4600,41.13,move_early
5.144980,3.1400,0.4480,3.0400,41.16,move_early
5.148299,3.3190,0.4460,3.2260,41.19,move_early
5.151612,3.3130,0.4390,2.9980,41.21,move_early
5.154811,3.1990,0.4460,3.2360,41.24,move_early
5.157836,3.0250,0.4510,2.9960,41.26,move_early
5.161081,3.2450,0.5110,3.2670,41.29,move_early
5.164277,3.1960,0.4730,2.9960,41.31,move_early
5.167783,3.5060,0.4890,3.0060,41.34,move_early
5.170854,3.0710,0.4980,3.3480,41.37,move_early
5.174010,3.1560,0.4920,3.0260,41.39,move_early
5.177318,3.3080,0.4840,2.9950,41.42,move_early
5.180391,3.0730,0.4520,3.0260,41.44,move_early
5.183693,3.3020,0.4360,3.2310,41.47,move_early
5.186815,3.1220,0.4370,3.0180,41.50,move_early
5.190074,3.2590,0.4510,3.2300,41.52,move_early
5.193257,3.1830,0.4390,3.0200,41.55,move_early
5.196505,3.2480,0.4750,3.2020,41.57,move_early
5.199617,3.1120,0.4510,2.9960,41.60,move_early
5.204115,4.4980,0.4450,3.3370,41.62,move_early
5.208078,3.9630,0.4810,3.0100,41.65,move_early
5.211781,3.7030,0.4770,3.2500,41.68,move_early
5.214634,2.8530,0.4870,3.0230,41.70,move_early
5.217716,3.0820,0.4650,3.2180,41.73,move_early
5.220780,3.0640,0.4460,3.0100,41.76,move_early
5.224062,3.2820,0.4410,3.2370,41.78,move_early
5.227149,3.0870,0.4270,2.9930,41.81,move_early
5.230446,3.2970,0.4820,3.2310,41.84,move_early
5.233531,3.0850,0.5910,2.9940,41.86,move_early
5.236881,3.3500,0.4280,3.2150,41.89,move_early
5.240528,3.6470,0.4440,3.2360,41.92,move_early
5.243619,3.0910,0.6230,3.0090,41.94,move_early
5.246814,3.1950,0.5250,2.9810,41.97,move_early
5.250008,3.1940,0.4740,3.0110,42.00,move_early
5.253121,3.1130,0.4530,3.2180,42.02,move_early
5.256189,3.0680,0.4580,3.0160,42.05,move_early
5.260699,4.5100,0.4490,3.2190,42.08,move_early
5.270218,9.5190,0.4540,3.0130,42.10,move_early
5.273546,3.3280,0.4840,3.1760,42.13,move_early
5.276095,2.5490,0.5560,3.0020,42.16,move_early
5.279390,3.2950,0.4910,3.2750,42.18,move_early
5.282783,3.3930,0.4880,2.9880,42.21,move_early
5.288299,5.5160,0.4750,3.0310,42.24,move_early
5.291036,2.7370,0.5020,2.9900,42.26,move_early
5.294199,3.1630,0.4500,3.2320,42.29,move_early
5.297225,3.0260,0.4460,3.0060,42.32,move_early
5.300464,3.2390,0.4550,3.2010,42.34,move_early
5.304405,3.9410,0.4460,3.1960,42.37,move_early
5.307486,3.0810,0.4430,3.2220,42.40,move_early
5.310491,3.0050,0.4710,2.9850,42.42,move_early
5.313465,2.9740,0.4500,3.0280,42.45,move_early
5.316782,3.3170,0.4850,2.9890,42.48,move_early
5.319947,3.1650,0.4590,3.0170,42.50,move_early
5.323122,3.1750,0.4600,2.9920,42.53,move_early
5.326272,3.1500,0.4590,3.0400,42.56,move_early
5.329608,3.3360,0.4540,3.2170,42.58,move_early
5.332629,3.0210,0.4410,3.0210,42.61,move_early
5.336200,3.5710,0.4510,3.4490,42.64,move_early
5.339558,3.3580,0.4780,3.0110,42.66,move_early
5.342585,3.0270,0.4330,3.2510,42.69,move_early
5.345684,3.0990,0.4450,2.9790,42.72,move_early
5.349014,3.3300,0.4400,3.2700,42.74,move_early
5.352519,3.5050,0.4400,2.9850,42.77,move_early
5.355909,3.3900,0.4520,3.0340,42.80,move_early
5.406645,50.7360,0.5730,3.0090,42.82,move_early
5.411602,4.9570,0.4810,3.0240,43.16,move_early
5.416853,5.2510,0.5950,3.1870,43.25,move_early
5.420462,3.6090,0.6990,2.9630,43.36,move_early
5.423419,2.9570,0.5750,2.9590,43.39,move_early
5.426375,2.9560,0.5150,3.1570,43.41,move_early
5.429386,3.0110,0.4790,2.9450,43.44,move_early
5.432546,3.1600,0.5770,3.1130,43.46,move_early
5.435791,3.2450,0.4400,3.1270,43.49,move_early
5.439031,3.2400,0.4600,3.1450,43.51,move_early
5.442221,3.1900,0.5120,2.9220,43.54,move_early
5.445282,3.0610,0.4710,2.9540,43.56,move_early
5.448446,3.1640,0.6070,2.9330,43.59,move_early
5.451624,3.1780,0.4640,3.0070,43.61,move_early
5.456239,4.6150,0.4420,3.2060,43.64,move_early
5.460962,4.7230,0.4470,3.0140,43.67,move_early
5.464504,3.5420,0.5060,2.9960,43.70,move_early
5.467111,2.6070,0.6170,3.2080,43.72,move_early
5.470376,3.2650,0.4730,3.2180,43.75,move_early
5.478000,7.6240,0.4540,3.2130,43.78,move_early
5.482227,4.2270,0.5370,2.9950,43.80,move_early
5.485749,3.5220,0.4470,2.9790,43.83,move_early
5.488951,3.2020,0.4420,3.2590,43.86,move_early
5.492151,3.2000,0.4450,2.9710,43.88,move_early
5.495439,3.2880,0.4770,3.2550,43.91,move_early
5.498530,3.0910,0.4670,2.9830,43.94,move_early
5.501917,3.3870,0.4470,3.0050,43.96,move_early
5.505290,3.3730,0.6380,2.9960,43.99,move_early
5.516279,10.9890,0.4540,3.0010,44.02,move_early
5.519705,3.4260,0.4570,2.9820,44.04,move_early
5.524242,4.5370,0.4880,4.3950,44.10,move_early
5.527504,3.2620,0.4430,2.9780,44.12,move_early
5.530774,3.2700,0.4340,3.1790,44.15,move_early
5.534051,3.2770,0.4390,2.9820,44.18,move_early
5.540055,6.0040,0.4590,3.2160,44.21,move_early
5.544468,4.4130,0.4790,3.1840,44.24,move_early
5.547716,3.2480,0.4940,2.9940,44.27,move_early
5.550991,3.2750,0.4900,3.2540,44.30,move_early
5.556113,5.1220,0.4910,2.9830,44.33,move_early
5.561563,5.4500,0.4490,3.0130,44.36,move_early
5.567602,6.0390,0.6560,3.0130,44.39,move_early
5.571645,4.0430,0.5800,2.9790,44.43,move_early
5.575658,4.0130,0.7080,3.3300,44.46,move_early
5.579526,3.8680,0.4970,3.0360,44.50,move_early
5.583069,3.5430,0.5110,2.9820,44.53,move_early
5.586493,3.4240,0.4990,3.2620,44.56,move_early
5.589839,3.3460,0.4590,2.9790,44.60,move_early
5.593217,3.3780,0.4440,3.2420,44.63,move_early
5.596540,3.3230,0.4560,2.9790,44.66,move_early
5.600325,3.7850,0.4580,3.2240,44.70,move_early
5.604359,4.0340,0.4890,2.9900,44.73,move_early
5.609358,4.9990,0.4730,3.1860,44.76,move_early
5.617792,8.4340,0.5210,3.0160,44.80,move_early
5.621449,3.6570,0.7190,2.9920,44.83,move_early
5.625024,3.5750,0.5480,2.9980,44.87,move_early
5.628571,3.5470,0.4930,3.2390,44.90,move_early
5.632055,3.4840,0.4500,2.9880,44.93,move_early
5.635510,3.4550,0.4810,3.2070,44.97,move_early
5.639305,3.7950,0.4680,3.2280,45.00,move_early
5.642875,3.5700,0.5080,3.3600,45.03,move_early
5.646651,3.7760,0.4600,2.9940,45.07,move_early
5.650059,3.4080,0.4950,3.2430,45.10,move_early
5.653572,3.5130,0.4460,3.0250,45.13,move_early
5.657356,3.7840,0.4870,3.2350,45.17,move_early
5.660891,3.5350,0.6830,3.0270,45.20,move_early
5.664180,3.2890,0.5340,3.2160,45.23,move_early
5.667872,3.6920,0.4590,3.0200,45.27,move_early
5.671315,3.4430,0.4680,3.4340,45.30,move_early
5.674860,3.5450,0.4510,3.0120,45.33,move_early
5.678269,3.4090,0.4520,3.2300,45.36,move_early
5.682112,3.8430,0.4640,3.0240,45.39,move_early
5.685951,3.8390,0.4690,3.2120,45.42,move_early
5.689651,3.7000,0.4610,3.0100,45.45,move_early
5.693926,4.2750,0.4930,3.0120,45.48,move_early
5.697843,3.9170,0.4640,3.0200,45.51,move_early
5.702941,5.0980,0.4530,2.9870,45.54,move_early
5.716862,13.9210,0.4690,3.6400,45.57,move_early
5.730544,13.6820,0.4800,3.0270,45.64,move_early
5.741330,10.7860,2.1610,3.2500,45.74,move_early
5.751500,10.1700,0.5630,3.0130,45.82,move_early
5.763095,11.5950,0.5370,2.9970,45.90,move_early
5.779017,15.9220,0.5290,3.0040,46.00,move_early
5.790373,11.3560,0.5650,2.9610,46.12,move_early
5.802370,11.9970,0.5620,2.9680,46.22,move_early
5.815598,13.2280,0.6450,2.9280,46.31,move_early
5.827034,11.4360,0.7800,3.1230,46.42,move_early
5.837566,10.5320,0.5590,3.1760,46.52,move_early
5.846990,9.4240,0.5350,2.9690,46.62,move_early
5.858073,11.0830,0.5760,3.1600,46.72,move_early
5.867652,9.5790,0.5190,2.9240,46.81,move_early
5.877346,9.6940,0.5680,3.1120,46.90,move_early
5.886907,9.5610,0.5950,2.9200,46.99,move_early
5.895535,8.6280,0.5500,2.9480,47.09,move_early
5.905677,10.1420,0.9390,2.9350,47.18,move_early
5.910551,4.8740,0.8170,2.9650,47.27,move_early
5.916964,6.4130,0.5670,2.9630,47.31,move_early
5.921928,4.9640,0.6100,2.9670,47.36,move_early
5.927516,5.5880,0.7980,2.9540,47.40,move_early
5.933562,6.0460,0.5780,2.9280,47.44,move_early
5.938076,4.5140,0.5390,3.1470,47.49,move_early
5.941667,3.5910,0.5870,3.1570,47.53,move_early
5.945203,3.5360,0.5510,2.9490,47.56,move_early
5.951675,6.4720,0.5570,3.1700,47.58,move_early
5.954960,3.2850,0.5200,2.9580,47.63,move_early
5.959665,4.7050,0.5690,2.9450,47.66,move_early
5.964390,4.7250,0.5930,3.1870,47.70,move_early
5.968597,4.2070,0.5350,2.9660,47.74,move_early
5.971691,3.0940,0.6450,3.1380,47.77,move_early
5.976121,4.4300,0.5670,3.1810,47.80,move_early
5.980176,4.0550,0.5840,2.9360,47.83,move_early
5.983086,2.9100,0.5880,3.1860,47.86,move_early
5.986434,3.3480,0.5090,2.9510,47.89,move_early
5.989560,3.1260,0.4810,3.1790,47.91,move_early
5.993393,3.8330,0.4780,2.9510,47.94,move_early
5.997272,3.8790,0.4770,3.2080,47.97,move_early
6.000426,3.1540,0.5390,2.9390,48.00,move_early
6.007572,7.1460,0.5290,3.3990,48.03,move_early
6.011811,4.2390,0.5560,2.9520,48.06,move_early
6.018275,6.4640,0.5010,2.9920,48.10,move_early
6.029632,11.3570,0.5850,3.1950,48.13,move_early
6.034857,5.2250,3.5960,3.0070,48.16,move_early
6.044600,9.7430,0.6300,3.0320,48.20,move_early
6.051323,6.7230,1.0040,3.0030,48.25,move_early
6.055763,4.4400,0.5700,3.0150,48.30,move_early
6.059838,4.0750,0.5310,3.0280,48.34,move_early
6.065702,5.8640,0.4930,2.9790,48.37,move_early
6.071589,5.8870,0.5030,3.1640,48.42,move_early
6.075779,4.1900,0.5050,3.5550,48.46,move_early
6.079867,4.0880,0.5290,3.0240,48.50,move_early
6.083766,3.8990,0.5150,2.9920,48.54,move_early
6.087578,3.8120,0.4830,3.2480,48.58,move_early
6.091703,4.1250,0.4890,2.9820,48.62,move_early
6.095446,3.7430,0.5160,3.2210,48.66,move_early
6.099187,3.7410,0.4710,3.0030,48.70,move_early
6.103209,4.0220,0.5280,3.1670,48.74,move_early
6.107182,3.9730,0.4790,2.9910,48.78,move_early
6.110984,3.8020,0.4850,3.2350,48.82,move_early
6.114775,3.7910,0.4830,3.0030,48.86,move_early
6.119201,4.4260,0.5410,2.9880,48.90,move_early
6.122876,3.6750,0.5240,3.2320,48.93,move_early
6.127902,5.0260,0.4990,3.0120,48.97,move_early
6.131540,3.6380,0.5520,3.2040,49.01,move_early
6.135217,3.6770,0.5590,3.0520,49.05,move_early
6.138781,3.5640,0.5720,3.1880,49.09,move_early
6.142372,3.5910,0.4680,3.0160,49.12,move_early
6.145911,3.5390,0.4880,3.2390,49.16,move_early
6.149532,3.6210,0.4700,3.0140,49.19,move_early
6.153199,3.6670,0.5430,2.9880,49.22,move_early
6.156827,3.6280,0.5340,2.9930,49.25,move_early
6.160798,3.9710,0.5710,2.9920,49.28,move_early
6.164585,3.7870,0.5130,2.9830,49.31,move_early
6.168747,4.1620,0.4980,2.9920,49.34,move_early
6.173880,5.1330,0.5160,3.1950,49.37,move_early
6.178327,4.4470,0.5160,3.0360,49.41,move_early
6.183013,4.6860,0.5950,2.9880,49.44,move_early
6.187134,4.1210,0.5300,3.2610,49.47,move_early
6.192388,5.2540,0.5010,3.0290,49.51,move_early
6.196996,4.6080,0.5180,3.2080,49.54,move_early
6.203000,6.0040,0.5480,3.1820,49.57,move_early
6.207372,4.3720,0.5580,3.2660,49.61,move_early
6.212978,5.6060,0.5390,3.0220,49.64,move_early
6.217165,4.1870,0.5150,3.2390,49.67,move_early
6.220764,3.5990,0.5430,3.2210,49.71,move_early
6.224284,3.5200,0.5410,3.0160,49.74,move_early
6.227849,3.5650,0.4920,3.2340,49.77,move_early
6.231833,3.9840,0.4740,3.0190,49.81,move_early
6.238064,6.2310,0.5140,3.1800,49.84,move_early
6.243436,5.3720,0.5380,3.0200,49.87,move_early
6.249666,6.2300,0.7230,3.0230,49.91,move_early
6.254475,4.8090,0.5180,2.9900,49.94,move_early
6.258391,3.9160,0.5750,2.9890,49.98,move_early
6.261876,3.4850,0.5260,2.9680,50.02,move_early
6.265452,3.5760,0.5070,3.0200,50.05,move_early
6.268885,3.4330,0.5190,3.1990,50.09,move_early
6.272405,3.5200,0.5210,3.2820,50.12,move_early
6.275710,3.3050,0.5500,3.2620,50.15,move_early
6.279205,3.4950,0.4700,3.0970,50.19,move_early
6.282564,3.3590,0.5020,3.3130,50.22,move_early
6.286550,3.9860,0.4780,3.0900,50.25,move_early
6.289991,3.4410,0.5260,3.3280,50.29,move_early
6.301913,11.9220,0.4920,3.0910,50.32,move_early
6.314463,12.5500,0.5040,3.3160,50.36,move_early
6.323211,8.7480,0.5690,3.0890,50.41,move_early
6.328884,5.6730,0.6120,3.0610,50.48,move_early
6.332394,3.5100,0.5820,3.0330,50.52,move_early
6.336566,4.1720,0.5950,3.2670,50.56,move_early
6.339642,3.0760,0.5750,3.4640,50.60,move_early
6.342433,2.7910,0.5750,3.0280,50.63,move_early
6.345725,3.2920,0.5260,3.2350,50.67,move_early
6.348799,3.0740,0.4860,3.0190,50.71,move_early
6.352466,3.6670,0.4880,3.2330,50.75,move_early
6.355207,2.7410,0.4890,3.0120,50.79,move_early
6.359981,4.7740,0.4760,3.2130,50.82,move_early
6.363351,3.3700,0.5050,3.0080,50.86,move_early
6.366171,2.8200,0.4900,3.1960,50.90,move_early
6.369133,2.9620,0.5100,3.0630,50.93,move_early
6.372506,3.3730,0.5140,3.2760,50.97,move_early
6.375930,3.4240,0.4930,3.1010,51.01,move_early
6.379333,3.4030,0.5050,3.3180,51.04,move_early
6.382559,3.2260,0.5260,3.1000,51.06,move_early
6.385967,3.4080,0.6780,3.3500,51.09,move_early
6.389099,3.1320,0.4870,3.0740,51.11,move_early
6.392296,3.1970,0.4700,3.0580,51.14,move_early
6.395645,3.3490,0.5040,3.0690,51.17,move_early
6.398764,3.1190,0.5030,3.0590,51.19,move_early
6.402079,3.3150,0.4790,3.0730,51.22,move_early
6.405450,3.3710,0.5170,3.1030,51.25,move_early
6.408938,3.4880,0.4660,3.3990,51.27,move_early
6.413074,4.1360,0.4680,3.0850,51.30,move_early
6.418191,5.1170,0.6550,3.2960,51.33,move_early
6.423462,5.2710,0.6850,3.0810,51.35,move_early
6.426305,2.8430,0.5960,3.0940,51.38,move_early
6.430831,4.5260,0.6090,4.3340,51.41,move_early
6.434158,3.3270,0.5050,3.0620,51.43,move_early
6.437416,3.2580,0.6010,3.0710,51.46,move_early
6.440596,3.1800,0.4820,3.0730,51.49,move_early
6.443941,3.3450,0.4940,3.0750,51.51,move_early
6.447179,3.2380,0.4940,3.1010,51.54,move_early
6.450464,3.2850,0.4770,3.2890,51.57,move_early
6.453590,3.1260,0.4730,3.0520,51.59,move_early
6.456961,3.3710,0.4720,3.3040,51.62,move_early
6.460115,3.1540,0.4710,3.0630,51.65,move_early
6.463460,3.3450,0.5030,3.2570,51.67,move_early
6.467664,4.2040,0.4700,3.0710,51.70,move_early
6.475416,7.7520,0.6380,3.5330,51.73,move_early
6.478889,3.4730,0.5690,3.0850,51.75,move_early
6.482565,3.6760,0.5750,3.1000,51.78,move_early
6.485728,3.1630,0.5470,3.2840,51.81,move_early
6.488715,2.9870,0.5020,3.0670,51.84,move_early
6.491974,3.2590,0.4750,3.2880,51.87,move_early
6.495131,3.1570,0.4850,3.0930,51.90,move_early
6.498482,3.3510,0.4810,3.2640,51.92,move_early
6.501873,3.3910,0.4900,3.3370,51.95,move_early
6.505432,3.5590,0.4720,3.4270,51.98,move_early
6.508563,3.1310,0.5290,3.0930,52.01,move_early
6.511934,3.3710,0.4720,3.3070,52.03,move_early
6.515054,3.1200,0.4830,3.0730,52.06,move_early
6.518597,3.5430,0.4850,3.3200,52.09,move_early
6.521710,3.1130,0.4750,3.0850,52.11,move_early
6.525048,3.3380,0.4860,3.3150,52.14,move_early
6.528181,3.1330,0.5110,3.0790,52.17,move_early
6.531298,3.1170,0.5720,3.0470,52.19,move_early
6.534869,3.5710,0.4750,3.3230,52.22,move_early
6.538023,3.1540,0.4720,3.0550,52.25,move_early
6.541574,3.5510,0.4920,3.3180,52.27,move_early
6.544755,3.1810,0.4910,3.0780,52.30,move_early
6.548098,3.3430,0.5160,3.0660,52.33,move_early
6.551477,3.3790,0.4690,3.0920,52.35,move_early
6.554922,3.4450,0.4840,3.2930,52.38,move_early
6.557869,2.9470,0.4760,3.1040,52.41,move_early
6.561283,3.4140,0.4970,3.3220,52.43,move_early
6.564471,3.1880,0.5240,3.0710,52.46,move_early
6.568108,3.6370,0.4790,3.5700,52.49,move_early
6.571802,3.6940,0.4970,3.3660,52.51,move_early
6.575182,3.3800,0.5300,3.3260,52.54,move_early
6.578365,3.1830,0.4800,3.0710,52.57,move_early
6.581751,3.3860,0.4720,3.3040,52.59,move_early
6.585008,3.2570,0.4800,3.1020,52.62,move_early
6.588475,3.4670,0.4970,3.3280,52.65,move_early
6.591514,3.0390,0.4960,3.0830,52.67,move_early
6.595078,3.5640,0.5200,3.2720,52.70,move_early
6.598024,2.9460,0.6390,3.0920,52.73,move_early
6.601751,3.7270,0.4840,3.2780,52.75,move_early
6.604811,3.0600,0.5360,3.1040,52.78,move_early
6.607922,3.1110,0.4940,3.0480,52.81,move_early
6.614575,6.6530,0.5280,3.0690,52.83,move_early
6.618181,3.6060,0.4910,3.0630,52.86,move_early
6.620825,2.6440,0.5300,3.1050,52.90,move_early
6.624125,3.3000,0.5560,3.2900,52.92,move_early
6.627257,3.1320,0.5140,3.0720,52.95,move_early
6.630572,3.3150,0.4880,3.2590,52.98,move_early
6.633930,3.3580,0.5080,3.1020,53.01,move_early
6.637326,3.3960,0.4810,3.2740,53.03,move_early
6.640712,3.3860,0.5150,3.1020,53.06,move_early
6.644096,3.3840,0.4980,3.3110,53.09,move_early
6.647310,3.2140,0.5080,3.0900,53.12,move_early
6.650655,3.3450,0.5120,3.3110,53.14,move_early
6.653879,3.2240,0.5020,3.0920,53.17,move_early
6.657272,3.3930,0.5350,3.3060,53.20,move_early
6.660479,3.2070,0.5280,3.0800,53.22,move_early
6.663789,3.3100,0.4880,3.2650,53.25,move_early
6.666908,3.1190,0.5050,3.0810,53.28,move_early
6.670064,3.1560,0.5230,3.0620,53.30,move_early
6.673655,3.5910,0.5250,3.3160,53.33,move_early
6.677060,3.4050,0.5070,3.0990,53.36,move_early
6.680219,3.1590,0.4830,3.0680,53.38,move_early
6.683437,3.2180,0.5100,3.0990,53.41,move_early
6.691114,7.6770,0.5200,3.3030,53.44,move_early
6.695776,4.6620,0.6330,3.0960,53.47,move_early
6.698813,3.0370,0.5230,3.1050,53.49,move_early
6.702054,3.2410,0.6150,3.2840,53.52,move_early
6.705176,3.1220,0.5090,3.0510,53.56,move_early
6.708759,3.5830,0.4860,3.3600,53.59,move_early
6.711901,3.1420,0.5090,3.0680,53.62,move_early
6.715230,3.3290,0.4850,3.0540,53.65,move_early
6.720485,5.2550,0.5130,3.1050,53.68,move_early
6.726702,6.2170,0.4920,3.2930,53.71,move_early
6.731383,4.6810,0.4970,3.3050,53.74,move_early
6.736781,5.3980,0.4990,3.0870,53.77,move_early
6.741245,4.4640,0.6260,3.1080,53.80,move_early
6.745970,4.7250,0.6890,3.0620,53.83,move_early
6.749659,3.6890,0.5950,3.3170,53.86,move_early
6.752715,3.0560,0.6320,3.0830,53.89,move_early
6.755729,3.0140,0.5890,3.2680,53.92,move_early
6.758863,3.1340,0.5570,3.0640,53.95,move_early
6.762114,3.2510,0.4940,3.2170,53.98,move_early
6.765333,3.2190,0.4820,3.0590,54.01,move_early
6.768599,3.2660,0.4870,3.2240,54.04,move_early
6.773045,4.4460,0.5190,3.0800,54.07,move_early
6.778896,5.8510,0.5060,3.2920,54.10,move_early
6.782628,3.7320,0.5160,3.0680,54.13,move_early
6.785475,2.8470,0.6660,3.0330,54.16,move_early
6.788509,3.0340,0.5350,3.0480,54.18,move_early
6.791796,3.2870,0.4910,3.0470,54.21,move_early
6.794925,3.1290,0.4850,3.0660,54.24,move_early
6.798307,3.3820,0.4910,3.2300,54.27,move_early
6.801681,3.3740,0.5180,3.3550,54.30,move_early
6.805358,3.6770,0.5650,3.3770,54.33,move_early
6.808309,2.9510,0.4710,3.0790,54.36,move_early
6.811680,3.3710,0.4930,3.3230,54.39,move_early
6.814824,3.1440,0.4830,3.0700,54.42,move_early
6.818260,3.4360,0.4730,3.2840,54.45,move_early
6.823810,5.5500,0.4890,3.0790,54.48,move_early
6.827311,3.5010,0.5930,3.2770,54.51,move_early
6.830195,2.8840,0.5220,3.0860,54.54,move_early
6.833243,3.0480,0.4880,3.0720,54.57,move_early
6.836407,3.1640,0.4990,3.1040,54.60,move_early
6.839911,3.5040,0.4850,3.4080,54.63,move_early
6.843089,3.1780,0.4760,3.0980,54.66,move_early
6.846532,3.4430,0.4950,3.3380,54.69,move_early
6.849682,3.1500,0.4970,3.0820,54.72,move_early
6.853080,3.3980,0.4920,3.3200,54.75,move_early
6.856605,3.5250,0.4810,3.1080,54.78,move_early
6.859680,3.0750,0.4830,3.3160,54.81,move_early
6.862894,3.2140,0.4710,3.1050,54.84,move_early
6.866299,3.4050,0.4810,3.2660,54.86,move_early
6.869599,3.3000,0.5330,3.2920,54.89,move_early
6.873116,3.5170,0.4730,3.2720,54.92,move_early
6.876807,3.6910,0.6400,3.1060,54.95,move_early
6.879968,3.1610,0.6490,3.3420,54.97,move_early
6.883110,3.1420,0.5010,3.1000,55.00,move_early
6.886248,3.1380,0.5230,3.0610,55.03,move_early
6.889640,3.3920,0.5280,3.0690,55.05,move_early
6.892770,3.1300,0.4660,3.0640,55.08,move_early
6.896120,3.3500,0.4920,3.0620,55.11,move_early
6.899281,3.1610,0.4910,3.0900,55.13,move_early
6.902773,3.4920,0.4920,3.3990,55.16,move_early
6.905967,3.1940,0.4740,3.0870,55.19,move_early
6.909368,3.4010,0.4840,3.3070,55.21,move_early
6.912500,3.1320,0.5000,3.0950,55.24,move_early
6.915895,3.3950,0.4690,3.3230,55.27,move_early
6.919125,3.2300,0.4840,3.0810,55.29,move_early
6.922517,3.3920,0.4870,3.3160,55.32,move_early
6.925733,3.2160,0.5110,3.1020,55.35,move_early
6.929283,3.5500,0.4850,3.0610,55.37,move_early
6.932125,2.8420,0.5390,3.0840,55.40,move_early
6.935512,3.3870,0.4980,3.2840,55.43,move_early
6.941345,5.8330,0.4730,3.3730,55.45,move_early
6.946114,4.7690,0.4740,3.0620,55.48,move_early
6.949287,3.1730,0.5040,3.0870,55.51,move_early
6.952180,2.8930,0.5190,3.3060,55.54,move_early
6.955356,3.1760,0.5030,3.0670,55.57,move_early
6.958719,3.3630,0.5230,3.3280,55.60,move_early
6.961899,3.1800,0.6520,3.0780,55.63,move_early
6.965275,3.3760,0.4730,3.2770,55.66,move_early
6.968705,3.4300,0.4940,3.3180,55.68,move_early
6.973077,4.3720,0.4960,3.4330,55.71,move_early
6.975964,2.8870,0.5310,3.0970,55.74,move_early
6.979026,3.0620,0.4950,3.3160,55.77,move_early
6.982140,3.1140,0.5380,3.0730,55.79,move_early
6.985274,3.1340,0.7050,3.0560,55.82,move_early
6.988643,3.3690,0.5220,3.0890,55.85,move_early
6.991875,3.2320,0.4750,3.0730,55.87,move_early
6.995268,3.3930,0.7530,3.1040,55.90,move_early
6.998414,3.1460,0.5730,3.0690,55.93,move_early
7.001733,3.3190,0.5660,3.0850,55.95,move_early
7.004892,3.1590,0.4770,3.0590,55.98,move_early
7.008492,3.6000,0.4760,3.3390,56.01,move_early
7.011655,3.1630,0.4840,3.0780,56.03,move_early
7.015023,3.3680,0.4830,3.0910,56.06,move_early
7.018184,3.1610,0.4840,3.0710,56.09,move_early
7.021533,3.3490,0.4820,3.2830,56.11,move_early
7.027361,5.8280,0.4850,3.0780,56.14,move_early
7.036494,9.1330,0.6640,3.3230,56.17,move_early
7.042654,6.1600,0.5320,3.0910,56.20,move_early
7.046379,3.7250,1.1320,3.1120,56.23,move_early
7.049835,3.4560,0.6960,3.2950,56.26,move_early
7.053631,3.7960,0.5900,3.0630,56.29,move_early
7.058159,4.5280,0.5570,3.2920,56.32,move_early
7.062275,4.1160,0.5740,3.0780,56.36,move_early
7.064902,2.6270,0.5500,3.0600,56.39,move_early
7.067934,3.0320,0.5190,3.0300,56.42,move_early
7.071385,3.4510,0.4950,3.0610,56.45,move_early
7.078023,6.6380,0.4940,3.0220,56.48,move_early
7.081774,3.7510,0.5080,3.0710,56.52,move_early
7.084362,2.5880,0.5440,3.0390,56.54,move_early
7.087422,3.0600,0.5470,3.0590,56.57,move_early
7.090800,3.3780,0.4880,3.2710,56.60,move_early
7.093885,3.0850,0.4830,3.0780,56.63,move_early
7.097270,3.3850,0.5500,3.2730,56.66,move_early
7.100480,3.2100,0.4960,3.0900,56.69,move_early
7.104108,3.6280,0.5170,3.4090,56.72,move_early
7.107254,3.1460,0.4840,3.0690,56.75,move_early
7.110675,3.4210,0.5050,3.3130,56.78,move_early
7.114100,3.4250,0.4810,3.1030,56.81,move_early
7.116998,2.8980,0.4880,3.0620,56.84,move_early
7.120349,3.3510,0.4880,3.1050,56.87,move_early
7.123544,3.1950,0.5320,3.0520,56.90,move_early
7.126982,3.4380,0.4980,3.1050,56.92,move_early
7.130087,3.1050,0.4850,3.0590,56.95,move_early
7.133456,3.3690,0.5120,3.0960,56.98,move_early
7.136951,3.4950,0.5110,3.0610,57.01,move_early
7.143465,6.5140,0.4890,3.5480,57.04,move_early
7.146520,3.0550,0.5430,3.0540,57.07,move_early
7.149451,2.9310,0.4830,3.0900,57.10,move_early
7.152694,3.2430,0.4950,3.3070,57.13,move_early
7.155838,3.1440,0.4800,3.1010,57.16,move_early
7.159023,3.1850,0.4900,3.0780,57.19,move_early
7.162399,3.3760,0.5130,3.1060,57.22,move_early
7.165569,3.1700,0.5050,3.0540,57.25,move_early
7.169124,3.5550,0.5900,3.3200,57.28,move_early
7.172283,3.1590,0.4970,3.0620,57.31,move_early
7.176244,3.9610,0.5980,3.0950,57.34,move_early
7.178922,2.6780,0.5330,3.0780,57.37,move_early
7.182385,3.4630,0.5000,3.1170,57.39,move_early
7.185465,3.0800,0.4950,3.0740,57.42,move_early
7.188872,3.4070,0.5540,3.1100,57.45,move_early
7.192021,3.1490,0.4770,3.0570,57.47,move_early
7.195342,3.3210,0.4770,3.2890,57.50,move_early
7.198536,3.1940,0.4870,3.0800,57.53,move_early
7.202085,3.5490,0.4720,3.5450,57.55,move_early
7.205251,3.1660,0.4830,3.0720,57.58,move_early
7.208675,3.4240,0.4850,3.3420,57.61,move_early
7.211870,3.1950,0.4790,3.1020,57.63,move_early
7.215265,3.3950,0.4870,3.3170,57.66,move_early
7.218393,3.1280,0.5730,3.0690,57.69,move_early
7.221585,3.1920,0.5440,3.0630,57.71,move_early
7.225701,4.1160,0.4820,3.1130,57.74,move_early
7.229112,3.4110,0.4870,3.0750,57.77,move_early
7.231988,2.8760,0.5390,3.1130,57.79,move_early
7.235196,3.2080,0.5070,3.0730,57.82,move_early
7.238661,3.4650,0.6620,3.0900,57.85,move_early
7.241794,3.1330,0.5840,3.0750,57.87,move_early
7.245188,3.3940,0.4990,3.1100,57.90,move_early
7.248294,3.1060,0.4960,3.0580,57.93,move_early
7.251671,3.3770,0.5060,3.0830,57.95,move_early
7.254816,3.1450,0.4880,3.0490,57.98,move_early
7.258229,3.4130,0.4890,3.3450,58.01,move_early
7.261323,3.0940,0.4920,3.0570,58.03,move_early
7.264722,3.3990,0.4790,3.2700,58.06,move_early
7.268161,3.4390,0.4800,3.3080,58.09,move_early
7.271890,3.7290,0.4930,3.5480,58.11,move_early
7.275424,3.5340,0.5030,3.0900,58.14,move_early
7.278578,3.1540,0.6060,3.3220,58.17,move_early
7.282378,3.8000,0.6390,3.0960,58.19,move_early
7.285221,2.8430,0.5330,3.3250,58.22,move_early
7.288353,3.1320,0.5540,3.0990,58.25,move_early
7.291826,3.4730,0.4970,3.3170,58.27,move_early
7.294921,3.0950,0.5000,3.0920,58.30,move_early
7.298081,3.1600,0.5010,3.0540,58.33,move_early
7.301440,3.3590,0.5110,3.1200,58.35,move_early
7.305021,3.5810,0.4920,3.4860,58.38,move_early
7.308762,3.7410,0.4980,3.1130,58.41,move_early
7.311587,2.8250,0.5120,3.0670,58.43,move_early
7.314981,3.3940,0.5070,3.1030,58.46,move_early
7.318137,3.1560,0.5940,3.0550,58.49,move_early
7.321535,3.3980,0.5120,3.0970,58.51,move_early
7.325626,4.0910,0.4830,3.0620,58.54,move_early
7.329261,3.6350,0.4760,3.0930,58.57,move_early
7.334713,5.4520,0.5760,3.0720,58.59,move_early
7.337566,2.8530,0.6220,3.1040,58.63,move_early
7.341059,3.4930,0.5620,3.4320,58.66,move_early
7.344227,3.1680,0.5010,3.1140,58.69,move_early
7.347611,3.3840,0.5440,3.3390,58.72,move_early
7.351934,4.3230,0.5280,4.2230,58.74,move_early
7.355392,3.4580,0.4880,3.3050,58.77,move_early
7.358503,3.1110,0.5330,3.0970,58.80,move_early
7.409218,50.7150,0.4900,3.3180,58.83,move_early
7.417731,8.5130,0.5500,3.0950,59.24,move_early
7.420724,2.9930,0.6750,3.0160,59.30,move_early
7.423973,3.2490,0.6310,3.2520,59.39,move_early
7.428875,4.9020,0.5790,3.0050,59.40,move_early
7.431464,2.5890,0.5470,2.9760,59.45,move_early
7.434593,3.1290,0.5840,2.9960,59.48,move_early
7.437961,3.3680,0.5160,3.3330,59.51,move_early
7.441519,3.5580,0.5110,3.0200,59.53,move_early
7.447152,5.6330,0.5110,3.4540,59.56,move_early
7.450376,3.2240,0.5110,3.0410,59.59,move_early
7.453230,2.8540,0.5090,3.3010,59.63,move_early
7.456267,3.0370,0.5930,3.0370,59.65,move_early
7.459585,3.3180,0.5360,3.2600,59.68,move_early
7.462693,3.1080,0.5240,3.0490,59.70,move_early
7.466042,3.3490,0.5010,3.2480,59.73,move_early
7.469181,3.1390,0.4930,3.0620,59.76,move_early
7.472630,3.4490,0.5230,3.4000,59.78,move_early
7.476712,4.0820,0.4930,3.0510,59.81,move_early
7.483597,6.8850,0.5150,3.5310,59.84,move_early
7.490340,6.7430,0.6940,3.0740,59.87,move_early
7.493988,3.6480,0.6160,3.0910,59.90,move_early
7.497354,3.3660,0.5570,3.0830,59.93,move_early
7.500531,3.1770,0.5660,3.2720,59.96,move_early
7.503655,3.1240,0.4870,3.0710,59.99,move_early
7.510082,6.4270,0.4940,3.0590,60.02,move_early
7.513179,3.0970,0.5270,3.0430,60.05,move_early
7.516282,3.1030,0.5310,3.0380,60.08,move_early
7.519636,3.3540,0.5140,3.0260,60.11,move_early
7.522709,3.0730,0.4820,3.0480,60.14,move_early
7.526181,3.4720,0.4750,3.0080,60.17,move_early
7.533731,7.5500,0.4910,3.2550,60.20,move_early
7.537938,4.2070,0.5750,3.0510,60.23,move_early
7.542217,4.2790,0.5560,3.0150,60.26,move_early
7.546041,3.8240,0.5520,3.2820,60.29,move_early
7.549494,3.4530,0.5180,3.0080,60.32,move_early
7.552851,3.3570,0.5080,3.0440,60.35,move_early
7.556478,3.6270,0.5150,3.0190,60.38,move_early
7.559882,3.4040,0.5860,3.0510,60.41,move_early
7.563289,3.4070,0.5000,3.0120,60.44,move_early
7.566879,3.5900,0.5010,3.0420,60.47,move_early
7.570405,3.5260,0.5250,3.0140,60.50,move_early
7.573791,3.3860,0.5340,3.0540,60.53,move_early
7.577283,3.4920,0.4930,3.0390,60.56,move_early
7.584244,6.9610,0.5760,3.2420,60.59,move_early
7.588754,4.5100,0.6760,3.0060,60.63,move_early
7.592689,3.9350,0.5190,3.0390,60.66,move_early
7.596744,4.0550,0.5010,3.0750,60.70,move_early
7.600448,3.7040,0.5220,3.2320,60.73,move_early
7.604105,3.6570,0.5400,3.0550,60.76,move_early
7.607824,3.7190,0.5490,3.3320,60.79,move_early
7.611607,3.7830,0.4970,3.0280,60.82,move_early
7.615533,3.9260,0.5310,3.2840,60.85,move_early
7.619335,3.8020,0.4840,3.0310,60.88,move_early
7.623065,3.7300,0.5220,3.0350,60.91,move_early
7.626837,3.7720,0.5250,3.0210,60.94,move_early
7.630914,4.0770,0.5490,3.0410,60.97,move_early
7.634649,3.7350,0.5060,3.2370,61.00,move_early
7.638362,3.7130,0.5370,3.0230,61.03,move_early
7.642198,3.8360,0.5050,3.4950,61.06,move_early
7.645942,3.7440,0.5230,3.0370,61.09,move_early
7.649959,4.0170,0.5510,3.0640,61.13,move_early
7.653592,3.6330,0.6820,3.0240,61.16,move_early
7.657436,3.8440,0.5210,3.0540,61.19,move_early
7.661727,4.2910,0.4980,3.0260,61.22,move_early
7.665699,3.9720,0.5140,3.0580,61.25,move_early
7.669503,3.8040,0.5200,3.2460,61.28,move_early
7.673621,4.1180,0.4920,3.0270,61.31,move_early
7.677676,4.0550,0.5400,3.4060,61.35,move_early
7.702585,24.9090,0.5040,3.0290,61.38,move_early
7.713957,11.3720,0.5240,3.0530,61.52,move_early
7.726186,12.2290,0.7220,3.3610,61.60,move_early
7.742456,16.2700,0.6340,3.0270,61.70,move_early
7.753514,11.0580,0.6350,3.0290,61.83,move_early
7.765906,12.3920,0.6900,2.9870,61.94,move_early
7.778872,12.9660,0.5570,3.0110,62.05,move_early
7.788347,9.4750,0.5600,3.3620,62.15,move_early
7.799822,11.4750,0.6130,2.9870,62.25,move_early
7.809733,9.9110,0.5810,3.0150,62.35,move_early
7.819371,9.6380,0.6210,2.9820,62.45,move_early
7.829208,9.8370,0.5650,3.4870,62.55,move_early
7.839031,9.8230,0.6630,2.9870,62.65,move_early
7.849032,10.0010,0.6050,3.2750,62.74,move_early
7.858460,9.4280,0.5880,3.0170,62.82,move_early
7.870641,12.1810,0.6610,2.9940,62.90,move_early
7.881017,10.3760,0.7090,3.0410,62.99,move_early
7.893448,12.4310,0.5940,3.4010,63.08,move_early
7.904004,10.5560,0.6460,2.9770,63.17,move_early
7.917670,13.6660,0.7200,2.9970,63.26,move_early
7.929854,12.1840,0.6490,2.9950,63.35,move_early
7.940385,10.5310,0.7230,2.9830,63.45,move_early
7.950752,10.3670,0.6150,2.9910,63.53,move_early
7.961548,10.7960,0.6360,3.2110,63.62,move_early
7.971265,9.7170,0.7880,2.9930,63.71,move_early
7.980130,8.8650,0.6190,3.2920,63.80,move_early
7.986786,6.6560,0.6050,3.0160,63.87,move_early
7.995378,8.5920,0.5880,2.9970,63.94,move_early
8.000852,5.4740,3.4990,3.2660,64.00,move_early
8.007649,6.7970,1.1940,3.0000,64.04,move_early
8.012123,4.4740,0.5870,3.0120,64.09,move_early
8.020906,8.7830,0.6650,3.0170,64.13,move_early
8.025853,4.9470,0.6460,3.0210,64.19,move_early
8.031449,5.5960,0.5570,3.0160,64.23,move_early
8.035886,4.4370,0.7610,3.0650,64.28,move_early
8.040407,4.5210,0.6130,3.2740,64.31,move_early
8.043964,3.5570,0.5520,3.0080,64.35,move_early
8.048591,4.6270,0.5290,3.0580,64.38,move_early
8.058461,9.8700,0.5890,3.0100,64.41,move_early
8.066346,7.8850,0.5530,3.0220,64.46,move_early
8.071574,5.2280,2.7750,3.0560,64.50,move_early
8.078024,6.4500,0.7450,3.0390,64.55,move_early
8.081780,3.7560,0.5690,3.0210,64.59,move_early
8.085522,3.7420,0.5820,3.2510,64.64,move_early
8.088843,3.3210,0.6140,3.0350,64.68,move_early
8.092321,3.4780,0.5370,3.0350,64.72,move_early
8.095686,3.3650,0.6220,3.0510,64.76,move_early
8.098974,3.2880,0.5170,3.0210,64.79,move_early
8.102161,3.1870,0.5200,3.0520,64.81,move_early
8.105429,3.2680,0.5230,3.0280,64.84,move_early
8.108764,3.3350,0.5360,3.3110,64.87,move_early
8.112197,3.4330,0.5090,3.0900,64.89,move_early
8.116024,3.8270,0.5140,3.4170,64.92,move_early
8.119494,3.4700,0.5420,3.0970,64.95,move_early
8.122861,3.3670,0.6090,3.1240,64.98,move_early
8.127202,4.3410,0.5310,3.1040,65.01,move_early
8.133746,6.5440,0.5080,3.1210,65.04,move_early
8.138501,4.7550,3.6000,3.1480,65.06,move_early
8.142978,4.4770,0.6810,3.1210,65.09,move_early
8.149244,6.2660,0.6530,3.1260,65.12,move_early
8.153119,3.8750,0.5650,3.5230,65.15,move_early
8.157695,4.5760,0.5670,3.4140,65.18,move_early
8.163123,5.4280,0.5970,3.1260,65.22,move_early
8.170934,7.8110,0.8740,3.7200,65.25,move_early
8.177178,6.2440,0.6080,3.4190,65.28,move_early
8.180818,3.6400,0.5500,3.1440,65.32,move_early
8.184258,3.4400,0.5560,3.5870,65.35,move_early
8.188960,4.7020,0.6370,3.1350,65.38,move_early
8.195543,6.5830,0.5310,3.3820,65.42,move_early
8.200663,5.1200,0.7420,3.1080,65.46,move_early
8.204631,3.9680,0.6390,3.1130,65.50,move_early
8.207841,3.2100,0.6200,3.1200,65.53,move_early
8.211167,3.3260,0.6180,3.5040,65.56,move_early
8.214961,3.7940,0.6230,3.1130,65.60,move_early
8.218253,3.2920,0.5810,3.3750,65.63,move_early
8.221110,2.8570,0.5860,3.1060,65.66,move_early
8.225253,4.1430,0.5220,3.9140,65.70,move_early
8.228716,3.4630,0.5730,3.1320,65.73,move_early
8.232218,3.5020,0.5780,3.4210,65.76,move_early
8.235189,2.9710,0.5270,3.1120,65.80,move_early
8.238784,3.5950,0.5220,3.3740,65.83,move_early
8.242050,3.2660,0.5120,3.1290,65.86,move_early
8.249671,7.6210,0.5200,3.0970,65.89,move_early
8.253755,4.0840,0.6270,3.1420,65.93,move_early
8.257246,3.4910,0.5690,3.1220,65.96,move_early
8.263015,5.7690,0.5990,3.3940,65.99,move_early
8.266625,3.6100,0.5600,3.1290,66.03,move_early
8.270484,3.8590,0.6720,3.1440,66.06,move_early
8.275762,5.2780,0.6130,4.5960,66.09,move_early
8.279829,4.0670,0.5760,3.1220,66.13,move_early
8.284597,4.7680,0.5470,3.6510,66.16,move_early
8.288098,3.5010,0.7770,3.1270,66.19,move_early
8.291293,3.1950,0.5220,3.1060,66.23,move_early
8.295109,3.8160,0.5520,3.8700,66.26,move_early
8.298357,3.2480,0.5010,3.1000,66.29,move_early
8.301725,3.3680,0.5050,3.3810,66.33,move_early
8.305152,3.4270,0.5010,3.0760,66.36,move_early
8.308721,3.5690,0.5120,3.3500,66.39,move_early
8.312631,3.9100,0.5180,3.3340,66.43,move_early
8.316713,4.0820,0.5570,3.7740,66.46,move_early
8.319917,3.2040,0.6160,3.0850,66.49,move_early
8.324078,4.1610,0.5890,3.3720,66.52,move_early
8.327641,3.5630,0.5520,3.1150,66.55,move_early
8.331771,4.1300,0.5210,3.3680,66.58,move_early
8.335995,4.2240,0.7150,3.1030,66.61,move_early
8.339715,3.7200,0.6710,3.1290,66.65,move_early
8.343456,3.7410,0.5830,3.1250,66.68,move_early
8.346847,3.3910,0.5420,3.1380,66.71,move_early
8.350237,3.3900,0.6110,3.5410,66.73,move_early
8.353357,3.1200,0.4920,3.1230,66.76,move_early
8.357339,3.9820,0.4910,3.1120,66.79,move_early
8.360807,3.4680,0.5050,3.1110,66.82,move_early
8.364599,3.7920,0.5230,3.3620,66.85,move_early
8.368040,3.4410,0.5030,3.0900,66.88,move_early
8.372266,4.2260,0.5770,3.4150,66.91,move_early
8.375983,3.7170,0.5310,3.1180,66.94,move_early
8.379822,3.8390,0.5340,3.7630,66.97,move_early
8.383052,3.2300,0.5460,3.1020,67.00,move_early
8.386271,3.2190,0.5210,3.1400,67.03,move_early
8.390717,4.4460,0.5040,3.1140,67.06,move_early
8.395297,4.5800,0.5490,3.3460,67.09,move_early
8.401698,6.4010,0.5830,3.1020,67.12,move_early
8.405391,3.6930,0.6110,3.1260,67.15,move_early
8.408329,2.9380,0.6390,3.1330,67.19,move_early
8.411885,3.5560,0.5620,3.1010,67.22,move_early
8.415061,3.1760,0.5650,3.1320,67.25,move_early
8.418244,3.1830,0.5490,3.0920,67.28,move_early
8.421686,3.4420,0.5210,3.1330,67.31,move_early
8.425108,3.4220,0.5380,3.0980,67.34,move_early
8.428918,3.8100,0.5350,3.7170,67.37,move_early
8.432126,3.2080,0.6610,3.0960,67.40,move_early
8.435880,3.7540,0.6980,3.1330,67.43,move_early
8.439522,3.6420,0.5100,3.1010,67.46,move_early
8.442668,3.1460,0.5370,3.3520,67.49,move_early
8.446249,3.5810,0.5390,3.3190,67.52,move_early
8.449707,3.4580,0.4930,3.4090,67.55,move_early
8.453022,3.3150,0.5110,3.0950,67.58,move_early
8.456327,3.3050,0.5520,3.1440,67.61,move_early
8.459540,3.2130,0.5050,3.0950,67.64,move_early
8.463019,3.4790,0.5080,3.1370,67.67,move_early
8.466802,3.7830,0.5560,3.1090,67.70,move_early
8.469888,3.0860,0.4980,3.1450,67.72,move_early
8.472839,2.9510,0.5320,3.0940,67.75,move_early
8.476242,3.4030,0.5640,3.3210,67.78,move_early
8.479385,3.1430,0.5480,3.0950,67.81,move_early
8.482977,3.5920,0.4970,3.5430,67.84,move_early
8.486932,3.9550,0.5260,3.1070,67.87,move_early
8.489800,2.8680,0.5310,3.3900,67.90,move_early
8.492913,3.1130,0.5130,3.1110,67.93,move_early
8.496893,3.9800,0.5230,3.8940,67.96,move_early
8.509164,12.2710,0.5130,3.0980,67.99,move_early
8.514636,5.4720,0.5260,3.3810,68.02,move_early
8.518459,3.8230,0.6960,3.1060,68.06,move_early
8.523089,4.6300,0.6730,3.1070,68.09,move_early
8.526831,3.7420,0.6040,3.3860,68.12,move_early
8.529382,2.5510,0.5460,3.0920,68.16,move_early
8.535366,5.9840,0.5590,3.0840,68.19,move_early
8.539591,4.2250,0.5240,3.0750,68.22,move_early
8.542386,2.7950,0.5100,3.0850,68.26,move_early
8.545852,3.4660,0.6340,3.5040,68.29,move_early
8.549043,3.1910,0.5100,3.0900,68.32,move_early
8.552489,3.4460,0.5030,3.3660,68.36,move_early
8.555664,3.1750,0.5100,3.0750,68.38,move_early
8.559581,3.9170,0.5160,3.8400,68.41,move_early
8.564753,5.1720,0.5070,3.0850,68.44,move_early
8.568409,3.6560,0.5140,3.3410,68.47,move_early
8.571264,2.8550,0.5110,3.1020,68.50,move_early
8.574464,3.2000,0.5970,3.1500,68.53,move_early
8.577823,3.3590,0.5130,3.3260,68.56,move_early
8.581649,3.8260,0.4930,3.4270,68.59,move_early
8.584844,3.1950,0.4960,3.0840,68.62,move_early
8.588307,3.4630,0.4990,3.1310,68.65,move_early
8.591450,3.1430,0.5080,3.0920,68.68,move_early
8.594890,3.4400,0.4980,3.1300,68.71,move_early
8.598079,3.1890,0.5320,3.0970,68.74,move_early
8.601697,3.6180,0.5600,3.1230,68.77,move_early
8.604937,3.2400,0.5430,3.0940,68.80,move_early
8.608213,3.2760,0.5260,3.1550,68.83,move_early
8.611384,3.1710,0.5300,3.1150,68.86,move_early
8.617235,5.8510,0.5080,3.5530,68.89,move_early
8.623266,6.0310,0.7950,3.1050,68.92,move_early
8.627043,3.7770,0.8580,3.1180,68.95,move_early
8.630194,3.1510,0.5460,4.0040,68.98,move_early
8.633620,3.4260,0.5660,3.1080,69.01,move_early
8.636809,3.1890,0.5140,3.1340,69.04,move_early
8.640230,3.4210,0.5030,3.1040,69.07,move_early
8.643597,3.3670,0.5840,3.1260,69.10,move_early
8.646830,3.2330,0.6190,3.1010,69.13,move_early
8.650517,3.6870,0.5010,3.4270,69.16,move_early
8.653739,3.2220,0.5400,3.1050,69.19,move_early
8.657233,3.4940,0.5070,3.3780,69.22,move_early
8.660403,3.1700,0.5950,3.0980,69.25,move_early
8.663835,3.4320,0.5110,3.3660,69.27,move_early
8.667102,3.2670,0.5240,3.0970,69.30,move_early
8.670448,3.3460,0.5420,3.3570,69.33,move_early
8.673692,3.2440,0.5460,3.1020,69.36,move_early
8.677067,3.3750,0.5110,3.3350,69.39,move_early
8.680251,3.1840,0.5380,3.1050,69.42,move_early
8.683888,3.6370,0.5360,3.5470,69.45,move_early
8.687039,3.1510,0.5130,3.1040,69.48,move_early
8.690481,3.4420,0.5130,3.3710,69.51,move_early
8.693669,3.1880,0.5100,3.0970,69.54,move_early
8.697639,3.9700,0.5000,3.1040,69.57,move_early
8.700849,3.2100,0.5000,3.1140,69.60,move_early
8.704279,3.4300,0.5170,3.3810,69.63,move_early
8.707535,3.2560,0.5180,3.1520,69.66,move_early
8.711296,3.7610,0.5000,3.1130,69.69,move_early
8.714460,3.1640,0.5250,3.1340,69.72,move_early
8.720120,5.6600,0.4900,3.1080,69.74,move_early
8.727945,7.8250,0.5470,3.1470,69.77,move_early
8.732479,4.5340,0.7470,3.1520,69.80,move_early
8.735855,3.3760,0.6950,3.1330,69.83,move_early
8.738645,2.7900,0.5710,3.1060,69.86,move_early
8.741875,3.2300,0.5460,3.1250,69.89,move_early
8.745269,3.3940,0.5890,3.3420,69.92,move_early
8.748880,3.6110,0.5230,3.1210,69.95,move_early
8.752054,3.1740,0.5460,3.0850,69.98,move_early
8.755435,3.3810,0.5080,3.1130,70.01,move_early
8.758588,3.1530,0.5790,3.0870,70.04,move_early
8.762619,4.0310,0.4870,3.6970,70.07,move_early
8.765795,3.1760,0.5200,3.0850,70.10,move_early
8.769201,3.4060,0.5490,3.1380,70.13,move_early
8.772679,3.4780,0.5720,3.1160,70.16,move_early
8.776033,3.3540,0.5420,3.1400,70.19,move_early
8.779364,3.3310,0.5160,3.3310,70.22,move_early
8.783229,3.8650,0.6510,3.4310,70.25,move_early
8.791324,8.0950,0.5200,3.1060,70.28,move_early
8.798022,6.6980,0.5370,3.1310,70.31,move_early
8.802185,4.1630,2.2710,3.1010,70.34,move_early
8.806002,3.8170,0.6340,3.1380,70.37,move_early
8.810113,4.1110,0.6660,3.1000,70.41,move_early
8.814273,4.1600,0.7410,3.0840,70.44,move_early
8.820126,5.8530,0.6150,3.9240,70.47,move_early
8.824563,4.4370,0.6110,3.0860,70.50,move_early
8.827638,3.0750,0.5250,3.0930,70.54,move_early
8.831342,3.7040,0.5640,3.7110,70.57,move_early
8.834432,3.0900,0.5130,3.0860,70.60,move_early
8.837873,3.4410,0.5050,3.1130,70.64,move_early
8.841021,3.1480,0.5020,3.0940,70.67,move_early
8.844599,3.5780,0.5070,3.3630,70.70,move_early
8.847667,3.0680,0.5120,3.0920,70.73,move_early
8.851262,3.5950,0.5400,3.5200,70.76,move_early
8.854425,3.1630,0.5110,3.0800,70.79,move_early
8.857824,3.3990,0.4970,3.1100,70.82,move_early
8.860984,3.1600,0.5020,3.0780,70.85,move_early
8.864128,3.1440,0.4970,3.0710,70.88,move_early
8.867668,3.5400,0.5110,3.0840,70.90,move_early
8.870940,3.2720,0.6860,3.1100,70.93,move_early
8.875259,4.3190,0.5280,3.1320,70.96,move_early
8.879253,3.9940,0.5790,3.1170,70.99,move_early
8.882563,3.3100,0.6300,3.1070,71.02,move_early
8.885139,2.5760,0.5530,3.1040,71.05,move_early
8.888309,3.1700,0.5210,3.1120,71.08,move_early
8.892282,3.9730,0.4990,3.1130,71.11,move_early
8.895528,3.2460,0.5010,3.1040,71.14,move_early
8.898655,3.1270,0.5160,3.0900,71.17,move_early
8.902079,3.4240,0.4890,3.1110,71.20,move_early
8.905528,3.4490,0.5320,3.1060,71.23,move_early
8.908736,3.2080,0.5340,3.1200,71.26,move_early
8.911904,3.1680,0.5250,3.1120,71.29,move_early
8.920988,9.0840,0.5260,3.5620,71.32,move_early
8.931823,10.8350,0.5060,3.1050,71.35,move_early
8.934706,2.8830,0.5180,3.1190,71.38,move_early
8.937861,3.1550,0.5340,3.1270,71.42,move_early
8.941239,3.3780,0.6240,3.1360,71.45,move_early
8.944661,3.4220,0.6630,3.1200,71.48,move_early
8.948073,3.4120,0.7350,3.1150,71.52,move_early
8.951476,3.4030,0.4960,3.0700,71.55,move_early
8.954634,3.1580,0.5060,3.0780,71.58,move_early
8.958034,3.4000,0.5050,3.0860,71.61,move_early
8.961277,3.2430,0.5030,3.0830,71.64,move_early
8.965176,3.8990,0.5110,3.7000,71.66,move_early
8.968807,3.6310,0.5240,3.0980,71.69,move_early
8.972078,3.2710,0.5340,3.1340,71.72,move_early
8.975466,3.3880,0.5600,3.1170,71.75,move_early
8.979285,3.8190,0.5270,3.1170,71.78,move_early
8.983030,3.7450,0.5590,3.0990,71.81,move_early
8.986474,3.4440,0.5520,3.4420,71.84,move_early
8.989542,3.0680,0.6010,3.1280,71.87,move_early
8.992626,3.0840,0.5360,3.1290,71.90,move_early
8.996078,3.4520,0.5100,3.1090,71.93,move_early
8.999281,3.2030,0.5040,3.1280,71.96,move_early
9.002689,3.4080,0.5000,3.1050,71.99,move_early
9.005916,3.2270,0.5170,3.1360,72.02,move_early
9.009700,3.7840,0.5180,3.4510,72.05,move_early
9.013144,3.4440,0.5230,3.6440,72.08,move_early
9.016571,3.4270,0.5560,3.1220,72.11,move_early
9.019813,3.2420,0.4940,3.1400,72.14,move_early
9.023381,3.5680,0.5570,3.1050,72.17,move_early
9.026952,3.5710,0.5360,3.8770,72.20,move_early
9.031692,4.7400,0.5350,3.1210,72.23,move_early
9.036011,4.3190,0.6090,3.1290,72.26,move_early
9.038828,2.8170,0.5140,3.1140,72.29,move_early
9.042419,3.5910,0.5380,3.1040,72.32,move_early
9.045698,3.2790,0.5060,3.5740,72.35,move_early
9.048862,3.1640,0.5170,3.1040,72.38,move_early
9.052302,3.4400,0.5050,3.1050,72.41,move_early
9.055470,3.1680,0.5140,3.1080,72.44,move_early
9.058925,3.4550,0.4950,3.1070,72.46,move_early
9.062130,3.2050,0.5060,3.1300,72.49,move_early
9.065613,3.4830,0.5370,3.0990,72.52,move_early
9.069201,3.5880,0.4930,3.1540,72.55,move_early
9.076718,7.5170,0.5060,3.1020,72.58,move_early
9.087982,11.2640,0.5210,3.3310,72.61,move_early
9.092356,4.3740,0.6500,3.1570,72.64,move_early
9.096217,3.8610,0.5260,3.1330,72.67,move_early
9.099658,3.4410,0.6100,3.0980,72.71,move_early
9.103274,3.6160,0.4800,3.4000,72.74,move_early
9.106588,3.3140,0.5370,3.1160,72.77,move_early
9.109921,3.3330,0.5050,3.3490,72.81,move_early
9.113342,3.4210,0.4960,3.0530,72.84,move_early
9.117032,3.6900,0.5100,3.5280,72.87,move_early
9.124319,7.2870,0.5100,3.0550,72.90,move_early
9.127956,3.6370,0.5500,3.3140,72.93,move_early
9.131485,3.5290,0.5140,3.3980,72.96,move_early
9.135138,3.6530,0.5190,3.0960,73.00,move_early
9.138632,3.4940,0.4900,3.3640,73.03,move_early
9.141985,3.3530,0.5100,3.0870,73.06,move_early
9.145498,3.5130,0.4980,3.3590,73.09,move_early
9.148864,3.3660,0.5210,3.1010,73.12,move_early
9.152322,3.4580,0.5180,3.4850,73.15,move_early
9.155653,3.3310,0.5070,3.0620,73.18,move_early
9.159071,3.4180,0.5310,3.3600,73.21,move_early
9.162405,3.3340,0.5480,3.0850,73.24,move_early
9.169772,7.3670,0.5600,3.8680,73.27,move_early
9.176513,6.7410,0.6080,3.0890,73.30,move_early
9.182840,6.3270,0.6630,3.0870,73.34,move_early
9.187996,5.1560,0.5490,3.0890,73.37,move_early
9.191379,3.3830,0.6030,4.1530,73.40,move_early
9.194764,3.3850,0.6030,3.0990,73.44,move_early
9.197856,3.0920,0.5150,3.0620,73.47,move_early
9.201302,3.4460,0.5300,3.3490,73.50,move_early
9.204617,3.3150,0.5030,3.0590,73.54,move_early
9.207814,3.1970,0.5110,3.2840,73.57,move_early
9.211154,3.3400,0.5020,3.2780,73.60,move_early
9.214754,3.6000,0.5710,3.3560,73.64,move_early
9.219108,4.3540,0.5430,3.0570,73.67,move_early
9.227300,8.1920,0.4970,3.3220,73.70,move_early
9.231203,3.9030,0.5770,3.0530,73.74,move_early
9.234829,3.6260,0.5250,3.1160,73.77,move_early
9.238253,3.4240,0.5140,3.0970,73.80,move_early
9.241806,3.5530,0.5120,3.3550,73.84,move_early
9.245201,3.3950,0.5130,3.3380,73.87,move_early
9.248893,3.6920,0.5360,3.5720,73.90,move_early
9.252214,3.3210,0.5080,3.0520,73.94,move_early
9.255641,3.4270,0.5050,3.3470,73.97,move_early
9.259057,3.4160,0.5040,3.0700,74.00,move_early
9.262394,3.3370,0.5330,3.3330,74.03,move_early
9.265729,3.3350,0.5120,3.0620,74.06,move_early
9.270323,4.5940,0.5020,3.1090,74.09,move_early
9.275309,4.9860,0.5300,3.0930,74.12,move_early
9.278857,3.5480,0.6960,3.2870,74.15,move_early
9.282357,3.5000,0.5400,3.0780,74.19,move_early
9.285690,3.3330,0.5470,3.0820,74.22,move_early
9.289014,3.3240,0.4830,3.0770,74.25,move_early
9.292615,3.6010,0.4890,3.1130,74.28,move_early
9.296187,3.5720,0.5100,3.0680,74.31,move_early
9.299922,3.7350,0.5670,3.7050,74.34,move_early
9.303425,3.5030,0.4980,3.0740,74.36,move_early
9.306853,3.4280,0.4990,3.0840,74.39,move_early
9.310563,3.7100,0.4930,3.0910,74.42,move_early
9.314215,3.6520,0.5280,3.5520,74.45,move_early
9.317722,3.5070,0.6800,3.1160,74.48,move_early
9.331423,13.7010,0.5270,3.0830,74.51,move_early
9.343030,11.6070,0.8770,3.3660,74.54,move_early
9.348749,5.7190,0.7210,3.1310,74.64,move_early
9.354847,6.0980,0.6690,3.0720,74.68,move_early
9.357963,3.1160,0.6470,3.0770,74.73,move_early
9.361671,3.7080,0.5660,3.6980,74.77,move_early
9.364770,3.0990,0.5460,3.0400,74.82,move_early
9.414457,49.6870,0.6290,3.0720,74.86,move_early
9.419719,5.2620,0.5600,3.0310,75.28,move_early
9.423629,3.9100,0.7780,3.0680,75.32,move_early
9.427117,3.4880,0.7090,3.0300,75.42,move_early
9.430609,3.4920,0.5220,3.6240,75.44,move_early
9.433743,3.1340,0.5210,3.0190,75.47,move_early
9.437068,3.3250,0.5130,3.0740,75.50,move_early
9.440202,3.1340,0.5310,3.0380,75.52,move_early
9.443759,3.5570,0.5240,3.5320,75.55,move_early
9.446885,3.1260,0.5360,3.0390,75.57,move_early
9.450536,3.6510,0.5220,3.5570,75.60,move_early
9.453725,3.1890,0.5300,3.0880,75.63,move_early
9.457173,3.4480,0.5050,3.3830,75.66,move_early
9.460320,3.1470,0.5150,3.0590,75.68,move_early
9.463730,3.4100,0.5290,3.3530,75.71,move_early
9.466863,3.1330,0.5380,3.0910,75.74,move_early
9.472712,5.8490,0.5070,3.3950,75.76,move_early
9.481808,9.0960,0.5220,3.1050,75.79,move_early
9.492482,10.6740,0.5340,3.5240,75.82,move_early
9.497489,5.0070,0.5850,3.1180,75.84,move_early
9.500845,3.3560,0.6020,3.9300,75.87,move_early
9.504190,3.3450,0.5780,3.1010,75.90,move_early
9.507469,3.2790,0.5380,3.1130,75.93,move_early
9.510826,3.3570,0.5150,3.2580,75.96,move_early
9.514461,3.6350,0.5260,3.3890,75.99,move_early
9.524708,10.2470,0.5170,3.0580,76.02,move_early
9.529303,4.5950,0.5210,3.3330,76.09,move_early
9.533633,4.3300,0.5230,3.1100,76.12,move_early
9.537082,3.4490,0.5320,3.0970,76.16,move_early
9.540442,3.3600,0.6270,3.3430,76.19,move_early
9.543799,3.3570,0.5030,3.1020,76.23,move_early
9.547317,3.5180,0.5080,3.1250,76.26,move_early
9.550611,3.2940,0.5590,3.0720,76.29,move_early
9.554446,3.8350,0.5230,3.0990,76.33,move_early
9.558257,3.8110,0.5810,3.0690,76.36,move_early
9.562049,3.7920,0.5570,3.8420,76.39,move_early
9.565348,3.2990,0.5510,3.0670,76.43,move_early
9.568928,3.5800,0.5410,3.3660,76.46,move_early
9.572360,3.4320,0.5300,3.0870,76.49,move_early
9.576019,3.6590,0.5070,3.3950,76.53,move_early
9.579653,3.6340,0.5300,3.2840,76.56,move_early
9.585252,5.5990,0.5130,3.5730,76.59,move_early
9.591157,5.9050,0.5340,3.0830,76.63,move_early
9.596506,5.3490,0.6000,3.0960,76.66,move_early
9.600885,4.3790,0.6390,3.1220,76.69,move_early
9.605220,4.3350,0.6060,3.3660,76.73,move_early
9.608652,3.4320,0.5690,3.0850,76.76,move_early
9.612176,3.5240,0.5180,3.4710,76.79,move_early
9.615508,3.3320,0.4980,3.0580,76.83,move_early
9.618973,3.4650,0.4980,3.0900,76.86,move_early
9.622762,3.7890,0.5010,3.0610,76.89,move_early
9.626677,3.9150,0.6430,3.0750,76.93,move_early
9.630222,3.5450,0.6670,3.0710,76.96,move_early
9.633709,3.4870,0.5440,3.0700,76.99,move_early
9.637240,3.5310,0.5200,3.0870,77.03,move_early
9.640961,3.7210,0.5340,3.0600,77.06,move_early
9.649127,8.1660,0.6710,3.5560,77.09,move_early
9.653444,4.3170,0.6300,3.0820,77.12,move_early
9.657529,4.0850,0.6800,3.2120,77.15,move_early
9.661523,3.9940,0.5570,3.4510,77.19,move_early
9.665448,3.9250,0.5200,3.2030,77.22,move_early
9.669548,4.1000,0.5500,3.1980,77.25,move_early
9.708461,38.9130,0.5730,3.3990,77.29,move_early
9.719811,11.3500,0.5580,3.1810,77.64,move_early
9.731681,11.8700,1.5320,3.4360,77.72,move_early
9.743042,11.3610,0.6260,3.1600,77.83,move_early
9.755859,12.8170,0.5970,3.1700,77.97,move_early
9.765665,9.8060,0.5990,3.4330,78.07,move_early
9.775580,9.9150,0.6240,3.9000,78.15,move_early
9.786838,11.2580,0.6290,3.1560,78.23,move_early
9.795469,8.6310,0.6380,3.4060,78.33,move_early
9.802729,7.2600,1.2210,3.1570,78.39,move_early
9.813785,11.0560,0.8210,3.5660,78.45,move_early
9.824118,10.3330,0.6320,3.1510,78.53,move_early
9.831991,7.8730,0.6500,3.2050,78.61,move_early
9.842237,10.2460,0.6230,3.1770,78.68,move_early
9.851746,9.5090,0.6270,3.4150,78.76,move_early
9.859450,7.7040,0.6080,3.1710,78.84,move_early
9.867356,7.9060,0.6830,3.1840,78.90,move_early
9.876554,9.1980,0.5780,3.4180,78.97,move_early
9.884778,8.2240,0.6390,3.6000,79.04,move_early
9.895612,10.8340,0.6440,3.1740,79.10,move_early
9.908625,13.0130,0.6450,3.1620,79.18,move_early
9.920044,11.4190,0.6500,3.4290,79.30,move_early
9.931682,11.6380,0.7670,3.4260,79.37,move_early
9.943586,11.9040,0.7170,3.1600,79.45,move_early
9.955430,11.8440,0.8010,3.1580,79.52,move_early
9.967755,12.3250,0.7430,3.4210,79.60,move_early
9.976670,8.9150,0.8850,3.1900,79.70,move_early
9.985240,8.5700,0.8400,3.3900,79.77,move_early
10.001801,16.5610,0.8060,3.4330,79.85,move_early
10.017748,15.9470,0.7110,3.4060,79.95,move_early
10.029708,11.9600,5.9490,3.6580,80.04,move_early
10.040628,10.9200,0.7580,3.1710,80.14,move_early
10.047900,7.2720,2.2860,3.1890,80.22,move_early
10.057721,9.8210,0.7370,3.6120,80.30,move_early
10.061575,3.8540,0.6540,3.4280,80.36,move_early
10.071139,9.5640,0.5840,3.1990,80.44,move_early
10.076456,5.3170,0.7680,3.4660,80.52,move_early
10.086204,9.7480,0.8040,3.1880,80.60,move_early
10.091706,5.5020,0.6670,3.6620,80.68,move_early
10.096871,5.1650,0.5650,3.1720,80.76,move_early
10.103634,6.7630,0.6330,4.8960,80.81,move_early
10.108099,4.4650,1.3590,3.4500,80.86,move_early
10.112480,4.3810,0.8500,3.8420,80.89,move_early
10.124429,11.9490,0.5820,3.1830,80.93,move_early
10.128968,4.5390,0.8820,3.2080,80.99,move_early
10.134265,5.2970,1.0370,3.4400,81.06,move_early
10.138590,4.3250,0.9000,3.3660,81.10,move_early
10.142266,3.6760,0.5930,3.2270,81.13,move_early
10.145688,3.4220,0.5710,3.7090,81.16,move_early
10.151190,5.5020,0.5290,3.1980,81.19,move_early
10.155117,3.9270,0.5280,3.4470,81.23,move_early
10.158307,3.1900,0.6000,3.1980,81.26,move_early
10.162429,4.1220,0.5530,3.8080,81.30,move_early
10.165925,3.4960,0.5200,3.4340,81.32,move_early
10.169099,3.1740,0.6350,3.1870,81.35,move_early
10.172607,3.5080,0.5290,3.4710,81.38,move_early
10.176099,3.4920,0.5200,3.4060,81.41,move_early
10.180169,4.0700,0.5200,3.4360,81.43,move_early
10.183531,3.3620,0.5780,3.4690,81.47,move_early
10.186918,3.3870,0.5500,3.4520,81.49,move_early
10.190897,3.9790,0.5780,3.2660,81.52,move_early
10.195935,5.0380,0.5350,3.5130,81.55,move_early
10.200995,5.0600,0.5930,3.2640,81.57,move_early
10.204987,3.9920,0.6390,3.5120,81.60,move_early
10.208326,3.3390,0.5790,3.4910,81.63,move_early
10.211845,3.5190,0.5890,3.4560,81.65,move_early
10.215466,3.6210,0.5520,3.5210,81.68,move_early
10.218794,3.3280,0.5370,3.2210,81.71,move_early
10.222399,3.6050,0.5090,3.5000,81.73,move_early
10.225856,3.4570,0.5360,3.2260,81.76,move_early
10.229994,4.1380,0.5470,4.0050,81.79,move_early
10.235264,5.2700,0.5990,3.2210,81.81,move_early
10.238981,3.7170,0.5950,3.5040,81.84,move_early
10.246484,7.5030,0.5670,3.4650,81.87,move_early
10.250026,3.5420,0.7220,3.5230,81.90,move_early
10.256307,6.2810,0.6190,3.2620,81.93,move_early
10.261670,5.3630,0.5860,3.5170,81.96,move_early
10.266292,4.6220,0.6790,3.5190,81.99,move_early
10.270918,4.6260,0.6490,3.2400,82.02,move_early
10.275646,4.7280,0.6080,3.2340,82.06,move_early
10.278877,3.2310,0.6100,4.2010,82.10,move_early
10.282120,3.2430,0.6000,3.2270,82.13,move_early
10.285643,3.5230,0.5460,3.4800,82.16,move_early
10.289136,3.4930,0.5640,3.2160,82.20,move_early
10.292777,3.6410,0.5770,3.4700,82.23,move_early
10.298394,5.6170,0.5770,3.2260,82.26,move_early
10.302402,4.0080,0.6240,3.9810,82.30,move_early
10.305488,3.0860,0.5460,3.4830,82.33,move_early
10.309833,4.3450,0.5350,3.2590,82.36,move_early
10.314351,4.5180,0.5210,4.0230,82.40,move_early
10.318521,4.1700,0.6000,3.2930,82.43,move_early
10.322031,3.5100,0.7100,3.5220,82.46,move_early
10.325592,3.5610,0.5920,3.5480,82.50,move_early
10.329244,3.6520,0.6030,3.2570,82.53,move_early
10.332606,3.3620,0.5590,3.5030,82.56,move_early
10.336295,3.6890,0.5870,3.2660,82.60,move_early
10.340482,4.1870,0.5350,3.4590,82.63,move_early
10.344518,4.0360,0.7980,3.2390,82.66,move_early
10.349743,5.2250,0.5930,3.4790,82.70,move_early
10.353512,3.7690,0.6900,3.2830,82.73,move_early
10.356861,3.3490,0.5900,3.2830,82.76,move_early
10.360984,4.1230,0.5690,3.2880,82.80,move_early
10.364439,3.4550,0.5690,3.8720,82.83,move_early
10.367946,3.5070,0.5740,3.5700,82.86,move_early
10.372090,4.1440,0.5500,3.2660,82.90,move_early
10.375569,3.4790,0.5580,3.5500,82.93,move_early
10.381102,5.5330,0.7240,3.2870,82.96,move_early
10.386139,5.0370,0.6340,3.8140,83.00,move_early
10.393056,6.9170,0.6240,3.3070,83.03,move_early
10.398476,5.4200,0.5460,3.2690,83.06,move_early
10.402304,3.8280,0.5700,3.2690,83.10,move_early
10.405947,3.6430,0.5600,3.2940,83.13,move_early
10.409363,3.4160,0.5560,3.4650,83.16,move_early
10.413284,3.9210,0.6370,3.5190,83.20,move_early
10.416802,3.5180,0.5510,3.5120,83.23,move_early
10.420204,3.4020,0.5290,3.2330,83.26,move_early
10.423525,3.3210,0.5550,3.4850,83.30,move_early
10.426539,3.0140,0.5530,3.2380,83.33,move_early
10.430979,4.4400,0.5160,4.0200,83.36,move_early
10.434587,3.6080,0.5870,3.2670,83.40,move_early
10.438361,3.7740,0.5830,3.5560,83.43,move_early
10.444819,6.4580,0.5860,3.2520,83.46,move_early
10.448635,3.8160,0.5990,4.0020,83.50,move_early
10.451879,3.2440,0.5360,3.5630,83.53,move_early
10.456978,5.0990,0.6220,3.3020,83.56,move_early
10.461141,4.1630,0.5560,3.5530,83.60,move_early
10.464406,3.2650,0.5570,3.2880,83.63,move_early
10.468599,4.1930,0.5730,3.3060,83.66,move_early
10.472345,3.7460,0.5470,3.3060,83.70,move_early
10.477197,4.8520,0.5780,3.4850,83.73,move_early
10.480398,3.2010,0.5630,3.6690,83.76,move_early
10.483607,3.2090,0.5630,3.2690,83.80,move_early
10.487191,3.5840,0.5910,3.5390,83.83,move_early
10.492752,5.5610,0.5440,3.2640,83.86,move_early
10.496869,4.1170,0.6200,4.0210,83.89,move_early
10.500043,3.1740,0.5720,3.5490,83.93,move_early
10.503456,3.4130,0.5940,3.2580,83.96,move_early
10.506852,3.3960,0.5450,3.5330,83.99,move_early
10.510117,3.2650,0.5810,3.2620,84.02,move_early
10.513740,3.6230,0.5510,3.5480,84.05,move_early
10.517336,3.5960,0.7600,3.2700,84.08,move_early
10.520976,3.6400,0.5270,3.5270,84.11,move_early
10.524297,3.3210,0.5780,3.2800,84.14,move_early
10.527913,3.6160,0.6700,3.5440,84.17,move_early
10.531324,3.4110,0.8590,3.3080,84.20,move_early
10.534948,3.6240,0.6120,3.5560,84.23,move_early
10.538303,3.3550,0.5420,3.3100,84.25,move_early
10.542300,3.9970,0.5320,3.9110,84.28,move_early
10.545734,3.4340,0.6000,3.2950,84.31,move_early
10.552861,7.1270,0.5180,3.5780,84.34,move_early
10.556648,3.7870,0.5500,3.2950,84.38,move_early
10.559433,2.7850,0.5520,3.3040,84.41,move_early
10.563585,4.1520,0.6040,4.1500,84.44,move_early
10.566963,3.3780,0.5370,3.2840,84.47,move_early
10.570688,3.7250,0.5340,3.5570,84.50,move_early
10.573924,3.2360,0.5430,3.2740,84.53,move_early
10.577820,3.8960,0.5500,3.8100,84.56,move_early
10.581246,3.4260,0.5630,3.2790,84.59,move_early
10.584899,3.6530,0.6760,3.5580,84.62,move_early
10.588210,3.3110,0.5930,3.2930,84.65,move_early
10.591812,3.6020,0.5410,3.5600,84.68,move_early
10.595214,3.4020,0.5230,3.2870,84.71,move_early
10.598846,3.6320,0.5250,3.5700,84.74,move_early
10.602221,3.3750,0.5260,3.2920,84.77,move_early
10.605810,3.5890,0.5680,3.5060,84.80,move_early
10.609501,3.6910,0.5280,3.5530,84.83,move_early
10.613418,3.9170,0.5170,3.6910,84.86,move_early
10.617290,3.8720,0.6250,3.5790,84.89,move_early
10.620500,3.2100,0.5100,3.3270,84.92,move_early
10.624242,3.7420,0.5100,3.5670,84.95,move_early
10.628132,3.8900,0.5230,3.3140,84.98,move_early
10.631826,3.6940,0.5090,3.5920,85.01,move_early
10.636568,4.7420,0.8370,3.3280,85.04,move_early
10.640888,4.3200,0.5530,3.6000,85.07,move_early
10.646254,5.3660,0.7420,3.5270,85.10,move_early
10.650236,3.9820,0.6470,3.7620,85.13,move_early
10.653092,2.8560,0.6500,3.5720,85.16,move_early
10.656271,3.1790,0.5960,3.3100,85.19,move_early
10.659868,3.5970,0.5850,3.5640,85.22,move_early
10.663278,3.4100,0.6390,3.3090,85.25,move_early
10.666949,3.6710,0.5820,3.5700,85.28,move_early
10.670573,3.6240,0.6340,3.2970,85.31,move_early
10.673879,3.3060,0.5390,3.5210,85.34,move_early
10.677264,3.3850,0.5420,3.2930,85.37,move_early
10.681192,3.9280,0.5320,3.8160,85.40,move_early
10.684764,3.5720,0.7420,3.2870,85.43,move_early
10.688300,3.5360,0.5720,3.5780,85.45,move_early
10.691652,3.3520,0.5760,3.3270,85.48,move_early
10.701361,9.7090,0.5550,4.0770,85.51,move_early
10.708374,7.0130,0.5510,3.3280,85.55,move_early
10.713328,4.9540,0.7010,3.8720,85.58,move_early
10.716212,2.8840,0.6210,3.5890,85.61,move_early
10.720259,4.0470,0.5890,3.3170,85.65,move_early
10.723200,2.9410,0.5550,3.5910,85.68,move_early
10.726666,3.4660,0.5680,3.3180,85.71,move_early
10.730238,3.5720,0.5690,3.5260,85.75,move_early
10.733541,3.3030,0.7220,3.2670,85.78,move_early
10.741100,7.5590,0.5460,3.4890,85.81,move_early
10.745011,3.9110,0.5670,3.2720,85.85,move_early
10.749671,4.6600,0.5650,3.2930,85.88,move_early
10.753990,4.3190,0.6550,3.5870,85.91,move_early
10.757855,3.8650,0.6590,3.3490,85.95,move_early
10.760940,3.0850,0.6600,3.3320,85.98,move_early
10.765131,4.1910,0.6110,4.1760,86.01,move_early
10.768520,3.3890,0.5630,3.2860,86.05,move_early
10.772143,3.6230,0.5600,3.5520,86.08,move_early
10.775789,3.6460,0.6070,3.5150,86.11,move_early
10.779683,3.8940,0.6110,3.8520,86.15,move_early
10.783117,3.4340,0.5640,3.2920,86.18,move_early
10.788962,5.8450,0.6980,3.5860,86.21,move_early
10.793930,4.9680,0.5570,3.2940,86.25,move_early
10.796865,2.9350,0.5430,3.2940,86.28,move_early
10.800253,3.3880,0.5320,3.5410,86.31,move_early
10.804094,3.8410,0.5600,3.2770,86.35,move_early
10.807238,3.1440,0.5060,3.5170,86.38,move_early
10.810624,3.3860,0.5580,3.2760,86.41,move_early
10.814381,3.7570,0.5130,3.7550,86.45,move_early
10.817721,3.3400,0.5310,3.2750,86.48,move_early
10.821314,3.5930,0.5260,3.5390,86.51,move_early
10.824742,3.4280,0.5250,3.2780,86.54,move_early
10.828870,4.1280,0.5370,4.1410,86.57,move_early
10.832283,3.4130,0.5510,3.2960,86.60,move_early
10.836391,4.1080,0.5360,3.5460,86.63,move_early
10.842428,6.0370,0.5170,3.3440,86.65,move_early
10.845810,3.3820,0.5280,3.7020,86.69,move_early
10.849249,3.4390,0.6920,3.5950,86.72,move_early
10.852628,3.3790,0.5540,3.3060,86.75,move_early
10.856226,3.5980,0.5270,3.5740,86.78,move_early
10.859534,3.3080,0.5070,3.3110,86.81,move_early
10.863260,3.7260,0.5320,3.5770,86.84,move_early
10.866634,3.3740,0.5150,3.3060,86.87,move_early
10.870187,3.5530,0.5450,3.5270,86.90,move_early
10.873787,3.6000,0.5130,3.5100,86.92,move_early
10.877522,3.7350,0.5900,3.7090,86.95,move_early
10.880905,3.3830,0.5270,3.2800,86.98,move_early
10.884537,3.6320,0.5360,3.5580,87.01,move_early
10.889816,5.2790,0.5290,3.3040,87.04,move_early
10.892898,3.0820,0.5360,3.5750,87.08,move_early
10.898006,5.1080,0.5570,4.0920,87.11,move_early
10.901257,3.2510,0.5860,3.3180,87.14,move_early
10.904579,3.3220,0.6010,3.5770,87.17,move_early
10.908378,3.7990,0.5290,3.7410,87.20,move_early
10.912236,3.8580,0.5370,3.7740,87.23,move_early
10.915613,3.3770,0.5660,3.2970,87.26,move_early
10.919242,3.6290,0.5230,3.5710,87.29,move_early
10.923056,3.8140,0.5320,3.3090,87.32,move_early
10.926304,3.2480,0.5390,3.5570,87.35,move_early
10.930151,3.8470,0.5240,3.3070,87.38,move_early
10.933358,3.2070,0.5310,3.5790,87.41,move_early
10.940012,6.6540,0.5400,3.4980,87.44,move_early
10.945613,5.6010,0.5400,3.5000,87.47,move_early
10.950482,4.8690,0.6460,3.8410,87.51,move_early
10.955984,5.5020,0.6720,3.6130,87.54,move_early
10.959976,3.9920,1.9080,3.5760,87.57,move_early
10.963910,3.9340,0.6300,3.3300,87.61,move_early
10.968430,4.5200,0.6230,3.6140,87.64,move_early
10.971962,3.5320,0.6440,3.2590,87.67,move_early
10.974992,3.0300,0.5980,3.5040,87.71,move_early
10.978310,3.3180,0.5510,3.2650,87.74,move_early
10.982101,3.7910,0.5330,3.7300,87.77,move_early
10.985705,3.6040,0.5410,3.5100,87.81,move_early
10.997293,11.5880,0.5350,3.3110,87.84,move_early
11.001904,4.6110,0.5560,3.3390,87.87,move_early
11.005927,4.0230,0.6100,3.3160,87.91,move_early
11.010022,4.0950,0.5890,3.8210,87.94,move_early
11.012839,2.8170,0.5960,3.2990,87.97,move_early
11.016427,3.5880,0.6190,3.6020,88.01,move_early
11.019820,3.3930,0.5220,3.3140,88.04,move_early
11.024839,5.0190,0.5670,4.6730,88.07,move_early
11.028734,3.8950,0.5290,4.0880,88.11,move_early
11.032129,3.3950,0.6030,3.3290,88.14,move_early
11.035819,3.6900,0.5260,3.5920,88.17,move_early
11.040265,4.4460,0.5450,3.3310,88.21,move_early
11.045209,4.9440,0.6300,3.7640,88.24,move_early
11.048835,3.6260,0.5670,3.3160,88.27,move_early
11.051685,2.8500,0.5760,3.3220,88.31,move_early
11.055394,3.7090,0.5430,3.5650,88.34,move_early
11.058506,3.1120,0.5540,3.3250,88.37,move_early
11.062104,3.5980,0.5190,3.5680,88.41,move_early
11.065597,3.4930,0.5120,3.3370,88.44,move_early
11.069169,3.5720,0.5680,3.5170,88.47,move_early
11.072784,3.6150,0.5350,3.5260,88.51,move_early
11.076422,3.6380,0.5120,3.5340,88.54,move_early
11.080067,3.6450,0.5140,3.3270,88.57,move_early
11.083783,3.7160,0.5640,3.6020,88.61,move_early
11.087137,3.3540,0.5220,3.3250,88.64,move_early
11.094809,7.6720,0.5900,3.5850,88.66,move_early
11.099438,4.6290,0.5610,3.3430,88.70,move_early
11.103578,4.1400,0.6160,3.3480,88.73,move_early
11.107977,4.3990,0.5770,3.6100,88.76,move_early
11.114869,6.8920,0.6210,3.5590,88.80,move_early
11.119135,4.2660,0.5460,3.6140,88.83,move_early
11.122388,3.2530,0.5810,3.3380,88.86,move_early
11.125946,3.5580,0.5890,3.5880,88.90,move_early
11.129382,3.4360,0.5260,3.3280,88.93,move_early
11.133044,3.6620,0.5500,3.5740,88.96,move_early
11.136382,3.3380,0.5580,3.3130,89.00,move_early
11.143829,7.4470,0.5310,3.5320,89.03,move_early
11.148507,4.6780,0.5600,3.5280,89.06,move_early
11.152045,3.5380,0.5460,3.3400,89.10,move_early
11.155444,3.3990,0.5310,3.5860,89.13,move_early
11.158915,3.4710,0.5470,3.3200,89.16,move_early
11.163061,4.1460,0.5300,4.1540,89.20,move_early
11.166636,3.5750,0.5320,3.3350,89.23,move_early
11.170168,3.5320,0.5290,3.3330,89.26,move_early
11.173606,3.4380,0.5130,3.3520,89.30,move_early
11.177819,4.2130,0.5080,3.5980,89.33,move_early
11.181279,3.4600,0.5290,3.5940,89.36,move_early
11.184610,3.3310,0.5970,3.3160,89.40,move_early
11.189553,4.9430,0.5170,3.5910,89.43,move_early
11.196912,7.3590,0.6400,3.3250,89.46,move_early
11.200523,3.6110,0.5280,3.6070,89.50,move_early
11.203989,3.4660,0.5340,3.5630,89.53,move_early
11.207558,3.5690,0.5200,3.5300,89.56,move_early
11.211432,3.8740,0.5390,3.8200,89.60,move_early
11.214848,3.4160,0.5230,3.3250,89.63,move_early
11.218526,3.6780,0.5220,3.6250,89.66,move_early
11.222060,3.5340,0.5690,3.3330,89.70,move_early
11.225688,3.6280,0.5120,3.5840,89.73,move_early
11.229196,3.5080,0.5110,3.3430,89.76,move_early
11.233268,4.0720,0.5260,4.1320,89.80,move_early
11.236986,3.7180,0.5200,3.6150,89.82,move_early
11.245201,8.2150,0.8330,3.5530,89.85,move_early
11.248712,3.5110,0.5760,3.7770,89.89,move_early
11.252312,3.6000,0.5520,3.6280,89.92,move_early
11.255856,3.5440,0.5290,3.3190,89.95,move_early
11.259410,3.5540,0.5350,3.6090,89.99,move_early
11.262801,3.3910,0.5370,3.3270,90.02,move_early
11.266468,3.6670,0.5270,3.5880,90.05,move_early
11.269911,3.4430,0.5140,3.3350,90.09,move_early
11.273497,3.5860,0.5710,3.5160,90.12,move_early
11.277104,3.6070,0.5430,3.5140,90.15,move_early
11.280993,3.8890,0.5200,3.8190,90.18,move_early
11.284514,3.5210,0.5420,3.3310,90.21,move_early
11.288247,3.7330,0.5800,3.6230,90.24,move_early
11.292667,4.4200,0.5310,3.3370,90.27,move_early
11.296123,3.4560,0.5890,4.1280,90.30,move_early
11.299778,3.6550,0.5590,3.6160,90.33,move_early
11.303248,3.4700,0.7740,3.3470,90.36,move_early
11.307268,4.0200,0.5410,3.7150,90.39,move_early
11.310929,3.6610,0.5740,3.3420,90.42,move_early
11.314489,3.5600,0.6360,3.6250,90.45,move_early
11.317961,3.4720,0.5240,3.3370,90.48,move_early
11.321598,3.6370,0.5300,3.6080,90.51,move_early
11.325063,3.4650,0.5210,3.3350,90.54,move_early
11.328702,3.6390,0.5280,3.5920,90.56,move_early
11.332199,3.4970,0.5310,3.3310,90.59,move_early
11.335811,3.6120,0.5560,3.5720,90.62,move_early
11.339335,3.5240,0.5270,3.3660,90.65,move_early
11.343205,3.8700,0.5380,3.9180,90.68,move_early
11.346622,3.4170,0.5550,3.3360,90.71,move_early
11.350366,3.7440,0.5280,3.6390,90.74,move_early
11.353836,3.4700,0.5540,3.3590,90.77,move_early
11.364929,11.0930,0.5190,3.6120,90.80,move_early
11.373969,9.0400,0.5420,3.3480,90.84,move_early
11.436207,62.2380,0.7680,3.3620,90.88,move_early
11.447668,11.4610,0.5900,3.3550,91.43,move_early
11.453419,5.7510,0.9380,3.2730,91.56,move_early
11.457733,4.3140,0.9490,3.2630,91.59,move_early
11.463314,5.5810,0.6160,3.5030,91.62,move_early
11.466610,3.2960,0.6050,3.2630,91.66,move_early
11.470027,3.4170,0.5920,3.2690,91.69,move_early
11.473482,3.4550,0.5520,3.4390,91.72,move_early
11.477245,3.7630,0.5560,3.4580,91.75,move_early
11.480876,3.6310,0.5540,3.5070,91.78,move_early
11.484187,3.3110,0.5700,3.2480,91.81,move_early
11.487830,3.6430,0.5300,3.5480,91.84,move_early
11.491340,3.5100,0.5370,3.3080,91.86,move_early
11.495514,4.1740,0.5590,4.1380,91.90,move_early
11.503764,8.2500,0.6230,3.3220,91.93,move_early
11.507590,3.8260,0.5600,3.5800,91.96,move_early
11.510943,3.3530,0.5970,3.6240,92.00,move_early
11.520876,9.9330,0.5420,3.3640,92.03,move_early
11.524512,3.6360,0.5640,3.3630,92.06,move_early
11.527959,3.4470,0.6120,3.3660,92.10,move_early
11.531584,3.6250,0.5460,3.5970,92.13,move_early
11.534983,3.3990,0.5360,3.3380,92.16,move_early
11.538604,3.6210,0.5750,3.5320,92.20,move_early
11.542467,3.8630,0.5170,3.7090,92.23,move_early
11.546266,3.7990,0.5120,3.5920,92.26,move_early
11.550151,3.8850,0.5940,3.3220,92.30,move_early
11.553697,3.5460,0.8880,3.3170,92.33,move_early
11.557349,3.6520,0.5340,3.5720,92.36,move_early
11.560921,3.5720,0.5330,3.2860,92.40,move_early
11.564681,3.7600,0.5270,3.5460,92.43,move_early
11.568640,3.9590,0.5330,3.3440,92.46,move_early
11.572354,3.7140,0.5410,3.6210,92.50,move_early
11.576447,4.0930,0.5490,3.8000,92.53,move_early
11.580574,4.1270,0.5720,3.8980,92.56,move_early
11.585847,5.2730,0.5190,3.3710,92.60,move_early
11.589850,4.0030,0.5270,3.3570,92.63,move_early
11.594350,4.5000,0.5350,3.6030,92.66,move_early
11.598435,4.0850,0.5740,3.3480,92.70,move_early
11.602075,3.6400,0.5300,3.3450,92.73,move_early
11.605840,3.7650,0.5330,3.5780,92.76,move_early
11.611971,6.1310,0.6060,3.3350,92.80,move_early
11.617874,5.9030,0.5430,3.7420,92.83,move_early
11.621651,3.7770,0.5520,3.3610,92.86,move_early
11.625566,3.9150,0.5590,3.3390,92.90,move_early
11.629666,4.1000,0.6670,4.0860,92.93,move_early
11.633626,3.9600,0.5450,3.3450,92.96,move_early
11.637335,3.7090,0.7370,3.3170,93.00,move_early
11.641261,3.9260,0.5200,3.8630,93.03,move_early
11.644952,3.6910,0.5370,3.3130,93.06,move_early
11.648640,3.6880,0.5490,3.5870,93.10,move_early
11.652653,4.0130,0.5360,3.3240,93.13,move_early
11.656564,3.9110,0.5500,3.5810,93.16,move_early
11.660437,3.8730,0.5720,3.3290,93.20,move_early
11.664236,3.7990,0.5700,3.5750,93.23,move_early
11.668336,4.1000,0.5130,3.3150,93.26,move_early
11.672110,3.7740,0.5860,3.3450,93.30,move_early
11.681983,9.8730,0.5380,3.5440,93.33,move_early
11.691134,9.1510,0.6140,3.3420,93.36,move_early
11.695793,4.6590,0.6590,3.5880,93.42,move_early
11.701974,6.1810,0.6190,4.1170,93.46,move_early
11.710640,8.6660,0.6400,3.5890,93.51,move_early
11.719851,9.2110,0.6000,3.7580,93.59,move_early
11.729027,9.1760,1.0960,3.3060,93.65,move_early
11.738450,9.4230,0.5700,3.3030,93.72,move_early
11.745498,7.0480,0.5680,3.2790,93.80,move_early
11.758938,13.4400,0.5460,3.5020,93.86,move_early
11.771380,12.4420,1.0900,3.5360,93.96,move_early
11.777323,5.9430,0.5760,3.2830,94.06,move_early
11.784026,6.7030,0.5670,3.2610,94.13,move_early
11.792548,8.5220,0.7600,3.2610,94.20,move_early
11.799453,6.9050,0.5920,3.2630,94.27,move_early
11.808009,8.5560,0.6750,3.2770,94.34,move_early
11.817088,9.0790,3.5490,4.1290,94.41,move_early
11.822760,5.6720,1.3510,3.5870,94.49,move_early
11.831571,8.8110,0.6180,3.3560,94.55,move_early
11.838338,6.7670,0.6230,4.0350,94.62,move_early
11.845034,6.6960,0.6910,3.3400,94.69,move_early
11.851567,6.5330,0.6630,3.7520,94.75,move_early
11.858312,6.7450,0.6930,3.5750,94.82,move_early
11.869026,10.7140,0.6390,3.5640,94.89,move_early
11.881144,12.1180,0.6820,3.5620,94.95,move_early
11.889469,8.3250,1.5920,3.3550,95.02,move_early
11.899186,9.7170,0.9660,3.3540,95.09,move_early
11.906452,7.2660,0.9380,3.3700,95.16,move_early
11.914647,8.1950,1.1620,3.5940,95.23,move_early
11.923016,8.3690,1.0490,3.5570,95.30,move_early
11.931604,8.5880,1.2640,3.3540,95.37,move_early
11.943141,11.5370,0.7020,3.3090,95.43,move_early
11.960262,17.1210,0.6820,4.5270,95.50,move_early
11.968518,8.2560,4.0450,3.5610,95.58,move_early
11.978839,10.3210,0.6790,3.3760,95.65,move_early
11.987079,8.2400,0.8080,4.0670,95.74,move_early
11.995622,8.5430,2.3560,3.3350,95.81,move_early
12.006139,10.5170,2.1110,3.5570,95.89,move_early
12.024480,18.3410,1.1800,3.3000,95.96,move_early
12.039069,14.5890,0.8590,3.4820,96.09,move_early
12.046181,7.1120,0.6410,4.1140,96.20,move_early
12.053649,7.4680,0.6560,3.7250,96.29,move_early
12.060625,6.9760,0.6060,3.5380,96.36,move_early
12.067082,6.4570,0.6610,3.5070,96.45,move_early
12.072862,5.7800,0.6610,3.4990,96.54,move_early
12.077580,4.7180,0.5910,3.5050,96.61,move_early
12.082584,5.0040,0.5990,3.5010,96.64,move_early
12.091515,8.9310,0.5850,3.2840,96.71,move_early
12.096805,5.2900,1.4580,3.3060,96.76,move_early
12.102931,6.1260,0.7850,3.3010,96.80,move_early
12.110487,7.5560,0.5790,3.3130,96.85,move_early
12.117794,7.3070,0.8870,3.3060,96.91,move_early
12.127095,9.3010,0.5920,3.5670,96.97,move_early
12.133245,6.1500,0.9100,3.2850,97.03,move_early
12.140559,7.3140,0.8880,3.3290,97.10,move_early
12.146045,5.4860,1.0430,3.5210,97.15,move_early
12.149863,3.8180,0.6390,3.2950,97.20,move_early
12.153595,3.7320,0.8640,3.3030,97.22,move_early
12.157072,3.4770,0.6960,3.5530,97.25,move_early
12.160409,3.3370,0.5720,3.2860,97.28,move_early
12.164809,4.4000,0.5800,3.5390,97.31,move_early
12.168229,3.4200,0.5690,3.2920,97.34,move_early
12.172213,3.9840,0.6480,3.9800,97.37,move_early
12.175715,3.5020,0.5660,3.3040,97.40,move_early
12.181637,5.9220,0.5770,3.7420,97.43,move_early
12.185418,3.7810,0.5550,3.3210,97.47,move_early
12.189672,4.2540,0.5930,3.3290,97.51,move_early
12.194282,4.6100,0.5930,3.5810,97.54,move_early
12.198559,4.2770,0.6290,3.3810,97.57,move_early
12.202257,3.6980,0.5580,3.3570,97.61,move_early
12.206313,4.0560,0.6040,3.6010,97.64,move_early
12.209986,3.6730,0.5650,3.6200,97.67,move_early
12.213912,3.9260,0.5660,3.7740,97.71,move_early
12.220492,6.5800,0.6430,3.4070,97.74,move_early
12.224901,4.4090,0.6200,3.6070,97.77,move_early
12.229325,4.4240,0.5650,3.6150,97.81,move_early
12.233028,3.7030,0.5870,3.4150,97.84,move_early
12.236383,3.3550,0.6410,3.4000,97.87,move_early
12.241537,5.1540,0.5720,3.9530,97.91,move_early
12.246326,4.7890,0.6460,3.3880,97.94,move_early
12.252115,5.7890,0.8110,3.5960,97.97,move_early
12.256316,4.2010,0.6340,3.6050,98.01,move_early
12.259799,3.4830,0.6620,3.3910,98.04,move_early
12.263346,3.5470,0.5930,3.3560,98.07,move_early
12.267000,3.6540,0.6090,3.5480,98.11,move_early
12.277359,10.3590,0.8330,3.3300,98.14,move_early
12.282150,4.7910,0.5870,3.5420,98.17,move_early
12.287008,4.8580,0.8940,3.3290,98.21,move_early
12.291512,4.5040,0.6460,3.5700,98.25,move_early
12.295465,3.9530,0.6190,3.3330,98.28,move_early
12.300280,4.8150,0.6300,3.3050,98.32,move_early
12.303650,3.3700,0.6080,3.5630,98.36,move_early
12.307014,3.3640,0.7650,3.5270,98.39,move_early
12.310735,3.7210,0.6010,3.7010,98.42,move_early
12.314190,3.4550,0.5650,3.3420,98.46,move_early
12.317779,3.5890,0.5500,3.5190,98.49,move_early
12.321387,3.6080,0.5520,3.5450,98.52,move_early
12.324766,3.3790,0.5450,3.2940,98.56,move_early
12.328125,3.3590,0.5500,3.3310,98.59,move_early
12.331767,3.6420,0.5820,3.5570,98.62,move_early
12.335222,3.4550,0.5460,3.3660,98.66,move_early
12.338849,3.6270,0.5550,3.5330,98.69,move_early
12.342536,3.6870,0.5660,3.5600,98.72,move_early
12.346258,3.7220,0.5540,3.7250,98.76,move_early
12.349998,3.7400,0.5610,3.6740,98.79,move_early
12.353979,3.9810,0.5600,3.3810,98.82,move_early
12.357979,4.0000,0.5780,3.6500,98.86,move_early
12.361847,3.8680,0.6560,3.3950,98.89,move_early
12.366038,4.1910,0.5550,4.1700,98.92,move_early
12.369218,3.1800,0.6330,3.3730,98.95,move_early
12.372766,3.5480,0.5900,3.8230,98.98,move_early
12.376300,3.5340,0.6010,3.3840,99.01,move_early
12.380132,3.8320,0.5930,3.8070,99.04,move_early
12.383578,3.4460,0.6160,3.4080,99.07,move_early
12.387193,3.6150,0.5850,3.6090,99.10,move_early
12.390724,3.5310,0.5480,3.4140,99.13,move_early
12.394337,3.6130,0.5390,3.6060,99.16,move_early
12.398039,3.7020,0.5540,3.6310,99.19,move_early
12.402218,4.1790,0.7220,3.3850,99.21,move_early
12.406335,4.1170,0.5630,3.4110,99.24,move_early
12.409702,3.3670,0.9170,3.6610,99.27,move_early
12.413400,3.6980,0.5760,3.6870,99.30,move_early
12.417402,4.0020,0.8090,3.3950,99.33,move_early
12.420794,3.3920,0.5460,3.6710,99.36,move_early
12.425377,4.5830,0.5860,3.3860,99.39,move_early
12.428365,2.9880,0.5670,4.2710,99.42,move_early
12.433222,4.8570,0.5520,3.4000,99.45,move_early
12.436720,3.4980,0.6710,3.6350,99.48,move_early
12.442823,6.1030,0.6050,3.4400,99.51,move_early
12.446954,4.1310,0.7850,3.6890,99.54,move_early
12.449832,2.8780,0.6350,3.6550,99.57,move_early
12.453143,3.3110,0.5820,3.4230,99.60,move_early
12.456816,3.6730,0.5670,3.6360,99.63,move_early
12.460314,3.4980,0.5670,3.4270,99.66,move_early
12.464031,3.7170,0.5650,3.6380,99.69,move_early
12.467700,3.6690,0.5520,3.6020,99.72,move_early
12.474533,6.8330,0.5840,3.5730,99.75,move_early
12.478098,3.5650,0.6110,3.6220,99.78,move_early
12.481025,2.9270,0.5650,3.4410,99.81,move_early
12.484466,3.4410,0.6080,3.6090,99.84,move_early
12.487966,3.5000,0.5860,3.4070,99.87,move_early
12.491637,3.6710,0.5470,3.6240,99.90,move_early
12.495188,3.5510,0.5420,3.4140,99.93,move_early
12.499682,4.4940,0.5370,4.1430,99.95,move_early
12.503139,3.4570,0.5430,3.6690,99.98,move_early
12.506655,3.5160,0.5400,3.3930,100.01,move_early
12.510966,4.3110,0.5610,4.2360,100.04,move_early
12.514386,3.4200,0.5610,3.4170,100.07,move_early
12.518236,3.8500,0.5790,3.7130,100.10,move_early
12.521713,3.4770,0.5910,3.4090,100.13,move_early
12.525447,3.7340,0.5420,3.6810,100.16,move_early
12.529232,3.7850,0.5810,3.4420,100.19,move_early
12.532696,3.4640,0.5440,3.6280,100.22,move_early
12.536179,3.4830,0.5820,3.4200,100.25,move_early
12.540221,4.0420,0.7270,3.9860,100.28,move_early
12.543903,3.6820,0.5810,3.4230,100.31,move_early
12.547574,3.6710,0.5930,3.6350,100.34,move_early
12.551248,3.6740,0.5530,3.6860,100.37,move_early
12.554751,3.5030,0.5570,3.3990,100.40,move_early
12.558535,3.7840,0.5470,3.6960,100.43,move_early
12.562622,4.0870,0.7410,3.4110,100.46,move_early
12.566367,3.7450,0.5610,3.6920,100.49,move_early
12.569869,3.5020,0.6500,3.3900,100.52,move_early
12.574125,4.2560,0.5490,4.1790,100.55,move_early
12.577615,3.4900,0.5700,3.4290,100.58,move_early
12.581360,3.7450,0.5410,3.6490,100.61,move_early
12.584886,3.5260,0.5470,3.4420,100.64,move_early
12.588605,3.7190,0.5480,3.6580,100.67,move_early
12.592096,3.4910,0.5420,3.4070,100.70,move_early
12.595767,3.6710,0.5400,3.6290,100.73,move_early
12.599320,3.5530,0.5370,3.4340,100.75,move_early
12.602968,3.6480,0.5450,3.5990,100.78,move_early
12.606700,3.7320,0.5320,3.6320,100.81,move_early
12.610663,3.9630,0.6240,3.8150,100.84,move_early
12.614422,3.7590,0.5470,3.6800,100.87,move_early
12.617997,3.5750,0.6000,3.4130,100.90,move_early
12.621706,3.7090,0.5610,3.6780,100.93,move_early
12.625226,3.5200,0.5670,3.4060,100.96,move_early
12.629512,4.2860,0.5310,4.2800,100.99,move_early
12.632969,3.4570,0.7070,3.4130,101.02,move_early
12.636782,3.8130,0.5390,3.6660,101.05,move_early
12.641059,4.2770,0.5440,4.1180,101.08,move_early
12.644917,3.8580,0.5460,3.8380,101.11,move_early
12.648672,3.7550,0.5290,3.6940,101.14,move_early
12.652291,3.6190,0.5810,3.4020,101.17,move_early
12.655930,3.6390,0.5410,3.6910,101.20,move_early
12.659437,3.5070,0.8740,3.4060,101.23,move_early
12.663156,3.7190,0.5670,3.6690,101.26,move_early
12.666654,3.4980,0.5650,3.4090,101.29,move_early
12.670415,3.7610,0.5840,3.6330,101.32,move_early
12.673830,3.4150,0.5520,3.4040,101.35,move_early
12.677856,4.0260,0.5410,3.9240,101.38,move_early
12.681353,3.4970,0.5620,3.4000,101.41,move_early
12.685133,3.7800,0.5790,3.6900,101.44,move_early
12.688634,3.5010,0.5660,3.4020,101.47,move_early
12.692375,3.7410,0.5810,3.6370,101.50,move_early
12.696168,3.7930,0.5430,3.4390,101.53,move_early
12.700105,3.9370,0.5450,4.1670,101.55,move_early
12.703864,3.7590,0.5440,3.6430,101.58,move_early
12.707872,4.0080,0.5540,3.7170,101.61,move_early
12.711671,3.7990,0.5810,3.7000,101.64,move_early
12.715128,3.4570,0.5840,3.4150,101.67,move_early
12.718919,3.7910,0.5640,3.7070,101.70,move_early
12.722428,3.5090,0.5530,3.4140,101.73,move_early
12.728825,6.3970,0.5480,3.6640,101.76,move_early
12.733144,4.3190,0.5520,3.4080,101.79,move_early
12.735783,2.6390,0.5750,3.4080,101.82,move_early
12.739434,3.6510,0.6570,3.6270,101.85,move_early
12.743187,3.7530,0.5590,3.4280,101.88,move_early
12.746947,3.7600,0.5510,3.6810,101.91,move_early
12.750493,3.5460,0.5430,3.4020,101.94,move_early
12.754280,3.7870,0.5530,3.6730,101.97,move_early
12.759890,5.6100,0.6420,3.4080,102.00,move_early
12.763000,3.1100,0.5820,4.2720,102.03,move_early
12.765942,2.9420,0.5700,3.4230,102.06,move_early
12.769854,3.9120,0.5590,3.6480,102.09,move_early
12.773422,3.5680,0.5160,3.6720,102.12,move_early
12.777320,3.8980,0.5890,3.8360,102.15,move_early
12.781433,4.1130,0.5460,3.7180,102.19,move_early
12.784639,3.2060,0.5710,3.4210,102.21,move_early
12.788449,3.8100,0.5250,3.6550,102.24,move_early
12.791903,3.4540,0.5420,3.4140,102.27,move_early
12.795601,3.6980,0.5440,3.6550,102.30,move_early
12.799130,3.5290,0.5510,3.4190,102.33,move_early
12.802918,3.7880,0.5660,3.6380,102.36,move_early
12.810671,7.7530,0.6010,3.4310,102.39,move_early
12.814953,4.2820,0.7460,3.9420,102.42,move_early
12.818128,3.1750,0.7450,3.6860,102.46,move_early
12.821527,3.3990,0.6090,3.4760,102.49,move_early
12.825267,3.7400,0.5580,3.6510,102.52,move_early
12.828830,3.5630,0.5770,3.4370,102.56,move_early
12.833147,4.3170,0.5640,4.3120,102.59,move_early
12.837131,3.9840,0.5610,3.7780,102.62,move_early
12.840743,3.6120,0.5890,3.4010,102.66,move_early
12.844527,3.7840,0.5680,3.7390,102.69,move_early
12.848327,3.8000,0.5610,3.4140,102.72,move_early
12.852196,3.8690,0.5550,3.7880,102.75,move_early
12.857802,5.6060,0.5800,3.4290,102.78,move_early
12.861194,3.3920,0.6010,3.6820,102.81,move_early
12.864460,3.2660,0.6040,3.4660,102.85,move_early
12.868066,3.6060,0.5770,3.4270,102.88,move_early
12.871842,3.7760,0.5470,3.6590,102.91,move_early
12.875646,3.8040,0.5830,3.4390,102.94,move_early
12.879432,3.7860,0.5550,3.6520,102.97,move_early
12.882907,3.4750,0.7180,3.4310,103.00,move_early
12.886667,3.7600,0.5410,3.6950,103.03,move_early
12.890167,3.5000,0.5780,3.4110,103.06,move_early
12.893955,3.7880,0.5610,3.6910,103.09,move_early
12.897421,3.4660,0.5550,3.4260,103.12,move_early
12.901199,3.7780,0.5500,3.6570,103.15,move_early
12.904907,3.7080,0.5840,3.6400,103.18,move_early
12.909196,4.2890,0.5680,3.9840,103.21,move_early
12.912772,3.5760,0.6070,3.4450,103.24,move_early
12.916411,3.6390,0.5970,3.4310,103.26,move_early
12.920135,3.7240,0.5820,3.6800,103.29,move_early
12.923677,3.5420,0.5460,3.4310,103.32,move_early
12.927493,3.8160,0.5630,3.7110,103.35,move_early
12.931040,3.5470,0.7290,3.4410,103.38,move_early
12.934714,3.6740,0.5560,3.6400,103.41,move_early
12.938226,3.5120,0.8280,3.4400,103.44,move_early
12.942108,3.8820,0.5500,3.8100,103.47,move_early
12.945608,3.5000,0.5930,3.4240,103.50,move_early
12.949734,4.1260,0.6180,3.7100,103.53,move_early
12.952915,3.1810,0.5900,3.4390,103.56,move_early
12.956822,3.9070,0.5620,3.6960,103.59,move_early
12.963502,6.6800,0.6030,3.4320,103.62,move_early
12.967085,3.5830,0.5410,3.6580,103.65,move_early
12.970455,3.3700,0.5570,3.6640,103.69,move_early
12.974052,3.5970,0.5850,3.6180,103.72,move_early
12.977896,3.8440,0.5630,3.8100,103.75,move_early
12.981488,3.5920,0.5820,3.4710,103.78,move_early
12.985233,3.7450,0.7180,3.6950,103.81,move_early
12.988780,3.5470,0.5720,3.4530,103.84,move_early
12.992494,3.7140,0.5490,3.6520,103.87,move_early
12.996170,3.6760,0.5470,3.4640,103.90,move_early
12.999848,3.6780,0.6070,3.4490,103.93,move_early
13.003383,3.5350,0.5700,3.4570,103.96,move_early
13.007302,3.9190,0.5640,3.6620,103.99,move_early
13.015433,8.1310,0.5560,3.6990,104.02,move_early
13.020242,4.8090,0.6390,3.4610,104.05,move_early
13.024199,3.9570,0.6160,3.4550,104.09,move_early
13.027906,3.7070,0.6660,3.6570,104.12,move_early
13.031648,3.7420,0.7470,3.4460,104.15,move_early
13.034984,3.3360,0.5560,3.4370,104.19,move_early
13.038900,3.9160,0.5780,3.8360,104.22,move_early
13.042663,3.7630,0.5610,3.4140,104.25,move_early
13.046377,3.7140,0.7480,3.6480,104.29,move_early
13.049801,3.4240,0.7700,3.4060,104.32,move_early
13.053541,3.7400,0.5660,3.6850,104.35,move_early
13.057134,3.5930,0.6000,3.4160,104.39,move_early
13.068192,11.0580,0.5470,3.6870,104.42,move_early
13.073903,5.7110,0.5990,3.4160,104.45,move_early
13.077173,3.2700,0.6400,3.9320,104.49,move_early
13.080445,3.2720,0.5900,3.7560,104.52,move_early
13.083964,3.5190,0.8770,3.4600,104.55,move_early
13.087686,3.7220,0.5610,3.6710,104.59,move_early
13.091245,3.5590,0.5580,3.4230,104.62,move_early
13.094936,3.6910,0.5630,3.6870,104.65,move_early
13.098465,3.5290,0.7060,3.4190,104.69,move_early
13.102235,3.7700,0.5430,3.6560,104.72,move_early
13.105767,3.5320,0.5460,3.4330,104.75,move_early
13.111386,5.6190,0.5640,3.8400,104.79,move_early
13.117419,6.0330,0.6300,3.4860,104.82,move_early
13.122480,5.0610,0.8980,3.4750,104.85,move_early
13.126566,4.0860,0.6870,3.7210,104.89,move_early
13.129779,3.2130,0.7590,3.7310,104.92,move_early
13.133243,3.4640,0.6230,3.4640,104.95,move_early
13.137034,3.7910,0.5990,3.7040,104.99,move_early
13.141054,4.0200,0.5310,3.7400,105.02,move_early
13.144929,3.8750,0.5660,3.8090,105.05,move_early
13.148511,3.5820,0.5600,3.4810,105.09,move_early
13.152235,3.7240,0.5610,3.6660,105.12,move_early
13.156051,3.8160,0.5460,3.4600,105.15,move_early
13.159590,3.5390,0.5570,3.6790,105.19,move_early
13.163374,3.7840,0.6130,3.7280,105.22,move_early
13.166945,3.5710,0.5900,3.4670,105.25,move_early
13.170703,3.7580,0.5960,3.6850,105.29,move_early
13.174463,3.7600,0.7970,3.4810,105.32,move_early
13.178355,3.8920,0.5480,3.7390,105.35,move_early
13.182076,3.7210,0.5560,3.4660,105.39,move_early
13.185653,3.5770,0.5470,3.7370,105.42,move_early
13.189223,3.5700,0.5620,3.4630,105.45,move_early
13.193032,3.8090,0.5390,3.7540,105.48,move_early
13.196647,3.6150,0.5850,3.5190,105.51,move_early
13.200702,4.0550,0.7130,3.6900,105.54,move_early
13.204274,3.5720,0.5500,3.7240,105.57,move_early
13.208210,3.9360,0.6030,3.8680,105.60,move_early
13.213711,5.5010,0.5500,3.7910,105.63,move_early
13.217933,4.2220,0.5790,3.5000,105.67,move_early
13.222636,4.7030,0.7080,3.7740,105.70,move_early
13.226675,4.0390,0.8500,3.5450,105.73,move_early
13.230654,3.9790,0.7830,3.4920,105.77,move_early
13.233406,2.7520,0.6340,3.7060,105.80,move_early
13.236964,3.5580,0.6240,3.4950,105.83,move_early
13.240846,3.8820,0.5470,3.8570,105.86,move_early
13.244413,3.5670,0.5730,3.4920,105.89,move_early
13.248229,3.8160,0.5570,3.7540,105.92,move_early
13.251782,3.5530,0.5840,3.4770,105.95,move_early
13.255581,3.7990,0.5580,3.7310,105.98,move_early
13.259253,3.6720,0.5650,3.5250,106.01,move_early
13.263003,3.7500,0.5400,3.7110,106.04,move_early
13.266583,3.5800,0.5520,3.5130,106.07,move_early
13.270573,3.9900,0.5520,3.8920,106.10,move_early
13.284189,13.6160,0.5480,3.7530,106.13,move_early
13.287912,3.7230,0.5430,3.7550,106.17,move_early
13.291315,3.4030,0.5920,3.7270,106.20,move_early
13.294800,3.4850,0.5660,3.5130,106.23,move_early
13.298507,3.7070,0.5960,3.7430,106.27,move_early
13.302090,3.5830,0.5510,3.5270,106.30,move_early
13.305811,3.7210,0.7300,3.4650,106.33,move_early
13.309576,3.7650,0.5730,3.6600,106.37,move_early
13.313333,3.7570,0.5570,3.4670,106.40,move_early
13.317093,3.7600,0.5680,3.7130,106.43,move_early
13.320619,3.5260,0.5550,3.4480,106.47,move_early
13.324410,3.7910,0.5800,3.7230,106.50,move_early
13.327979,3.5690,0.7330,3.4950,106.53,move_early
13.331822,3.8430,0.5350,3.7750,106.57,move_early
13.335448,3.6260,0.5420,3.5070,106.60,move_early
13.339582,4.1340,0.5860,3.9930,106.63,move_early
13.343145,3.5630,0.6580,3.5460,106.67,move_early
13.346986,3.8410,0.5620,3.7480,106.70,move_early
13.350623,3.6370,0.5390,3.5520,106.73,move_early
13.354454,3.8310,0.5620,3.7370,106.77,move_early
13.358411,3.9570,0.5750,3.7620,106.80,move_early
13.362425,4.0140,0.5640,3.4960,106.83,move_early
13.371309,8.8840,0.5720,3.7350,106.86,move_early
13.433392,62.0830,0.7610,3.4940,106.90,move_early
13.439701,6.3090,0.7150,3.5360,107.43,move_early
13.444281,4.5800,0.9350,3.4560,107.43,move_early
13.448329,4.0480,0.8670,3.5100,107.43,move_early
13.451810,3.4810,0.7110,3.7150,107.43,move_early
13.455208,3.3980,0.6370,3.5110,107.43,move_early
13.458952,3.7440,0.6090,3.4870,107.43,move_early
13.462710,3.7580,0.5720,3.7500,107.43,move_early
13.466267,3.5570,0.7230,3.4710,107.43,move_early
13.470048,3.7810,0.7380,3.7030,107.43,move_early
13.473695,3.6470,0.5640,3.4970,107.43,move_early
13.477601,3.9060,0.6980,3.8560,107.43,move_early
13.481389,3.7880,0.5870,3.6970,107.43,move_early
13.485228,3.8390,0.5550,3.7470,107.43,move_early
13.488793,3.5650,0.5490,3.5230,107.43,move_early
13.492597,3.8040,0.5620,3.7340,107.43,move_early
13.496233,3.6360,0.5710,3.5580,107.43,move_early
13.500082,3.8490,0.5310,3.7410,107.43,move_early
13.503692,3.6100,0.5700,3.5320,107.43,move_early
13.507682,3.9900,0.5450,3.8760,107.43,move_early
13.511524,3.8420,0.5360,3.7620,107.43,move_early
13.515174,3.6500,0.5520,3.5250,107.43,move_early
13.519052,3.8780,0.5580,3.7460,107.43,move_early
13.522816,3.7640,0.6760,3.5040,107.43,move_early
13.533762,10.9460,0.6200,3.7810,107.43,move_early
13.539342,5.5800,0.6780,3.5020,107.43,move_early
13.545122,5.7800,0.9320,3.9170,107.43,move_early
13.549249,4.1270,1.0330,3.7640,107.43,move_early
13.553483,4.2340,0.6940,3.5290,107.43,move_early
13.557733,4.2500,0.7070,3.5090,107.43,move_early
13.562250,4.5170,0.6170,3.7600,107.43,move_early
13.564975,2.7250,0.6970,3.4860,107.43,move_early
13.568608,3.6330,0.6350,3.6760,107.43,move_early
13.572371,3.7630,0.6160,3.5240,107.43,move_early
13.576090,3.7190,0.6640,3.8240,107.43,move_early
13.580420,4.3300,0.6350,3.5090,107.43,move_early
13.587147,6.7270,0.6000,3.8260,107.43,move_early
13.590275,3.1280,0.5890,3.5220,107.43,move_early
13.593605,3.3300,0.5590,3.5360,107.43,move_early
13.597336,3.7310,0.5470,3.7260,107.43,move_early
13.600921,3.5850,0.5380,3.5110,107.43,move_early
13.604689,3.7680,0.6040,3.6950,107.43,move_early
13.608515,3.8260,0.6220,3.7190,107.43,move_early
13.614287,5.7720,0.5610,3.5160,107.43,move_early
13.619826,5.5390,0.6240,3.9620,107.43,move_early
13.623877,4.0510,0.6480,3.5230,107.43,move_early
13.627094,3.2170,0.8010,3.5150,107.43,move_early
13.630800,3.7060,0.5860,3.7530,107.43,move_early
13.634410,3.6100,0.5610,3.5050,107.43,move_early
13.638193,3.7830,0.5430,3.7210,107.43,move_early
13.641808,3.6150,0.5460,3.5050,107.43,move_early
13.646356,4.5480,0.6620,4.2890,107.43,move_early
13.649779,3.4230,0.5570,3.5270,107.43,move_early
13.653586,3.8070,0.5420,3.5040,107.43,move_early
13.657254,3.6680,0.5510,3.5290,107.43,move_early
13.662304,5.0500,0.5500,3.5090,107.43,move_early
13.668463,6.1590,0.5610,3.7680,107.43,move_early
13.672257,3.7940,0.6030,3.5230,107.43,move_early
13.676924,4.6670,0.8350,3.5060,107.43,move_early
13.684104,7.1800,0.5960,3.9510,107.43,move_early
13.687837,3.7330,0.7780,3.7560,107.43,move_early
13.691427,3.5900,0.8180,3.5490,107.43,move_early
13.695196,3.7690,0.5690,3.7370,107.43,move_early
13.698765,3.5690,0.5460,3.5260,107.43,move_early
13.702607,3.8420,0.5790,3.5300,107.43,move_early
13.706382,3.7750,0.6340,3.7120,107.43,move_early
13.710308,3.9260,0.5490,3.4890,107.43,move_early
13.714102,3.7940,0.7290,3.7120,107.43,move_early
13.717809,3.7070,0.7940,3.5000,107.43,move_early
13.721500,3.6910,0.7230,3.7660,107.43,move_early
13.725145,3.6450,0.5850,3.4780,107.43,move_early
13.728924,3.7790,0.5800,3.7560,107.43,move_early
13.732655,3.7310,0.5470,3.5330,107.43,move_early
13.736317,3.6620,0.7120,3.7290,107.43,move_early
13.740057,3.7400,0.5420,3.5300,107.43,move_early
13.743836,3.7790,0.5390,3.8710,107.43,move_early
13.747505,3.6690,0.5430,3.5260,107.43,move_early
13.751483,3.9780,0.5430,3.7160,107.43,move_early
13.755378,3.8950,0.5800,3.7890,107.43,move_early
13.758967,3.5890,0.5650,3.5110,107.43,move_early
13.762808,3.8410,0.5330,3.7470,107.43,move_early
13.766397,3.5890,0.5780,3.4980,107.43,move_early
13.770237,3.8400,0.6580,3.7240,107.43,move_early
13.778218,7.9810,0.5830,3.4940,107.43,move_early
13.782855,4.6370,0.5170,3.9640,107.43,move_early
13.786561,3.7060,0.5570,3.8810,107.43,move_early
13.790503,3.9420,0.5850,3.7650,107.43,move_early
13.794077,3.5740,0.8270,3.4840,107.43,move_early
13.797902,3.8250,0.5400,3.7640,107.43,move_early
13.801562,3.6600,0.5510,3.5000,107.43,move_early
13.805298,3.7360,0.5450,3.7210,107.43,move_early
13.808982,3.6840,0.5490,3.5080,107.43,move_early
13.813258,4.2760,0.5550,3.9620,107.43,move_early
13.817015,3.7570,0.5520,3.5220,107.43,move_early
13.820743,3.7280,0.5970,3.7580,107.43,move_early
13.824448,3.7050,0.5480,3.5230,107.43,move_early
13.828228,3.7800,0.5550,3.5070,107.43,move_early
13.832128,3.9000,0.5680,3.7680,107.43,move_early
13.840112,7.9840,0.7740,3.4910,107.43,move_early
13.845077,4.9650,0.5570,3.7270,107.43,move_early
13.848672,3.5950,0.5880,3.9570,107.43,move_early
13.852489,3.8170,0.6180,3.7720,107.43,move_early
13.856353,3.8640,0.6000,3.5190,107.43,move_early
13.860178,3.8250,0.5680,3.7650,107.43,move_early
13.863708,3.5300,0.6010,3.5010,107.43,move_early
13.874777,11.0690,0.5560,3.7480,107.43,move_early
13.880417,5.6400,0.7140,3.4750,107.43,move_early
13.885365,4.9480,0.6940,3.8070,107.43,move_early
13.889679,4.3140,0.6200,3.9330,107.43,move_early
13.892739,3.0600,0.6420,3.4450,107.43,move_early
13.896468,3.7290,0.5800,3.6800,107.43,move_early
13.900033,3.5650,0.5550,3.4850,107.43,move_early
13.903770,3.7370,0.5560,3.6630,107.43,move_early
13.907501,3.7310,0.5630,3.6540,107.43,move_early
13.911050,3.5490,0.5690,3.4560,107.43,move_early
13.914831,3.7810,0.7100,3.6830,107.43,move_early
13.921404,6.5730,0.5710,3.7050,107.43,move_early
13.925448,4.0440,0.6020,3.7100,107.43,move_early
13.928532,3.0840,0.5340,3.5110,107.43,move_early
13.932135,3.6030,0.6180,3.5120,107.43,move_early
13.935955,3.8200,0.5530,3.7630,107.43,move_early
13.939540,3.5850,0.5490,3.5030,107.43,move_early
13.943361,3.8210,0.5480,3.7190,107.43,move_early
13.946954,3.5930,0.5740,3.4940,107.43,move_early
13.951052,4.0980,0.5680,3.9680,107.43,move_early
13.954989,3.9370,0.6000,3.7230,107.43,move_early
13.958875,3.8860,0.5670,3.7160,107.43,move_early
13.962169,3.2940,0.6100,3.5310,107.43,move_early
13.965986,3.8170,0.5540,3.7110,107.43,move_early
13.969859,3.8730,0.5650,3.7620,107.43,move_early
13.973432,3.5730,0.6130,3.4900,107.43,move_early
13.977225,3.7930,0.5620,3.7310,107.43,move_early
13.981819,4.5940,0.5590,3.5180,107.43,move_early
13.984958,3.1390,0.5720,3.7780,107.43,move_early
13.988800,3.8420,0.5720,3.5040,107.43,move_early
13.992509,3.7090,0.5670,3.7570,107.43,move_early
13.995914,3.4050,0.5680,3.5020,107.43,move_early
13.999763,3.8490,0.5450,3.7560,107.43,move_early
14.003329,3.5660,0.5560,3.5280,107.43,move_early
14.007101,3.7720,0.5990,3.6920,107.43,move_early
14.010790,3.6890,0.5510,3.5320,107.43,move_early
14.014654,3.8640,0.6800,3.8770,107.43,move_early
14.018302,3.6480,0.5510,3.5270,107.43,move_early
14.022501,4.1990,0.5820,4.0960,107.43,move_early
14.035320,12.8190,0.5610,3.7730,107.43,move_early
14.042026,6.7060,0.5770,3.5190,107.43,move_early
14.046257,4.2310,0.8560,3.5200,107.43,move_early
14.050364,4.1070,0.7580,3.8000,107.43,move_early
14.055334,4.9700,0.6770,3.4880,107.43,move_early
14.059948,4.6140,1.0090,3.4660,107.43,move_early
14.062585,2.6370,0.6010,3.7210,107.43,move_early
14.066159,3.5740,0.6140,3.4830,107.43,move_early
14.069792,3.6330,0.5790,3.6490,107.43,move_early
14.073328,3.5360,0.6240,3.4790,107.43,move_early
14.076991,3.6630,0.6000,3.6250,107.43,move_early
14.080556,3.5650,0.5660,3.4640,107.43,move_early
14.084485,3.9290,0.5550,3.7760,107.43,move_early
14.088250,3.7650,0.5840,3.7640,107.43,move_early
14.091990,3.7400,0.5830,3.4930,107.43,move_early
14.095658,3.6680,0.5550,3.7500,107.43,move_early
14.099318,3.6600,0.5840,3.5060,107.43,move_early
14.103120,3.8020,0.5480,3.7690,107.43,move_early
14.106699,3.5790,0.5470,3.4990,107.43,move_early
14.110491,3.7920,0.5500,3.7220,107.43,move_early
14.114031,3.5400,0.7450,3.5020,107.43,move_early
14.118057,4.0260,0.5900,3.8650,107.43,move_early
14.121836,3.7790,1.0960,3.7500,107.43,move_early
14.125671,3.8350,0.5700,3.7530,107.43,move_early
14.129712,4.0410,0.5640,3.5340,107.43,move_early
14.133747,4.0350,0.7060,3.7620,107.43,move_early
14.137003,3.2560,0.5520,3.7750,107.43,move_early
14.140586,3.5830,0.7550,3.5140,107.43,move_early
14.144376,3.7900,0.7250,3.7090,107.43,move_early
14.147966,3.5900,0.5350,3.4900,107.43,move_early
14.152008,4.0420,0.5390,3.9560,107.43,move_early
14.155803,3.7950,0.6260,3.7060,107.43,move_early
14.159654,3.8510,0.5510,3.7310,107.43,move_early
14.163313,3.6590,0.5600,3.5290,107.43,move_early
14.167129,3.8160,0.5570,3.7410,107.43,move_early
14.170974,3.8450,0.5590,3.5250,107.43,move_early
14.174541,3.5670,0.5650,3.7640,107.43,move_early
14.178169,3.6280,0.5810,3.5540,107.43,move_early
14.182076,3.9070,0.5830,3.8550,107.43,move_early
14.185917,3.8410,0.5690,3.7630,107.43,move_early
14.189482,3.5650,0.5520,3.5020,107.43,move_early
14.193320,3.8380,0.5550,3.7520,107.43,move_early
14.196939,3.6190,0.5680,3.5080,107.43,move_early
14.200793,3.8540,0.5740,3.7740,107.43,move_early
14.204873,4.0800,0.6020,3.5000,107.43,move_early
14.208193,3.3200,0.6150,3.7120,107.43,move_early
14.211780,3.5870,0.5900,3.5250,107.43,move_early
14.215714,3.9340,0.5590,3.8610,107.43,move_early
14.219364,3.6500,0.5950,3.5310,107.43,move_early
14.223642,4.2780,0.5350,4.0790,107.43,move_early
14.227353,3.7110,0.5520,3.7650,107.43,move_early
14.230924,3.5710,0.5620,3.4910,107.43,move_early
14.234775,3.8510,0.5680,3.7780,107.43,move_early
14.240236,5.4610,0.5590,3.5050,107.43,move_early
14.243382,3.1460,0.5870,3.7160,107.43,move_early
14.246792,3.4100,0.5390,3.7250,107.43,move_early
14.250649,3.8570,0.5480,3.8610,107.43,move_early
14.254257,3.6080,0.5930,3.5490,107.43,move_early
14.258125,3.8680,0.5400,3.7640,107.43,move_early
14.261973,3.8480,0.5520,3.5360,107.43,move_early
14.265600,3.6270,0.5470,3.7420,107.43,move_early
14.269409,3.8090,0.5640,3.7520,107.43,move_early
14.273030,3.6210,0.5490,3.5070,107.43,move_early
14.276873,3.8430,0.5790,3.7070,107.43,move_early
14.280434,3.5610,0.5550,3.4860,107.43,move_early
14.284441,4.0070,0.5950,3.9630,107.43,move_early
14.288038,3.5970,0.5510,3.5150,107.43,move_early
14.292151,4.1130,0.5760,3.7720,107.43,move_early
14.295528,3.3770,0.5410,3.5360,107.43,move_early
14.299364,3.8360,0.5640,3.7560,107.43,move_early
14.302911,3.5470,0.5540,3.5190,107.43,move_early
14.306809,3.8980,0.5500,3.7560,107.43,move_early
14.310580,3.7710,0.5450,3.7090,107.43,move_early
14.314411,3.8310,0.6140,3.7040,107.43,move_early
14.318201,3.7900,0.5880,3.7340,107.43,move_early
14.322012,3.8110,0.5420,3.5140,107.43,move_early
14.325841,3.8290,0.7370,3.7800,107.43,move_early
14.329558,3.7170,0.7070,3.5040,107.43,move_early
14.333339,3.7810,0.5340,3.7770,107.43,move_early
14.336948,3.6090,0.6280,3.5330,107.43,move_early
14.340790,3.8420,0.5850,3.7440,107.43,move_early
14.344362,3.5720,0.5810,3.5270,107.43,move_early
14.348379,4.0170,0.5520,3.9070,107.43,move_early
14.351997,3.6180,0.5460,3.5450,107.43,move_early
14.356107,4.1100,0.5520,3.8620,107.43,move_early
14.359773,3.6660,0.5390,3.7620,107.43,move_early
14.363396,3.6230,0.5360,3.5020,107.43,move_early
14.367290,3.8940,0.5570,3.7800,107.43,move_early
14.370871,3.5810,0.5380,3.4990,107.43,move_early
14.374649,3.7780,0.5550,3.7660,107.43,move_early
14.378252,3.6030,0.5920,3.5130,107.43,move_early
14.382871,4.6190,0.5630,4.5130,107.43,move_early
14.386529,3.6580,0.5700,3.5430,107.43,move_early
14.390302,3.7730,0.5670,3.7500,107.43,move_early
14.394104,3.8020,0.5320,3.7610,107.43,move_early
14.397712,3.6080,0.5460,3.5150,107.43,move_early
14.401594,3.8820,0.5440,3.7630,107.43,move_early
14.405147,3.5530,0.7430,3.5080,107.43,move_early
14.408966,3.8190,0.5650,3.6960,107.43,move_early
14.412566,3.6000,0.5380,3.5120,107.43,move_early
14.416605,4.0390,0.5520,3.9590,107.43,move_early
14.420234,3.6290,0.7130,3.4950,107.43,move_early
14.424050,3.8160,0.5770,3.7700,107.43,move_early
14.427704,3.6540,0.5600,3.5260,107.43,move_early
14.431498,3.7940,0.5560,3.7440,107.43,move_early
14.435114,3.6160,0.5560,3.5300,107.43,move_early
14.438962,3.8480,0.5380,3.7520,107.43,move_early
14.442707,3.7450,0.5950,3.7160,107.43,move_early
14.446504,3.7970,0.6000,3.7080,107.43,move_early
14.450376,3.8720,0.5330,3.7260,107.43,move_early
14.454143,3.7670,0.5540,3.5120,107.43,move_early
14.458005,3.8620,0.5390,3.7870,107.43,move_early
14.461889,3.8840,0.5640,3.5040,107.43,move_early
14.465729,3.8400,0.5490,3.7780,107.43,move_early
14.469118,3.3890,0.6880,3.5370,107.43,move_early
14.472939,3.8210,0.5360,3.7260,107.43,move_early
14.476579,3.6400,0.5660,3.5310,107.43,move_early
14.480362,3.7830,0.5680,3.7080,107.43,move_early
14.483983,3.6210,0.5860,3.5220,107.43,move_early
14.487853,3.8700,0.5870,3.8700,107.43,move_early
14.500289,12.4360,0.5510,3.7750,107.43,move_early
14.504356,4.0670,0.6080,3.5120,107.43,move_early
14.507129,2.7730,0.8120,3.7860,107.43,move_early
14.510712,3.5830,0.5720,3.5210,107.43,move_early
14.514761,4.0490,0.5480,3.9890,107.43,move_early
14.518377,3.6160,0.6160,3.5370,107.43,move_early
14.523230,4.8530,0.5440,3.7390,107.43,move_early
14.527110,3.8800,0.5730,3.5130,107.43,move_early
14.529992,2.8820,0.5710,3.4840,107.43,move_early
14.533685,3.6930,0.5800,3.7640,107.43,move_early
14.537169,3.4840,0.5860,3.4740,107.43,move_early
14.540936,3.7670,0.5860,3.6940,107.43,move_early
14.544542,3.6060,0.6060,3.4650,107.43,move_early
14.548555,4.0130,0.5790,3.9650,107.43,move_early
14.552150,3.5950,0.6110,3.5030,107.43,move_early
14.556004,3.8540,0.7150,3.7660,107.43,move_early
14.559632,3.6280,0.5400,3.5280,107.43,move_early
14.563438,3.8060,0.5380,3.7320,107.43,move_early
14.567029,3.5910,0.5550,3.5280,107.43,move_early
14.570983,3.9540,0.5490,3.7450,107.43,move_early
14.574700,3.7170,0.5450,3.7100,107.43,move_early
14.578218,3.5180,0.7410,3.5000,107.43,move_early
14.582404,4.1860,0.5720,4.1150,107.43,move_early
14.585988,3.5840,0.5560,3.5050,107.43,move_early
14.589869,3.8810,0.5530,3.7670,107.43,move_early
14.593475,3.6060,0.5410,3.5090,107.43,move_early
14.597281,3.8060,0.5480,3.7680,107.43,move_early
14.600867,3.5860,0.5610,3.5130,107.43,move_early
14.604706,3.8390,0.5320,3.7520,107.43,move_early
14.608300,3.5940,0.5980,3.5230,107.43,move_early
14.612082,3.7820,0.5450,3.6850,107.43,move_early
14.615640,3.5580,0.5630,3.5400,107.43,move_early
14.619602,3.9620,0.5470,3.8420,107.43,move_early
14.623693,4.0910,0.5680,3.9440,107.43,move_early
14.627201,3.5080,0.7850,3.4950,107.43,move_early
14.631032,3.8310,0.5700,3.7840,107.43,move_early
14.634651,3.6190,0.5710,3.5080,107.43,move_early
14.638431,3.7800,0.7030,3.7320,107.43,move_early
14.642005,3.5740,0.5620,3.5200,107.43,move_early
14.646111,4.1060,0.5460,3.7300,107.43,move_early
14.649917,3.8060,0.6600,3.9860,107.43,move_early
14.653856,3.9390,0.5440,3.8410,107.43,move_early
14.657592,3.7360,0.5820,3.5200,107.43,move_early
14.661295,3.7030,0.5700,3.7400,107.43,move_early
14.664896,3.6010,0.5390,3.5330,107.43,move_early
14.668732,3.8360,0.5780,3.7680,107.43,move_early
14.672616,3.8840,0.5480,3.8050,107.43,move_early
14.676280,3.6640,0.5830,3.5350,107.43,move_early
14.680261,3.9810,0.5520,3.9150,107.43,move_early
14.683899,3.6380,0.6370,3.5270,107.43,move_early
14.687766,3.8670,0.6030,3.8160,107.43,move_early
14.691451,3.6850,0.5900,3.5460,107.43,move_early
14.695296,3.8450,0.7020,3.7760,107.43,move_early
14.698910,3.6140,0.5690,3.5580,107.43,move_early
14.702760,3.8500,0.5370,3.7700,107.43,move_early
14.706401,3.6410,0.5510,3.5680,107.43,move_early
14.710219,3.8180,0.5390,3.7500,107.43,move_early
14.714469,4.2500,0.5350,3.8790,107.43,move_early
14.718010,3.5410,0.5940,3.5470,107.43,move_early
14.721871,3.8610,0.5500,3.7810,107.43,move_early
14.725510,3.6390,0.5600,3.5410,107.43,move_early
14.729420,3.9100,0.5620,3.8250,107.43,move_early
14.733006,3.5860,0.6240,3.5300,107.43,move_early
14.736873,3.8670,0.5620,3.7740,107.43,move_early
14.740527,3.6540,0.5520,3.5540,107.43,move_early
14.744336,3.8090,0.5560,3.7490,107.43,move_early
14.747981,3.6450,0.5560,3.5660,107.43,move_early
14.752029,4.0480,0.5970,3.9930,107.43,move_early
14.755741,3.7120,0.5430,3.5810,107.43,move_early
14.759587,3.8460,0.5630,3.5560,107.43,move_early
14.763483,3.8960,0.5460,3.7980,107.43,move_early
14.767102,3.6190,0.5450,3.5450,107.43,move_early
14.771035,3.9330,0.5430,3.8160,107.43,move_early
14.782701,11.6660,0.6380,3.5440,107.43,move_early
14.787079,4.3780,0.5830,3.7470,107.43,move_early
14.791610,4.5310,0.7270,3.5830,107.43,move_early
14.795316,3.7060,0.6280,3.7840,107.43,move_early
14.798037,2.7210,0.5850,3.7920,107.43,move_early
14.801667,3.6300,0.6320,3.5340,107.43,move_early
14.805472,3.8050,0.5670,3.7480,107.43,move_early
14.809016,3.5440,0.5420,3.4660,107.43,move_early
14.812810,3.7940,0.5560,3.7140,107.43,move_early
14.816573,3.7630,0.5730,3.5050,107.43,move_early
14.820448,3.8750,0.5560,3.7940,107.43,move_early
14.823990,3.5420,0.5540,3.4800,107.43,move_early
14.827824,3.8340,0.5530,3.7670,107.43,move_early
14.831499,3.6750,0.5760,3.5430,107.43,move_early
14.835330,3.8310,0.5790,3.7750,107.43,move_early
14.839013,3.6830,0.5400,3.5600,107.43,move_early
14.842735,3.7220,0.5760,3.5330,107.43,move_early
14.846639,3.9040,0.6770,3.7310,107.43,move_early
14.850425,3.7860,0.5450,3.5350,107.43,move_early
14.854292,3.8670,0.5560,3.7820,107.43,move_early
14.857924,3.6320,0.5460,3.5160,107.43,move_early
14.861736,3.8120,0.5470,3.7820,107.43,move_early
14.865402,3.6660,0.5990,3.5340,107.43,move_early
14.869182,3.7800,0.5550,3.6820,107.43,move_early
14.872851,3.6690,0.5400,3.5290,107.43,move_early
14.876574,3.7230,0.5410,3.7010,107.43,move_early
14.880394,3.8200,0.5870,3.7590,107.43,move_early
14.884544,4.1500,0.7310,4.0250,107.43,move_early
14.888367,3.8230,0.5620,3.7720,107.43,move_early
14.891979,3.6120,0.5580,3.4990,107.43,move_early
14.895809,3.8300,0.5500,3.7820,107.43,move_early
14.899439,3.6300,0.5550,3.4960,107.43,move_early
14.903244,3.8050,0.5650,3.7170,107.43,move_early
14.906776,3.5320,0.5620,3.4960,107.43,move_early
14.910553,3.7770,0.5660,3.6860,107.43,move_early
14.914131,3.5780,0.5760,3.5140,107.43,move_early
14.918092,3.9610,0.5530,3.8770,107.43,move_early
14.921699,3.6070,0.6010,3.5240,107.43,move_early
14.925522,3.8230,0.5520,3.7400,107.43,move_early
14.929190,3.6680,0.5650,3.5440,107.43,move_early
14.932963,3.7730,0.5450,3.7430,107.43,move_early
14.936611,3.6480,0.5520,3.5500,107.43,move_early
14.940384,3.7730,0.6230,3.5180,107.43,move_early
14.944139,3.7550,0.5600,3.7080,107.43,move_early
14.947957,3.8180,0.5430,3.7050,107.43,move_early
14.951895,3.9380,0.5690,3.8810,107.43,move_early
14.955500,3.6050,0.5780,3.5100,107.43,move_early
14.959322,3.8220,0.5750,3.7430,107.43,move_early
14.963093,3.7710,0.7880,3.5300,107.43,move_early
14.967045,3.9520,0.7080,3.7400,107.43,move_early
14.970363,3.3180,0.5580,3.5150,107.43,move_early
14.974149,3.7860,0.5490,3.7240,107.43,move_early
14.977796,3.6470,0.5450,3.5390,107.43,move_early
14.981610,3.8140,0.5620,3.6920,107.43,move_early
14.985263,3.6530,0.5490,3.5370,107.43,move_early
14.989356,4.0930,0.5480,3.7780,107.43,move_early
14.993117,3.7610,0.5390,3.7940,107.43,move_early
14.996815,3.6980,0.5790,3.5130,107.43,move_early
15.000604,3.7890,0.5560,3.7640,107.43,move_early
15.004388,3.7840,0.6210,3.7220,107.43,move_early
15.008109,3.7210,0.5470,3.6950,107.43,move_early
15.011764,3.6550,0.5860,3.5340,107.43,move_early
15.016400,4.6360,0.5400,4.5540,107.43,move_early
15.020030,3.6300,0.5840,3.5340,107.43,move_early
15.024012,3.9820,0.5420,3.7550,107.43,move_early
15.027950,3.9380,0.5450,3.7550,107.43,move_early
15.031596,3.6460,0.5490,3.4940,107.43,move_early
15.035275,3.6790,0.7370,3.7690,107.43,move_early
15.038865,3.5900,0.5880,3.4910,107.43,move_early
15.042642,3.7770,0.5560,3.7510,107.43,move_early
15.046314,3.6720,0.7530,3.5250,107.43,move_early
15.050202,3.8880,0.5720,3.8590,107.43,move_early
15.053848,3.6460,0.5590,3.5430,107.43,move_early
15.059825,5.9770,0.5730,3.7680,107.43,move_early
15.063093,3.2680,0.5820,3.5310,107.43,move_early
15.066521,3.4280,0.5750,3.5130,107.43,move_early
15.070181,3.6600,0.5760,3.7710,107.43,move_early
15.073801,3.6200,0.5810,3.5010,107.43,move_early
15.077601,3.8000,0.5570,3.7100,107.43,move_early
15.081208,3.6070,0.5610,3.5230,107.43,move_early
15.085088,3.8800,0.5630,3.8070,107.43,move_early
15.088764,3.6760,0.6390,3.5410,107.43,move_early
15.092870,4.1060,0.5870,3.8690,107.43,move_early
15.096324,3.4540,0.5730,3.5510,107.43,move_early
15.100180,3.8560,0.6040,3.7630,107.43,move_early
15.104020,3.8400,0.5500,3.7800,107.43,move_early
15.107855,3.8350,0.6830,3.5320,107.43,move_early
15.111536,3.6810,0.5530,3.7780,107.43,move_early
15.115088,3.5520,0.7070,3.5450,107.43,move_early
15.118992,3.9040,0.5610,3.8150,107.43,move_early
15.122641,3.6490,0.5700,3.5630,107.43,move_early
15.126673,4.0320,0.5540,3.9690,107.43,move_early
15.130320,3.6470,0.5520,3.5580,107.43,move_early
15.134396,4.0760,0.5520,3.8010,107.43,move_early
15.138383,3.9870,0.5900,3.5700,107.43,move_early
15.141822,3.4390,0.5580,3.7820,107.43,move_early
