t_s,frame_ms,cpu_ms,gpu_ms,dist_m,phase
0.000057,0.0570,0.6630,3.0040,0.00,move_early
0.012753,12.6960,0.8530,3.2080,0.00,move_early
0.023562,10.8090,0.6550,3.2650,0.56,move_early
0.034552,10.9900,0.7110,3.2340,1.03,move_early
0.050070,15.5180,0.7160,3.0080,1.48,move_early
0.218579,168.5090,0.7120,3.0080,6.44,move_early
0.280040,61.4610,0.8090,2.9850,8.56,move_early
0.292331,12.2910,1.3210,2.9720,11.23,move_early
0.351773,59.4420,1.1010,2.9670,11.45,move_early
0.366563,14.7900,0.9430,3.0220,13.88,move_early
0.377813,11.2500,1.1680,2.9790,14.56,move_early
0.390856,13.0430,0.7990,4.4240,14.89,move_early
0.400681,9.8250,0.9600,2.9810,15.39,move_early
0.410043,9.3620,0.8480,2.9790,15.77,move_early
0.430916,20.8730,0.6810,2.9590,16.15,move_early
0.445123,14.2070,0.6990,3.5840,16.67,move_early
0.457654,12.5310,0.7810,3.0150,17.23,move_early
0.519976,62.3220,0.7210,3.2710,17.72,move_early
0.533256,13.2800,0.7470,3.2200,20.56,move_early
0.543550,10.2940,1.0780,3.1580,21.23,move_early
0.557575,14.0250,0.7070,2.9510,21.49,move_early
0.572255,14.6800,0.6320,2.9690,22.05,move_early
0.587134,14.8790,0.7530,3.0030,22.72,move_early
0.598894,11.7600,0.7500,2.9660,23.39,move_early
0.609107,10.2130,0.7350,2.9560,23.89,move_early
0.623255,14.1480,0.6930,2.9680,24.39,move_early
0.632743,9.4880,0.6310,2.9710,24.89,move_early
0.647758,15.0150,0.6490,2.9690,25.39,move_early
0.660195,12.4370,0.6430,2.9390,25.89,move_early
0.672862,12.6670,0.6940,2.9640,26.39,move_early
0.723279,50.4170,0.6710,3.2100,26.89,move_early
0.728839,5.5600,0.6600,2.9680,28.39,move_early
0.732581,3.7420,0.9730,2.9780,29.05,move_early
0.736848,4.2670,0.9180,4.5320,29.43,move_early
0.739819,2.9710,0.6840,2.9490,29.55,move_early
0.743147,3.3280,0.5950,3.2100,29.68,move_early
0.746147,3.0000,0.6250,2.9750,29.80,move_early
0.749462,3.3150,0.5840,3.2040,29.93,move_early
0.752483,3.0210,0.6120,2.9720,30.06,move_early
0.755583,3.1000,0.5700,2.9790,30.18,move_early
0.821169,65.5860,0.6790,2.9750,30.31,move_early
0.870271,49.1020,0.6250,2.9500,32.56,move_early
0.929479,59.2080,0.9980,2.9940,34.56,move_early
0.944778,15.2990,1.2090,2.9970,37.03,move_early
0.960464,15.6860,1.3680,3.1870,37.93,move_early
0.978875,18.4110,1.1140,4.0110,38.19,move_early
1.046392,67.5170,0.8480,2.9720,38.94,move_early
1.164753,118.3610,0.9710,3.2310,41.71,move_early
1.191260,26.5070,1.3360,3.1670,46.40,move_early
1.202369,11.1090,1.1400,2.9460,47.44,move_early
1.222720,20.3510,0.9060,2.9400,47.89,move_early
1.249305,26.5850,0.6400,3.1480,48.68,move_early
1.301628,52.3230,0.7740,3.6330,49.89,move_early
1.319677,18.0490,0.7830,2.9510,51.53,move_early
1.336895,17.2180,1.0580,2.9760,52.56,move_early
1.349203,12.3080,0.8670,3.1340,53.58,move_early
1.369469,20.2660,0.7210,2.9810,54.07,move_early
1.381469,12.0000,0.8130,2.9800,54.87,move_early
1.399750,18.2810,0.6930,3.6880,55.34,move_early
1.425307,25.5570,0.6390,2.9490,56.07,move_early
1.442218,16.9110,0.7190,4.1290,56.85,move_early
1.451900,9.6820,1.0070,2.9830,57.61,move_early
1.461751,9.8510,0.7370,2.9460,58.15,move_early
1.523165,61.4140,0.6230,2.9590,58.55,move_early
1.535880,12.7150,0.6960,4.1680,60.56,move_early
1.547819,11.9390,0.9820,2.9860,61.23,move_early
1.567097,19.2780,0.6870,3.2130,61.89,move_early
1.585784,18.6870,0.6630,3.0630,62.77,move_early
1.600447,14.6630,0.6710,3.0900,63.51,move_early
1.620479,20.0320,0.6430,3.1320,64.10,move_early
1.661924,41.4450,0.6240,3.0970,64.88,move_early
1.678361,16.4370,0.7470,3.1030,65.92,move_early
1.692304,13.9430,0.9580,3.0960,66.72,move_early
1.704834,12.5300,0.9580,3.0770,67.49,move_early
1.717034,12.2000,0.7430,3.1010,68.28,move_early
1.734590,17.5560,0.6760,3.1000,68.80,move_early
1.748653,14.0630,0.9700,3.0790,69.48,move_early
1.769593,20.9400,0.8250,3.0740,70.13,move_early
1.849816,80.2230,1.5430,3.2580,70.88,move_early
1.865713,15.8970,1.0160,3.0710,73.82,move_early
1.888412,22.6990,1.2880,3.1040,74.56,move_early
1.900692,12.2800,0.9040,4.4740,75.64,move_early
1.913921,13.2290,0.8340,3.0680,75.89,move_early
1.930194,16.2730,1.0640,4.1620,76.73,move_early
1.995787,65.5930,1.5050,3.0590,77.33,move_early
2.008770,12.9830,0.9850,3.0880,79.65,move_early
2.031889,23.1190,1.1470,3.0870,80.46,move_early
2.097211,65.3220,0.8390,3.3830,81.41,move_early
2.143342,46.1310,1.1260,4.2460,83.39,move_early
2.160570,17.2280,1.2590,3.4520,85.21,move_early
2.173300,12.7300,1.1110,3.0810,86.53,move_early
2.240561,67.2610,0.8670,3.5990,87.04,move_early
2.263342,22.7810,0.8960,3.0520,89.12,move_early
2.278992,15.6500,1.1770,4.9470,90.45,move_early
2.293827,14.8350,1.1160,3.0570,91.30,move_early
2.308231,14.4040,1.0400,3.5650,91.56,move_early
2.321259,13.0280,1.0890,4.1010,92.13,move_early
2.343724,22.4650,1.0780,3.6480,92.80,move_early
2.366702,22.9780,0.9900,3.9230,93.46,move_early
2.377721,11.0190,1.1190,3.0990,94.14,move_early
2.388674,10.9530,1.0270,3.2870,94.80,move_early
2.405282,16.6080,0.6660,3.9130,95.47,move_early
2.429346,24.0640,0.6710,3.0570,96.14,move_early
2.472984,43.6380,0.9130,3.7790,96.80,move_early
2.493202,20.2180,1.0460,3.2950,98.39,move_early
2.512751,19.5490,1.0730,3.8010,99.21,move_early
2.534102,21.3510,1.1830,3.8200,100.10,move_early
2.554983,20.8810,1.0050,3.0440,100.98,move_early
2.574032,19.0490,1.0480,3.4490,101.87,move_early
2.593812,19.7800,0.8240,3.0620,102.76,move_early
2.612902,19.0900,0.9140,4.6860,103.65,move_early
2.637072,24.1700,0.8050,3.1000,104.54,move_early
2.652808,15.7360,0.8890,3.7440,105.43,move_early
2.665819,13.0110,1.0300,3.0900,106.23,move_early
2.679998,14.1790,0.8270,3.4440,106.75,move_early
2.692343,12.3450,1.0350,3.0500,107.33,move_early
2.702966,10.6230,1.0060,3.0570,107.83,move_early
2.718951,15.9850,0.9310,3.0680,108.22,move_early
2.731006,12.0550,0.7580,3.4100,108.84,move_early
2.745469,14.4630,0.6820,3.0700,109.34,move_early
2.761418,15.9490,0.8440,3.5740,109.92,move_early
2.772850,11.4320,0.7510,3.4330,110.45,move_early
2.836175,63.3250,0.6740,3.0670,110.98,move_early
2.892678,56.5030,0.7130,4.4750,113.23,move_early
2.914013,21.3350,1.7630,3.0560,115.23,move_early
2.928253,14.2400,1.2030,3.0780,116.35,move_early
2.942156,13.9030,0.9540,3.0850,117.24,move_early
2.959286,17.1300,0.8370,5.1280,117.48,move_early
2.978350,19.0640,1.0800,3.0760,118.19,move_early
2.999579,21.2290,1.1780,3.6780,118.86,move_early
3.012735,13.1560,1.2150,3.5450,119.53,move_early
3.023902,11.1670,1.2150,3.3860,120.19,move_early
3.055647,31.7450,1.1570,3.3980,120.86,move_early
3.070343,14.6960,1.0200,3.0670,121.72,move_early
3.084151,13.8080,1.2090,3.2570,122.38,move_early
3.100505,16.3540,1.3020,3.0350,123.05,move_early
3.169099,68.5940,0.9200,3.3010,123.72,move_early
3.201240,32.1410,1.1090,3.0660,126.56,move_early
3.228007,26.7670,1.2990,3.0770,127.90,move_early
3.307341,79.3340,1.4320,4.1080,129.23,move_early
3.366433,59.0920,1.1010,3.4450,131.86,move_early
3.390835,24.4020,1.1000,3.0590,134.13,move_early
3.404778,13.9430,1.1230,3.4710,135.76,move_early
3.424307,19.5290,0.8680,3.0330,135.96,move_early
3.438540,14.2330,0.7540,3.0320,136.74,move_early
3.457378,18.8380,0.7090,3.2690,137.57,move_early
3.472850,15.4720,0.7990,3.2520,138.37,move_early
3.487788,14.9380,1.1290,5.3420,139.02,move_early
3.500439,12.6510,0.8680,3.4310,139.61,move_early
3.512068,11.6290,0.7630,3.3890,140.11,move_early
3.522835,10.7670,0.7020,3.2930,140.57,move_early
3.586172,63.3370,0.6800,3.0820,141.00,move_early
3.603491,17.3190,0.6590,3.3690,143.23,move_early
3.627026,23.5350,1.3010,3.0300,143.95,move_early
3.708018,80.9920,1.2200,4.5420,145.23,move_early
3.735468,27.4500,1.2460,3.4280,147.82,move_early
3.756646,21.1780,1.3480,3.4150,149.23,move_early
3.775704,19.0580,1.1060,4.6400,150.41,move_early
3.792251,16.5470,1.0560,3.5060,150.83,move_early
3.808012,15.7610,1.0950,3.0560,151.66,move_early
3.827890,19.8780,0.9690,3.2740,152.44,move_early
3.894620,66.7300,0.8410,3.0240,153.23,move_early
3.924209,29.5890,0.9710,3.7190,155.60,move_early
3.946884,22.6750,1.1730,3.0710,156.93,move_early
3.971804,24.9200,1.2530,3.4830,158.02,move_early
3.985836,14.0320,1.1820,3.0200,159.01,move_early
4.003650,17.8140,1.0060,3.0330,159.56,move_early
4.031957,28.3070,0.8840,3.4490,160.31,move_early
4.051303,19.3460,1.3300,4.0950,161.23,move_early
4.069799,18.4960,1.3380,3.0760,162.12,move_early
4.086245,16.4460,1.1300,3.0140,162.92,move_early
4.111054,24.8090,1.0170,3.4450,163.59,move_early
4.137456,26.4020,1.0750,3.4160,164.56,move_early
4.162605,25.1490,1.1290,3.4290,165.39,move_early
4.185012,22.4070,1.3920,3.0480,166.25,move_early
4.205940,20.9280,1.0510,3.0260,167.23,move_early
4.228279,22.3390,1.0480,3.0530,168.08,move_early
4.252178,23.8990,1.0730,3.0610,168.93,move_early
4.269201,17.0230,1.3250,4.4250,169.79,move_early
4.332457,63.2560,1.0370,3.5930,170.64,move_early
4.353845,21.3880,1.0800,3.0570,173.11,move_early
4.379511,25.6660,1.0690,3.0900,174.30,move_early
4.401712,22.2010,1.1290,3.0320,175.31,move_early
4.421845,20.1330,1.0610,3.0220,176.18,move_early
4.435004,13.1590,0.8450,3.0530,176.99,move_early
4.445793,10.7890,0.9070,3.0830,177.50,move_early
4.457482,11.6890,0.7170,3.0380,177.92,move_early
4.468754,11.2720,0.7020,3.0760,178.41,move_early
4.482619,13.8650,0.7180,3.0570,178.85,move_early
4.499976,17.3570,0.7600,3.0410,179.43,move_early
4.566549,66.5730,1.3780,3.0380,180.10,move_early
4.579771,13.2220,1.0120,3.0660,182.47,move_early
4.593447,13.6760,1.1000,3.0320,183.23,move_early
4.617544,24.0970,1.2290,3.0240,183.54,move_early
4.630646,13.1020,1.0420,3.0320,184.50,move_early
4.648984,18.3380,0.9740,3.0500,185.17,move_early
4.664811,15.8270,0.9090,3.0490,185.84,move_early
4.690451,25.6400,1.0800,3.5510,186.50,move_early
4.705912,15.4610,1.0930,3.0700,187.17,move_early
4.720866,14.9540,1.0980,3.8030,187.84,move_early
4.735059,14.1930,1.2470,3.0150,188.50,move_early
4.750242,15.1830,1.0050,3.0420,189.17,move_early
4.760961,10.7190,1.0600,3.0460,189.84,move_early
4.772136,11.1750,0.8180,3.0680,190.50,move_early
4.782961,10.8250,1.0870,4.2580,190.99,move_early
4.796867,13.9060,0.9420,3.0610,191.23,move_early
4.814046,17.1790,0.7950,3.0330,191.84,move_early
4.836387,22.3410,1.0470,3.0610,192.45,move_early
4.848431,12.0440,1.0940,3.2170,193.12,move_early
4.867115,18.6840,0.8690,3.2300,193.73,move_early
4.883268,16.1530,0.7920,3.0690,194.39,move_early
4.898290,15.0220,0.8830,3.0740,195.06,move_early
4.916868,18.5780,0.8140,3.0620,195.71,move_early
4.937514,20.6460,0.8950,3.2230,196.37,move_early
4.950748,13.2340,0.7580,3.0530,197.04,move_early
4.969784,19.0360,0.7320,3.0340,197.71,move_early
4.982365,12.5810,0.8800,3.0410,198.37,move_early
4.994774,12.4090,0.8280,3.0240,199.04,move_early
5.015243,20.4690,0.7290,3.2230,199.65,move_early
5.027004,11.7610,0.5820,3.0680,200.32,move_early
5.038225,11.2210,0.6450,3.0510,200.93,move_early
5.047479,9.2540,0.5650,3.0250,201.54,move_early
5.066008,18.5290,0.5890,3.2030,201.89,move_early
5.081971,15.9630,0.6140,3.0560,202.50,move_early
5.144507,62.5360,0.7810,3.3830,203.12,move_early
5.205046,60.5390,0.9460,3.0350,205.61,move_early
5.223040,17.9940,0.9490,3.0570,208.01,move_early
5.241216,18.1760,0.9660,5.0230,208.68,move_early
5.253304,12.0880,0.6660,3.0530,209.45,move_early
5.316443,63.1390,0.7110,3.0240,209.89,move_early
5.329295,12.8520,0.7380,3.8100,212.46,move_early
5.345187,15.8920,0.9730,3.7960,213.23,move_early
5.359575,14.3880,0.7960,5.0830,213.92,move_early
5.375334,15.7590,0.7650,3.5340,214.14,move_early
5.384938,9.6040,0.6890,3.5410,214.81,move_early
5.444677,59.7390,0.7200,3.0540,215.47,move_early
5.469712,25.0350,0.5990,3.4530,217.58,move_early
5.488297,18.5850,0.9400,3.0560,218.60,move_early
5.502390,14.0930,1.0940,3.5400,219.65,move_early
5.518856,16.4660,0.7850,3.0570,220.21,move_early
5.531872,13.0160,0.9050,3.4490,220.87,move_early
5.541914,10.0420,0.8380,4.8030,221.36,move_early
5.562768,20.8540,0.7020,3.9040,221.76,move_early
5.633689,70.9210,0.6630,3.0170,222.42,move_early
5.692365,58.6760,0.9100,3.0440,225.17,move_early
5.714122,21.7570,1.1780,3.4360,227.51,move_early
5.727287,13.1650,1.1310,3.8630,228.56,move_early
5.741398,14.1110,1.3520,3.0140,228.88,move_early
5.757487,16.0890,0.9260,3.6940,229.46,move_early
5.773943,16.4560,1.0210,3.0180,230.12,move_early
5.833329,59.3860,0.8700,3.0470,230.79,move_early
5.866713,33.3840,0.9690,3.3980,233.15,move_early
5.894335,27.6220,1.1830,3.0250,234.49,move_early
5.919698,25.3630,1.1890,4.3040,235.83,move_early
5.937139,17.4410,1.3440,4.1640,236.93,move_early
5.961374,24.2350,0.9990,3.2180,237.60,move_early
5.977568,16.1940,0.8390,2.9930,238.58,move_early
5.993047,15.4790,0.9260,3.2620,238.88,move_early
6.016622,23.5750,0.8040,3.0150,239.55,move_early
6.040187,23.5650,0.8270,2.9970,240.21,move_early
6.053622,13.4350,1.1340,3.0170,241.08,move_early
6.067875,14.2530,1.0030,3.0160,241.74,move_early
6.137120,69.2450,0.9730,3.0120,242.41,move_early
6.154085,16.9650,1.1290,3.0130,245.23,move_early
6.221156,67.0710,1.0490,3.1970,245.98,move_early
6.243709,22.5530,1.0950,3.0190,248.56,move_early
6.262823,19.1140,1.0310,3.0170,249.89,move_early
6.278837,16.0140,1.0820,4.2130,250.67,move_early
6.293573,14.7360,1.0630,3.1950,251.29,move_early
6.308708,15.1350,0.9880,3.0240,251.51,move_early
6.322065,13.3570,0.8080,3.0080,252.18,move_early
6.334672,12.6070,0.9110,3.0350,252.85,move_early
6.346702,12.0300,0.8500,3.0240,253.49,move_early
6.357672,10.9700,0.6980,3.0260,253.98,move_early
6.368141,10.4690,0.8570,3.2060,254.40,move_early
6.384830,16.6890,0.7200,3.0590,254.83,move_early
6.404717,19.8870,0.7740,3.0040,255.36,move_early
6.422702,17.9850,1.0430,3.0300,255.92,move_early
6.502447,79.7450,1.0290,3.0030,256.56,move_early
6.516110,13.6630,0.8790,4.1950,259.89,move_early
6.537604,21.4940,1.2920,3.2400,260.56,move_early
6.607287,69.6830,1.2330,3.0260,261.65,move_early
6.628381,21.0940,1.0760,3.0180,263.89,move_early
6.648533,20.1520,1.3190,3.0210,265.23,move_early
6.672321,23.7880,1.1300,2.9930,266.09,move_early
6.692558,20.2370,1.2050,2.9940,267.08,move_early
6.724315,31.7570,1.4860,2.9960,268.01,move_early
6.806548,82.2330,1.4980,3.0190,269.27,move_early
6.848747,42.1990,1.8190,4.6570,271.81,move_early
6.871730,22.9830,1.6350,7.3140,273.48,move_early
6.900826,29.0960,1.4130,4.6860,275.04,move_early
6.918785,17.9590,1.2140,4.7530,276.21,move_early
6.943294,24.5090,1.2330,5.4100,276.89,move_early
6.967487,24.1930,1.0070,3.0640,277.87,move_early
6.980577,13.0900,1.0500,4.1140,278.87,move_early
6.998545,17.9680,1.1300,4.0890,279.35,move_early
7.011130,12.5850,0.9050,3.6420,280.08,move_early
7.037978,26.8480,1.1350,4.1210,280.61,move_early
7.054541,16.5630,1.2400,5.0570,281.45,move_early
7.119371,64.8300,1.5630,2.9130,282.22,move_early
7.134255,14.8840,0.9600,4.1360,284.56,move_early
7.156265,22.0100,0.9780,3.8450,285.23,move_early
7.171899,15.6340,0.8790,2.9100,286.34,move_early
7.185908,14.0090,1.0300,2.9220,286.99,move_early
7.195657,9.7490,0.7960,5.1890,287.52,move_early
7.258976,63.3190,0.6120,2.9420,287.90,move_early
7.276328,17.3520,0.5860,4.1040,289.81,move_early
7.293262,16.9340,0.8750,3.2130,290.56,move_early
7.313702,20.4400,0.6760,2.9300,291.23,move_early
7.334623,20.9210,1.0890,3.5650,292.08,move_early
7.357402,22.7790,0.9190,3.5450,292.94,move_early
7.394455,37.0530,1.1940,4.7210,293.81,move_early
7.413545,19.0900,1.4310,2.9310,295.61,move_early
7.491705,78.1600,1.3120,2.9140,296.56,move_early
7.521033,29.3280,1.2170,4.0860,299.23,move_early
7.547190,26.1570,1.2880,4.1190,300.56,move_early
7.566790,19.6000,1.1270,4.1130,302.04,move_early
7.594469,27.6790,1.1450,6.0890,302.82,move_early
7.612582,18.1130,1.1830,2.9240,303.95,move_early
7.637419,24.8370,1.3330,2.9000,304.71,move_early
7.662475,25.0560,2.6380,2.9010,305.65,move_early
7.674183,11.7080,1.1420,4.1290,306.65,move_early
7.750482,76.2990,1.0740,2.8960,307.09,move_early
7.775535,25.0530,0.9850,4.1290,309.86,move_early
7.790352,14.8170,1.3530,4.9250,310.85,move_early
7.814592,24.2400,1.1990,2.8880,311.74,move_early
7.830272,15.6800,0.9080,2.9000,312.75,move_early
7.845757,15.4850,1.2670,4.0360,313.35,move_early
7.861529,15.7720,1.1590,3.2190,313.99,move_early
7.875530,14.0010,1.2640,2.8590,314.62,move_early
7.887803,12.2730,1.1400,4.1090,315.11,move_early
7.902433,14.6300,0.7260,2.8820,315.64,move_early
7.924662,22.2290,0.8490,3.1860,316.25,move_early
7.936861,12.1990,1.0340,4.1110,316.91,move_early
8.006522,69.6610,1.1100,2.8660,317.58,move_early
8.080155,73.6330,0.9180,2.8950,319.89,move_early
8.115208,35.0530,1.2670,2.8770,323.06,move_early
8.128801,13.5930,1.3920,4.0210,324.56,move_early
8.141672,12.8710,1.4810,4.0850,325.23,move_early
8.163949,22.2770,1.3470,4.1310,325.51,move_early
8.188563,24.6140,1.3900,3.8380,326.44,move_early
8.222462,33.8990,1.4370,2.8900,327.10,move_early
8.237935,15.4730,1.3930,3.5800,328.44,move_early
8.318433,80.4980,1.5610,4.1310,329.22,move_early
8.391772,73.3390,1.2950,3.5740,332.56,move_early
8.414666,22.8940,1.2800,2.8650,335.52,move_early
8.436665,21.9990,1.3310,3.1680,336.56,move_early
8.457546,20.8810,1.2760,2.8920,337.30,move_early
8.487867,30.3210,1.3440,4.4700,338.14,move_early
8.502533,14.6660,1.4030,2.8530,339.23,move_early
8.516112,13.5790,1.1940,4.1190,340.16,move_early
8.527900,11.7880,0.9440,4.0590,340.77,move_early
8.547205,19.3050,0.9650,4.0840,341.25,move_early
8.568543,21.3380,0.9980,2.8660,342.04,move_early
8.582939,14.3960,1.1680,3.8030,342.82,move_early
8.602208,19.2690,1.4920,2.8440,343.44,move_early
8.615011,12.8030,0.9840,2.8720,344.19,move_early
8.627734,12.7230,1.1080,2.9010,344.72,move_early
8.639691,11.9570,0.9290,5.3120,345.25,move_early
8.666038,26.3470,1.0300,2.8610,345.75,move_early
8.679646,13.6080,1.1560,4.1180,346.42,move_early
8.701147,21.5010,1.0340,4.1060,347.03,move_early
8.728429,27.2820,0.8570,2.8700,347.69,move_early
8.741138,12.7090,1.0320,4.0790,348.60,move_early
8.817492,76.3540,0.9210,2.8720,349.26,move_early
8.834089,16.5970,1.0750,2.8710,352.55,move_early
8.855215,21.1260,1.3470,2.9000,353.23,move_early
8.879177,23.9620,1.1760,2.8370,354.39,move_early
8.899511,20.3340,1.3000,2.8560,355.34,move_early
8.914404,14.8930,1.3460,2.8400,356.15,move_early
8.934720,20.3160,1.2680,2.8400,356.74,move_early
8.954590,19.8700,1.2460,2.8440,357.56,move_early
8.973358,18.7680,1.1360,3.7680,358.33,move_early
9.049411,76.0530,1.0790,2.9750,359.06,move_early
9.075906,26.4950,0.9570,2.9930,361.83,move_early
9.155047,79.1410,1.4650,3.1040,362.88,move_early
9.185192,30.1450,1.3510,3.0850,365.89,move_early
9.203396,18.2040,1.3580,3.2470,367.62,move_early
9.237092,33.6960,1.5590,4.6410,367.98,move_early
9.261512,24.4200,1.3320,3.2420,369.32,move_early
9.273442,11.9300,1.2620,4.5020,370.29,move_early
9.292626,19.1840,1.1910,3.2710,371.07,move_early
9.306209,13.5830,0.9610,3.2370,371.90,move_early
9.390895,84.6860,1.1610,3.2310,372.39,move_early
9.418742,27.8470,1.1130,3.2360,375.23,move_early
9.435586,16.8440,1.3270,3.3040,376.58,move_early
9.451480,15.8940,1.2760,3.3170,377.24,move_early
9.466075,14.5950,1.0890,4.5630,377.89,move_early
9.478874,12.7990,0.9330,3.3370,378.56,move_early
9.493522,14.6480,0.7910,3.3430,379.23,move_early
9.512794,19.2720,0.9220,4.8520,379.76,move_early
9.533203,20.4090,0.8510,3.3320,380.32,move_early
9.547739,14.5360,0.9050,4.7370,380.98,move_early
9.560615,12.8760,1.0690,3.3000,381.65,move_early
9.572360,11.7450,0.8530,5.0030,382.24,move_early
9.586109,13.7490,0.7940,6.1280,382.84,move_early
9.599067,12.9580,0.7550,3.9910,383.45,move_early
9.609298,10.2310,0.8500,6.3700,384.06,move_early
9.634076,24.7780,0.7690,4.0140,384.48,move_early
9.653428,19.3520,0.7690,5.8970,385.07,move_early
9.671225,17.7970,1.1700,5.3190,385.67,move_early
9.690155,18.9300,1.0690,4.0030,386.30,move_early
9.766189,76.0340,0.8250,4.0390,387.07,move_early
9.790262,24.0730,1.1030,4.0180,390.48,move_early
9.807175,16.9130,1.4010,3.3410,391.46,move_early
9.823772,16.5970,1.2930,4.6640,392.10,move_early
9.840586,16.8140,1.1200,5.2760,392.78,move_early
9.856818,16.2320,1.2980,3.3470,393.62,move_early
9.873474,16.6560,1.1870,4.8780,394.42,move_early
9.889581,16.1070,1.0720,3.3060,395.08,move_early
9.905471,15.8900,1.0550,5.0750,395.73,move_early
9.922102,16.6310,1.0800,3.3570,396.36,move_early
9.943592,21.4900,1.0630,4.5050,397.05,move_early
9.959588,15.9960,1.2370,3.3400,397.89,move_early
9.980126,20.5380,1.6530,4.5750,398.52,move_early
10.001870,21.7440,1.0470,3.3200,399.19,move_early
10.079420,77.5500,1.4740,3.3420,399.86,move_early
10.103018,23.5980,1.3030,3.3300,403.03,move_early
10.123879,20.8610,1.4640,3.3180,403.97,move_early
10.145466,21.5870,1.3210,3.3270,404.79,move_early
10.214908,69.4420,1.3350,3.3250,405.89,move_early
10.228039,13.1310,1.3570,3.3490,408.13,move_early
10.247852,19.8130,1.2540,3.3280,409.28,move_early
10.278138,30.2860,1.3000,4.7880,410.09,move_early
10.315450,37.3120,1.4610,3.3550,411.32,move_early
10.333767,18.3170,1.4390,4.7380,412.57,move_early
10.415398,81.6310,1.0600,3.3090,413.54,move_early
10.432884,17.4860,1.4670,5.7330,416.46,move_early
10.452740,19.8560,1.3090,3.3130,417.23,move_early
10.466638,13.8980,1.2860,5.5470,418.29,move_early
10.486301,19.6630,1.3960,4.5980,418.56,move_early
10.513064,26.7630,1.4630,4.6010,419.39,move_early
10.529271,16.2070,1.4140,4.6270,420.56,move_early
10.546867,17.5960,1.3780,3.8210,421.35,move_early
10.563482,16.6150,1.4110,4.6060,422.03,move_early
10.584887,21.4050,1.1010,3.7770,422.68,move_early
10.596879,11.9920,1.0450,4.5880,423.50,move_early
10.610808,13.9290,1.0790,5.5270,424.01,move_early
10.629375,18.5670,0.9830,3.3490,424.57,move_early
10.703393,74.0180,1.0150,5.9290,425.31,move_early
10.773107,69.7140,0.8200,4.6150,427.89,move_early
10.793826,20.7190,1.3090,4.5910,430.56,move_early
10.811670,17.8440,1.2650,4.9920,431.89,move_early
10.837217,25.5470,1.0810,4.4910,432.56,move_early
10.850170,12.9530,1.1140,4.5280,433.32,move_early
10.866108,15.9380,1.1450,5.1020,433.89,move_early
10.936482,70.3740,0.9590,5.4180,434.56,move_early
10.959301,22.8190,1.0710,4.9190,437.23,move_early
10.973997,14.6960,1.3710,3.2430,438.20,move_early
10.986212,12.2150,1.1940,4.4430,439.11,move_early
11.004761,18.5490,1.0010,4.5120,439.59,move_early
11.026235,21.4740,1.0580,3.2580,440.34,move_early
11.050293,24.0580,1.1280,5.4240,441.14,move_early
11.067376,17.0830,1.1390,6.6720,441.94,move_early
11.080675,13.2990,0.9610,3.2820,442.74,move_early
11.150216,69.5410,1.1520,5.4880,443.35,move_early
11.166321,16.1050,0.8640,4.4880,445.83,move_early
11.181214,14.8930,1.1600,4.2920,446.56,move_early
11.194339,13.1250,1.3000,4.3940,447.36,move_early
11.208071,13.7320,0.7380,3.4400,447.55,move_early
11.237702,29.6310,0.8020,4.3710,448.22,move_early
11.252628,14.9260,1.0400,4.2540,449.01,move_early
11.268367,15.7390,1.1730,3.0520,449.68,move_early
11.283333,14.9660,0.8670,3.0630,450.34,move_early
11.297320,13.9870,1.0480,4.2930,451.01,move_early
11.310802,13.4820,0.8490,4.2820,451.68,move_early
11.321160,10.3580,0.7860,4.2950,452.34,move_early
11.331688,10.5280,0.7990,4.2860,452.95,move_early
11.341787,10.0990,0.7490,3.0690,453.38,move_early
11.360109,18.3220,0.7230,4.2880,453.78,move_early
11.382977,22.8680,0.8090,3.1820,454.38,move_early
11.396841,13.8640,1.0790,4.5380,454.99,move_early
11.462462,65.6210,1.1250,4.0490,455.59,move_early
11.492856,30.3940,0.8550,3.1870,458.36,move_early
11.507718,14.8620,1.3760,3.8620,459.55,move_early
11.522988,15.2700,1.1530,3.4210,460.44,move_early
11.544110,21.1220,1.0090,3.2080,460.72,move_early
11.557463,13.3530,0.9190,2.8480,461.89,move_early
11.627064,69.6010,1.0120,2.8200,462.41,move_early
11.646906,19.8420,0.8060,2.8160,464.92,move_early
11.659335,12.4290,1.1810,3.9970,465.89,move_early
11.684796,25.4610,0.9540,2.8320,466.19,move_early
11.706160,21.3640,1.1240,4.2300,467.23,move_early
11.726220,20.0600,1.4030,2.8230,467.89,move_early
11.749334,23.1140,1.2820,2.8110,468.56,move_early
11.824207,74.8730,1.3290,6.8550,469.46,move_early
11.837658,13.4510,1.1870,2.8110,472.56,move_early
11.871571,33.9130,1.2300,2.8000,473.32,move_early
11.897742,26.1710,1.1070,2.8050,474.88,move_early
11.914865,17.1230,1.3180,2.8160,476.09,move_early
11.930235,15.3700,1.3180,3.4410,476.78,move_early
11.945372,15.1370,1.3250,3.9020,477.37,move_early
11.959349,13.9770,1.3180,4.2500,477.96,move_early
11.973792,14.4430,0.9830,2.8440,478.50,move_early
11.988991,15.1990,0.8960,4.2550,479.11,move_early
12.002737,13.7460,1.1670,2.8290,479.70,move_early
12.022146,19.4090,1.0050,2.7980,480.26,move_early
12.090586,68.4400,1.1200,2.8360,480.93,move_early
12.105989,15.4030,1.0580,2.8130,483.23,move_early
12.128770,22.7810,1.1750,2.8040,484.06,move_early
12.156354,27.5840,1.0990,2.8230,485.30,move_early
12.176556,20.2020,1.2100,5.1200,486.40,move_early
12.192310,15.7540,1.1120,4.8690,487.21,move_early
12.207693,15.3830,1.1150,3.7530,487.82,move_early
12.224160,16.4670,0.8880,2.7950,488.45,move_early
12.242478,18.3180,1.0490,2.7870,489.10,move_early
12.258004,15.5260,0.9950,2.8130,489.84,move_early
12.273327,15.3230,0.8950,2.8110,490.47,move_early
12.285723,12.3960,1.0010,3.6640,491.05,move_early
12.296770,11.0470,0.7880,3.7140,491.54,move_early
12.308254,11.4840,0.7400,2.8150,491.99,move_early
12.324308,16.0540,0.8890,2.8130,492.45,move_early
12.341958,17.6500,0.9020,2.8340,493.06,move_early
12.362842,20.8840,1.1900,2.8120,493.67,move_early
12.385213,22.3710,1.0740,2.8080,494.34,move_early
12.404943,19.7300,1.4480,3.8840,495.00,move_early
12.423659,18.7160,1.4140,2.8070,495.72,move_early
12.447264,23.6050,1.2350,4.2470,496.46,move_early
12.467178,19.9140,1.4170,4.4980,497.42,move_early
12.489842,22.6640,1.6230,2.8070,498.20,move_early
12.512363,22.5210,1.2930,3.3210,499.11,move_early
12.592827,80.4640,1.3700,3.9640,500.02,move_early
12.615132,22.3050,1.3400,2.7960,503.23,move_early
12.629620,14.4880,1.2450,4.4100,504.56,move_early
12.640905,11.2850,1.1150,2.8050,505.23,move_early
12.658584,17.6790,0.9440,2.8230,505.43,move_early
12.678190,19.6060,0.8620,2.7930,506.16,move_early
12.754150,75.9600,1.0870,2.8060,506.82,move_early
12.783293,29.1430,1.0330,3.9030,509.89,move_early
12.800196,16.9030,1.3040,4.9020,511.23,move_early
12.812816,12.6200,1.1820,2.7920,511.89,move_early
12.833385,20.5690,0.9790,2.7900,512.56,move_early
12.849711,16.3260,0.8960,3.9070,513.23,move_early
12.914166,64.4550,1.1350,2.7880,513.89,move_early
12.937654,23.4880,1.1390,2.8220,516.40,move_early
12.952591,14.9370,1.1830,2.7900,517.33,move_early
12.964306,11.7150,1.1220,2.7960,518.25,move_early
12.987643,23.3370,0.9680,4.0560,518.70,move_early
13.002000,14.3570,0.9510,2.7920,519.53,move_early
13.014510,12.5100,1.1080,2.7940,520.21,move_early
13.031017,16.5070,0.9300,2.8090,520.71,move_early
13.055183,24.1660,0.9300,3.8970,521.39,move_early
13.069424,14.2410,1.0830,2.8410,522.14,move_early
13.078908,9.4840,1.1700,3.6110,522.87,move_early
13.092104,13.1960,0.6400,2.8040,523.26,move_early
13.163771,71.6670,0.6920,2.8120,523.80,move_early
13.179508,15.7370,0.8580,3.3640,526.37,move_early
13.191304,11.7960,1.1230,4.1240,527.23,move_early
13.212780,21.4760,0.9100,4.1080,527.44,move_early
13.245427,32.6470,0.8760,5.9180,528.32,move_early
13.260186,14.7590,1.1520,4.1140,529.34,move_early
13.344397,84.2110,1.2880,4.0730,530.17,move_early
13.369405,25.0080,1.1450,5.1030,533.61,move_early
13.385115,15.7100,1.2560,4.2020,534.61,move_early
13.396951,11.8360,1.1800,4.1880,535.23,move_early
13.408350,11.3990,0.9100,4.1640,535.89,move_early
13.433780,25.4300,0.8160,5.5090,536.46,move_early
13.448771,14.9910,0.8910,4.2330,537.12,move_early
13.467174,18.4030,1.2050,4.2120,537.79,move_early
13.492759,25.5850,1.0040,5.4650,538.46,move_early
13.507456,14.6970,1.0090,4.1720,539.21,move_early
13.521129,13.6730,1.1950,4.1710,539.88,move_early
13.589554,68.4250,0.9790,5.3740,540.55,move_early
13.610305,20.7510,0.9760,6.4560,543.23,move_early
13.700206,89.9010,1.0870,6.2170,544.22,move_early
13.723518,23.3120,1.0410,5.6930,547.87,move_early
13.787348,63.8300,1.2730,4.1180,549.12,move_early
13.808428,21.0800,1.3620,4.9140,551.12,move_early
13.829593,21.1650,1.2210,6.0220,552.16,move_early
13.850164,20.5710,1.1510,4.0740,553.32,move_early
13.865237,15.0730,1.0330,4.1010,554.16,move_early
13.878246,13.0090,1.1030,6.9570,554.77,move_early
13.905952,27.7060,0.9960,6.3910,555.28,move_early
13.921645,15.6930,1.0370,4.0950,556.08,move_early
13.939461,17.8160,1.1590,4.1070,556.86,move_early
14.008038,68.5770,1.1150,7.9500,557.62,move_early
14.034692,26.6540,1.0290,4.0800,559.89,move_early
14.057481,22.7890,1.1380,4.0670,561.22,move_early
14.072924,15.4430,1.2360,4.0800,562.47,move_early
14.090952,18.0280,1.1650,5.2830,563.05,move_early
14.110830,19.8780,0.9670,4.1050,563.79,move_early
14.186984,76.1540,1.0690,4.0760,564.60,move_early
14.210289,23.3050,1.1760,4.0900,567.23,move_early
14.225311,15.0220,1.3390,10.2660,568.56,move_early
14.237082,11.7710,1.2060,4.0840,569.15,move_early
14.258200,21.1180,0.9990,4.7150,569.28,move_early
14.270723,12.5230,0.9190,4.0830,570.17,move_early
14.289811,19.0880,1.1300,4.0900,570.97,move_early
14.310787,20.9760,0.9660,4.0770,571.75,move_early
14.336273,25.4860,1.1760,4.0710,572.56,move_early
14.351277,15.0040,1.1310,4.0940,573.34,move_early
14.365209,13.9320,1.1420,5.6200,574.12,move_early
14.388732,23.5230,1.0130,5.1340,574.75,move_early
14.401810,13.0780,0.9680,4.1110,575.53,move_early
14.479742,77.9320,1.0350,4.0830,576.18,move_early
14.494373,14.6310,0.7240,4.0900,579.03,move_early
14.513467,19.0940,1.3050,4.0940,579.89,move_early
14.528611,15.1440,1.1040,4.0970,580.72,move_early
14.542287,13.6760,1.2920,6.8390,581.23,move_early
14.562003,19.7160,1.3150,4.0560,581.84,move_early
14.592298,30.2950,1.0730,4.0660,582.51,move_early
14.615853,23.5550,1.1910,5.3980,583.19,move_early
14.640727,24.8740,1.1600,4.0700,584.13,move_early
14.660401,19.6740,1.2370,6.0710,585.13,move_early
14.674620,14.2190,1.1610,6.6330,586.06,move_early
14.703254,28.6340,1.1850,5.4150,586.95,move_early
14.724444,21.1900,1.0760,5.7190,587.84,move_early
14.742113,17.6690,1.2250,4.0680,588.76,move_early
14.759382,17.2690,1.2360,4.0850,589.65,move_early
14.775900,16.5180,1.2290,4.0760,590.54,move_early
14.801149,25.2490,1.1520,6.2370,591.22,move_early
14.817845,16.6960,1.2910,4.0880,592.09,move_early
14.836877,19.0320,1.2450,4.0680,592.88,move_early
14.889499,52.6220,1.1310,4.6410,593.63,move_early
14.910156,20.6570,1.1260,4.0860,595.07,move_early
14.923156,13.0000,1.2210,4.0690,596.07,move_early
14.942487,19.3310,1.1560,4.0870,597.07,move_early
14.978030,35.5430,1.2120,4.0810,597.87,move_early
15.007214,29.1840,1.2510,4.0720,598.80,move_early
15.020015,12.8010,1.2640,4.7130,599.79,move_early
15.038626,18.6110,1.1900,4.0670,600.75,move_early
15.058466,19.8400,1.0380,6.0500,601.69,move_early
15.140758,82.2920,1.0110,4.0830,602.50,move_early
15.233374,92.6160,1.2680,6.8810,605.23,move_early
15.259496,26.1220,1.2380,4.0650,609.16,move_early
15.278108,18.6120,1.1640,4.0590,610.22,move_early
15.294792,16.6840,1.1950,5.6300,611.23,move_early
15.309971,15.1790,0.9950,4.1030,611.89,move_early
15.325689,15.7180,0.7690,4.0630,612.20,move_early
15.347850,22.1610,0.9450,4.0600,612.87,move_early
15.361267,13.4170,0.9750,4.0930,613.53,move_early
15.383316,22.0490,0.9900,8.0340,614.20,move_early
15.398776,15.4600,0.9130,4.4960,614.87,move_early
15.417667,18.8910,0.9700,8.1130,615.53,move_early
15.449447,31.7800,0.7330,7.4040,616.20,move_early
15.465946,16.4990,0.9630,7.2030,617.45,move_early
15.485640,19.6940,0.9490,6.6680,618.18,move_early
15.500992,15.3520,0.9360,5.8440,618.91,move_early
15.516905,15.9130,0.9550,6.2630,619.63,move_early
15.534195,17.2900,0.8300,5.8580,620.36,move_early
15.547699,13.5040,1.1210,7.6010,621.08,move_early
15.557895,10.1960,0.9380,6.2630,621.75,move_early
15.633962,76.0670,0.7730,3.7320,622.41,move_early
15.655278,21.3160,0.8850,2.9290,625.19,move_early
15.667439,12.1610,1.2150,4.1700,626.05,move_early
15.679063,11.6240,1.2730,2.9290,626.86,move_early
15.691975,12.9120,1.1280,3.2690,627.23,move_early
15.703795,11.8200,0.9920,4.9070,627.83,move_early
15.729595,25.8000,1.0390,4.1930,628.30,move_early
15.820700,91.1050,1.2020,2.9050,628.97,move_early
15.836828,16.1280,1.1140,3.2780,632.56,move_early
15.862221,25.3930,1.1800,2.9130,633.31,move_early
15.881536,19.3150,1.0670,5.4000,634.56,move_early
15.900512,18.9760,1.2080,2.9290,635.23,move_early
15.919574,19.0620,1.2460,3.8620,636.19,move_early
15.941630,22.0560,1.2840,4.8330,636.94,move_early
15.959904,18.2740,1.2110,2.9030,637.74,move_early
15.973103,13.1990,1.1160,4.0270,638.51,move_early
15.983509,10.4060,1.0000,2.9030,639.04,move_early
16.005188,21.6790,0.7980,5.2210,639.46,move_early
16.078465,73.2770,0.8090,2.8900,640.20,move_early
16.091306,12.8410,0.8970,4.1460,642.97,move_early
16.109969,18.6630,1.2240,2.8950,643.47,move_early
16.178619,68.6500,1.0970,2.9080,644.20,move_early
16.192644,14.0250,0.9240,4.1630,646.97,move_early
16.258332,65.6880,1.0710,6.1280,647.84,move_early
16.279002,20.6700,1.0190,3.2580,649.89,move_early
16.298200,19.1980,1.3360,2.9030,651.23,move_early
16.320633,22.4330,2.7040,2.8970,652.07,move_early
16.335298,14.6650,1.0960,4.8500,652.96,move_early
16.347013,11.7150,1.0550,4.3870,653.55,move_early
16.365127,18.1140,1.0230,3.2410,654.00,move_early
16.384041,18.9140,0.7690,4.8960,654.74,move_early
16.397235,13.1940,0.8240,2.9020,655.50,move_early
16.421975,24.7400,1.1300,2.9270,656.02,move_early
16.442779,20.8040,0.9620,4.3590,656.77,move_early
16.458707,15.9280,0.9510,2.8720,657.52,move_early
16.471076,12.3690,1.0730,2.8730,658.25,move_early
16.491518,20.4420,0.8930,4.1190,658.96,move_early
16.510485,18.9670,0.8940,2.8750,659.68,move_early
16.522599,12.1140,1.2040,2.8690,660.34,move_early
16.544128,21.5290,0.8610,2.8820,661.01,move_early
16.564733,20.6050,1.0430,3.4980,661.68,move_early
16.578420,13.6870,0.8840,4.0130,662.38,move_early
16.596968,18.5480,0.8800,3.0560,663.05,move_early
16.616879,19.9110,0.6390,3.3490,663.72,move_early
16.627094,10.2150,0.8290,2.7470,664.44,move_early
16.636725,9.6310,0.6850,2.7550,665.11,move_early
16.655850,19.1250,0.4990,2.7680,665.56,move_early
16.667811,11.9610,0.6840,2.7290,666.22,move_early
16.678944,11.1330,0.8670,2.7750,666.81,move_early
16.693598,14.6540,0.6670,2.7480,667.28,move_early
16.728777,35.1790,0.8500,2.7350,667.83,move_early
16.743082,14.3050,0.6360,2.7280,668.61,move_early
16.753402,10.3200,0.8020,2.7310,669.27,move_early
16.794374,40.9720,0.7910,4.0200,669.94,move_early
16.806151,11.7770,0.6360,2.7630,671.23,move_early
16.823931,17.7800,0.8390,3.0000,672.08,move_early
16.842846,18.9150,1.8570,3.8600,672.91,move_early
16.924254,81.4080,1.0490,2.7480,673.74,move_early
16.946590,22.3360,1.1120,4.4460,676.56,move_early
16.968907,22.3170,0.9820,2.7400,677.89,move_early
16.993592,24.6850,1.0230,5.0000,678.57,move_early
17.011956,18.3640,1.1940,2.7600,679.56,move_early
17.029240,17.2840,1.0470,2.7690,680.28,move_early
17.048279,19.0390,0.9180,2.7320,680.99,move_early
17.066975,18.6960,1.2930,2.7280,681.75,move_early
17.085007,18.0320,0.9660,2.7350,682.47,move_early
17.102163,17.1560,0.7940,2.7320,683.21,move_early
17.119619,17.4560,0.9530,2.7820,683.96,move_early
17.131009,11.3900,1.6010,2.7430,684.71,move_early
17.253964,122.9550,0.6860,2.7320,685.35,move_early
17.273319,19.3550,0.6610,2.7420,689.89,move_early
17.286271,12.9520,0.9010,2.7940,690.74,move_early
17.298919,12.6480,0.8460,5.3540,691.24,move_early
17.311641,12.7220,0.7910,2.7870,691.89,move_early
17.323392,11.7510,0.8720,2.7570,692.59,move_early
17.388793,65.4010,0.8540,2.7510,693.03,move_early
17.410269,21.4760,0.6600,4.1890,695.23,move_early
17.424812,14.5430,1.0370,2.7600,696.20,move_early
17.437035,12.2230,0.7990,2.7410,696.75,move_early
17.449336,12.3010,0.5910,3.8650,697.56,move_early
17.460487,11.1510,0.5420,2.7360,698.07,move_early
17.473466,12.9790,0.5480,2.7170,698.50,move_early
17.487218,13.7520,0.5090,2.7290,699.01,move_early
17.497883,10.6650,0.4770,2.7340,699.56,move_early
17.506833,8.9500,0.4740,2.7270,699.99,move_early
17.524082,17.2490,0.5030,2.7470,700.37,move_early
17.534437,10.3550,0.5340,2.7220,700.89,move_early
17.590089,55.6520,0.6620,2.7700,701.42,move_early
17.609124,19.0350,0.6060,2.7440,703.07,move_early
17.664506,55.3820,0.9630,2.7310,703.78,move_early
17.689106,24.6000,0.6090,4.2260,706.41,move_early
17.700093,10.9870,1.2390,2.7520,707.37,move_early
17.715366,15.2730,0.9890,2.7150,708.11,move_early
17.730879,15.5130,0.8260,2.7410,708.56,move_early
17.745704,14.8250,0.6720,2.7340,709.33,move_early
17.760355,14.6510,0.6460,2.7260,709.92,move_early
17.772674,12.3190,0.6560,2.7400,710.50,move_early
17.788509,15.8350,0.6110,2.7340,711.02,move_early
17.851027,62.5180,0.5600,2.7240,711.63,move_early
17.870116,19.0890,0.6700,2.7490,713.84,move_early
17.882231,12.1150,0.9560,2.7710,714.60,move_early
17.946427,64.1960,0.8090,3.9640,715.37,move_early
17.973629,27.2020,0.6320,2.7180,717.34,move_early
17.987091,13.4620,0.9780,4.5000,718.67,move_early
17.997993,10.9020,1.0440,3.3390,719.60,move_early
18.009887,11.8940,0.7580,3.9260,719.89,move_early
18.070340,60.4530,0.5200,2.7320,720.48,move_early
18.083809,13.4690,0.6000,3.8280,722.56,move_early
18.093983,10.1740,0.9590,2.7560,723.23,move_early
18.103768,9.7850,0.7560,4.2940,723.85,move_early
18.152859,49.0910,0.6430,2.9680,724.24,move_early
18.171114,18.2550,0.6680,2.7250,725.59,move_early
18.188133,17.0190,0.9270,3.9920,726.39,move_early
18.199763,11.6300,0.6930,2.7510,727.16,move_early
18.214453,14.6900,0.6800,3.9610,727.89,move_early
18.228061,13.6080,0.8110,2.7330,728.63,move_early
18.287702,59.6410,0.5820,2.7430,729.21,move_early
18.302444,14.7420,0.6230,2.7750,731.23,move_early
18.313812,11.3680,0.8170,2.7380,731.89,move_early
18.371902,58.0900,0.5260,3.9780,732.56,move_early
18.387457,15.5550,0.5540,3.8020,734.35,move_early
18.402091,14.6340,0.9140,3.9560,735.23,move_early
18.412787,10.6960,1.0540,3.9250,736.20,move_early
18.429900,17.1130,0.6850,3.8900,736.60,move_early
18.443273,13.3730,0.5960,5.9390,737.32,move_early
18.496849,53.5760,0.8060,5.1830,737.83,move_early
18.515621,18.7720,0.7170,3.9450,739.68,move_early
18.527189,11.5680,0.9420,3.9160,740.56,move_early
18.538333,11.1440,0.8100,3.9070,740.88,move_early
18.563215,24.8820,0.8840,5.4110,741.34,move_early
18.575372,12.1570,0.9810,4.7730,742.01,move_early
18.585207,9.8350,0.8780,6.1000,742.67,move_early
18.611809,26.6020,0.5540,3.9290,743.17,move_early
18.627211,15.4020,0.7600,3.8980,743.96,move_early
18.642348,15.1370,0.8100,3.9280,744.62,move_early
18.653352,11.0040,0.8870,3.9160,745.29,move_early
18.669070,15.7180,0.8720,3.9280,745.96,move_early
18.683168,14.0980,0.6370,5.1610,746.62,move_early
18.726854,43.6860,0.8480,6.0850,747.29,move_early
18.737745,10.8910,0.7330,6.4600,748.56,move_early
18.747650,9.9050,0.8630,3.9250,749.32,move_early
18.818575,70.9250,0.7890,5.3790,750.02,move_early
18.847392,28.8170,0.9390,3.8520,752.56,move_early
18.864744,17.3520,1.1330,3.8520,753.70,move_early
18.879929,15.1850,1.0680,3.8540,754.72,move_early
18.892300,12.3710,0.9240,6.1360,755.34,move_early
18.904202,11.9020,0.9160,3.8650,755.51,move_early
18.916800,12.5980,1.1010,5.8550,756.18,move_early
18.937150,20.3500,1.0890,5.9590,756.84,move_early
18.957669,20.5190,1.3200,3.8510,757.51,move_early
18.977703,20.0340,1.0070,3.8320,758.18,move_early
19.003745,26.0420,1.4260,3.8420,758.84,move_early
19.017695,13.9500,1.3850,3.8480,759.67,move_early
19.029601,11.9060,1.2560,3.8570,760.33,move_early
19.044589,14.9880,1.1610,5.4030,761.00,move_early
19.063662,19.0730,1.4620,3.8710,761.67,move_early
19.087086,23.4240,1.0800,6.1620,762.33,move_early
19.106468,19.3820,1.0900,5.0940,763.00,move_early
19.119467,12.9990,1.2450,5.3080,763.76,move_early
19.148725,29.2580,1.1960,3.8840,764.43,move_early
19.226368,77.6430,1.0690,3.8220,765.45,move_early
19.252012,25.6440,1.0360,5.0800,768.56,move_early
19.271210,19.1980,0.8980,3.8500,769.92,move_early
19.289542,18.3320,1.1980,3.8340,770.67,move_early
19.305596,16.0540,1.1260,3.8470,771.37,move_early
19.319131,13.5350,0.8010,3.8660,772.01,move_early
19.331451,12.3200,0.8310,3.8150,772.67,move_early
19.343202,11.7510,0.6870,3.8240,773.34,move_early
19.401192,57.9900,0.7150,5.9230,773.82,move_early
19.426442,25.2500,0.6710,5.1090,775.84,move_early
19.451396,24.9540,0.8350,6.0010,776.89,move_early
19.471324,19.9280,1.2640,5.3440,777.89,move_early
19.488411,17.0870,1.6870,3.8440,778.98,move_early
19.505473,17.0620,0.9460,4.8880,779.64,move_early
19.522668,17.1950,0.7420,3.8380,780.32,move_early
19.546152,23.4840,0.7140,3.8510,781.05,move_early
19.564183,18.0310,1.0130,4.1420,781.89,move_early
19.581873,17.6900,0.8020,3.8660,782.69,move_early
19.593730,11.8570,1.1350,5.1510,783.40,move_early
19.603971,10.2410,0.8000,3.8650,783.86,move_early
19.622260,18.2890,0.8020,3.8460,784.30,move_early
19.684588,62.3280,0.9240,3.8740,784.96,move_early
19.741811,57.2230,0.8000,5.2970,787.19,move_early
19.761708,19.8970,0.9430,3.8680,789.23,move_early
19.774383,12.6750,1.1370,3.8270,790.26,move_early
19.793700,19.3170,0.8120,3.8650,791.10,move_early
19.808179,14.4790,0.8840,3.8680,791.55,move_early
19.824551,16.3720,0.9430,3.8190,792.38,move_early
19.840656,16.1050,0.7160,3.8530,793.14,move_early
19.853341,12.6850,0.7970,3.8550,793.72,move_early
19.865868,12.5270,0.6120,3.8260,794.23,move_early
19.878526,12.6580,0.6520,3.8600,794.76,move_early
19.943699,65.1730,0.7340,5.8920,795.26,move_early
20.019771,76.0720,0.8110,3.8290,797.22,move_early
20.044031,24.2600,0.9380,3.8310,800.56,move_early
20.055834,11.8030,1.2260,3.8560,801.55,move_early
20.066476,10.6420,0.7950,3.8270,802.01,move_early
20.077207,10.7310,0.6610,3.8190,802.56,move_early
20.089168,11.9610,0.6820,5.1140,803.21,move_early
20.100813,11.6450,0.7010,3.8890,803.71,move_early
20.112686,11.8730,0.7820,3.8380,804.16,move_early
20.123832,11.1460,0.8470,3.8130,804.63,move_early
20.134875,11.0430,0.8460,3.8290,805.06,move_early
20.145856,10.9810,0.7410,5.1070,805.51,move_early
20.162384,16.5280,0.8430,5.9800,805.93,move_early
20.178956,16.5720,0.6550,3.8570,806.56,move_early
20.197226,18.2700,0.8460,3.8290,807.23,move_early
20.216140,18.9140,0.7490,5.4040,807.75,move_early
20.234872,18.7320,0.8430,5.6840,808.28,move_early
20.247705,12.8330,0.8460,3.8550,808.86,move_early
20.268177,20.4720,0.9210,3.8470,809.39,move_early
20.281833,13.6560,0.7870,3.8430,810.24,move_early
20.360536,78.7030,1.1670,3.8230,810.78,move_early
20.401092,40.5560,0.7660,3.8180,814.31,move_early
20.421907,20.8150,1.1390,5.9020,815.90,move_early
20.444773,22.8660,1.2650,7.7770,816.71,move_early
20.470188,25.4150,1.2350,4.3780,817.63,move_early
20.490672,20.4840,0.9330,6.0290,818.61,move_early
20.511185,20.5130,0.9320,4.2150,819.50,move_early
20.529520,18.3350,0.9880,4.1720,820.39,move_early
20.547469,17.9490,1.2050,4.2080,821.28,move_early
20.563505,16.0360,0.9440,7.7790,822.06,move_early
20.577641,14.1360,0.9110,3.8150,822.69,move_early
20.605821,28.1800,0.9330,6.3080,823.24,move_early
20.622461,16.6400,0.8520,6.1980,824.07,move_early
20.642291,19.8300,1.1050,6.1740,824.85,move_early
20.659784,17.4930,0.9140,4.9040,825.61,move_early
20.677139,17.3550,0.9540,4.9180,826.36,move_early
20.693067,15.9280,0.8810,5.1190,827.10,move_early
20.707092,14.0250,0.7820,4.9410,827.83,move_early
20.718736,11.6440,0.6740,4.1840,828.39,move_early
20.734508,15.7720,0.7150,4.1900,828.85,move_early
20.745194,10.6860,0.6490,7.6320,829.48,move_early
20.765992,20.7980,0.6380,4.9870,829.92,move_early
20.825747,59.7550,0.6880,2.7030,830.58,move_early
20.846230,20.4830,0.8970,3.9120,832.51,move_early
20.894544,48.3140,0.9730,2.7150,833.51,move_early
20.952255,57.7110,1.0150,2.6920,835.28,move_early
20.963804,11.5490,1.0850,2.7210,837.57,move_early
20.980633,16.8290,0.9040,2.7040,838.65,move_early
21.007260,26.6270,0.6650,3.2020,839.23,move_early
21.023431,16.1710,0.6660,2.7260,840.10,move_early
21.038612,15.1810,0.8780,2.7250,840.93,move_early
21.053722,15.1100,0.7370,3.9630,841.65,move_early
21.069577,15.8550,0.6780,4.4410,842.30,move_early
21.084186,14.6090,1.6570,2.6890,842.89,move_early
21.098418,14.2320,0.6900,2.7400,843.47,move_early
21.109974,11.5560,0.6570,2.7120,844.04,move_early
21.123535,13.5610,0.6470,2.7060,844.48,move_early
21.136406,12.8710,0.5630,3.7160,845.04,move_early
21.242335,105.9290,0.8060,2.9520,845.55,move_early
21.260302,17.9670,0.6120,4.4350,849.23,move_early
21.270208,9.9060,0.8660,2.6820,850.17,move_early
21.279380,9.1720,0.6180,5.5130,850.56,move_early
21.288790,9.4100,0.5350,4.4030,851.23,move_early
21.297607,8.8170,0.6360,2.7570,851.62,move_early
21.307456,9.8490,0.5040,3.9040,851.99,move_early
21.316703,9.2470,0.6850,2.9640,852.38,move_early
21.326157,9.4540,0.5660,2.7120,852.75,move_early
21.335961,9.8040,0.5660,4.4570,853.13,move_early
21.344993,9.0320,0.5500,2.6830,853.51,move_early
21.355179,10.1860,0.5960,2.7120,853.88,move_early
21.364476,9.2970,0.4860,4.4430,854.25,move_early
21.373781,9.3050,0.5420,2.7390,854.62,move_early
21.382873,9.0920,0.5160,3.9510,854.99,move_early
21.393191,10.3180,0.4820,4.4460,855.36,move_early
21.464715,71.5240,0.5310,2.6930,855.73,move_early
21.485194,20.4790,0.4800,3.9170,858.38,move_early
21.496659,11.4650,0.9520,2.6830,859.23,move_early
21.518520,21.8610,0.6310,3.2310,859.89,move_early
21.544436,25.9160,0.4880,2.7090,860.56,move_early
21.556754,12.3180,0.5820,4.4430,861.45,move_early
21.569841,13.0870,0.5820,2.7100,862.25,move_early
21.596310,26.4690,0.5980,2.7070,862.94,move_early
21.608698,12.3880,1.0870,2.9820,863.89,move_early
21.626087,17.3890,0.7930,3.1390,864.43,move_early
21.636672,10.5850,0.5850,3.6610,865.10,move_early
21.703746,67.0740,0.6800,3.5500,865.21,move_early
21.715573,11.8270,0.4490,2.6720,867.89,move_early
21.780722,65.1490,0.7420,2.7050,868.56,move_early
21.804735,24.0130,0.5500,2.6840,871.03,move_early
21.817275,12.5400,0.8340,2.6990,872.29,move_early
21.838477,21.2020,0.6790,2.6680,872.77,move_early
21.860085,21.6080,0.6630,3.7630,873.28,move_early
21.872075,11.9900,0.5260,2.7020,874.16,move_early
21.885758,13.6830,0.5500,2.6970,874.95,move_early
21.899743,13.9850,0.4500,2.7240,875.51,move_early
21.915127,15.3840,0.5120,2.7050,876.07,move_early
21.926218,11.0910,0.5180,2.7250,876.69,move_early
21.981929,55.7110,0.5400,2.7000,877.12,move_early
21.994434,12.5050,0.4880,2.7060,879.04,move_early
22.050780,56.3460,0.6260,2.6840,879.53,move_early
22.069426,18.6460,0.5900,2.6870,881.81,move_early
22.078536,9.1100,0.6960,2.6960,882.87,move_early
22.123328,44.7920,0.5910,2.6940,882.91,move_early
22.140706,17.3780,0.5420,2.7030,884.35,move_early
22.152550,11.8440,0.5290,2.6740,885.23,move_early
22.169588,17.0380,0.5780,2.6740,885.89,move_early
22.225426,55.8380,0.5100,3.3980,886.56,move_early
22.266011,40.5850,0.4770,2.7070,888.56,move_early
22.277902,11.8910,0.6920,2.7150,890.43,move_early
22.289709,11.8070,0.7540,2.7140,891.21,move_early
22.301326,11.6170,0.5510,2.6690,891.36,move_early
22.310735,9.4090,0.5300,2.6740,891.89,move_early
22.320250,9.5150,0.4560,2.7070,892.39,move_early
22.385426,65.1760,0.4370,2.6920,892.88,move_early
22.403907,18.4810,0.4350,3.7260,895.23,move_early
22.417027,13.1200,1.0210,2.9760,895.97,move_early
22.433095,16.0680,0.8360,3.8380,896.80,move_early
22.445375,12.2800,0.6870,3.7350,897.45,move_early
22.456143,10.7680,0.9020,2.7020,897.94,move_early
22.466271,10.1280,0.8460,3.3050,898.34,move_early
22.544671,78.4000,0.5840,2.6630,898.74,move_early
22.557318,12.6470,0.5670,4.1790,901.58,move_early
22.568051,10.7330,0.8150,3.8270,902.06,move_early
22.577455,9.4040,0.6260,3.5480,902.56,move_early
22.596420,18.9650,0.5890,3.1210,902.85,move_early
22.615326,18.9060,0.5460,5.0410,903.52,move_early
22.630151,14.8250,0.6150,3.1280,904.19,move_early
22.650385,20.2340,0.9680,3.1260,904.85,move_early
22.664941,14.5560,0.7470,3.1340,905.52,move_early
22.679225,14.2840,0.9610,3.1130,906.19,move_early
22.695095,15.8700,0.6710,3.1240,906.85,move_early
22.704399,9.3040,0.6930,4.4140,907.52,move_early
22.762037,57.6380,0.5760,3.0930,908.13,move_early
22.786936,24.8990,0.6430,3.1380,910.29,move_early
22.801781,14.8450,0.9570,5.2690,911.29,move_early
22.813904,12.1230,1.0050,4.8660,912.18,move_early
22.868556,54.6520,0.6650,3.7910,912.66,move_early
22.880959,12.4030,0.7630,3.8010,914.20,move_early
22.891061,10.1020,0.7990,3.7570,915.20,move_early
22.900728,9.6670,0.6120,5.0460,915.73,move_early
22.910364,9.6360,0.5850,3.9940,916.11,move_early
22.919714,9.3500,0.4900,3.7640,916.50,move_early
22.930658,10.9440,0.5810,6.7810,916.88,move_early
22.942348,11.6900,0.5730,3.8130,917.33,move_early
22.957161,14.8130,0.7020,3.7690,917.78,move_early
23.006525,49.3640,0.5490,3.8530,918.28,move_early
23.025774,19.2490,0.7660,3.8440,919.73,move_early
23.037990,12.2160,0.8170,3.8080,920.49,move_early
23.056240,18.2500,0.7400,3.7740,921.16,move_early
23.069325,13.0850,0.6050,4.5940,921.82,move_early
23.080120,10.7950,0.9650,5.9970,922.49,move_early
23.089797,9.6770,0.5030,5.0370,923.16,move_early
23.109779,19.9820,0.5040,4.5810,923.68,move_early
23.121851,12.0720,0.6780,3.8120,924.35,move_early
23.132652,10.8010,0.7780,3.7720,924.98,move_early
23.142846,10.1940,0.6400,5.3970,925.41,move_early
23.207363,64.5170,0.6430,5.0810,925.84,move_early
23.231195,23.8320,0.7140,4.5350,927.89,move_early
23.255878,24.6830,0.9220,3.7840,929.04,move_early
23.273334,17.4560,0.6660,3.8040,930.02,move_early
23.283025,9.6910,0.7800,3.8070,931.02,move_early
23.348216,65.1910,0.5300,3.8130,931.40,move_early
23.386351,38.1350,0.5700,3.7890,933.74,move_early
23.405456,19.1050,0.8530,5.4580,935.26,move_early
23.418183,12.7270,0.7560,3.8700,936.32,move_early
23.430380,12.1970,0.5420,3.8640,936.56,move_early
23.441806,11.4260,0.5750,5.3820,937.23,move_early
23.458144,16.3380,0.5070,3.8680,937.73,move_early
23.468159,10.0150,0.4640,4.6200,938.26,move_early
23.482740,14.5810,0.5310,3.8920,938.81,move_early
23.498555,15.8150,0.5780,5.4730,939.38,move_early
23.550582,52.0270,1.1340,4.7480,939.97,move_early
23.565515,14.9330,0.5220,3.8770,941.47,move_early
23.581225,15.7100,0.7770,3.9220,942.13,move_early
23.647910,66.6850,0.9800,3.8930,942.80,move_early
23.672299,24.3890,1.1020,3.8860,945.73,move_early
23.689266,16.9670,0.8730,3.8910,946.69,move_early
23.753385,64.1190,0.8140,3.8840,947.70,move_early
23.772469,19.0840,0.8470,3.9200,949.89,move_early
23.837061,64.5920,0.8480,3.9830,951.02,move_early
23.855963,18.9020,0.8340,3.9520,953.23,move_early
23.870426,14.4630,0.8910,4.8570,954.37,move_early
23.932175,61.7490,0.7550,7.3150,954.92,move_early
23.956644,24.4690,0.6160,5.7580,956.76,move_early
23.967717,11.0730,0.9330,5.1410,958.23,move_early
24.023432,55.7150,0.7080,4.0770,958.79,move_early
24.056710,33.2780,0.5720,4.0450,960.41,move_early
24.071957,15.2470,0.9670,4.0510,961.74,move_early
24.082251,10.2940,0.8220,5.5920,962.97,move_early
24.134685,52.4340,0.5350,5.9230,963.37,move_early
24.158517,23.8320,0.4880,4.0550,964.84,move_early
24.173177,14.6600,0.7990,6.0390,966.04,move_early
24.218697,45.5200,0.7380,5.2550,967.04,move_early
24.243893,25.1960,0.5860,4.1230,968.23,move_early
24.260725,16.8320,0.7750,4.1080,969.40,move_early
24.274354,13.6290,0.6670,4.1330,970.53,move_early
24.287245,12.8910,0.6240,4.4510,971.06,move_early
24.343751,56.5060,0.5160,6.5750,971.57,move_early
24.411654,67.9030,0.5530,4.0930,973.20,move_early
24.430601,18.9470,0.7070,4.2020,976.28,move_early
24.489219,58.6180,0.8170,4.1910,977.23,move_early
24.535194,45.9750,0.7630,4.1800,979.23,move_early
24.554638,19.4440,0.8790,4.1830,981.23,move_early
24.572826,18.1880,0.9400,5.5040,982.31,move_early
24.587270,14.4440,0.7580,4.3120,983.04,move_early
24.601753,14.4830,0.7710,8.5460,983.62,move_early
24.616244,14.4910,0.8350,4.2520,984.20,move_early
24.629799,13.5550,0.7550,6.2420,984.78,move_early
24.646132,16.3330,0.6950,6.9370,985.31,move_early
24.666949,20.8170,0.7140,4.2610,985.96,move_early
24.678058,11.1090,0.6400,4.2400,986.71,move_early
24.689360,11.3020,0.6490,5.6000,987.22,move_early
24.703970,14.6100,0.6010,4.2890,987.66,move_early
24.716595,12.6250,0.5130,4.2650,988.26,move_early
24.728619,12.0240,0.5980,5.4740,988.75,move_early
24.746106,17.4870,0.5860,6.7680,989.23,move_early
24.760025,13.9190,0.5750,4.6650,989.89,move_early
24.777164,17.1390,0.8230,2.9060,990.45,move_early
24.788529,11.3650,0.7000,2.8890,991.00,move_early
24.799176,10.6470,1.0150,4.1140,991.56,move_early
24.813486,14.3100,0.6860,2.9160,992.07,move_early
24.838272,24.7860,0.6590,2.9210,992.63,move_early
24.854910,16.6380,0.8250,2.8880,993.23,move_early
24.872122,17.2120,0.7400,2.9280,993.89,move_early
24.882332,10.2100,0.7650,2.9000,994.47,move_early
24.894272,11.9400,0.6550,2.9180,995.04,move_early
24.905060,10.7880,0.5660,2.9490,995.59,move_early
24.919245,14.1850,0.5610,2.9250,996.15,move_early
24.934010,14.7650,0.6370,4.8130,996.70,move_early
24.948858,14.8480,0.7530,5.2370,997.26,move_early
24.961349,12.4910,0.7550,3.5770,997.81,move_early
25.035691,74.3420,0.7460,2.8980,998.37,move_early
25.054075,18.3840,0.6360,3.7400,1001.23,move_early
25.070549,16.4740,0.8810,3.3510,1002.01,move_early
25.098674,28.1250,0.9360,3.1110,1003.23,move_early
25.178237,79.5630,0.9440,3.1110,1004.53,move_early
25.252447,74.2100,0.9680,3.1110,1007.23,move_early
25.283433,30.9860,0.9570,3.1110,1010.28,move_early
25.299333,15.9000,0.9410,3.1110,1011.23,move_early
25.311291,11.9580,0.6710,4.2190,1011.89,move_early
25.321487,10.1960,0.5570,4.7070,1012.19,move_early
25.375180,53.6930,0.5000,2.8880,1012.86,move_early
25.393182,18.0020,0.4810,2.9060,1014.46,move_early
25.403492,10.3100,0.8150,2.9300,1015.23,move_early
25.448298,44.8060,0.6130,3.6570,1015.89,move_early
25.469819,21.5210,0.5970,2.9210,1017.71,move_early
25.482598,12.7790,0.6300,3.6340,1018.56,move_early
25.494339,11.7410,0.6540,3.6630,1019.38,move_early
25.505458,11.1190,0.4850,4.9180,1019.51,move_early
25.514770,9.3120,0.4470,2.9240,1020.18,move_early
25.578688,63.9180,0.4610,2.9020,1020.66,move_early
25.643016,64.3280,0.4820,2.9120,1022.93,move_early
25.708100,65.0840,0.7870,4.1600,1025.56,move_early
25.723478,15.3780,1.0200,4.7440,1027.89,move_early
25.734924,11.4460,0.8790,4.1520,1029.05,move_early
25.748938,14.0140,0.6750,4.0890,1029.23,move_early
25.760978,12.0400,0.7770,3.8300,1029.89,move_early
25.774057,13.0790,0.7500,3.3970,1030.55,move_early
25.785532,11.4750,0.7240,4.1780,1031.06,move_early
25.803014,17.4820,0.5840,4.1800,1031.52,move_early
25.814383,11.3690,0.5570,2.9280,1032.19,move_early
25.828741,14.3580,0.7250,4.9730,1032.68,move_early
25.839814,11.0730,0.6690,2.9240,1033.25,move_early
25.854063,14.2490,0.6570,2.9160,1033.69,move_early
25.867785,13.7220,0.5920,2.9370,1034.24,move_early
25.879256,11.4710,0.8010,2.9160,1034.80,move_early
25.890086,10.8300,0.5940,3.2970,1035.27,move_early
25.900608,10.5220,0.5530,4.1610,1035.70,move_early
25.922810,22.2020,0.5740,2.9480,1036.13,move_early
25.936819,14.0090,0.6760,4.1750,1036.66,move_early
25.948029,11.2100,0.8200,2.9250,1037.23,move_early
25.964286,16.2570,0.9450,3.0570,1037.89,move_early
26.025848,61.5620,0.6730,3.8980,1038.41,move_early
26.056598,30.7500,0.7120,3.3490,1040.56,move_early
26.067717,11.1190,0.8380,3.7930,1042.05,move_early
26.120881,53.1640,0.7150,3.7920,1042.56,move_early
26.130975,10.0940,0.4460,4.5740,1044.26,move_early
26.143235,12.2600,0.6160,2.6750,1045.33,move_early
26.160199,16.9640,0.5610,4.4120,1045.47,move_early
26.172378,12.1790,0.5160,3.8780,1046.20,move_early
26.183942,11.5640,0.7310,3.0550,1046.86,move_early
26.243627,59.6850,0.5400,4.5340,1047.23,move_early
26.263867,20.2400,0.5100,2.6910,1049.23,move_early
26.276094,12.2270,0.7890,2.7230,1050.34,move_early
26.288017,11.9230,0.8100,3.7830,1050.79,move_early
26.300241,12.2240,0.5530,3.8990,1051.60,move_early
26.321374,21.1330,0.5290,2.6650,1052.12,move_early
26.338124,16.7500,0.6680,2.6900,1052.92,move_early
26.404322,66.1980,0.6240,3.7310,1053.61,move_early
26.416167,11.8450,0.5730,3.9190,1055.89,move_early
26.434142,17.9750,0.7970,2.6910,1056.56,move_early
26.447278,13.1360,0.6540,3.9910,1057.49,move_early
26.459625,12.3470,0.7540,3.9030,1058.01,move_early
26.475196,15.5710,0.7120,2.6740,1058.53,move_early
26.493868,18.6720,1.0600,3.0190,1059.13,move_early
26.546745,52.8770,0.7720,2.6860,1059.80,move_early
26.561819,15.0740,0.8140,2.7180,1061.67,move_early
26.580765,18.9460,0.8280,3.9020,1062.56,move_early
26.594599,13.8340,0.7710,4.5310,1063.35,move_early
26.613699,19.1000,0.7100,2.6700,1063.55,move_early
26.629870,16.1710,0.5930,2.6740,1064.21,move_early
26.642345,12.4750,0.6310,2.6690,1064.88,move_early
26.661985,19.6400,0.6350,2.6840,1065.55,move_early
26.676053,14.0680,0.6390,2.6880,1066.21,move_early
26.690239,14.1860,0.5140,2.6920,1066.88,move_early
26.709201,18.9620,0.5120,2.6890,1067.55,move_early
26.797377,88.1760,0.6680,2.7100,1068.21,move_early
26.823460,26.0830,0.5470,2.6870,1071.69,move_early
26.846675,23.2150,0.9190,2.6780,1072.73,move_early
26.861180,14.5050,0.9450,3.7710,1073.89,move_early
26.883441,22.2610,1.0260,2.6700,1074.56,move_early
26.897104,13.6630,0.8320,3.9100,1075.47,move_early
26.908922,11.8180,0.8090,2.7200,1076.00,move_early
26.918706,9.7840,0.6620,2.6790,1076.45,move_early
26.972182,53.4760,0.5660,2.6700,1076.84,move_early
26.984933,12.7510,0.4720,2.7030,1078.39,move_early
26.995817,10.8840,1.0070,2.7030,1079.06,move_early
27.006151,10.3340,0.7020,3.0560,1079.73,move_early
27.016373,10.2220,0.6790,2.6790,1080.34,move_early
27.086845,70.4720,0.6400,2.6760,1080.74,move_early
27.108703,21.8580,0.5880,2.7030,1083.23,move_early
27.121353,12.6500,0.9080,2.6730,1084.14,move_early
27.130985,9.6320,0.7280,2.6700,1084.96,move_early
27.153089,22.1040,0.5980,3.8220,1085.32,move_early
27.166329,13.2400,0.6100,2.6910,1086.16,move_early
27.176104,9.7750,0.8030,3.1460,1086.74,move_early
27.194221,18.1170,0.5510,2.6680,1087.12,move_early
27.257676,63.4550,0.5360,2.7130,1087.79,move_early
27.278368,20.6920,0.6180,2.6510,1089.89,move_early
27.288210,9.8420,0.8440,2.7200,1090.89,move_early
27.297748,9.5380,0.5230,2.6620,1091.60,move_early
27.366971,69.2230,0.4630,2.6870,1092.00,move_early
27.379309,12.3380,0.5320,2.6640,1094.48,move_early
27.389402,10.0930,0.8690,2.6760,1095.23,move_early
27.407053,17.6510,0.7140,3.7420,1095.34,move_early
27.472119,65.0660,0.6770,3.9090,1096.04,move_early
27.491248,19.1290,0.6340,2.7180,1098.56,move_early
27.501687,10.4390,0.8230,2.6740,1099.42,move_early
27.518740,17.0530,0.6400,2.6990,1100.14,move_early
27.580690,61.9500,0.5010,2.6510,1100.84,move_early
27.602284,21.5940,0.5740,2.6650,1103.02,move_early
27.612818,10.5340,0.8430,4.3440,1103.89,move_early
27.631381,18.5630,0.5740,2.6840,1104.59,move_early
27.642343,10.9620,0.4730,2.6570,1105.34,move_early
27.653915,11.5720,0.5240,2.6820,1105.77,move_early
27.664050,10.1350,0.5090,3.4930,1106.25,move_early
27.720047,55.9970,0.5650,3.0400,1106.68,move_early
27.739809,19.7620,0.5860,2.6690,1108.27,move_early
27.752171,12.3620,0.8550,2.6780,1109.04,move_early
27.805419,53.2480,0.7280,4.0600,1109.79,move_early
27.828580,23.1610,0.6210,3.8910,1111.89,move_early
27.850515,21.9350,0.9460,2.6650,1113.23,move_early
27.863175,12.6600,0.8680,3.8260,1114.12,move_early
27.874604,11.4290,0.6210,3.1800,1114.60,move_early
27.883534,8.9300,0.4940,3.8560,1115.06,move_early
27.903963,20.4290,0.4460,2.6830,1115.42,move_early
27.913770,9.8070,0.4820,2.6720,1116.08,move_early
27.923674,9.9040,0.4580,2.6880,1116.63,move_early
27.937187,13.5130,0.4980,4.1280,1117.02,move_early
27.955269,18.0820,0.4840,2.6690,1117.52,move_early
27.972781,17.5120,0.5420,2.6650,1118.04,move_early
27.990914,18.1330,0.5540,2.7080,1118.57,move_early
28.002331,11.4170,0.7000,2.6840,1119.23,move_early
28.018556,16.2250,0.6590,2.6860,1119.76,move_early
28.027807,9.2510,0.6250,2.6510,1120.29,move_early
28.051161,23.3540,0.6110,2.6970,1120.83,move_early
28.063252,12.0910,0.6870,2.6690,1121.51,move_early
28.079109,15.8570,0.8540,2.6980,1122.04,move_early
28.095775,16.6660,0.7920,2.6730,1122.61,move_early
28.105933,10.1580,0.7600,4.1310,1123.27,move_early
28.115484,9.5510,0.6760,2.6880,1123.82,move_early
28.129736,14.2520,0.6740,2.6640,1124.38,move_early
28.184595,54.8590,0.6420,2.6890,1124.93,move_early
28.202537,17.9420,0.6980,2.7000,1127.20,move_early
28.214861,12.3240,0.9390,3.8300,1127.89,move_early
28.225708,10.8470,0.8010,3.8020,1128.73,move_early
28.235812,10.1040,0.8280,5.3140,1128.79,move_early
28.256117,20.3050,0.6260,3.8190,1129.46,move_early
28.267247,11.1300,0.6350,3.7910,1130.13,move_early
28.277342,10.0950,0.7660,3.8070,1130.79,move_early
28.287193,9.8510,0.6890,3.7910,1131.19,move_early
28.296811,9.6180,0.6140,3.7870,1131.57,move_early
28.311540,14.7290,0.5520,5.7950,1131.97,move_early
28.324511,12.9710,0.5880,3.8140,1132.45,move_early
28.338822,14.3110,0.5690,3.7950,1132.92,move_early
28.368942,30.1200,0.5480,3.7680,1133.41,move_early
28.380735,11.7930,0.6920,3.9960,1134.21,move_early
28.390611,9.8760,0.7690,3.0800,1134.71,move_early
28.456028,65.4170,0.6740,3.0820,1135.21,move_early
28.482686,26.6580,0.5320,3.0780,1137.89,move_early
28.495196,12.5100,0.8690,3.0800,1139.23,move_early
28.506021,10.8250,0.9360,4.4210,1139.89,move_early
28.515678,9.6570,0.7600,3.0920,1140.00,move_early
28.530659,14.9810,0.6090,3.1080,1140.56,move_early
28.544489,13.8300,0.6030,3.0650,1141.23,move_early
28.555018,10.5290,0.5940,3.0690,1141.67,move_early
28.565657,10.6390,0.5560,4.3490,1142.12,move_early
28.578330,12.6730,0.5270,3.0990,1142.59,move_early
28.592648,14.3180,0.5990,3.1010,1143.04,move_early
28.604596,11.9480,0.5780,3.0730,1143.48,move_early
28.619501,14.9050,0.5500,3.0880,1143.95,move_early
28.630805,11.3040,0.5400,3.0900,1144.56,move_early
28.646928,16.1230,0.5810,3.0840,1145.03,move_early
28.660298,13.3700,0.6140,4.5020,1145.50,move_early
28.672728,12.4300,0.8940,3.0880,1145.98,move_early
28.685788,13.0600,0.6160,3.1010,1146.46,move_early
28.696218,10.4300,0.8180,3.5520,1146.93,move_early
28.705362,9.1440,0.6800,3.4990,1147.41,move_early
28.718836,13.4740,0.5600,3.0790,1147.89,move_early
28.736680,17.8440,0.5420,3.6220,1148.37,move_early
28.811094,74.4140,0.5790,3.1020,1148.90,move_early
28.832280,21.1860,0.7830,3.0560,1152.24,move_early
28.853075,20.7950,0.9290,3.0350,1153.23,move_early
28.867365,14.2900,1.0070,3.9170,1153.90,move_early
28.881373,14.0080,0.6930,3.0930,1154.56,move_early
28.890944,9.5710,0.6120,3.1070,1155.34,move_early
28.909450,18.5060,0.5520,3.0420,1155.71,move_early
28.926368,16.9180,0.5230,3.0480,1156.37,move_early
28.937296,10.9280,0.6760,3.0490,1157.04,move_early
28.947234,9.9380,0.6990,3.0360,1157.58,move_early
28.957518,10.2840,0.5840,3.9630,1157.97,move_early
28.972773,15.2550,0.5570,3.0230,1158.38,move_early
28.982515,9.7420,0.5880,3.4640,1158.91,move_early
28.992945,10.4300,0.6060,4.4270,1159.37,move_early
29.010578,17.6330,0.4440,3.0530,1159.79,move_early
29.056630,46.0520,0.4670,3.6240,1160.29,move_early
29.080343,23.7130,0.5120,3.0430,1161.70,move_early
29.092130,11.7870,0.6250,3.0630,1162.97,move_early
29.158580,66.4500,0.5030,3.0860,1163.77,move_early
29.194054,35.4740,0.4650,3.0420,1165.82,move_early
29.205923,11.8690,0.8400,3.0460,1167.54,move_early
29.260590,54.6670,0.6460,3.0690,1168.32,move_early
29.282713,22.1230,0.5600,6.2740,1169.89,move_early
29.296142,13.4290,0.7580,3.0490,1171.23,move_early
29.306260,10.1180,0.6600,3.0430,1171.89,move_early
29.360694,54.4340,0.5380,4.3410,1172.34,move_early
29.380316,19.6220,0.5660,4.4200,1173.87,move_early
29.390254,9.9380,0.6530,3.0440,1174.94,move_early
29.399925,9.6710,0.5760,3.0520,1175.69,move_early
29.409403,9.4780,0.4220,3.0620,1176.07,move_early
29.440360,30.9570,0.4630,3.0380,1176.49,move_early
29.460294,19.9340,0.6340,4.5480,1177.16,move_early
29.473713,13.4190,0.7680,3.0410,1177.86,move_early
29.486123,12.4100,0.6670,3.0610,1178.52,move_early
29.498312,12.1890,0.5760,3.0640,1179.19,move_early
29.559300,60.9880,0.5150,3.0830,1179.86,move_early
29.612316,53.0160,0.5460,3.0900,1181.89,move_early
29.622783,10.4670,0.6420,3.9020,1184.27,move_early
29.644077,21.2940,0.7910,4.3380,1185.00,move_early
29.656679,12.6020,0.6430,4.1580,1185.56,move_early
29.668641,11.9620,0.8340,3.4840,1186.08,move_early
29.679846,11.2050,0.8450,4.2910,1186.74,move_early
29.690746,10.9000,0.8850,3.0380,1187.31,move_early
29.701006,10.2600,0.6850,3.0690,1187.73,move_early
29.720142,19.1360,0.6300,3.0310,1188.15,move_early
29.730080,9.9380,0.6750,3.4090,1188.74,move_early
29.740612,10.5320,0.7460,3.0830,1189.28,move_early
29.752468,11.8560,0.5210,3.0640,1189.71,move_early
29.772907,20.4390,0.6340,4.2980,1190.19,move_early
29.789453,16.5460,0.6410,3.0440,1190.73,move_early
29.800522,11.0690,0.7080,3.0540,1191.26,move_early
29.810414,9.8920,0.6380,3.0920,1191.89,move_early
29.823672,13.2580,0.6210,3.0380,1192.41,move_early
29.835407,11.7350,0.5150,3.0580,1192.93,move_early
29.854292,18.8850,0.5480,4.2920,1193.45,move_early
29.874429,20.1370,0.5400,3.0520,1193.98,move_early
29.899814,25.3850,0.7500,3.0430,1194.56,move_early
29.911527,11.7130,0.9040,4.0690,1195.45,move_early
29.922198,10.6710,0.7610,4.1960,1196.01,move_early
29.975448,53.2500,0.6800,3.0480,1196.56,move_early
29.998505,23.0570,0.6300,3.0650,1198.56,move_early
30.009414,10.9090,0.8220,3.0400,1199.74,move_early
30.057282,47.8680,0.7840,4.9410,1200.16,move_early
30.079092,21.8100,0.7120,4.3400,1201.82,move_early
30.093865,14.7730,0.9260,3.0460,1203.02,move_early
30.245242,151.3770,0.9010,3.0460,1208.56,move_early
30.258046,12.8040,0.9260,4.3850,1209.89,move_early
30.275382,17.3360,0.8180,3.0530,1210.08,move_early
30.287924,12.5420,0.6340,3.9450,1210.79,move_early
30.301043,13.1190,0.6630,3.0430,1211.31,move_early
30.312533,11.4900,0.6620,3.0370,1211.81,move_early
30.323765,11.2320,0.4960,3.0280,1212.25,move_early
30.342144,18.3790,0.5270,3.0530,1212.70,move_early
30.356673,14.5290,0.5710,3.0720,1213.23,move_early
30.370399,13.7260,0.6320,3.0390,1213.73,move_early
30.383737,13.3380,0.6260,3.0690,1214.26,move_early
30.396053,12.3160,0.5870,3.0480,1214.76,move_early
30.410779,14.7260,0.5120,3.0740,1215.26,move_early
30.472814,62.0350,0.5300,4.3530,1215.88,move_early
30.497793,24.9790,0.8860,3.8840,1218.56,move_early
30.517654,19.8610,0.8170,6.6850,1219.89,move_early
30.528339,10.6850,0.7250,4.3360,1220.56,move_early
30.537867,9.5280,0.7580,3.0550,1220.89,move_early
30.555131,17.2640,0.5170,3.9580,1221.31,move_early
30.568237,13.1060,0.5780,3.7480,1221.98,move_early
30.580698,12.4610,0.9140,5.3380,1222.56,move_early
30.593147,12.4490,0.6800,6.1770,1223.23,move_early
30.605020,11.8730,0.7080,4.9970,1223.76,move_early
30.615659,10.6390,0.7210,3.7390,1224.29,move_early
30.630345,14.6860,0.7390,4.2760,1224.73,move_early
30.641127,10.7820,0.7010,7.6130,1225.27,move_early
30.652925,11.7980,0.7200,6.1530,1225.74,move_early
30.670698,17.7730,0.5650,3.7430,1226.21,move_early
30.688302,17.6040,0.6040,4.8860,1226.72,move_early
30.772805,84.5030,0.9050,5.0140,1227.26,move_early
30.794268,21.4630,0.7140,4.1370,1230.56,move_early
30.806552,12.2840,1.0020,2.6670,1231.89,move_early
30.816935,10.3830,0.8400,2.6670,1232.03,move_early
30.841110,24.1750,0.5400,3.0080,1232.43,move_early
30.886735,45.6250,0.5450,2.6650,1233.23,move_early
30.897818,11.0830,0.6340,3.2800,1235.23,move_early
30.907687,9.8690,0.7720,2.6680,1235.89,move_early
30.916808,9.1210,0.5160,3.3500,1236.05,move_early
30.927109,10.3010,0.5260,2.6710,1236.72,move_early
30.942690,15.5810,0.6230,4.4840,1237.05,move_early
30.959445,16.7550,0.6450,2.6720,1237.48,move_early
30.972166,12.7210,0.7150,3.9130,1237.92,move_early
30.981244,9.0780,2.9740,2.6720,1238.37,move_early
31.000325,19.0810,0.5020,3.8730,1238.81,move_early
31.018272,17.9470,0.5090,2.6820,1239.43,move_early
31.038831,20.5590,0.5070,3.2580,1240.15,move_early
31.048138,9.3070,0.5200,2.6730,1240.96,move_early
31.057522,9.3840,0.4580,2.6670,1241.52,move_early
31.076511,18.9890,0.4680,3.8700,1241.89,move_early
31.086267,9.7560,0.5090,3.6720,1242.49,move_early
31.096023,9.7560,0.5970,3.2830,1243.05,move_early
31.158995,62.9720,0.6090,2.6650,1243.58,move_early
31.212663,53.6680,0.5170,2.6600,1245.89,move_early
31.230029,17.3660,0.7260,3.8790,1248.31,move_early
31.289675,59.6460,0.8290,2.6630,1249.23,move_early
31.301262,11.5870,0.8220,4.4360,1251.23,move_early
31.311926,10.6640,0.8440,2.6640,1251.89,move_early
31.327928,16.0020,0.6180,3.1680,1252.56,move_early
31.346279,18.3510,0.7120,3.8730,1253.23,move_early
31.363507,17.2280,0.7930,3.0270,1253.89,move_early
31.433433,69.9260,0.8440,3.8670,1254.56,move_early
31.454699,21.2660,0.8690,2.6700,1257.15,move_early
31.469426,14.7270,0.9110,2.6600,1257.98,move_early
31.488683,19.2570,0.8270,3.0040,1258.89,move_early
31.501255,12.5720,0.7330,2.6610,1259.66,move_early
31.513852,12.5970,0.7480,2.9670,1260.14,move_early
31.525160,11.3080,0.5450,3.9030,1260.65,move_early
31.593059,67.8990,0.6370,5.0840,1261.09,move_early
31.623870,30.8110,0.6870,2.6730,1263.23,move_early
31.644545,20.6750,0.8710,2.6620,1264.74,move_early
31.657637,13.0920,0.7050,2.6530,1265.56,move_early
31.706867,49.2300,0.7080,2.6450,1266.07,move_early
31.762535,55.6680,0.6140,2.6690,1267.89,move_early
31.783080,20.5450,0.6820,2.6450,1270.30,move_early
31.795331,12.2510,0.8750,2.6370,1271.23,move_early
31.806541,11.2100,0.6810,4.9420,1271.56,move_early
31.818548,12.0070,0.5420,2.6540,1272.00,move_early
31.831838,13.2900,0.4550,2.6410,1272.49,move_early
31.898186,66.3480,0.5280,2.6360,1272.93,move_early
31.911863,13.6770,0.6150,2.6430,1275.69,move_early
31.921881,10.0180,0.6120,2.6600,1276.56,move_early
31.931404,9.5230,0.6440,2.6690,1276.62,move_early
31.946177,14.7730,0.5660,3.7230,1276.99,move_early
31.956516,10.3390,0.4680,2.6510,1277.60,move_early
31.970992,14.4760,0.5540,5.0320,1277.89,move_early
31.980633,9.6410,0.5200,2.6630,1278.25,move_early
31.989266,8.6330,0.5230,2.6470,1278.65,move_early
32.003676,14.4100,0.4770,2.6580,1279.03,move_early
32.020191,16.5150,0.4900,3.0430,1279.55,move_early
32.029246,9.0550,0.5160,2.6830,1280.22,move_early
32.049606,20.3600,0.5140,2.6570,1280.66,move_early
32.064145,14.5390,0.4820,2.6730,1281.40,move_early
32.075843,11.6980,0.5000,3.6260,1281.98,move_early
32.090964,15.1210,0.5390,2.7090,1282.53,move_early
32.104413,13.4490,0.4590,2.6650,1283.09,move_early
32.116055,11.6420,0.5520,2.6530,1283.65,move_early
32.128625,12.5700,0.4990,2.6610,1284.18,move_early
32.142872,14.2470,0.4600,3.6270,1284.72,move_early
32.209188,66.3160,0.6200,2.7180,1285.23,move_early
32.227137,17.9490,0.6800,3.3510,1287.89,move_early
32.245319,18.1820,0.6140,2.6660,1288.85,move_early
32.263108,17.7890,0.5900,3.8330,1289.89,move_early
32.278374,15.2660,0.6540,4.8200,1290.61,move_early
32.294185,15.8110,0.5600,2.6680,1290.88,move_early
32.336260,42.0750,0.4900,3.8410,1291.55,move_early
32.400083,63.8230,0.5310,2.7240,1292.91,move_early
32.449953,49.8700,0.7460,2.6780,1295.82,move_early
32.506585,56.6320,0.8580,2.6400,1297.80,move_early
32.522536,15.9510,0.8650,2.6430,1300.08,move_early
32.537354,14.8180,0.8580,2.6400,1300.70,move_early
32.584237,46.8830,0.8510,2.6860,1301.29,move_early
32.596536,12.2990,0.8370,2.6540,1303.17,move_early
32.607963,11.4270,0.8340,2.6780,1303.89,move_early
32.619068,11.1050,0.6390,2.6770,1304.42,move_early
32.628472,9.4040,0.6550,3.7610,1304.85,move_early
32.645389,16.9170,0.5800,2.6490,1305.22,move_early
32.655282,9.8930,0.5160,2.6740,1305.89,move_early
32.676260,20.9780,0.8050,2.6480,1306.30,move_early
32.697234,20.9740,0.5550,2.6660,1306.97,move_early
32.715511,18.2770,0.8070,2.6570,1307.64,move_early
32.727126,11.6150,0.9000,2.6550,1308.30,move_early
32.739773,12.6470,0.7550,2.6590,1308.97,move_early
32.801734,61.9610,0.6840,2.6630,1309.64,move_early
32.880920,79.1860,0.7630,3.8130,1311.87,move_early
32.908875,27.9550,0.8710,2.6500,1315.05,move_early
32.919915,11.0400,0.7970,2.6600,1316.15,move_early
32.934569,14.6540,0.8020,3.7150,1316.58,move_early
32.948991,14.4220,0.6820,4.1580,1317.23,move_early
32.961349,12.3580,0.6580,5.0160,1318.06,move_early
32.978056,16.7070,0.7490,3.9100,1318.55,move_early
32.989250,11.1940,0.6120,3.9530,1319.22,move_early
33.004650,15.4000,0.6600,5.1960,1319.66,move_early
33.015598,10.9480,0.5840,3.9470,1320.28,move_early
33.031256,15.6580,0.6640,3.9310,1320.71,move_early
33.049492,18.2360,0.5230,5.2080,1321.36,move_early
33.061172,11.6800,0.7720,3.9480,1322.03,move_early
33.073354,12.1820,0.8530,3.9510,1322.56,move_early
33.143470,70.1160,0.8570,3.9140,1323.03,move_early
33.165159,21.6890,0.7170,3.9430,1325.23,move_early
33.229667,64.5080,0.9440,6.0550,1326.39,move_early
33.287456,57.7890,0.7740,3.9120,1328.97,move_early
33.340567,53.1110,0.7130,3.9140,1331.29,move_early
33.357722,17.1550,0.8610,3.9240,1333.42,move_early
33.371207,13.4850,0.8020,4.0450,1334.10,move_early
33.382977,11.7700,0.7090,4.1040,1334.61,move_early
33.394098,11.1210,0.6190,4.0550,1335.23,move_early
33.405194,11.0960,0.6030,5.7670,1335.73,move_early
33.417308,12.1140,0.4750,4.3000,1336.26,move_early
33.426343,9.0350,0.4450,4.0700,1336.77,move_early
33.437737,11.3940,0.4560,4.0590,1337.13,move_early
33.447682,9.9450,0.5980,5.3650,1337.58,move_early
33.456976,9.2940,0.4460,4.0620,1337.99,move_early
33.467044,10.0680,0.4620,6.4010,1338.35,move_early
33.478962,11.9180,0.4720,5.0680,1338.76,move_early
33.487795,8.8330,0.5160,4.0540,1339.23,move_early
33.497706,9.9110,0.4730,4.0550,1339.59,move_early
33.508673,10.9670,0.5290,4.0450,1339.98,move_early
33.523367,14.6940,0.5280,5.6100,1340.41,move_early
33.537696,14.3290,0.5340,5.3630,1340.83,move_early
33.596966,59.2700,0.4930,4.0730,1341.26,move_early
33.664996,68.0300,0.5320,3.6540,1343.69,move_early
33.725109,60.1130,0.9110,2.8710,1346.44,move_early
33.777151,52.0420,1.0300,4.0250,1348.56,move_early
33.794735,17.5840,0.7960,2.8850,1350.89,move_early
33.805552,10.8170,0.8600,4.0060,1351.89,move_early
33.820222,14.6700,0.7590,2.8730,1352.00,move_early
33.833779,13.5570,0.7130,3.1270,1352.59,move_early
33.846101,12.3220,0.7880,2.8460,1353.14,move_early
33.865107,19.0060,0.8110,2.8440,1353.59,move_early
33.878019,12.9120,0.6750,3.8140,1354.06,move_early
33.897126,19.1070,0.7270,2.8830,1354.57,move_early
33.918952,21.8260,0.6580,3.3670,1355.33,move_early
33.938079,19.1270,0.7500,2.8480,1356.21,move_early
33.961566,23.4870,0.7160,3.1310,1356.98,move_early
34.031540,69.9740,0.8040,3.9690,1357.93,move_early
34.056054,24.5140,0.8510,2.8820,1361.10,move_early
34.070720,14.6660,0.9080,4.7200,1362.04,move_early
34.084495,13.7750,0.9090,2.8410,1362.60,move_early
34.094531,10.0360,0.5940,2.8440,1363.23,move_early
34.141898,47.3670,0.6090,2.8410,1363.88,move_early
34.181887,39.9890,0.5470,2.8550,1365.14,move_early
34.197334,15.4470,0.7990,4.0840,1367.07,move_early
34.206712,9.3780,0.7570,2.8430,1367.89,move_early
34.216868,10.1560,0.5480,2.8410,1368.01,move_early
34.234079,17.2110,0.4760,2.8630,1368.41,move_early
34.258799,24.7200,0.5050,2.8420,1369.11,move_early
34.272901,14.1020,0.5340,3.5920,1369.79,move_early
34.288116,15.2150,0.6420,2.8480,1370.33,move_early
34.300853,12.7370,0.5320,3.1830,1370.94,move_early
34.348173,47.3200,0.5130,2.8330,1371.49,move_early
34.360173,12.0000,0.4990,2.8330,1373.74,move_early
34.371400,11.2270,0.8630,3.7150,1374.49,move_early
34.380887,9.4870,0.5290,2.8980,1374.93,move_early
34.397212,16.3250,0.5190,4.0360,1375.32,move_early
34.410433,13.2210,0.5570,2.8580,1375.98,move_early
34.488815,78.3820,0.5820,2.8430,1376.52,move_early
34.513516,24.7010,0.7050,3.9340,1379.23,move_early
34.540844,27.3280,0.7880,3.2590,1380.78,move_early
34.558016,17.1720,0.8450,3.2590,1381.45,move_early
34.579677,21.6610,0.9400,2.9420,1382.12,move_early
34.592913,13.2360,0.8150,2.8580,1382.98,move_early
34.640208,47.2950,0.8560,2.8480,1383.65,move_early
34.663954,23.7460,0.7070,2.8560,1385.09,move_early
34.685945,21.9910,1.0490,2.8560,1386.09,move_early
34.709105,23.1600,0.8300,3.3370,1387.09,move_early
34.733228,24.1230,0.8740,2.8970,1388.09,move_early
34.745081,11.8530,0.9460,2.8470,1389.09,move_early
34.755121,10.0400,0.8980,2.8680,1389.91,move_early
34.815024,59.9030,0.6030,2.8630,1389.96,move_early
34.842893,27.8690,0.5920,2.8870,1392.42,move_early
34.855202,12.3090,0.8790,2.9520,1393.51,move_early
34.903765,48.5630,0.8160,4.0200,1394.31,move_early
34.918741,14.9760,0.6590,2.8530,1395.64,move_early
34.931100,12.3590,0.6960,2.8480,1396.84,move_early
34.994678,63.5780,0.8660,2.8350,1397.36,move_early
35.017519,22.8410,0.7460,2.8320,1399.28,move_early
35.027845,10.3260,0.8600,2.8410,1400.61,move_early
35.045335,17.4900,0.7150,3.5130,1400.87,move_early
35.064272,18.9370,0.5250,4.0360,1401.56,move_early
35.080958,16.6860,0.5840,2.8570,1402.22,move_early
35.095497,14.5390,0.6980,3.9110,1402.89,move_early
35.168845,73.3480,0.5560,2.8640,1403.56,move_early
35.180988,12.1430,0.5410,2.8540,1406.56,move_early
35.245534,64.5460,0.9020,3.3630,1407.23,move_early
35.314142,68.6080,0.6640,2.8680,1409.65,move_early
35.424423,110.2810,0.9340,4.1090,1412.04,move_early
35.443991,19.5680,0.8790,2.8880,1416.56,move_early
35.456148,12.1570,0.8760,6.9640,1417.56,move_early
35.509079,52.9310,0.7810,5.5210,1418.03,move_early
35.520704,11.6250,0.6400,4.2350,1419.89,move_early
35.531306,10.6020,0.7930,6.9710,1420.95,move_early
35.544919,13.6130,0.6480,5.5710,1421.34,move_early
35.557942,13.0230,0.6110,5.2590,1421.56,move_early
35.569525,11.5830,0.6680,5.5490,1422.23,move_early
35.585632,16.1070,0.6170,7.5080,1422.89,move_early
35.611557,25.9250,0.7970,8.5810,1423.53,move_early
35.629268,17.7110,0.6940,6.8160,1424.20,move_early
35.648918,19.6500,0.8730,6.7810,1424.87,move_early
35.677677,28.7590,0.7300,4.5940,1425.53,move_early
35.690789,13.1120,0.7980,5.5290,1426.60,move_early
35.702181,11.3920,1.0090,4.1590,1427.34,move_early
35.721194,19.0130,1.0300,4.6000,1428.06,move_early
35.735535,14.3410,0.5870,6.8510,1428.73,move_early
35.757633,22.0980,0.5840,4.1300,1429.39,move_early
35.825805,68.1720,0.6000,2.9310,1430.06,move_early
35.842393,16.5880,0.6440,2.6900,1432.56,move_early
35.861925,19.5320,0.6340,2.6660,1433.46,move_early
35.874278,12.3530,0.6040,3.8910,1434.56,move_early
35.886066,11.7880,0.5230,2.7010,1434.72,move_early
35.907176,21.1100,0.5650,2.7020,1435.21,move_early
35.924569,17.3930,0.5920,3.3050,1435.89,move_early
35.937706,13.1370,0.6160,3.2960,1436.40,move_early
35.949548,11.8420,0.5480,2.7140,1436.93,move_early
35.960159,10.6110,0.5580,3.8500,1437.46,move_early
35.975971,15.8120,0.5130,3.0230,1437.89,move_early
35.991365,15.3940,0.4830,2.7130,1438.45,move_early
36.008254,16.8890,0.5700,4.4940,1439.08,move_early
36.024900,16.6460,0.5710,2.6720,1439.74,move_early
36.035377,10.4770,0.5800,2.7210,1440.42,move_early
36.057740,22.3630,0.6800,3.2760,1440.96,move_early
36.070037,12.2970,0.5560,2.7040,1441.76,move_early
36.082034,11.9970,0.7620,4.5430,1442.35,move_early
36.097177,15.1430,0.7520,2.6510,1442.94,move_early
36.120439,23.2620,0.7880,2.6560,1443.54,move_early
36.133293,12.8540,2.1480,3.9220,1444.28,move_early
36.152218,18.9250,0.8680,4.5370,1444.89,move_early
36.168655,16.4370,1.1680,5.6250,1445.56,move_early
36.180023,11.3680,0.8660,2.6780,1446.23,move_early
36.270661,90.6380,0.6860,3.9060,1446.89,move_early
36.299072,28.4110,0.7000,2.6920,1450.56,move_early
36.312273,13.2010,0.8940,2.6790,1451.89,move_early
36.384230,71.9570,0.7940,2.6770,1452.56,move_early
36.411725,27.4950,0.7020,2.6830,1455.16,move_early
36.435814,24.0890,0.8140,3.8830,1456.56,move_early
36.450337,14.5230,0.7870,3.8910,1457.54,move_early
36.467707,17.3700,0.7240,3.4780,1458.12,move_early
36.481179,13.4720,0.8000,2.6640,1458.82,move_early
36.534368,53.1890,0.8910,3.8850,1459.34,move_early
36.550024,15.6560,0.5580,2.7220,1460.87,move_early
36.569285,19.2610,0.9520,2.6810,1461.76,move_early
36.581541,12.2560,0.7380,2.6690,1462.56,move_early
36.592206,10.6650,0.8320,2.7160,1463.40,move_early
36.601824,9.6180,0.5860,2.6710,1463.76,move_early
36.617545,15.7210,0.5650,2.6800,1463.83,move_early
36.645824,28.2790,0.6320,5.4570,1464.47,move_early
36.658990,13.1660,0.6700,3.2520,1465.31,move_early
36.671362,12.3720,0.7630,4.2650,1465.98,move_early
36.740774,69.4120,0.6480,4.3910,1466.65,move_early
36.755436,14.6620,0.5550,2.6550,1469.23,move_early
36.765810,10.3740,0.8580,3.8170,1469.99,move_early
36.815328,49.5180,0.6010,2.6610,1470.72,move_early
36.825703,10.3750,0.4800,2.6910,1472.04,move_early
36.846124,20.4210,0.5470,2.6510,1473.10,move_early
36.858632,12.5080,0.6310,3.5260,1474.02,move_early
36.881348,22.7160,1.1370,2.7220,1474.65,move_early
36.901104,19.7560,2.6770,2.6800,1475.39,move_early
36.912541,11.4370,1.0730,2.6600,1476.18,move_early
36.924239,11.6980,0.9970,2.6410,1476.65,move_early
36.942690,18.4510,1.3110,3.1890,1477.07,move_early
36.959801,17.1110,0.6510,2.6660,1477.74,move_early
36.971466,11.6650,0.7980,4.2250,1478.40,move_early
36.982325,10.8590,0.9870,2.6900,1478.98,move_early
36.992151,9.8260,0.7180,2.6610,1479.39,move_early
37.002738,10.5870,0.5750,2.6510,1479.78,move_early
37.018292,15.5540,0.5770,2.6570,1480.20,move_early
37.035012,16.7200,0.6050,2.6850,1480.76,move_early
37.046210,11.1980,0.6850,4.8940,1481.31,move_early
37.060230,14.0200,0.7520,4.6030,1481.89,move_early
37.070827,10.5970,0.5430,3.8770,1482.43,move_early
37.081147,10.3200,0.5750,2.6440,1482.94,move_early
37.101545,20.3980,0.6000,2.6850,1483.35,move_early
37.114408,12.8630,0.6280,2.6490,1483.89,move_early
37.126625,12.2170,0.7560,2.6490,1484.56,move_early
37.140087,13.4620,1.0530,2.6620,1485.09,move_early
37.159733,19.6460,4.0660,2.6350,1485.64,move_early
37.185526,25.7930,2.4860,4.4330,1486.18,move_early
37.198176,12.6500,2.6320,4.6730,1486.89,move_early
37.210636,12.4600,0.8980,2.6500,1487.44,move_early
37.265313,54.6770,0.6730,2.6640,1487.98,move_early
37.290083,24.7700,0.7960,4.0670,1490.55,move_early
37.301958,11.8750,1.0820,2.6700,1491.40,move_early
37.352869,50.9110,0.9450,3.7390,1492.18,move_early
37.369913,17.0440,0.7480,2.6740,1493.58,move_early
37.380157,10.2440,0.8300,2.6590,1494.78,move_early
37.394268,14.1110,0.6330,2.6850,1495.30,move_early
37.403983,9.7150,0.5680,3.8770,1495.52,move_early
37.414058,10.0750,0.5370,2.6560,1496.19,move_early
37.433461,19.4030,0.5770,2.6490,1496.70,move_early
37.449608,16.1470,0.7110,2.6890,1497.36,move_early
37.467774,18.1660,0.9490,2.6560,1498.03,move_early
37.489415,21.6410,0.7330,2.6530,1498.70,move_early
37.499599,10.1840,1.6320,3.8590,1499.36,move_early
37.511235,11.6360,0.6930,2.6790,1500.03,move_early
37.527743,16.5080,0.6090,2.6410,1500.55,move_early
37.585580,57.8370,0.6730,2.6720,1501.13,move_early
37.606876,21.2960,0.8130,2.6530,1503.23,move_early
37.617540,10.6640,1.0840,2.6600,1504.06,move_early
37.676663,59.1230,0.7290,2.6510,1504.79,move_early
37.709319,32.6560,0.5960,2.6540,1506.97,move_early
37.726091,16.7720,3.0960,3.4030,1508.30,move_early
37.738861,12.7700,1.0880,2.6960,1509.16,move_early
37.753261,14.4000,0.8830,2.6560,1509.39,move_early
37.766313,13.0520,0.6380,5.0720,1510.22,move_early
37.779209,12.8960,0.7680,2.6640,1510.76,move_early
37.788923,9.7140,0.6990,3.8230,1511.26,move_early
37.806619,17.6960,0.5350,4.3170,1511.64,move_early
37.816187,9.5680,0.5410,2.6820,1512.30,move_early
37.861766,45.5790,0.5480,2.6590,1512.73,move_early
37.890209,28.4430,0.5950,2.6610,1513.97,move_early
37.904630,14.4210,1.1770,2.6650,1515.09,move_early
37.917199,12.5690,0.9730,2.6670,1515.76,move_early
37.931432,14.2330,0.7100,2.6510,1516.43,move_early
37.941199,9.7670,0.5990,2.6470,1517.09,move_early
37.951328,10.1290,0.5980,2.9760,1517.74,move_early
37.961732,10.4040,0.5670,3.7530,1518.14,move_early
37.973102,11.3700,0.5700,4.9860,1518.56,move_early
37.982299,9.1970,0.6580,3.7570,1519.01,move_early
37.993338,11.0390,0.6290,5.2810,1519.37,move_early
38.011664,18.3260,0.5270,3.7190,1519.87,move_early
38.030957,19.2930,1.1160,3.7650,1520.37,move_early
38.065064,34.1070,1.0380,3.7340,1520.87,move_early
38.081689,16.6250,0.8490,4.5560,1522.05,move_early
38.100934,19.2450,0.7410,3.7300,1522.72,move_early
38.116901,15.9670,0.6430,5.5570,1523.47,move_early
38.126984,10.0830,0.7000,3.7160,1524.14,move_early
38.202385,75.4010,0.6140,3.7500,1524.81,move_early
38.229490,27.1050,0.5560,5.2990,1527.89,move_early
38.241048,11.5580,2.5530,2.9930,1529.23,move_early
38.262563,21.5150,0.8380,2.9950,1529.41,move_early
38.274859,12.2960,0.6520,2.9680,1530.29,move_early
38.286756,11.8970,0.7670,2.9640,1530.76,move_early
38.296970,10.2140,0.6150,2.9970,1531.21,move_early
38.317822,20.8520,0.4740,4.8240,1531.71,move_early
38.331153,13.3310,0.7900,2.9660,1532.21,move_early
38.395977,64.8240,0.7620,2.9700,1532.71,move_early
38.411867,15.8900,0.8540,4.2150,1535.65,move_early
38.475444,63.5770,0.9420,2.9920,1536.56,move_early
38.490119,14.6750,0.7410,2.9700,1538.86,move_early
38.513305,23.1860,1.2170,2.9640,1539.91,move_early
38.527068,13.7630,0.8100,4.2280,1540.66,move_early
38.539788,12.7200,0.8140,2.9610,1540.88,move_early
38.559575,19.7870,0.7300,2.9560,1541.55,move_early
38.581987,22.4120,1.0080,2.9550,1542.21,move_early
38.593625,11.6380,0.8790,2.9730,1542.88,move_early
38.616767,23.1420,0.9750,2.9690,1543.55,move_early
38.638153,21.3860,0.8760,2.9760,1544.21,move_early
38.662211,24.0580,1.0020,2.9650,1545.19,move_early
38.676297,14.0860,1.0220,2.9740,1545.96,move_early
38.694815,18.5180,0.8860,3.0080,1546.70,move_early
38.747835,53.0200,0.7210,2.9540,1547.42,move_early
38.769365,21.5300,0.7740,2.9740,1549.73,move_early
38.796395,27.0300,0.9060,2.9680,1550.71,move_early
38.861868,65.4730,1.3370,3.0090,1552.04,move_early
38.892425,30.5570,2.6990,2.9660,1553.95,move_early
38.906549,14.1240,0.9330,4.2270,1555.49,move_early
38.923562,17.0130,0.8130,2.9740,1556.40,move_early
38.946245,22.6830,0.9680,4.1850,1556.86,move_early
38.977572,31.3270,0.9390,3.0050,1557.89,move_early
38.999154,21.5820,3.8330,2.9860,1558.89,move_early
39.070760,71.6060,0.8810,2.9670,1559.89,move_early
39.084995,14.2350,0.8550,2.9610,1562.30,move_early
39.102219,17.2240,0.7820,2.9690,1563.50,move_early
39.116455,14.2360,0.6850,2.9810,1564.20,move_early
39.127676,11.2210,0.6250,2.9920,1564.56,move_early
39.183960,56.2840,0.5610,2.9720,1565.19,move_early
39.197863,13.9030,0.5820,2.9730,1567.16,move_early
39.210497,12.6340,0.7990,4.8560,1567.89,move_early
39.221870,11.3730,0.6030,2.9660,1568.17,move_early
39.246730,24.8600,0.5560,2.9550,1568.64,move_early
39.261649,14.9190,0.7040,4.2000,1569.30,move_early
39.272667,11.0180,0.5700,4.1990,1569.97,move_early
39.284414,11.7470,0.5300,2.9940,1570.64,move_early
39.293953,9.5390,0.5580,2.9780,1571.17,move_early
39.316521,22.5680,0.4790,3.4280,1571.70,move_early
39.366023,49.5020,0.5550,2.9920,1572.26,move_early
39.384236,18.2130,0.5560,4.2380,1574.43,move_early
39.394700,10.4640,0.8100,2.9850,1575.23,move_early
39.408169,13.4690,0.6240,4.6640,1575.53,move_early
39.419657,11.4880,0.5080,2.9970,1576.07,move_early
39.430871,11.2140,0.4980,3.0040,1576.53,move_early
39.439839,8.9680,0.4690,2.9750,1576.97,move_early
39.507910,68.0710,0.4800,4.2080,1577.37,move_early
39.519885,11.9750,0.4780,2.9690,1579.89,move_early
39.530703,10.8180,0.7760,2.9920,1580.56,move_early
39.542394,11.6910,0.6440,2.9900,1581.33,move_early
39.558083,15.6890,0.6110,2.9690,1581.47,move_early
39.573814,15.7310,0.7120,4.2350,1582.14,move_early
39.586582,12.7680,0.6930,3.4990,1582.80,move_early
39.599215,12.6330,0.6390,3.0290,1583.47,move_early
39.613688,14.4730,0.5980,3.6790,1584.08,move_early
39.668940,55.2520,0.7590,2.9960,1584.66,move_early
39.680635,11.6950,0.7390,2.9790,1586.23,move_early
39.694390,13.7550,0.8490,2.9990,1586.97,move_early
39.705779,11.3890,0.5970,4.2460,1587.69,move_early
39.766683,60.9040,0.6350,2.9770,1588.32,move_early
39.842184,75.5010,0.6200,3.0100,1590.51,move_early
39.855804,13.6200,0.9540,2.9980,1593.23,move_early
39.909032,53.2280,0.9180,2.9750,1594.02,move_early
39.931628,22.5960,0.7630,2.9760,1596.02,move_early
39.944328,12.7000,0.8760,2.9790,1597.23,move_early
39.954431,10.1030,0.8430,5.2250,1597.55,move_early
39.974559,20.1280,0.6580,5.2780,1597.95,move_early
40.023927,49.3680,0.6590,4.8840,1598.62,move_early
40.037013,13.0860,0.7150,4.0080,1600.43,move_early
40.089230,52.2170,0.8390,5.5900,1601.23,move_early
40.105651,16.4210,0.7010,6.3660,1603.23,move_early
40.118444,12.7930,0.7040,4.0390,1604.33,move_early
40.129227,10.7830,0.6180,4.0130,1604.83,move_early
40.184992,55.7650,0.4900,4.0290,1605.23,move_early
40.201656,16.6640,0.4800,4.0380,1606.84,move_early
40.217014,15.3580,0.7130,5.3220,1607.84,move_early
40.234328,17.3140,0.6730,4.0060,1608.77,move_early
40.245513,11.1850,0.5820,4.0410,1609.48,move_early
40.256474,10.9610,0.6660,4.0400,1609.91,move_early
40.275921,19.4470,0.5400,6.2570,1610.34,move_early
40.287771,11.8500,0.5030,4.0170,1611.01,move_early
40.298833,11.0620,0.5860,4.0090,1611.59,move_early
40.316508,17.6750,0.5080,5.3390,1612.03,move_early
40.330824,14.3160,0.5520,4.0910,1612.70,move_early
40.377093,46.2690,0.5680,5.6950,1613.30,move_early
40.396136,19.0430,0.5000,4.0130,1614.53,move_early
40.411365,15.2290,0.7170,5.2780,1615.28,move_early
40.427123,15.7580,0.6650,3.9930,1615.95,move_early
40.447689,20.5660,0.4690,3.9850,1616.67,move_early
40.489652,41.9630,0.6650,6.4960,1617.40,move_early
40.506360,16.7080,0.8180,6.5910,1619.06,move_early
40.519327,12.9670,0.8390,6.4630,1619.86,move_early
40.582081,62.7540,0.7280,3.9830,1620.56,move_early
40.602557,20.4760,0.6520,5.3420,1623.09,move_early
40.616919,14.3620,0.9030,4.2330,1623.92,move_early
40.629505,12.5860,0.8870,3.0930,1624.78,move_early
40.642126,12.6210,0.6480,3.9590,1625.23,move_early
40.654379,12.2530,0.6810,5.1880,1625.80,move_early
40.670545,16.1660,0.7670,4.3530,1626.30,move_early
40.682797,12.2520,0.7820,3.0470,1626.96,move_early
40.695359,12.5620,0.9090,5.1940,1627.43,move_early
40.706574,11.2150,0.6690,3.0480,1627.93,move_early
40.720114,13.5400,0.7250,3.0490,1628.36,move_early
40.736032,15.9180,0.6320,3.9350,1628.90,move_early
40.748875,12.8430,0.7150,5.2070,1629.43,move_early
40.768385,19.5100,0.6700,4.0610,1629.98,move_early
40.783520,15.1350,1.0070,2.8500,1630.56,move_early
40.795412,11.8920,0.7610,3.4850,1631.23,move_early
40.815964,20.5520,1.0360,3.1510,1631.77,move_early
40.899759,83.7950,0.7330,4.0390,1632.33,move_early
40.918478,18.7190,1.1050,4.0410,1635.78,move_early
40.938827,20.3490,0.8290,4.0840,1636.56,move_early
40.955859,17.0320,0.8850,2.8190,1637.32,move_early
40.965969,10.1100,0.6200,3.1530,1638.00,move_early
41.034220,68.2510,0.6750,4.0780,1638.72,move_early
41.058669,24.4490,0.4700,2.8270,1641.19,move_early
41.072656,13.9870,0.9370,2.8200,1642.17,move_early
41.090779,18.1230,1.2840,5.9790,1643.04,move_early
41.109078,18.2990,0.8080,3.8320,1643.80,move_early
41.126024,16.9460,0.9040,3.9100,1644.51,move_early
41.140774,14.7500,0.8540,4.7620,1645.18,move_early
41.153754,12.9800,0.8000,2.8200,1645.77,move_early
41.222549,68.7950,0.8870,2.8100,1646.29,move_early
41.299621,77.0720,0.8930,2.8070,1648.56,move_early
41.313467,13.8460,0.9750,2.7900,1651.80,move_early
41.394098,80.6310,0.9720,2.8130,1652.56,move_early
41.407613,13.5150,0.8870,2.8210,1655.24,move_early
41.421109,13.4960,0.9670,2.8360,1656.08,move_early
41.431807,10.6980,0.7580,3.1100,1656.63,move_early
41.447546,15.7390,0.7700,4.2440,1657.23,move_early
41.467907,20.3610,0.5600,2.8280,1657.89,move_early
41.480694,12.7870,0.6740,4.7280,1658.56,move_early
41.491648,10.9540,0.7430,4.7010,1659.23,move_early
41.507202,15.5540,0.7350,2.8120,1659.76,move_early
41.527749,20.5470,0.5880,4.5580,1660.35,move_early
41.540792,13.0430,0.5940,2.8290,1660.94,move_early
41.551014,10.2220,0.6630,2.8100,1661.54,move_early
41.597253,46.2390,0.5540,3.1810,1662.11,move_early
41.621002,23.7490,0.4830,4.0640,1663.32,move_early
41.631404,10.4020,0.6060,2.8260,1664.28,move_early
41.648363,16.9590,0.6390,2.8110,1664.95,move_early
41.697880,49.5170,0.4860,5.4470,1665.61,move_early
41.708581,10.7010,0.4900,2.8100,1667.69,move_early
41.720735,12.1540,0.6310,2.8230,1668.43,move_early
41.736651,15.9160,0.5730,2.8260,1668.91,move_early
41.802999,66.3480,0.5510,2.7830,1669.55,move_early
41.822367,19.3680,0.5340,2.8510,1671.89,move_early
41.834745,12.3780,0.7980,4.0850,1672.66,move_early
41.845975,11.2300,0.6490,2.8170,1673.47,move_early
41.857449,11.4740,0.4660,2.8500,1673.92,move_early
41.868673,11.2240,0.6790,2.7910,1674.38,move_early
41.879897,11.2240,0.5360,2.8070,1674.82,move_early
41.890920,11.0230,0.4840,2.8470,1675.27,move_early
41.899896,8.9760,0.4370,4.5540,1675.71,move_early
41.915652,15.7560,0.4140,2.8390,1676.07,move_early
41.928715,13.0630,0.4370,2.8210,1676.57,move_early
41.989857,61.1420,0.5400,2.7890,1677.01,move_early
42.054133,64.2760,0.4480,2.8150,1679.23,move_early
42.124944,70.8110,0.7600,2.8220,1681.89,move_early
42.142120,17.1760,0.7910,2.8220,1684.56,move_early
42.158643,16.5230,0.8640,2.7810,1685.48,move_early
42.172302,13.6590,0.7600,2.7790,1686.13,move_early
42.184180,11.8780,0.6990,2.7780,1686.67,move_early
42.195586,11.4060,0.7110,2.8040,1687.48,move_early
42.205232,9.6460,0.6810,5.7020,1687.91,move_early
42.268855,63.6230,0.5550,2.8340,1688.30,move_early
42.292484,23.6290,0.7500,3.8410,1690.56,move_early
42.303807,11.3230,0.9000,4.0030,1691.50,move_early
42.313220,9.4130,0.8120,2.8120,1691.91,move_early
42.330297,17.0770,0.6090,4.4680,1692.63,move_early
42.350914,20.6170,0.6450,2.8110,1693.35,move_early
42.366709,15.7950,0.9130,3.5080,1694.15,move_early
42.406164,39.4550,0.6770,2.7810,1694.78,move_early
42.425225,19.0610,0.8210,2.7940,1695.89,move_early
42.451581,26.3560,0.9310,5.5050,1696.69,move_early
42.528884,77.3030,0.7020,2.8210,1697.52,move_early
42.549154,20.2700,0.8670,2.7880,1700.98,move_early
42.559804,10.6500,0.9100,3.3780,1701.89,move_early
42.574354,14.5500,0.6920,5.4370,1702.14,move_early
42.583553,9.1990,0.5350,3.8780,1702.72,move_early
42.595428,11.8750,0.5850,6.1390,1703.08,move_early
42.605576,10.1480,0.4800,3.9000,1703.53,move_early
42.619112,13.5360,0.4670,5.6130,1703.96,move_early
42.630768,11.6560,0.4390,3.8870,1704.40,move_early
42.645712,14.9440,0.4350,3.9080,1704.85,move_early
42.710486,64.7740,0.5290,6.8050,1705.29,move_early
42.753725,43.2390,0.5430,4.6720,1707.89,move_early
42.771419,17.6940,0.7920,3.8670,1709.89,move_early
42.782624,11.2050,0.7690,3.8160,1710.66,move_early
42.823143,40.5190,0.8590,5.3020,1711.42,move_early
42.846450,23.3070,0.7760,3.8350,1712.75,move_early
42.856216,9.7660,0.6690,3.7910,1713.95,move_early
42.867817,11.6010,0.6070,3.8090,1714.01,move_early
42.882423,14.6060,0.5760,7.1850,1714.51,move_early
42.895764,13.3410,1.4720,3.8380,1715.04,move_early
42.906041,10.2770,0.4910,3.8070,1715.49,move_early
42.920160,14.1190,0.5330,3.8070,1715.89,move_early
42.937007,16.8470,0.4970,3.8920,1716.29,move_early
42.951902,14.8950,0.5900,3.8990,1716.89,move_early
43.010044,58.1420,0.4810,4.7740,1717.49,move_early
43.030523,20.4790,0.5190,3.8540,1719.89,move_early
43.049116,18.5930,0.7950,3.8480,1720.98,move_early
43.058970,9.8540,0.6220,3.8810,1722.05,move_early
43.076877,17.9070,0.5640,3.8670,1722.12,move_early
43.086807,9.9300,0.5930,5.1090,1722.83,move_early
43.104270,17.4630,0.5560,3.8310,1723.21,move_early
43.151793,47.5230,0.4420,3.8600,1723.66,move_early
43.168702,16.9090,0.5040,4.5910,1725.88,move_early
43.179739,11.0370,0.8690,3.8890,1726.56,move_early
43.190658,10.9190,0.7060,3.8850,1727.29,move_early
43.201805,11.1470,0.5870,6.0550,1727.39,move_early
43.216502,14.6970,0.7170,4.2280,1728.06,move_early
43.240480,23.9780,0.5810,3.9100,1728.73,move_early
43.255485,15.0050,0.6320,5.7360,1729.39,move_early
43.267957,12.4720,0.5600,4.2070,1730.06,move_early
43.335329,67.3720,0.4900,6.0820,1730.73,move_early
43.437408,102.0790,0.5390,5.1760,1733.21,move_early
43.451685,14.2770,0.8160,5.5300,1737.23,move_early
43.464367,12.6820,0.8740,4.7920,1737.89,move_early
43.476434,12.0670,0.6260,3.9260,1738.56,move_early
43.487788,11.3540,0.6100,5.5140,1738.80,move_early
43.501337,13.5490,0.5010,4.2130,1739.47,move_early
43.515711,14.3740,0.5520,3.9400,1740.13,move_early
43.566527,50.8160,0.6000,3.9660,1740.72,move_early
43.580534,14.0070,0.6190,3.9550,1742.14,move_early
43.592284,11.7500,0.8360,6.4060,1742.90,move_early
43.658268,65.9840,0.6880,3.9900,1743.64,move_early
43.686672,28.4040,0.6580,3.9900,1745.89,move_early
43.709287,22.6150,0.8590,3.9600,1747.28,move_early
43.722782,13.4950,0.9800,6.3790,1748.50,move_early
43.737413,14.6310,0.8140,4.0060,1748.70,move_early
43.750614,13.2010,0.7400,3.9620,1749.28,move_early
43.766942,16.3280,0.7830,4.0810,1749.95,move_early
43.781378,14.4360,0.6470,4.0360,1750.61,move_early
43.795662,14.2840,0.7530,4.0540,1751.28,move_early
43.864750,69.0880,0.6600,4.0210,1751.93,move_early
43.888050,23.3000,0.6740,5.7000,1754.39,move_early
43.899710,11.6600,0.8630,4.1130,1755.32,move_early
43.920002,20.2920,0.7480,5.6360,1756.09,move_early
43.942435,22.4330,0.8130,4.0750,1756.95,move_early
43.954946,12.5110,0.8360,4.0230,1757.78,move_early
43.966207,11.2610,0.8390,4.1280,1758.32,move_early
44.011464,45.2570,0.7280,6.1000,1758.78,move_early
44.032080,20.6160,0.8580,6.8880,1759.92,move_early
44.052147,20.0670,0.7910,4.0790,1760.72,move_early
44.091301,39.1540,0.6480,4.1270,1761.52,move_early
44.107039,15.7380,0.5250,6.6240,1763.09,move_early
44.118416,11.3770,0.6980,5.3550,1763.89,move_early
44.138404,19.9880,0.5970,4.0790,1764.56,move_early
44.152979,14.5750,0.4830,4.0680,1765.39,move_early
44.165021,12.0420,0.5240,4.0820,1766.20,move_early
44.183942,18.9210,0.4860,6.6180,1766.68,move_early
44.193372,9.4300,0.5210,4.1150,1767.44,move_early
44.203598,10.2260,0.5270,4.0910,1767.83,move_early
44.242513,38.9150,0.4760,6.5370,1768.50,move_early
44.278457,35.9440,0.4860,6.5370,1770.24,move_early
44.362613,84.1560,0.4840,6.5370,1771.71,move_early
44.430028,67.4150,0.5240,6.5370,1775.17,move_early
44.463491,33.4630,0.5160,6.5370,1777.55,move_early
44.476272,12.7810,0.5190,6.5370,1778.56,move_early
44.487841,11.5690,0.8370,3.2200,1778.83,move_early
44.499973,12.1320,0.6240,3.1470,1779.29,move_early
44.511051,11.0780,0.7410,3.1270,1779.76,move_early
44.526771,15.7200,0.5600,3.1200,1780.20,move_early
44.542693,15.9220,0.5400,3.1310,1780.65,move_early
44.556592,13.8990,0.5790,4.3830,1781.14,move_early
44.619952,63.3600,0.7630,5.3390,1781.70,move_early
44.638993,19.0410,0.6510,5.4070,1784.56,move_early
44.649971,10.9780,0.8690,3.1250,1785.34,move_early
44.663305,13.3340,0.6890,3.1020,1786.10,move_early
44.674420,11.1150,0.5910,4.0580,1786.56,move_early
44.691383,16.9630,0.6350,3.1520,1787.06,move_early
44.710237,18.8540,0.5590,3.1100,1787.73,move_early
44.731394,21.1570,0.6360,3.6860,1788.40,move_early
44.742301,10.9070,0.6350,3.1160,1789.06,move_early
44.752734,10.4330,0.8510,4.5380,1789.73,move_early
44.798765,46.0310,0.5430,3.1340,1790.21,move_early
44.818466,19.7010,0.5910,4.0080,1791.42,move_early
44.865031,46.5650,0.7780,3.1030,1792.19,move_early
44.885278,20.2470,0.7460,3.1160,1794.37,move_early
44.898750,13.4720,0.6010,3.1520,1795.51,move_early
44.912883,14.1330,0.6300,3.1130,1796.13,move_early
44.966858,53.9750,0.6930,3.0950,1796.56,move_early
44.978192,11.3340,0.7180,3.0950,1798.15,move_early
44.990636,12.4440,0.8820,4.4330,1799.15,move_early
45.001590,10.9540,0.6770,3.1400,1799.73,move_early
45.012778,11.1880,0.6110,3.5390,1800.16,move_early
45.028668,15.8900,0.5840,3.5390,1800.67,move_early
45.122063,93.3950,0.5960,3.6340,1801.89,move_early
45.159827,37.7640,0.6330,3.6340,1805.56,move_early
45.184187,24.3600,0.6270,3.6340,1806.62,move_early
45.196773,12.5860,0.6080,3.6340,1807.23,move_early
45.244377,47.6040,0.7110,5.3800,1807.89,move_early
45.267093,22.7160,0.6950,3.1180,1809.24,move_early
45.278019,10.9260,0.8010,4.0150,1810.24,move_early
45.288557,10.5380,0.6900,3.1240,1811.13,move_early
45.300797,12.2400,0.5080,3.1220,1811.63,move_early
45.310249,9.4520,0.6460,3.1220,1812.11,move_early
45.323090,12.8410,0.4760,3.1040,1812.48,move_early
45.335445,12.3550,0.4930,3.1320,1813.00,move_early
45.384145,48.7000,0.5020,3.1030,1813.49,move_early
45.394256,10.1110,0.5490,3.1260,1814.81,move_early
45.410320,16.0640,0.7260,3.1100,1815.48,move_early
45.419848,9.5280,0.5130,3.1490,1816.14,move_early
45.428989,9.1410,0.5140,4.4150,1816.81,move_early
45.446590,17.6010,0.6040,5.4770,1817.25,move_early
45.466117,19.5270,0.4820,3.1400,1817.91,move_early
45.476003,9.8860,0.5370,5.6320,1818.58,move_early
45.485002,8.9990,0.5420,4.3890,1819.12,move_early
45.500863,15.8610,0.5170,4.8620,1819.47,move_early
45.528155,27.2920,0.4420,3.1380,1820.13,move_early
45.538216,10.0610,0.5710,4.3640,1820.80,move_early
45.549907,11.6910,0.6230,4.3360,1821.41,move_early
45.564156,14.2490,0.6560,3.2440,1822.02,move_early
45.576323,12.1670,0.5280,4.1890,1822.63,move_early
45.592158,15.8350,0.5280,5.0110,1823.17,move_early
45.619024,26.8660,0.4740,3.1100,1823.76,move_early
45.694515,75.4910,0.4770,3.1100,1824.70,move_early
45.761821,67.3060,0.5220,3.1100,1828.27,move_early
45.812652,50.8310,0.4530,3.1100,1830.69,move_early
45.829787,17.1350,0.5060,3.1100,1832.56,move_early
45.856572,26.7850,0.8580,4.1730,1833.23,move_early
45.870952,14.3800,1.0450,4.0990,1834.08,move_early
45.884466,13.5140,0.9050,3.5350,1834.64,move_early
45.897054,12.5880,0.7780,3.5160,1835.30,move_early
45.915981,18.9270,0.6840,3.5600,1835.97,move_early
45.928374,12.3930,0.7420,4.0820,1836.64,move_early
45.989416,61.0420,0.6920,2.8920,1837.24,move_early
46.011216,21.8000,0.6580,2.8660,1839.05,move_early
46.078631,67.4150,0.8480,3.1360,1840.05,move_early
46.101033,22.4020,0.8380,2.8420,1842.95,move_early
46.117628,16.5950,0.8370,4.8030,1844.17,move_early
46.133469,15.8410,0.7420,4.2200,1844.56,move_early
46.147795,14.3260,0.6740,2.8680,1845.23,move_early
46.201394,53.5990,0.7900,4.7190,1846.04,move_early
46.219864,18.4700,0.7160,4.7850,1847.53,move_early
46.230756,10.8920,0.8530,2.8750,1848.42,move_early
46.241504,10.7480,0.7250,3.5910,1849.23,move_early
46.259966,18.4620,0.5700,2.8550,1849.76,move_early
46.278222,18.2560,0.6020,5.3420,1850.49,move_early
46.292878,14.6560,0.5990,3.8880,1851.22,move_early
46.311410,18.5320,0.5650,2.8610,1851.79,move_early
46.326710,15.3000,0.5030,2.8400,1852.56,move_early
46.344053,17.3430,0.6560,3.1600,1853.17,move_early
46.404806,60.7530,0.4930,2.8810,1853.83,move_early
46.471271,66.4650,0.5570,4.1080,1855.89,move_early
46.526037,54.7660,0.7200,2.8520,1858.56,move_early
46.570193,44.1560,1.0550,2.8990,1860.56,move_early
46.588820,18.6270,0.8530,3.1650,1862.56,move_early
46.604047,15.2270,0.8600,2.8420,1863.37,move_early
46.615844,11.7970,1.1110,4.0730,1863.95,move_early
46.668119,52.2750,0.7060,2.8790,1864.56,move_early
46.687588,19.4690,0.6860,2.8470,1866.20,move_early
46.698928,11.3400,0.8280,2.8580,1867.09,move_early
46.714740,15.8120,0.7770,3.5720,1867.89,move_early
46.727731,12.9910,0.5550,2.8290,1868.56,move_early
46.740473,12.7420,0.6590,2.8570,1869.21,move_early
46.761097,20.6240,0.6280,2.8450,1869.74,move_early
46.772954,11.8570,0.7340,2.8410,1870.56,move_early
46.842960,70.0060,0.7050,2.8230,1871.05,move_early
46.868470,25.5100,0.6720,5.9960,1873.23,move_early
46.917023,48.5530,0.9050,2.8750,1874.52,move_early
46.930902,13.8790,0.6500,2.8750,1876.47,move_early
46.945288,14.3860,0.8040,2.8720,1877.35,move_early
46.959003,13.7150,0.7050,4.1290,1877.91,move_early
46.968166,9.1630,0.6190,2.8880,1878.11,move_early
46.989231,21.0650,0.5480,3.9730,1878.78,move_early
47.007191,17.9600,0.4890,2.8340,1879.44,move_early
47.023530,16.3390,0.5680,2.8380,1880.11,move_early
47.047509,23.9790,0.4740,2.8370,1880.78,move_early
47.057058,9.5490,0.5310,2.8460,1881.44,move_early
47.069645,12.5870,0.5550,2.8400,1882.11,move_early
47.094654,25.0090,0.4760,2.8430,1882.78,move_early
47.109785,15.1310,0.4750,2.8730,1883.44,move_early
47.124954,15.1690,0.5160,2.8400,1884.11,move_early
47.136067,11.1130,0.4450,4.0680,1884.74,move_early
47.149779,13.7120,0.4770,2.8350,1885.35,move_early
47.205574,55.7950,0.5010,5.2840,1885.89,move_early
47.220648,15.0740,0.5070,2.8500,1887.89,move_early
47.241956,21.3080,0.6090,2.8560,1888.57,move_early
47.253423,11.4670,0.5960,2.8510,1889.46,move_early
47.263846,10.4230,0.9010,4.0900,1890.23,move_early
47.279272,15.4260,0.6100,2.8380,1890.65,move_early
47.298673,19.4010,0.5660,2.8520,1891.30,move_early
47.354826,56.1530,0.7130,2.8460,1892.06,move_early
47.410807,55.9810,0.6540,2.8520,1893.66,move_early
47.429394,18.5870,0.8470,2.8730,1896.24,move_early
47.442992,13.5980,0.8550,3.1010,1897.23,move_early
47.454583,11.5910,0.9560,4.0640,1897.51,move_early
47.475166,20.5830,0.6930,2.8680,1897.96,move_early
47.486116,10.9500,0.6570,2.8430,1898.63,move_early
47.496160,10.0440,0.7430,2.8460,1899.13,move_early
47.560691,64.5310,0.6540,2.8400,1899.60,move_early
47.582241,21.5500,0.5390,2.8660,1902.24,move_early
47.593346,11.1050,0.8690,6.4390,1903.23,move_early
47.603191,9.8450,0.7310,3.9080,1903.51,move_early
47.647706,44.5150,0.6390,3.9010,1903.88,move_early
47.702379,54.6730,0.6450,5.1860,1905.71,move_early
47.718230,15.8510,0.9160,5.4350,1907.89,move_early
47.728903,10.6730,0.7630,4.8720,1908.56,move_early
47.738496,9.5930,0.5940,5.5480,1909.23,move_early
47.755833,17.3370,0.5130,4.0080,1909.29,move_early
47.778400,22.5670,0.5370,3.9770,1909.95,move_early
47.793574,15.1740,0.6210,3.9790,1910.62,move_early
47.821607,28.0330,0.5360,4.0180,1911.29,move_early
47.891799,70.1920,0.5590,6.5630,1912.34,move_early
47.906199,14.4000,0.9350,5.2890,1915.23,move_early
47.915922,9.7230,0.8220,6.1870,1916.00,move_early
47.928863,12.9410,0.5400,3.9910,1916.71,move_early
47.991707,62.8440,0.4870,3.9720,1917.23,move_early
48.010819,19.1120,0.5200,3.9250,1919.11,move_early
48.020350,9.5310,0.6210,3.8950,1919.89,move_early
48.095101,74.7510,0.5890,3.8710,1920.88,move_early
48.159284,64.1830,0.4540,3.8690,1923.58,move_early
48.177834,18.5500,0.6840,7.4410,1926.17,move_early
48.193604,15.7700,0.7790,3.9090,1926.87,move_early
48.255642,62.0380,0.5410,3.8510,1927.49,move_early
48.274939,19.2970,0.4960,3.8740,1929.89,move_early
48.284521,9.5820,0.6750,6.3340,1931.10,move_early
48.329723,45.2020,0.6250,5.3530,1931.46,move_early
48.351618,21.8950,0.4460,3.8720,1932.66,move_early
48.366813,15.1950,0.5600,5.8870,1933.89,move_early
48.379893,13.0800,0.5400,5.6840,1934.76,move_early
48.429229,49.3360,0.4750,6.0180,1935.28,move_early
48.447285,18.0560,0.6300,3.8850,1936.60,move_early
48.460398,13.1130,0.6030,4.5340,1937.60,move_early
48.525211,64.8130,0.5180,3.8760,1938.49,move_early
48.542983,17.7720,0.5470,3.8990,1940.56,move_early
48.607884,64.9010,0.8310,5.1320,1941.56,move_early
48.621268,13.3840,0.7870,3.8900,1943.79,move_early
48.631376,10.1080,0.8230,3.8690,1944.95,move_early
48.647939,16.5630,0.5790,3.8930,1945.35,move_early
48.659278,11.3390,0.5860,6.0770,1945.89,move_early
48.682068,22.7900,0.7110,3.9320,1946.49,move_early
48.695151,13.0830,0.6800,5.1290,1947.16,move_early
48.712897,17.7460,1.0710,3.8690,1947.83,move_early
48.764543,51.6460,0.6740,3.8750,1948.49,move_early
48.785506,20.9630,0.7100,3.9000,1950.41,move_early
48.796534,11.0280,0.8930,3.9040,1951.23,move_early
48.807058,10.5240,0.8010,5.3740,1951.98,move_early
48.826880,19.8220,0.6900,5.1560,1952.05,move_early
48.855566,28.6860,0.6780,4.6380,1952.72,move_early
48.874794,19.2280,0.8460,4.5060,1953.70,move_early
48.890861,16.0670,0.8810,3.8830,1954.45,move_early
48.943016,52.1550,0.6870,3.8420,1955.11,move_early
48.959844,16.8280,0.5910,5.1490,1957.23,move_early
48.972024,12.1800,0.8200,3.8660,1958.16,move_early
48.987557,15.5330,0.6240,6.0840,1958.96,move_early
48.999990,12.4330,0.5500,3.8570,1959.58,move_early
49.015284,15.2940,0.4380,3.8480,1960.08,move_early
49.033677,18.3930,0.4580,5.7500,1960.69,move_early
49.043485,9.8080,0.5320,3.8790,1961.42,move_early
49.059110,15.6250,0.4590,3.8810,1961.81,move_early
49.068506,9.3960,0.4580,3.9060,1962.44,move_early
49.131470,62.9640,0.4970,6.0550,1962.81,move_early
49.193661,62.1910,0.4740,3.9010,1965.02,move_early
49.241574,47.9130,0.5990,3.8720,1967.23,move_early
49.289363,47.7890,0.8760,5.4960,1969.23,move_early
49.344144,54.7810,0.8550,3.8840,1971.23,move_early
49.355300,11.1560,0.8550,3.9010,1973.36,move_early
49.413204,57.9040,0.8350,3.9110,1974.00,move_early
49.431182,17.9780,0.7660,7.9010,1976.33,move_early
49.488913,57.7310,0.8090,3.8700,1977.23,move_early
49.506403,17.4900,0.6640,5.1470,1979.03,move_early
49.518421,12.0180,0.8430,5.9050,1980.36,move_early
49.534541,16.1200,0.9500,3.8460,1980.83,move_early
49.544800,10.2590,0.5670,3.8710,1981.49,move_early
49.555209,10.4090,0.6960,5.3710,1981.88,move_early
49.620914,65.7050,0.5310,3.9150,1982.30,move_early
49.641521,20.6070,0.5440,5.1690,1984.56,move_early
49.660681,19.1600,0.6860,3.8710,1985.44,move_early
49.670428,9.7470,0.6550,6.0360,1986.53,move_early
49.738251,67.8230,0.5900,3.8810,1986.89,move_early
49.789534,51.2830,0.5010,3.9120,1989.23,move_early
49.807303,17.7690,0.7700,6.5380,1991.23,move_early
49.853249,45.9460,0.7320,5.4590,1992.07,move_early
49.869223,15.9740,0.7480,6.2370,1993.89,move_early
49.879895,10.6720,0.6580,5.8860,1994.56,move_early
49.891206,11.3110,0.5610,4.1660,1995.23,move_early
49.903219,12.0130,0.5510,5.8870,1995.40,move_early
49.944752,41.5330,0.4990,4.1950,1995.90,move_early
49.957334,12.5820,0.4800,5.4450,1997.25,move_early
50.008784,51.4500,0.8040,4.1980,1997.92,move_early
50.020417,11.6330,0.5930,4.1600,1999.83,move_early
50.032900,12.4830,0.9820,4.1490,2000.56,move_early
50.050678,17.7780,0.8890,5.0830,2001.23,move_early
50.098233,47.5550,0.7280,4.1830,2002.11,move_early
50.144094,45.8610,0.5550,6.3690,2003.40,move_early
50.214179,70.0850,0.8870,4.1790,2005.26,move_early
50.231078,16.8990,1.1520,4.2310,2008.38,move_early
50.247214,16.1360,1.0160,4.2050,2009.23,move_early
50.258516,11.3020,0.9160,10.2150,2009.89,move_early
50.285843,27.3270,0.8900,4.2320,2010.12,move_early
50.376639,90.7960,0.8000,4.2010,2010.88,move_early
50.390214,13.5750,0.7250,4.2210,2014.56,move_early
50.401093,10.8790,0.7930,4.2870,2015.37,move_early
50.412691,11.5980,0.6410,8.5280,2015.89,move_early
50.431450,18.7590,0.5400,5.7290,2016.56,move_early
50.483448,51.9980,0.4930,7.0690,2017.35,move_early
50.543339,59.8910,0.5920,8.8520,2018.82,move_early
50.557551,14.2120,1.1320,4.3430,2021.23,move_early
50.568165,10.6140,0.9210,7.8530,2022.42,move_early
50.579884,11.7190,0.7270,7.2220,2022.83,move_early
50.590201,10.3170,0.6730,7.2760,2023.23,move_early
50.599886,9.6850,0.6570,6.2020,2023.70,move_early
50.617109,17.2230,0.6530,7.2840,2024.09,move_early
50.634156,17.0470,0.5800,7.1730,2024.76,move_early
50.654193,20.0370,0.9150,4.4220,2025.43,move_early
50.673125,18.9320,1.4780,4.8740,2026.09,move_early
50.735909,62.7840,0.9110,6.8150,2026.76,move_early
50.756979,21.0700,0.6880,4.3580,2029.23,move_early
50.773762,16.7830,0.9540,4.0770,2030.11,move_early
50.788545,14.7830,0.8470,4.8340,2031.15,move_early
50.865861,77.3160,2.2630,2.9000,2031.68,move_early
50.893114,27.2530,0.9500,2.9000,2034.45,move_early
50.911349,18.2350,0.8800,2.9040,2035.54,move_early
50.965712,54.3630,0.9330,2.9080,2036.56,move_early
50.981557,15.8450,1.0750,3.4460,2038.56,move_early
51.030469,48.9120,1.0440,3.3430,2039.38,move_early
51.057172,26.7030,0.7430,6.0870,2040.71,move_early
51.116404,59.2320,0.9320,4.9100,2043.83,move_early
51.131168,14.7640,1.0960,3.6340,2044.83,move_early
51.198928,67.7600,0.9600,2.8310,2045.23,move_early
51.285374,86.4460,0.6870,2.8910,2049.89,move_early
51.297669,12.2950,3.7880,2.8820,2051.23,move_early
51.315921,18.2520,0.8200,5.1040,2051.89,move_early
51.330957,15.0360,0.7370,2.9190,2052.56,move_early
51.346620,15.6630,0.7480,4.6130,2053.23,move_early
51.403935,57.3150,0.9340,4.8930,2053.89,move_early
51.463512,59.5770,0.7490,4.1450,2055.65,move_early
51.477514,14.0020,1.1150,2.8790,2058.34,move_early
51.490428,12.9140,0.8610,3.2190,2059.23,move_early
51.509052,18.6240,0.9660,2.9060,2059.39,move_early
51.536496,27.4440,0.7750,2.8600,2060.56,move_early
51.549814,13.3180,0.7540,2.8760,2061.23,move_early
51.561375,11.5610,0.8280,6.6150,2061.89,move_early
51.573393,12.0180,0.6120,2.8960,2062.56,move_early
51.591006,17.6130,0.7930,2.8600,2063.04,move_early
51.603989,12.9830,0.7870,2.8480,2063.71,move_early
51.617210,13.2210,0.6840,2.8680,2064.26,move_early
51.698942,81.7320,0.7380,2.8840,2064.56,move_early
51.737893,38.9510,0.6900,2.8970,2067.80,move_early
51.772382,34.4890,0.9690,2.9150,2069.94,move_early
51.787220,14.8380,13.3280,2.8520,2070.77,move_early
51.868133,80.9130,1.1610,3.5420,2071.28,move_early
51.886892,18.7590,0.7700,2.8650,2074.56,move_early
51.959171,72.2790,3.7430,2.8550,2075.28,move_early
52.017507,58.3360,0.9970,2.8440,2077.89,move_early
52.038543,21.0360,1.1950,2.8550,2080.17,move_early
52.064661,26.1180,0.9930,2.8400,2081.66,move_early
52.080428,15.7670,0.8040,5.4140,2082.56,move_early
52.093357,12.9290,0.7320,2.8490,2083.23,move_early
52.105057,11.7000,0.9250,4.1300,2083.50,move_early
52.129071,24.0140,0.6910,2.8710,2084.17,move_early
52.201260,72.1890,0.6410,2.8680,2084.84,move_early
52.226836,25.5760,0.7270,2.8470,2087.88,move_early
52.249565,22.7290,1.1090,2.8500,2089.24,move_early
52.259762,10.1970,1.6200,2.8470,2089.89,move_early
52.306594,46.8320,0.8840,2.8430,2090.16,move_early
52.323167,16.5730,0.8210,2.8430,2091.89,move_early
52.333241,10.0740,0.8420,3.2600,2092.68,move_early
52.424942,91.7010,0.6270,2.8540,2093.48,move_early
52.474010,49.0680,0.7810,2.8770,2096.56,move_early
52.534051,60.0410,0.7920,3.3100,2098.79,move_early
52.589830,55.7790,1.1310,4.6510,2101.15,move_early
52.607037,17.2070,0.9730,6.6100,2103.49,move_early
52.647365,40.3280,0.7640,4.4170,2104.06,move_early
52.696124,48.7590,0.6780,4.3920,2105.67,move_early
52.713581,17.4570,0.6500,5.1960,2107.62,move_early
52.722867,9.2860,0.7270,6.1720,2108.63,move_early
52.732619,9.7520,0.5090,4.3880,2108.68,move_early
52.742478,9.8590,0.4710,4.4350,2109.04,move_early
52.813255,70.7770,0.4860,4.4240,2109.44,move_early
52.834044,20.7890,0.5380,7.0580,2112.32,move_early
52.853473,19.4290,0.7400,4.4030,2113.23,move_early
52.871423,17.9500,0.6320,8.7250,2114.23,move_early
52.936303,64.8800,0.5810,4.4520,2114.61,move_early
52.955767,19.4640,0.5570,4.4330,2117.23,move_early
52.969183,13.4160,0.6560,6.8610,2118.34,move_early
53.016586,47.4030,0.6520,7.7310,2118.86,move_early
53.033413,16.8270,0.5130,7.0770,2120.09,move_early
53.051329,17.9160,0.5600,4.4520,2121.29,move_early
53.060351,9.0220,0.4810,4.4530,2122.12,move_early
53.078011,17.6600,0.4920,4.4490,2122.17,move_early
53.092878,14.8670,0.4820,7.1150,2122.84,move_early
53.101750,8.8720,0.5360,5.7960,2123.50,move_early
53.112197,10.4470,0.4550,4.4590,2124.14,move_early
53.123355,11.1580,0.4430,5.7830,2124.56,move_early
53.134095,10.7400,0.4500,4.4730,2125.01,move_early
53.201829,67.7340,0.4650,4.4490,2125.44,move_early
53.250545,48.7160,0.5020,4.0520,2127.86,move_early
53.279307,28.7620,0.6870,4.0730,2129.81,move_early
53.290809,11.5020,0.7850,8.3670,2130.95,move_early
53.302987,12.1780,0.6120,4.0670,2131.71,move_early
53.350120,47.1330,0.4570,4.0590,2131.89,move_early
53.373391,23.2710,0.4800,4.0530,2133.46,move_early
53.384774,11.3830,0.5810,4.0670,2134.46,move_early
53.396533,11.7590,0.5380,6.1030,2135.46,move_early
53.473271,76.7380,0.5000,4.0740,2135.94,move_early
53.490020,16.7490,0.4510,6.2180,2138.56,move_early
53.508288,18.2680,0.7710,4.0520,2139.69,move_early
53.522142,13.8540,0.4840,4.1040,2140.45,move_early
53.534843,12.7010,0.5420,4.0730,2140.65,move_early
53.547103,12.2600,0.5440,5.7450,2141.48,move_early
53.558803,11.7000,0.4550,6.2220,2141.97,move_early
53.573688,14.8850,0.5440,4.0550,2142.43,move_early
53.665743,92.0550,0.4940,5.1990,2143.03,move_early
53.694503,28.7600,0.4720,4.0810,2146.42,move_early
53.707196,12.6930,0.7790,4.0640,2147.55,move_early
53.718536,11.3400,0.6680,6.3070,2148.04,move_early
53.728624,10.0880,0.5340,4.0640,2148.56,move_early
53.771889,43.2650,0.5770,4.7140,2149.25,move_early
53.784150,12.2610,0.5440,7.7500,2150.56,move_early
53.803821,19.6710,0.7810,4.0910,2151.45,move_early
53.820305,16.4840,0.6280,4.0640,2152.25,move_early
53.836734,16.4290,0.6690,4.0540,2152.92,move_early
53.856678,19.9440,0.6520,4.6680,2153.56,move_early
53.874519,17.8410,0.6530,4.0930,2154.36,move_early
53.887802,13.2830,0.6520,4.1070,2155.13,move_early
53.898181,10.3790,0.6900,4.0670,2155.62,move_early
53.916833,18.6520,0.6140,4.0700,2156.03,move_early
53.928226,11.3930,0.6310,4.9480,2156.76,move_early
53.938476,10.2500,0.7490,4.0700,2157.24,move_early
54.005933,67.4570,0.6270,3.9690,2157.65,move_early
54.017372,11.4390,0.6700,5.9480,2159.89,move_early
54.029108,11.7360,0.7620,3.8710,2160.56,move_early
54.045016,15.9080,0.5860,3.9220,2161.23,move_early
54.093224,48.2080,0.5640,6.0620,2161.90,move_early
54.118094,24.8700,0.6260,3.8990,2163.23,move_early
54.131653,13.5590,0.7620,3.8620,2164.23,move_early
54.142191,10.5380,0.8650,3.8890,2165.23,move_early
54.180886,38.6950,0.5540,3.8970,2165.43,move_early
54.198786,17.9000,0.5290,3.8720,2166.68,move_early
54.211003,12.2170,0.6950,3.8610,2167.57,move_early
54.262921,51.9180,0.7090,4.9880,2168.37,move_early
54.287612,24.6910,0.5570,3.9170,2170.30,move_early
54.301453,13.8410,0.6430,5.4410,2171.27,move_early
54.314760,13.3070,0.5860,5.1350,2172.16,move_early
54.327287,12.5270,0.5470,5.4540,2172.67,move_early
54.340727,13.4400,0.4470,3.9310,2173.18,move_early
54.351721,10.9940,0.4720,5.7630,2173.70,move_early
54.367554,15.8330,0.4480,3.8690,2174.14,move_early
54.385041,17.4870,0.4420,4.9650,2174.77,move_early
54.432016,46.9750,0.4510,3.8790,2175.44,move_early
54.450717,18.7010,0.4820,5.1360,2176.71,move_early
54.461487,10.7700,0.6000,3.8670,2177.49,move_early
54.476921,15.4340,0.7610,3.8780,2178.23,move_early
54.494809,17.8880,0.7350,4.7760,2178.95,move_early
54.543375,48.5660,0.9430,3.8660,2179.61,move_early
54.562017,18.6420,0.7060,4.1670,2181.20,move_early
54.576972,14.9550,0.7710,3.8760,2182.20,move_early
54.595538,18.5660,0.7450,3.8530,2183.20,move_early
54.615226,19.6880,0.6560,3.8700,2183.95,move_early
54.627786,12.5600,0.8230,3.8570,2184.75,move_early
54.646273,18.4870,0.7910,3.9010,2185.24,move_early
54.659670,13.3970,0.8630,7.3950,2185.99,move_early
54.672489,12.8190,0.7680,5.5080,2186.51,move_early
54.688735,16.2460,0.6710,5.1720,2187.02,move_early
54.701173,12.4380,0.6540,3.8700,2187.66,move_early
54.719977,18.8040,0.6210,6.0640,2188.16,move_early
54.736321,16.3440,0.6270,3.8720,2188.82,move_early
54.749810,13.4890,0.5840,3.8980,2189.49,move_early
54.766729,16.9190,0.6390,3.8000,2190.11,move_early
54.790738,24.0090,0.7170,5.0690,2190.78,move_early
54.802789,12.0510,0.7860,3.8360,2191.44,move_early
54.813089,10.3000,0.8420,3.8120,2192.05,move_early
54.824188,11.0990,0.6560,3.8400,2192.63,move_early
54.842868,18.6800,0.5640,3.8140,2193.08,move_early
54.853597,10.7290,0.5980,5.9400,2193.69,move_early
54.864224,10.6270,0.5830,3.8310,2194.25,move_early
54.874053,9.8290,0.5400,3.8090,2194.66,move_early
54.883933,9.8800,0.5900,5.9690,2195.06,move_early
54.894563,10.6300,0.6320,3.8160,2195.45,move_early
54.908559,13.9960,0.6460,3.8740,2195.88,move_early
54.922499,13.9400,0.6570,3.8760,2196.32,move_early
54.936001,13.5020,0.7100,3.8060,2196.77,move_early
54.952645,16.6440,0.7960,3.8470,2197.21,move_early
54.965720,13.0750,0.7010,2.8420,2197.66,move_early
54.979727,14.0070,0.9050,4.0780,2198.10,move_early
55.041478,61.7510,0.7130,2.8160,2198.64,move_early
55.059549,18.0710,0.7910,2.7990,2201.23,move_early
55.072052,12.5030,0.9670,2.8190,2202.17,move_early
55.087775,15.7230,0.8010,3.4700,2202.99,move_early
55.149969,62.1940,0.6990,2.8270,2203.62,move_early
55.171686,21.7170,0.6870,3.3590,2205.80,move_early
55.213628,41.9420,0.8350,3.7820,2206.67,move_early
55.226232,12.6040,0.8640,2.8720,2208.00,move_early
55.254361,28.1290,0.6890,2.8470,2209.14,move_early
55.272962,18.6010,0.5840,4.6170,2210.28,move_early
55.283573,10.6110,0.6170,4.5680,2211.03,move_early
55.345534,61.9610,0.6240,2.8210,2211.46,move_early
55.414648,69.1140,0.7870,2.8520,2213.60,move_early
55.473560,58.9120,0.7450,4.4200,2216.38,move_early
55.488442,14.8820,0.9290,3.3170,2218.56,move_early
55.502238,13.7960,1.1570,6.4270,2219.65,move_early
55.515439,13.2010,0.6440,4.0890,2219.89,move_early
55.527973,12.5340,0.6840,2.8160,2220.56,move_early
55.540220,12.2470,0.6560,2.8280,2221.21,move_early
55.556840,16.6200,0.5870,2.8310,2221.69,move_early
55.571692,14.8520,0.5760,3.1890,2222.36,move_early
55.583020,11.3280,0.6180,2.8190,2222.97,move_early
55.594214,11.1940,0.6760,2.8280,2223.41,move_early
55.608190,13.9760,0.5920,4.1120,2223.87,move_early
55.620515,12.3250,0.7770,4.6310,2224.40,move_early
55.708318,87.8030,0.8880,3.5230,2224.92,move_early
55.780328,72.0100,0.7630,2.8050,2227.89,move_early
55.799705,19.3770,0.9090,2.8280,2231.02,move_early
55.812227,12.5220,0.8860,2.8210,2231.89,move_early
55.823906,11.6790,0.8070,4.0050,2232.56,move_early
55.848122,24.2160,0.6200,2.8410,2232.73,move_early
55.860157,12.0350,0.6010,4.0620,2233.39,move_early
55.871112,10.9550,0.7730,2.8080,2234.06,move_early
55.890077,18.9650,0.6050,4.2320,2234.73,move_early
55.900152,10.0750,0.5560,2.8280,2235.39,move_early
55.910573,10.4210,0.5640,2.8320,2236.06,move_early
55.925839,15.2660,0.4670,4.0470,2236.50,move_early
55.936602,10.7630,0.4780,2.8330,2237.06,move_early
55.951714,15.1120,0.6480,4.0220,2237.56,move_early
55.998846,47.1320,0.5300,3.4510,2238.11,move_early
56.067061,68.2150,0.6160,2.8340,2239.41,move_early
56.088144,21.0830,0.8190,3.5640,2242.52,move_early
56.104602,16.4580,1.1410,4.5720,2243.33,move_early
56.152668,48.0660,0.7960,4.7850,2243.97,move_early
56.164485,11.8170,0.7460,2.8110,2245.59,move_early
56.207404,42.9190,0.8760,2.8200,2246.71,move_early
56.229647,22.2430,0.6880,4.8380,2248.04,move_early
56.253729,24.0820,0.7890,3.1720,2249.32,move_early
56.269757,16.0280,0.8600,2.8050,2250.32,move_early
56.282002,12.2450,1.1170,4.0420,2250.96,move_early
56.301286,19.2840,1.0880,3.1930,2251.42,move_early
56.313592,12.3060,0.8770,4.0460,2252.20,move_early
56.331994,18.4020,0.8760,2.8310,2252.68,move_early
56.345150,13.1560,0.8570,2.8120,2253.40,move_early
56.355814,10.6640,0.7650,4.8080,2253.94,move_early
56.366340,10.5260,0.6240,4.0770,2254.35,move_early
56.376764,10.4240,0.6930,3.9310,2254.75,move_early
56.388100,11.3360,0.5880,4.0610,2255.18,move_early
56.401824,13.7240,0.8240,2.8350,2255.62,move_early
56.412305,10.4810,0.8190,3.5960,2256.07,move_early
56.435187,22.8820,0.7350,3.4260,2256.51,move_early
56.458502,23.3150,0.8840,4.0080,2256.96,move_early
56.472063,13.5610,0.8710,4.8490,2257.81,move_early
56.489452,17.3890,0.8390,4.1400,2258.34,move_early
56.501032,11.5800,0.8110,3.2080,2259.04,move_early
56.512181,11.1490,0.7750,2.8210,2259.59,move_early
56.523553,11.3720,0.7550,4.1030,2260.17,move_early
56.540070,16.5170,0.7230,4.0850,2260.56,move_early
56.550939,10.8690,0.8330,2.8400,2261.13,move_early
56.562781,11.8420,0.7650,4.5010,2261.70,move_early
56.573634,10.8530,0.6700,2.6470,2262.27,move_early
56.591015,17.3810,0.6610,3.0240,2262.83,move_early
56.603629,12.6140,0.7020,2.6680,2263.40,move_early
56.613907,10.2780,0.7950,2.6440,2263.96,move_early
56.624418,10.5110,0.7090,3.2950,2264.51,move_early
56.635172,10.7540,0.7870,2.6490,2265.07,move_early
56.645887,10.7150,0.6300,3.2900,2265.52,move_early
56.657343,11.4560,0.6690,2.6480,2265.94,move_early
56.668359,11.0160,0.6510,3.0000,2266.42,move_early
56.688998,20.6390,0.6740,2.6540,2266.86,move_early
56.700678,11.6800,0.7460,2.6550,2267.39,move_early
56.711123,10.4450,0.7680,3.6610,2267.92,move_early
56.726231,15.1080,0.5390,3.8620,2268.42,move_early
56.745168,18.9370,0.5310,2.6540,2268.92,move_early
56.755023,9.8550,0.6000,2.6510,2269.44,move_early
56.763899,8.8760,0.5790,2.6510,2269.95,move_early
56.776678,12.7790,0.5130,2.6430,2270.45,move_early
56.790898,14.2200,0.5120,4.6880,2270.95,move_early
56.800994,10.0960,0.4790,2.6510,2271.45,move_early
56.810229,9.2350,0.5490,2.6440,2271.95,move_early
56.821951,11.7220,0.4870,3.2380,2272.45,move_early
56.838885,16.9340,0.4840,2.6530,2272.95,move_early
56.853697,14.8120,0.5780,5.2420,2273.45,move_early
56.867014,13.3170,0.6030,3.8770,2273.95,move_early
56.931491,64.4770,0.5020,3.8960,2274.47,move_early
57.005628,74.1370,0.6970,4.3440,2277.07,move_early
57.020657,15.0290,0.9580,3.8730,2279.89,move_early
57.034047,13.3900,0.8620,2.6680,2280.61,move_early
57.048092,14.0450,0.7040,2.6550,2281.23,move_early
57.061235,13.1430,0.6340,5.3390,2281.89,move_early
57.073582,12.3470,0.6270,2.6730,2282.54,move_early
57.084847,11.2650,0.5830,3.8800,2283.04,move_early
57.093864,9.0170,0.5410,2.6560,2283.48,move_early
57.108793,14.9290,0.4870,2.6570,2283.83,move_early
57.122900,14.1070,0.4800,2.6430,2284.31,move_early
57.136328,13.4280,0.4550,2.6430,2284.81,move_early
57.145835,9.5070,0.5810,2.6530,2285.31,move_early
57.161890,16.0550,0.4560,2.6470,2285.79,move_early
57.174581,12.6910,0.4660,2.6590,2286.27,move_early
57.195117,20.5360,0.5570,3.6200,2286.77,move_early
57.211482,16.3650,0.5520,3.3540,2287.27,move_early
57.224712,13.2300,0.7610,2.6470,2287.93,move_early
57.240538,15.8260,0.7880,2.6410,2288.45,move_early
57.314295,73.7570,0.7260,2.6430,2289.08,move_early
57.378608,64.3130,0.7400,2.6560,2292.38,move_early
57.393318,14.7100,0.9350,2.6650,2294.98,move_early
57.410254,16.9360,0.9460,2.6470,2295.53,move_early
57.426480,16.2260,0.7990,2.6470,2296.21,move_early
57.478818,52.3380,0.7540,2.6640,2296.85,move_early
57.489657,10.8390,0.7680,2.6380,2298.96,move_early
57.500236,10.5790,0.8220,2.6380,2299.71,move_early
57.515737,15.5010,0.6970,2.6480,2300.13,move_early
57.535356,19.6190,0.6960,3.8720,2300.56,move_early
57.546114,10.7580,0.7010,2.6970,2301.23,move_early
57.610112,63.9980,0.6090,2.6680,2301.89,move_early
57.631492,21.3800,0.5410,2.6410,2303.88,move_early
57.650867,19.3750,0.9070,2.6470,2304.88,move_early
57.661442,10.5750,0.7660,5.4450,2305.88,move_early
57.697771,36.3290,0.6250,2.6510,2306.55,move_early
57.740741,42.9700,0.5440,4.6380,2307.50,move_early
57.758895,18.1540,0.8430,3.4800,2309.10,move_early
57.776713,17.8180,0.8480,2.6620,2309.89,move_early
57.792452,15.7390,0.6730,3.8160,2310.89,move_early
57.805484,13.0320,0.6630,2.6430,2311.80,move_early
57.824645,19.1610,0.5790,2.6240,2312.32,move_early
57.834797,10.1520,0.6410,2.6470,2313.10,move_early
57.844647,9.8500,0.6750,3.2090,2313.49,move_early
57.908162,63.5150,0.5800,3.8730,2313.89,move_early
57.932027,23.8650,0.6400,2.6430,2315.89,move_early
57.943364,11.3370,1.0380,2.6480,2317.08,move_early
57.952930,9.5660,0.7480,4.3060,2317.49,move_early
57.970687,17.7570,0.5410,3.8140,2318.20,move_early
57.983060,12.3730,0.4950,3.6880,2318.94,move_early
57.997394,14.3340,0.6590,2.6410,2319.42,move_early
58.009408,12.0140,0.6560,2.6470,2319.98,move_early
58.026661,17.2530,0.5020,2.6450,2320.45,move_early
58.092737,66.0760,0.4550,2.6610,2321.12,move_early
58.112198,19.4610,0.5400,2.6420,2323.23,move_early
58.130677,18.4790,0.7960,2.6500,2324.56,move_early
58.186485,55.8080,0.7760,2.6520,2325.38,move_early
58.201481,14.9960,0.8830,3.7360,2326.92,move_early
58.212226,10.7450,0.9040,2.6490,2328.12,move_early
58.231232,19.0060,0.6920,2.6440,2328.59,move_early
58.247964,16.7320,0.6600,2.6540,2329.37,move_early
58.266679,18.7150,0.8140,4.2260,2330.03,move_early
58.279763,13.0840,0.7610,2.6450,2330.83,move_early
58.291897,12.1340,0.9660,2.6390,2331.31,move_early
58.309923,18.0260,0.7690,2.6760,2331.77,move_early
58.377164,67.2410,0.6140,2.6470,2332.44,move_early
58.398259,21.0950,0.6570,2.6290,2334.56,move_early
58.417818,19.5590,0.8010,2.6710,2335.89,move_early
58.434588,16.7700,0.8410,3.7670,2336.83,move_early
58.477501,42.9130,0.7250,3.9070,2337.51,move_early
58.557180,79.6790,0.8390,2.6430,2338.57,move_early
58.629848,72.6680,0.8400,2.6450,2341.89,move_early
58.647511,17.6630,0.7690,3.9320,2344.98,move_early
58.663505,15.9940,0.7570,3.9210,2345.89,move_early
58.678329,14.8240,0.6030,7.6810,2346.56,move_early
58.692430,14.1010,0.4860,6.7720,2346.87,move_early
58.704266,11.8360,0.4890,5.5500,2347.54,move_early
58.746208,41.9420,0.4770,3.9090,2348.21,move_early
58.789235,43.0270,0.5060,3.9170,2349.33,move_early
58.803098,13.8630,0.8580,3.9480,2351.03,move_early
58.822988,19.8900,0.8400,3.9810,2351.89,move_early
58.844369,21.3810,0.6240,6.1170,2352.89,move_early
58.865930,21.5610,0.5770,4.0080,2353.87,move_early
58.876550,10.6200,0.5340,4.0030,2354.74,move_early
58.886119,9.5690,0.6010,6.3210,2354.82,move_early
58.946421,60.3020,0.5440,3.9860,2355.19,move_early
58.965884,19.4630,0.4440,5.2840,2357.65,move_early
58.983730,17.8460,0.7160,4.0240,2358.56,move_early
58.999230,15.5000,0.6520,4.0140,2359.23,move_early
59.016205,16.9750,0.4880,4.0070,2359.89,move_early
59.025773,9.5680,0.4920,6.4580,2360.73,move_early
59.041800,16.0270,0.4700,4.0390,2361.13,move_early
59.105109,63.3090,0.6280,5.6080,2361.75,move_early
59.127755,22.6460,0.4930,4.0060,2363.89,move_early
59.143301,15.5460,0.7250,4.0340,2364.88,move_early
59.164394,21.0930,0.6320,4.1080,2365.82,move_early
59.179944,15.5500,0.4570,4.0940,2366.66,move_early
59.252110,72.1660,0.5050,5.0890,2367.28,move_early
59.314422,62.3120,0.4760,4.0450,2369.87,move_early
59.325858,11.4360,0.7740,4.0470,2372.38,move_early
59.335595,9.7370,0.8440,5.6830,2372.81,move_early
59.345889,10.2940,0.6390,4.0920,2373.23,move_early
59.355639,9.7500,0.5710,4.0990,2373.89,move_early
59.371010,15.3710,0.6540,4.1260,2374.33,move_early
59.439718,68.7080,0.5610,7.1700,2374.86,move_early
59.506191,66.4730,0.6570,4.1400,2377.23,move_early
59.520915,14.7240,0.9130,4.1280,2379.89,move_early
59.534042,13.1270,0.8440,4.1310,2380.61,move_early
59.548703,14.6610,0.6830,4.1060,2381.23,move_early
59.559037,10.3340,0.6320,4.1570,2381.89,move_early
59.568128,9.0910,0.5390,4.1540,2382.45,move_early
59.577627,9.4990,0.5280,4.4980,2382.81,move_early
59.596061,18.4340,0.5530,4.1750,2383.18,move_early
59.614723,18.6620,0.5210,6.6200,2383.63,move_early
59.630092,15.3690,0.6130,5.2960,2384.07,move_early
59.648947,18.8550,0.5800,4.1700,2384.64,move_early
59.666705,17.7580,0.7480,4.1750,2385.40,move_early
59.682992,16.2870,0.7480,4.1740,2386.10,move_early
59.700661,17.6690,0.6430,4.1530,2386.75,move_early
59.713641,12.9800,0.6110,4.1800,2387.45,move_early
59.723675,10.0340,0.6170,4.1630,2388.05,move_early
59.737777,14.1020,0.5130,4.1960,2388.56,move_early
59.748286,10.5090,0.5360,4.2090,2389.15,move_early
59.772428,24.1420,0.6730,2.8730,2389.74,move_early
59.788970,16.5420,0.5920,2.9080,2390.33,move_early
59.801139,12.1690,0.5260,2.8760,2390.96,move_early
59.823512,22.3730,0.4310,2.8590,2391.56,move_early
59.840794,17.2820,0.5210,4.1890,2392.36,move_early
59.852376,11.5820,0.6130,2.8540,2393.05,move_early
59.868181,15.8050,0.4710,2.8820,2393.64,move_early
59.888053,19.8720,0.4580,3.9960,2394.24,move_early
59.898087,10.0340,0.5040,2.8740,2394.94,move_early
59.931376,33.2890,0.5230,2.8640,2395.55,move_early
59.985043,53.6670,0.5800,4.6660,2396.68,move_early
59.996763,11.7200,0.5880,2.8740,2399.19,move_early
60.010053,13.2900,0.6670,2.8670,2399.96,move_early
60.050780,40.7270,0.5650,4.4200,2400.16,move_early
60.113414,62.6340,0.6320,2.8960,2401.86,move_early
60.128521,15.1070,1.0020,5.0190,2404.34,move_early
60.302724,174.2030,0.9820,5.0190,2409.78,move_early
60.313610,10.8860,0.6880,5.7110,2410.57,move_early
60.330985,17.3750,0.8060,2.9040,2411.23,move_early
60.344931,13.9460,0.5320,2.8620,2411.89,move_early
60.382159,37.2280,0.5820,2.8970,2412.56,move_early
60.409435,27.2760,0.6760,2.8570,2413.42,move_early
60.428231,18.7960,0.8150,5.3720,2414.84,move_early
60.444938,16.7070,0.8090,2.8890,2415.60,move_early
60.466828,21.8900,0.7970,2.9110,2416.58,move_early
60.486736,19.9080,0.6880,2.8560,2417.46,move_early
60.498774,12.0380,0.7150,4.1200,2418.24,move_early
60.514518,15.7440,0.6630,2.8820,2418.71,move_early
60.530421,15.9030,0.5840,2.9260,2419.33,move_early
60.592226,61.8050,0.5480,2.8770,2419.98,move_early
60.610242,18.0160,0.6560,4.1100,2421.80,move_early
60.620814,10.5720,0.7190,4.1030,2422.56,move_early
60.658252,37.4380,0.5980,2.9320,2423.23,move_early
60.669084,10.8320,0.5060,4.1470,2424.45,move_early
60.683188,14.1040,0.8200,2.8810,2425.23,move_early
60.696999,13.8110,0.5030,2.8760,2425.89,move_early
60.707332,10.3330,0.4940,4.1300,2426.56,move_early
60.765166,57.8340,0.5170,4.0930,2427.04,move_early
60.783588,18.4220,0.5700,2.8950,2429.05,move_early
60.796522,12.9340,0.6850,2.8770,2429.89,move_early
60.808244,11.7220,0.6790,2.8830,2430.62,move_early
60.874263,66.0190,0.5760,3.6780,2430.76,move_early
60.922083,47.8200,0.6540,4.1330,2433.23,move_early
60.937601,15.5180,0.8750,3.2500,2435.23,move_early
60.950078,12.4770,0.8560,4.1370,2435.96,move_early
60.963655,13.5770,0.7390,6.2350,2436.56,move_early
60.974426,10.7710,0.6450,4.2430,2437.23,move_early
60.987708,13.2820,0.6070,3.2580,2437.73,move_early
61.004369,16.6610,0.6430,2.8970,2438.26,move_early
61.016920,12.5510,0.7550,2.8910,2438.82,move_early
61.031118,14.1980,0.8570,3.2770,2439.39,move_early
61.042273,11.1550,0.7720,4.2010,2439.97,move_early
61.082266,39.9930,0.8950,3.6850,2440.46,move_early
61.149113,66.8470,0.6310,2.8660,2441.42,move_early
61.176132,27.0190,0.9180,2.9180,2444.44,move_early
61.191420,15.2880,0.9910,4.1070,2445.51,move_early
61.205700,14.2800,0.8050,3.9300,2446.10,move_early
61.221303,15.6030,0.5980,4.7120,2446.66,move_early
61.249382,28.0790,0.5980,3.4680,2447.50,move_early
61.270495,21.1130,0.6790,3.0900,2448.56,move_early
61.292609,22.1140,0.8310,2.7240,2449.45,move_early
61.302052,9.4430,0.6460,3.8650,2450.31,move_early
61.315138,13.0860,0.4590,3.0800,2450.82,move_early
61.331109,15.9710,0.5200,2.7180,2451.36,move_early
61.362295,31.1860,0.5550,2.7150,2451.99,move_early
61.377563,15.2680,0.4930,3.9410,2453.23,move_early
61.389752,12.1890,0.6580,2.7280,2453.85,move_early
61.450160,60.4080,0.4650,2.7210,2454.34,move_early
61.474003,23.8430,0.5170,2.7460,2456.45,move_early
61.524314,50.3110,0.7010,3.4040,2457.42,move_early
61.537949,13.6350,0.7730,2.7180,2459.43,move_early
61.550042,12.0930,0.7830,5.0470,2460.28,move_early
61.561085,11.0430,0.4880,2.7180,2460.56,move_early
61.569910,8.8250,0.5080,3.0800,2460.86,move_early
61.579754,9.8440,0.4810,3.9430,2461.36,move_early
61.599338,19.5840,0.4740,3.3810,2461.89,move_early
61.613188,13.8500,0.5290,2.7140,2462.56,move_early
61.622778,9.5900,0.5430,2.6990,2463.23,move_early
61.636851,14.0730,0.5900,2.7210,2463.66,move_early
61.651633,14.7820,0.5370,3.9380,2464.20,move_early
61.665559,13.9260,0.8560,3.9340,2464.73,move_early
61.733785,68.2260,0.7880,2.7540,2465.27,move_early
61.796903,63.1180,0.9160,2.7400,2467.85,move_early
61.811897,14.9940,1.5470,2.7170,2470.38,move_early
61.827226,15.3290,1.5150,2.7330,2471.23,move_early
61.840480,13.2540,0.8480,3.9630,2471.54,move_early
61.860836,20.3560,0.7520,2.7120,2472.08,move_early
61.876807,15.9710,0.8470,4.3880,2472.75,move_early
61.893553,16.7460,0.8180,2.7440,2473.42,move_early
61.903808,10.2550,0.8340,2.7150,2474.08,move_early
61.918410,14.6020,0.6020,2.7220,2474.75,move_early
61.931318,12.9080,0.6210,2.7610,2475.23,move_early
61.985819,54.5010,0.6080,2.7130,2475.78,move_early
62.007748,21.9290,0.5800,2.7420,2477.89,move_early
62.042323,34.5750,0.9110,2.7230,2478.79,move_early
62.090552,48.2290,0.9560,2.7150,2480.13,move_early
62.117110,26.5580,0.8710,3.9400,2481.89,move_early
62.134757,17.6470,0.8370,3.8040,2483.39,move_early
62.146740,11.9830,0.6670,4.3960,2484.16,move_early
62.228465,81.7250,0.5900,2.7260,2484.56,move_early
62.246967,18.5020,0.4660,3.0240,2487.60,move_early
62.257452,10.4850,0.7820,3.9550,2488.56,move_early
62.272536,15.0840,0.7350,2.7160,2488.71,move_early
62.291906,19.3700,0.4410,2.7520,2489.31,move_early
62.308631,16.7250,0.4760,2.7180,2489.98,move_early
62.374017,65.3860,0.4560,2.7440,2490.64,move_early
62.394867,20.8500,0.5100,2.7290,2493.23,move_early
62.405192,10.3250,0.8400,3.9660,2494.24,move_early
62.415417,10.2250,0.7250,3.9680,2494.96,move_early
62.433741,18.3240,0.5180,3.7030,2495.36,move_early
62.446051,12.3100,0.4610,2.7210,2496.09,move_early
62.455237,9.1860,0.5110,2.7140,2496.58,move_early
62.496705,41.4680,0.4640,3.5670,2496.95,move_early
62.507879,11.1740,0.5400,2.7130,2498.02,move_early
62.554861,46.9820,0.7930,2.7100,2498.68,move_early
62.566906,12.0450,0.7750,4.3820,2500.56,move_early
62.585428,18.5220,0.8460,2.7170,2501.45,move_early
62.655502,70.0740,0.6670,3.8520,2502.18,move_early
62.676011,20.5090,0.6760,2.7640,2504.56,move_early
62.689435,13.4240,1.2890,2.7230,2505.51,move_early
62.706830,17.3950,0.8270,3.3660,2506.36,move_early
62.717982,11.1520,0.7180,4.3550,2507.06,move_early
62.736402,18.4200,0.7600,2.7250,2507.50,move_early
62.764166,27.7640,0.6710,2.7280,2508.25,move_early
62.787282,23.1160,0.9600,3.7990,2509.23,move_early
62.799107,11.8250,0.8380,2.7620,2510.03,move_early
62.809431,10.3240,0.7230,2.7250,2510.74,move_early
62.829332,19.9010,0.6420,2.7250,2511.15,move_early
62.844796,15.4640,0.5950,2.7130,2511.81,move_early
62.860572,15.7760,0.5740,2.7200,2512.48,move_early
62.888975,28.4030,0.5220,2.7330,2513.15,move_early
62.901481,12.5060,0.6540,2.7210,2513.81,move_early
62.914110,12.6290,0.7160,2.7470,2514.48,move_early
62.930853,16.7430,0.6010,2.7020,2515.15,move_early
62.943442,12.5890,0.6170,2.7190,2515.81,move_early
62.954298,10.8560,0.6700,6.6460,2516.48,move_early
62.971270,16.9720,0.6230,3.8530,2516.95,move_early
62.981140,9.8700,0.7430,3.8870,2517.56,move_early
62.996533,15.3930,0.5590,5.9930,2517.99,move_early
63.010279,13.7460,0.5330,3.8880,2518.56,move_early
63.030491,20.2120,0.5180,3.8470,2519.16,move_early
63.041415,10.9240,0.5200,3.8740,2519.77,move_early
63.051853,10.4380,0.6110,5.3540,2520.39,move_early
63.067946,16.0930,0.5670,5.3790,2520.83,move_early
63.091295,23.3490,0.6240,5.9410,2521.44,move_early
63.106668,15.3730,0.6010,5.1440,2522.06,move_early
63.116537,9.8690,0.4770,3.9020,2522.68,move_early
63.132582,16.0450,0.4990,3.8840,2523.29,move_early
63.149884,17.3020,0.5440,5.5210,2523.90,move_early
63.213575,63.6910,0.5220,2.8960,2524.56,move_early
63.230612,17.0370,0.6010,2.8950,2527.02,move_early
63.244263,13.6510,0.8040,3.9430,2527.89,move_early
63.258500,14.2370,0.5880,4.0600,2528.19,move_early
63.325747,67.2470,0.5720,2.8870,2528.75,move_early
63.342897,17.1500,0.5640,2.8930,2531.23,move_early
63.414855,71.9580,0.6910,2.8720,2532.15,move_early
63.433407,18.5520,0.6020,2.9140,2535.03,move_early
63.443118,9.7110,0.7000,2.8610,2536.09,move_early
63.457757,14.6390,0.6030,2.8670,2536.14,move_early
63.504858,47.1010,0.4500,4.6560,2536.71,move_early
63.559611,54.7530,0.5580,2.8870,2538.29,move_early
63.574821,15.2100,0.7510,6.0250,2540.56,move_early
63.586927,12.1060,0.7470,2.8600,2541.75,move_early
63.598085,11.1580,0.5920,4.1120,2542.22,move_early
63.607218,9.1330,0.4940,2.9180,2542.56,move_early
63.617258,10.0400,0.4620,4.5910,2543.02,move_early
63.628589,11.3310,0.4560,2.8680,2543.42,move_early
63.692861,64.2720,0.4670,2.8610,2543.82,move_early
63.714402,21.5410,0.4960,2.8890,2545.89,move_early
63.728035,13.6330,0.9070,2.8740,2547.07,move_early
63.764537,36.5020,1.1510,4.1030,2547.56,move_early
63.776799,12.2620,0.7230,2.8700,2548.89,move_early
63.795808,19.0090,0.9000,3.9430,2549.85,move_early
63.814230,18.4220,0.6860,2.8720,2550.60,move_early
63.825509,11.2790,0.6990,2.8650,2551.35,move_early
63.840414,14.9050,0.7060,2.8840,2551.78,move_early
63.856946,16.5320,0.6320,2.8520,2552.38,move_early
63.873678,16.7320,0.6250,3.3040,2553.05,move_early
63.954415,80.7370,0.7700,2.9210,2553.71,move_early
63.974241,19.8260,0.6480,5.9730,2556.56,move_early
63.990528,16.2870,0.7500,2.9090,2557.39,move_early
64.012913,22.3850,0.6180,2.8920,2558.36,move_early
64.028948,16.0350,0.5490,2.8880,2559.26,move_early
64.050362,21.4140,0.5070,3.3560,2559.93,move_early
64.070998,20.6360,0.6910,2.8530,2560.82,move_early
64.081774,10.7760,0.8790,2.8940,2561.65,move_early
64.098759,16.9850,0.7340,3.4350,2562.04,move_early
64.119593,20.8340,0.6940,2.8610,2562.75,move_early
64.131101,11.5080,0.8450,2.8920,2563.51,move_early
64.142551,11.4500,0.8450,2.8780,2564.00,move_early
64.151959,9.4080,0.5740,2.8630,2564.45,move_early
64.161491,9.5320,0.5160,2.8930,2564.82,move_early
64.170778,9.2870,0.5210,2.8580,2565.21,move_early
64.186626,15.8480,0.5250,5.0370,2565.58,move_early
64.237204,50.5780,0.5800,2.9040,2566.03,move_early
64.257433,20.2290,0.6800,2.8630,2567.62,move_early
64.274852,17.4190,0.8400,4.0040,2568.43,move_early
64.286175,11.3230,0.8390,4.1530,2569.11,move_early
64.297007,10.8320,0.7220,2.8910,2569.77,move_early
64.365591,68.5840,0.6160,2.8670,2570.44,move_early
64.442511,76.9200,0.6460,2.8460,2573.11,move_early
64.457409,14.8980,1.0070,2.8840,2575.89,move_early
64.470194,12.7850,0.8600,2.8580,2576.75,move_early
64.488861,18.6670,0.6920,5.3940,2577.24,move_early
64.500477,11.6160,0.5680,2.8780,2577.98,move_early
64.521968,21.4910,0.5740,2.8450,2578.77,move_early
64.532525,10.5570,0.4890,2.8530,2579.57,move_early
64.543088,10.5630,0.5570,5.4610,2580.08,move_early
64.552950,9.8620,0.6660,4.1020,2580.49,move_early
64.567309,14.3590,0.5570,4.3250,2580.87,move_early
64.582187,14.8780,0.5400,5.9940,2581.46,move_early
64.597146,14.9590,0.5470,4.1050,2582.04,move_early
64.617056,19.9100,0.5270,4.8730,2582.65,move_early
64.689775,72.7190,0.6170,3.6990,2583.32,move_early
64.711017,21.2420,0.6240,4.5720,2585.89,move_early
64.721196,10.1790,0.9960,2.8680,2586.88,move_early
64.785428,64.2320,0.6480,2.8950,2587.60,move_early
64.850704,65.2760,0.5970,2.8430,2589.82,move_early
64.926164,75.4600,1.8800,2.8520,2592.51,move_early
64.947333,21.1690,0.9550,3.9360,2595.23,move_early
64.958094,10.7610,1.0320,3.0240,2596.70,move_early
64.974002,15.9080,0.8410,3.0150,2596.77,move_early
64.989799,15.7970,0.6430,5.2860,2597.42,move_early
65.001056,11.2570,0.7770,2.9840,2598.06,move_early
65.019275,18.2190,0.8390,2.9990,2598.50,move_early
65.035466,16.1910,0.6590,2.9780,2599.00,move_early
65.051544,16.0780,0.7060,4.7780,2599.53,move_early
65.071831,20.2870,0.7260,3.8520,2600.21,move_early
65.086328,14.4970,0.8890,3.0230,2601.02,move_early
65.100416,14.0880,0.7750,3.0290,2601.60,move_early
65.113224,12.8080,0.9530,3.0050,2602.17,move_early
65.125139,11.9150,0.6440,3.0210,2602.75,move_early
65.135469,10.3300,0.6330,2.9950,2603.23,move_early
65.145292,9.8230,0.6110,2.8640,2603.81,move_early
65.160648,15.3560,0.5850,2.9060,2604.38,move_early
65.211010,50.3620,0.6180,4.6980,2604.95,move_early
65.232008,20.9980,0.7120,3.7200,2606.91,move_early
65.251720,19.7120,0.8150,2.8840,2607.89,move_early
65.273669,21.9490,0.8000,2.8800,2608.86,move_early
65.287394,13.7250,0.7850,4.0920,2609.77,move_early
65.301759,14.3650,0.8080,2.9130,2610.29,move_early
65.314656,12.8970,0.7420,2.9000,2610.85,move_early
65.326863,12.2070,0.6600,2.9190,2611.37,move_early
65.339049,12.1860,0.6720,4.6210,2611.86,move_early
65.352070,13.0210,0.6920,4.7310,2612.35,move_early
65.368523,16.4530,0.8140,2.8660,2612.87,move_early
65.384524,16.0010,0.6940,2.9260,2613.51,move_early
65.395212,10.6880,0.6500,2.8780,2614.15,move_early
65.404852,9.6400,0.6050,3.6410,2614.57,move_early
65.421893,17.0410,0.5340,2.8660,2614.95,move_early
65.438318,16.4250,0.5000,4.9410,2615.50,move_early
65.460973,22.6550,0.5980,3.2900,2616.06,move_early
65.471355,10.3820,0.6560,4.1200,2616.63,move_early
65.487883,16.5280,0.8140,3.2490,2617.23,move_early
65.506985,19.1020,0.4880,2.8920,2617.89,move_early
65.559627,52.6420,0.5010,3.6580,2618.56,move_early
65.570635,11.0080,0.6370,4.1060,2620.51,move_early
65.622405,51.7700,0.7320,2.7160,2621.17,move_early
65.639715,17.3100,0.5760,4.5280,2623.23,move_early
65.657666,17.9510,0.7510,2.7120,2624.36,move_early
65.679740,22.0740,0.7170,3.9120,2625.15,move_early
65.691528,11.7880,1.2870,5.0350,2626.01,move_early
65.703584,12.0560,0.9990,3.9250,2626.16,move_early
65.714632,11.0480,1.1350,2.7090,2626.82,move_early
65.725289,10.6570,0.7730,3.2710,2627.02,move_early
65.735282,9.9930,0.5990,2.6890,2627.44,move_early
65.752002,16.7200,0.6150,3.7460,2627.84,move_early
65.768056,16.0540,0.5930,2.7080,2628.24,move_early
65.847318,79.2620,0.7260,4.5040,2628.85,move_early
65.866351,19.0330,0.8960,2.6970,2632.37,move_early
65.877869,11.5180,0.8650,3.8070,2633.23,move_early
65.905262,27.3930,0.7630,2.6880,2633.89,move_early
65.919823,14.5610,0.8240,4.3900,2634.68,move_early
65.934405,14.5820,0.9090,3.2830,2635.52,move_early
65.949120,14.7150,0.7770,3.0200,2636.18,move_early
65.964534,15.4140,0.7830,2.7070,2636.79,move_early
65.978924,14.3900,0.9500,2.6730,2637.38,move_early
65.991126,12.2020,0.7710,2.6690,2637.94,move_early
66.014168,23.0420,0.6990,2.6800,2638.45,move_early
66.028712,14.5440,0.7540,2.6990,2639.12,move_early
66.039295,10.5830,0.8510,4.5310,2639.79,move_early
66.050459,11.1640,0.6210,3.8980,2640.36,move_early
66.134070,83.6110,0.7610,3.2770,2640.92,move_early
66.145977,11.9070,0.8910,3.0070,2643.83,move_early
66.157171,11.1940,0.8460,4.3350,2644.56,move_early
66.225183,68.0120,0.9600,3.8870,2644.76,move_early
66.244905,19.7220,0.8410,3.0170,2647.23,move_early
66.260147,15.2420,1.4540,2.6860,2648.56,move_early
66.273216,13.0690,0.9370,4.5180,2649.20,move_early
66.285243,12.0270,0.7570,3.2640,2649.69,move_early
66.296203,10.9600,0.6090,3.8930,2650.17,move_early
66.309391,13.1880,0.5660,2.6760,2650.61,move_early
66.320019,10.6280,0.5590,2.7060,2651.15,move_early
66.331768,11.7490,0.5670,3.2850,2651.56,move_early
66.342184,10.4160,0.5470,2.6700,2652.03,move_early
66.352315,10.1310,0.5880,2.6980,2652.44,move_early
66.365778,13.4630,0.4630,3.8780,2652.85,move_early
66.375707,9.9290,0.5330,3.7270,2653.35,move_early
66.432696,56.9890,0.5850,2.7060,2653.79,move_early
66.451555,18.8590,0.6440,2.6720,2655.79,move_early
66.469491,17.9360,0.9660,3.9010,2656.56,move_early
66.498670,29.1790,0.9270,5.0830,2657.25,move_early
66.572328,73.6580,0.9600,3.2550,2658.56,move_early
66.626240,53.9120,0.9750,2.6950,2661.06,move_early
66.649410,23.1700,0.9650,4.5360,2663.58,move_early
66.663214,13.8040,1.2220,4.3120,2664.56,move_early
66.679302,16.0880,1.0210,3.3690,2665.23,move_early
66.692723,13.4210,0.7720,2.6630,2665.89,move_early
66.709103,16.3800,0.7410,2.6690,2666.52,move_early
66.724563,15.4600,0.9430,2.6930,2667.16,move_early
66.768028,43.4650,0.7920,3.0600,2667.77,move_early
66.791550,23.5220,0.7280,2.6700,2668.87,move_early
66.809231,17.6810,0.8920,2.6700,2669.81,move_early
66.825449,16.2180,1.0000,3.8550,2670.56,move_early
66.846065,20.6160,0.7120,2.6620,2671.23,move_early
66.912655,66.5900,0.8680,2.7260,2672.06,move_early
66.943204,30.5490,0.8950,3.5910,2674.98,move_early
66.963905,20.7010,0.8640,2.6640,2676.18,move_early
66.976457,12.5520,0.7040,3.7880,2677.36,move_early
66.991062,14.6050,0.9280,2.7100,2677.50,move_early
67.056681,65.6190,0.5810,3.7670,2678.07,move_early
67.101679,44.9980,0.5870,2.6590,2680.56,move_early
67.121231,19.5520,0.8080,2.6620,2682.55,move_early
67.141711,20.4800,0.9190,2.6760,2683.32,move_early
67.153947,12.2360,0.8790,2.6520,2684.45,move_early
67.175722,21.7750,0.6480,2.6460,2684.60,move_early
67.196672,20.9500,0.6090,2.6550,2685.47,move_early
67.208864,12.1920,0.6410,2.6720,2686.56,move_early
67.228893,20.0290,0.6690,3.7790,2687.13,move_early
67.247023,18.1300,0.6850,2.6790,2687.80,move_early
67.258052,11.0290,0.6310,2.6660,2688.47,move_early
67.280013,21.9610,0.5590,2.6510,2689.08,move_early
67.300701,20.6880,0.6460,2.6980,2689.75,move_early
67.345912,45.2110,1.3780,2.6660,2690.42,move_early
67.365815,19.9030,0.7100,2.6380,2692.30,move_early
67.428232,62.4170,0.8070,3.7100,2693.23,move_early
67.442203,13.9710,0.7080,3.6970,2695.60,move_early
67.506776,64.5730,0.8580,3.6820,2696.46,move_early
67.524726,17.9500,0.6840,5.9430,2698.41,move_early
67.582982,58.2560,0.8210,7.2790,2699.77,move_early
67.600650,17.6680,0.7170,3.8390,2701.79,move_early
67.612961,12.3110,0.8520,6.1740,2702.79,move_early
67.625167,12.2060,0.5470,3.7910,2703.27,move_early
67.635888,10.7210,0.4870,3.8100,2703.44,move_early
67.647194,11.3060,0.5540,3.8380,2704.11,move_early
67.661921,14.7270,0.5070,3.8200,2704.64,move_early
67.683822,21.9010,0.5280,4.2920,2705.23,move_early
67.700829,17.0070,0.6500,5.2030,2705.90,move_early
67.713921,13.0920,0.7750,3.8120,2706.57,move_early
67.737925,24.0040,0.6390,3.8190,2707.23,move_early
67.753746,15.8210,1.0830,5.8220,2707.90,move_early
67.767887,14.1410,1.3240,5.0820,2708.57,move_early
67.786325,18.4380,0.8810,5.0720,2709.23,move_early
67.804530,18.2050,0.7150,3.8110,2709.90,move_early
67.822061,17.5310,0.8920,3.7790,2710.57,move_early
67.892022,69.9610,0.7780,3.7860,2711.23,move_early
67.912139,20.1170,0.9670,3.7880,2713.89,move_early
67.924086,11.9470,0.9390,3.8240,2714.97,move_early
67.935319,11.2330,0.8700,5.2820,2715.74,move_early
67.959601,24.2820,0.6940,3.9090,2716.21,move_early
67.971290,11.6890,0.8970,5.1040,2717.05,move_early
67.989962,18.6720,0.9260,3.8510,2717.63,move_early
68.032981,43.0190,0.6510,3.8550,2718.38,move_early
68.059447,26.4660,0.7880,3.8290,2719.47,move_early
68.073476,14.0290,1.0720,3.8240,2720.54,move_early
68.088570,15.0940,0.9750,3.8500,2721.23,move_early
68.134373,45.8030,0.6490,3.8630,2721.89,move_early
68.150381,16.0080,0.7900,5.3670,2723.86,move_early
68.169997,19.6160,0.8640,6.3390,2724.56,move_early
68.183271,13.2740,0.8780,5.1330,2725.62,move_early
68.245972,62.7010,0.8770,3.8720,2726.12,move_early
68.260361,14.3890,0.8140,3.8980,2728.33,move_early
68.277924,17.5630,0.9020,3.8770,2729.20,move_early
68.296491,18.5670,0.7300,3.8610,2729.90,move_early
68.309665,13.1740,0.7220,4.7690,2730.66,move_early
68.322011,12.3460,0.9350,3.8860,2731.16,move_early
68.333909,11.8980,0.6280,3.8620,2731.64,move_early
68.356043,22.1340,0.5840,3.9060,2732.12,move_early
68.367980,11.9370,0.6490,6.4060,2732.79,move_early
68.380071,12.0910,0.6220,3.9480,2733.46,move_early
68.391334,11.2630,0.6020,5.9090,2733.99,move_early
68.404866,13.5320,0.7430,6.0290,2734.43,move_early
68.419011,14.1450,0.6030,3.9730,2734.97,move_early
68.460945,41.9340,0.5360,4.3640,2735.52,move_early
68.473044,12.0990,0.5760,3.9740,2736.60,move_early
68.494864,21.8200,1.0030,3.9230,2737.26,move_early
68.557321,62.4570,0.9540,3.9360,2737.98,move_early
68.600865,43.5440,1.2340,3.9560,2740.56,move_early
68.616288,15.4230,0.8940,4.0010,2742.51,move_early
68.635021,18.7330,0.8430,3.9410,2743.23,move_early
68.647091,12.0700,0.9140,3.9380,2744.23,move_early
68.662780,15.6890,1.1240,7.7520,2744.56,move_early
68.676845,14.0650,0.6800,4.8210,2745.30,move_early
68.692007,15.1620,0.6300,3.9470,2745.89,move_early
68.714735,22.7280,1.0570,3.9530,2746.49,move_early
68.726759,12.0240,0.8440,3.9680,2747.16,move_early
68.743984,17.2250,0.8210,3.9800,2747.82,move_early
68.756014,12.0300,0.7460,4.0350,2748.49,move_early
68.778176,22.1620,0.8260,5.0930,2749.04,move_early
68.790493,12.3170,0.7990,4.0460,2749.70,move_early
68.800681,10.1880,1.0090,4.0360,2750.37,move_early
68.864466,63.7850,0.6300,4.0160,2750.79,move_early
68.885863,21.3970,0.6020,4.0170,2753.05,move_early
68.900633,14.7700,0.8380,4.0080,2753.90,move_early
68.912462,11.8290,0.8370,5.5610,2754.80,move_early
68.931025,18.5630,0.6860,3.9960,2755.33,move_early
68.992779,61.7540,0.8530,4.7600,2756.03,move_early
69.009049,16.2700,0.7650,4.0120,2757.84,move_early
69.022462,13.4130,0.8170,4.0580,2758.56,move_early
69.040800,18.3380,0.5620,5.6560,2759.23,move_early
69.062226,21.4260,0.5280,4.1070,2760.08,move_early
69.083738,21.5120,0.5210,4.0500,2760.97,move_early
69.103518,19.7800,0.5850,4.0660,2761.84,move_early
69.154281,50.7630,0.4980,4.0330,2762.71,move_early
69.164687,10.4060,0.4870,4.0200,2764.28,move_early
69.174428,9.7410,0.6860,4.0750,2765.23,move_early
69.189360,14.9320,0.6100,7.4640,2765.73,move_early
69.245082,55.7220,0.5640,8.5150,2766.33,move_early
69.307944,62.8620,0.5830,4.1290,2768.26,move_early
69.380662,72.7180,0.8570,4.0910,2770.56,move_early
69.396600,15.9380,0.9930,4.1240,2773.69,move_early
69.434028,37.4280,0.8030,4.1780,2774.56,move_early
69.450877,16.8490,0.6010,4.1880,2775.89,move_early
69.468761,17.8840,0.7110,5.1070,2776.56,move_early
69.487775,19.0140,0.5330,4.1950,2777.51,move_early
69.498239,10.4640,0.5650,5.2290,2778.27,move_early
69.508943,10.7040,0.5240,4.1750,2778.68,move_early
69.569461,60.5180,0.4580,4.1980,2779.12,move_early
69.622968,53.5070,0.7370,4.1850,2781.23,move_early
69.636535,13.5670,1.2410,4.2080,2783.38,move_early
69.646278,9.7430,0.7750,4.2070,2783.90,move_early
69.693546,47.2680,0.5770,5.9190,2784.56,move_early
69.726904,33.3580,0.6200,8.1090,2786.21,move_early
69.748119,21.2150,0.8310,4.2480,2787.21,move_early
69.766656,18.5370,0.7500,4.3150,2788.21,move_early
69.782375,15.7190,0.8340,6.2040,2789.18,move_early
69.847679,65.3040,1.2690,4.3350,2789.89,move_early
69.860685,13.0060,0.7610,4.3200,2792.41,move_early
69.873706,13.0210,0.9980,6.6550,2793.23,move_early
69.936437,62.7310,0.7790,6.9790,2793.42,move_early
69.970920,34.4830,0.9050,4.3010,2795.89,move_early
69.984248,13.3280,0.9430,4.3770,2797.33,move_early
70.004062,19.8140,1.0870,7.0150,2798.17,move_early
70.020763,16.7010,0.7560,4.4010,2798.64,move_early
70.093346,72.5830,1.0050,4.3770,2799.30,move_early
70.120344,26.9980,0.8140,4.3510,2801.89,move_early
70.134804,14.4600,0.8640,4.8540,2803.29,move_early
70.148251,13.4470,0.9160,6.0020,2804.17,move_early
70.165530,17.2790,0.6400,5.4520,2804.56,move_early
70.181122,15.5920,0.5970,4.4270,2805.23,move_early
70.193899,12.7770,0.7300,5.7400,2805.89,move_early
70.206202,12.3030,0.6780,6.8320,2806.43,move_early
70.225496,19.2940,0.6170,5.7760,2806.98,move_early
70.243190,17.6940,0.7280,4.4220,2807.55,move_early
70.254262,11.0720,0.6730,4.4050,2808.18,move_early
70.267919,13.6570,0.7080,4.4230,2808.77,move_early
70.343029,75.1100,0.5230,7.1290,2809.37,move_early
70.356470,13.4410,0.6730,6.2420,2811.89,move_early
70.374155,17.6850,0.9230,4.0780,2812.70,move_early
70.386632,12.4770,0.6430,5.6650,2813.74,move_early
70.398152,11.5200,0.5850,4.0910,2814.22,move_early
70.457426,59.2740,0.5230,5.7940,2814.68,move_early
70.521127,63.7010,0.5660,6.7400,2816.43,move_early
70.543675,22.5480,0.8150,5.3760,2819.23,move_early
70.558524,14.8490,1.0750,6.7100,2820.56,move_early
70.571884,13.3600,1.0180,5.4130,2820.80,move_early
70.584593,12.7090,0.8090,5.9950,2821.33,move_early
70.596858,12.2650,0.7200,5.4460,2821.84,move_early
70.609860,13.0020,0.7560,6.6900,2822.28,move_early
70.623812,13.9520,0.6090,5.4210,2822.73,move_early
70.639710,15.8980,0.7750,4.1330,2823.17,move_early
70.712559,72.8490,0.6700,4.0820,2823.70,move_early
70.727810,15.2510,0.7870,6.6770,2826.99,move_early
70.748823,21.0130,0.9760,4.1560,2827.89,move_early
70.763010,14.1870,0.7840,2.8420,2828.56,move_early
70.775691,12.6810,0.7520,2.8340,2829.23,move_early
70.786090,10.3990,0.7720,2.8090,2829.82,move_early
70.828775,42.6850,0.6880,2.8400,2830.22,move_early
70.846526,17.7510,0.6380,2.8310,2831.29,move_early
70.863965,17.4390,0.8850,3.5180,2832.00,move_early
70.883639,19.6740,0.8730,5.2800,2832.76,move_early
70.908923,25.2840,0.7200,4.6400,2833.51,move_early
70.924647,15.7240,0.7980,4.0650,2834.51,move_early
71.031581,106.9340,0.7690,2.8290,2835.23,move_early
71.056536,24.9550,0.7090,4.0540,2839.72,move_early
71.072077,15.5410,0.8530,3.4740,2840.73,move_early
71.084161,12.0840,0.8380,2.8260,2841.32,move_early
71.095471,11.3100,0.7540,2.7830,2841.89,move_early
71.105505,10.0340,0.4810,2.7960,2842.57,move_early
71.122193,16.6880,0.4780,3.4830,2843.00,move_early
71.131947,9.7540,0.8660,2.8110,2843.65,move_early
71.141825,9.8780,0.6520,4.0550,2844.02,move_early
71.150496,8.6710,0.4830,2.8270,2844.41,move_early
71.196670,46.1740,0.4300,2.7910,2844.77,move_early
71.218852,22.1820,0.5930,6.2350,2846.00,move_early
71.229070,10.2180,0.8690,2.7970,2846.87,move_early
71.238505,9.4350,0.7140,4.0320,2847.54,move_early
71.251923,13.4180,0.5310,2.7730,2848.20,move_early
71.264756,12.8330,0.5320,2.7920,2848.83,move_early
71.315443,50.6870,0.6150,3.0860,2849.34,move_early
71.383694,68.2510,0.5800,2.7910,2850.75,move_early
71.401506,17.8120,0.8870,4.0130,2853.83,move_early
71.412930,11.4240,0.8360,2.7840,2854.56,move_early
71.428835,15.9050,0.6670,4.6130,2855.23,move_early
71.440188,11.3530,0.5150,2.8170,2855.89,move_early
71.455946,15.7580,0.6360,3.4990,2856.36,move_early
71.469023,13.0770,0.5150,2.7920,2857.01,move_early
71.480394,11.3710,0.5390,5.0240,2857.52,move_early
71.491613,11.2190,0.5480,2.8230,2857.97,move_early
71.501522,9.9090,0.4500,2.7870,2858.42,move_early
71.511021,9.4990,0.4800,3.4850,2858.81,move_early
71.566181,55.1600,0.4660,2.8110,2859.19,move_early
71.585318,19.1370,0.5630,4.0430,2861.13,move_early
71.638215,52.8970,0.9630,4.5680,2861.89,move_early
71.653355,15.1400,0.6850,2.7020,2863.97,move_early
71.672457,19.1020,0.6630,2.7000,2864.89,move_early
71.691965,19.5080,0.5620,2.7270,2865.33,move_early
71.710078,18.1130,0.7400,2.6990,2866.17,move_early
71.728503,18.4250,1.0310,3.9460,2866.86,move_early
71.739583,11.0800,0.7340,2.6880,2867.60,move_early
71.756807,17.2240,0.7610,2.7140,2868.27,move_early
71.773922,17.1150,0.6130,2.6780,2868.93,move_early
71.790266,16.3440,0.7990,2.7290,2869.60,move_early
71.806012,15.7460,0.7260,2.6940,2870.27,move_early
71.872535,66.5230,0.7110,3.8150,2870.93,move_early
71.905095,32.5600,0.7090,2.7010,2873.23,move_early
71.918884,13.7890,0.9210,2.7140,2874.69,move_early
71.931153,12.2690,0.9320,3.8670,2875.55,move_early
71.943699,12.5460,0.7740,4.9340,2875.89,move_early
71.963400,19.7010,0.7990,3.2840,2876.22,move_early
71.989449,26.0490,0.8810,2.7160,2876.89,move_early
72.010940,21.4910,1.0810,2.7430,2877.76,move_early
72.036890,25.9500,1.1730,3.9310,2878.60,move_early
72.052506,15.6160,1.0280,2.6990,2879.65,move_early
72.068022,15.5160,1.1280,2.6920,2880.40,move_early
72.096204,28.1820,1.0720,3.6400,2881.14,move_early
72.115853,19.6490,0.9200,2.7280,2882.02,move_early
72.202997,87.1440,1.0070,2.7280,2882.85,move_early
72.265585,62.5880,1.0670,2.8780,2886.56,move_early
72.287123,21.5380,0.9960,2.6960,2889.14,move_early
72.302052,14.9290,1.1250,2.7030,2889.98,move_early
72.315722,13.6700,0.9910,5.9990,2890.56,move_early
72.330273,14.5510,0.7060,3.3270,2891.23,move_early
72.344725,14.4520,0.8240,2.6920,2892.02,move_early
72.358697,13.9720,0.8430,4.5440,2892.59,move_early
72.371673,12.9760,0.7790,2.7010,2893.13,move_early
72.383871,12.1980,0.6760,2.7150,2893.63,move_early
72.395783,11.9120,0.6530,2.6970,2894.14,move_early
72.417843,22.0600,0.7060,2.7050,2894.61,move_early
72.434611,16.7680,0.6560,2.7340,2895.28,move_early
72.455888,21.2770,0.5970,3.0370,2895.94,move_early
72.472238,16.3500,0.7170,2.6970,2896.61,move_early
72.536751,64.5130,0.7480,2.6690,2897.28,move_early
72.612652,75.9010,0.7840,2.6710,2899.89,move_early
72.628114,15.4620,1.3120,3.7580,2903.02,move_early
72.642970,14.8560,1.0270,2.6900,2903.89,move_early
72.673558,30.5880,0.8860,2.6870,2904.21,move_early
72.693295,19.7370,1.0140,2.6860,2905.23,move_early
72.708124,14.8290,1.1950,2.7130,2906.12,move_early
72.722392,14.2680,0.9980,2.7540,2906.92,move_early
72.753273,30.8810,0.9380,2.7290,2907.69,move_early
72.770511,17.2380,0.9960,2.7190,2908.47,move_early
72.786283,15.7720,1.1940,5.1460,2909.23,move_early
72.801542,15.2590,0.9610,2.7150,2909.89,move_early
72.816753,15.2110,0.9290,3.1610,2910.56,move_early
72.831916,15.1630,0.9390,2.6810,2911.23,move_early
72.843668,11.7520,0.9790,2.6920,2911.95,move_early
72.854954,11.2860,0.7700,2.7330,2912.56,move_early
72.962306,107.3520,0.8500,3.9310,2913.01,move_early
72.975336,13.0300,0.9310,2.7060,2916.99,move_early
72.986215,10.8790,0.9870,2.7030,2917.49,move_early
72.996907,10.6920,0.8520,2.7050,2917.91,move_early
73.019864,22.9570,0.7700,2.7100,2918.56,move_early
73.045114,25.2500,0.8290,2.7090,2919.29,move_early
73.067892,22.7780,1.0500,2.7320,2920.09,move_early
73.089704,21.8120,1.2290,6.0760,2920.87,move_early
73.105489,15.7850,0.9130,2.7350,2921.89,move_early
73.125688,20.1990,0.8120,2.7240,2922.67,move_early
73.140268,14.5800,0.7650,2.7210,2923.45,move_early
73.151168,10.9000,0.8870,2.7260,2924.21,move_early
73.162213,11.0450,0.6940,2.7390,2924.85,move_early
73.188260,26.0470,0.7940,4.3010,2925.29,move_early
73.202768,14.5080,0.8630,3.1430,2926.05,move_early
73.215762,12.9940,1.0930,2.6930,2926.80,move_early
73.239445,23.6830,0.7480,2.7180,2927.42,move_early
73.254267,14.8220,0.7800,3.0770,2928.16,move_early
73.279535,25.2680,0.9780,4.9520,2928.88,move_early
73.291021,11.4860,0.8940,4.2780,2929.89,move_early
73.313621,22.6000,0.9410,3.9200,2930.43,move_early
73.331771,18.1500,0.7780,2.7090,2931.10,move_early
73.353876,22.1050,0.9080,4.1520,2931.77,move_early
73.372111,18.2350,0.7890,3.9630,2932.43,move_early
73.392192,20.0810,0.8650,3.9700,2933.10,move_early
73.405922,13.7300,0.8180,5.5610,2933.82,move_early
73.416340,10.4180,0.7810,3.9660,2934.49,move_early
73.440214,23.8740,0.6300,3.9260,2935.16,move_early
73.454507,14.2930,0.6290,5.1900,2935.82,move_early
73.466834,12.3270,0.8290,5.2350,2936.49,move_early
73.490400,23.5660,0.7450,3.9610,2937.16,move_early
73.506392,15.9920,0.7930,4.0120,2937.82,move_early
73.519117,12.7250,0.9600,3.9670,2938.49,move_early
73.569070,49.9530,0.7080,3.9820,2939.16,move_early
73.582227,13.1570,0.6950,4.4380,2941.23,move_early
73.650917,68.6900,0.9220,3.9880,2941.89,move_early
73.723792,72.8750,0.7850,7.8280,2944.52,move_early
73.744804,21.0120,0.9390,6.2710,2947.13,move_early
73.765956,21.1520,1.1340,4.0980,2948.63,move_early
73.847295,81.3390,0.9890,4.6960,2949.23,move_early
73.916151,68.8560,0.9720,4.0700,2952.40,move_early
73.939136,22.9850,1.0920,4.1230,2955.16,move_early
73.955347,16.2110,1.0820,4.0630,2956.40,move_early
73.970900,15.5530,1.0230,6.6330,2956.71,move_early
73.989918,19.0180,0.9130,4.1690,2957.31,move_early
74.005291,15.3730,0.8220,4.1290,2958.15,move_early
74.020870,15.5790,0.9750,4.1840,2958.95,move_early
74.032818,11.9480,0.8830,4.1500,2959.65,move_early
74.052924,20.1060,0.8630,4.1780,2960.12,move_early
74.073147,20.2230,0.8180,5.4350,2960.87,move_early
74.096866,23.7190,0.9970,5.8640,2961.61,move_early
74.112360,15.4940,0.8400,5.4480,2962.56,move_early
74.124401,12.0410,1.0670,4.7170,2963.30,move_early
74.140671,16.2700,1.0500,4.2020,2963.79,move_early
74.166012,25.3410,0.8270,5.7390,2964.46,move_early
74.181414,15.4020,0.9870,4.0770,2965.12,move_early
74.197549,16.1350,1.0350,4.0590,2965.79,move_early
74.209820,12.2710,0.8520,4.0630,2966.46,move_early
74.234475,24.6550,0.8120,4.0660,2967.12,move_early
74.249195,14.7200,1.0530,4.4670,2967.79,move_early
74.263431,14.2360,1.1130,6.6970,2968.46,move_early
74.282259,18.8280,0.8470,4.0550,2969.12,move_early
74.306918,24.6590,0.8250,4.0390,2969.79,move_early
74.321854,14.9360,0.8810,4.0250,2970.46,move_early
74.335799,13.9450,1.0220,4.0450,2971.12,move_early
74.348660,12.8610,0.8770,4.0670,2971.79,move_early
74.376958,28.2980,0.7310,6.9780,2972.40,move_early
74.391748,14.7900,0.7170,4.9920,2973.25,move_early
74.409105,17.3570,1.0160,4.0690,2973.98,move_early
74.421944,12.8390,0.8920,4.0330,2974.70,move_early
74.439902,17.9580,0.8400,4.0450,2975.36,move_early
74.516023,76.1210,0.8890,4.0200,2976.08,move_early
74.538977,22.9540,1.0140,6.4510,2979.15,move_early
74.618997,80.0200,1.1960,4.0370,2980.08,move_early
74.635919,16.9220,1.1410,7.8880,2983.23,move_early
74.648643,12.7240,1.1150,4.0520,2984.25,move_early
74.724768,76.1250,0.8200,5.3210,2984.56,move_early
74.747597,22.8290,0.8900,4.0950,2987.23,move_early
74.762873,15.2760,1.2330,4.0530,2988.56,move_early
74.775381,12.5080,1.1420,5.6930,2989.33,move_early
74.788188,12.8070,0.8820,4.0560,2989.48,move_early
74.799761,11.5730,0.8120,4.0240,2990.00,move_early
74.821444,21.6830,0.8640,4.0500,2990.46,move_early
74.843405,21.9610,0.8360,4.0510,2991.04,move_early
74.861882,18.4770,1.2020,4.0490,2991.92,move_early
74.955280,93.3980,1.1180,4.9610,2992.65,move_early
74.978487,23.2070,1.1300,3.9980,2996.56,move_early
74.995629,17.1420,1.1120,4.0270,2997.89,move_early
75.019322,23.6930,1.2500,4.0350,2998.56,move_early
75.035553,16.2310,0.9890,4.0300,2999.28,move_early
75.052001,16.4480,1.0110,4.0260,2999.92,move_early
75.066273,14.2720,1.1360,5.2680,3000.59,move_early
75.150780,84.5070,0.8800,4.0410,3001.26,move_early
75.177312,26.5320,1.0880,4.0290,3004.56,move_early
75.192888,15.5760,1.0610,4.0290,3005.89,move_early
75.219241,26.3530,0.9800,4.0640,3006.22,move_early
75.244414,25.1730,1.0330,5.5540,3007.23,move_early
75.259149,14.7350,0.9530,4.0460,3008.28,move_early
75.280921,21.7720,1.0430,5.7430,3008.95,move_early
75.294559,13.6380,0.9300,5.3460,3009.73,move_early
75.314235,19.6760,0.9420,4.0850,3010.39,move_early
75.329132,14.8970,0.7920,4.0570,3011.07,move_early
75.342974,13.8420,1.0530,4.1030,3011.74,move_early
75.400499,57.5250,0.9290,4.8850,3012.41,move_early
75.427359,26.8600,0.9050,4.0440,3014.52,move_early
75.444024,16.6650,0.9300,4.0590,3015.59,move_early
75.459975,15.9510,1.0000,4.4450,3016.58,move_early
75.482314,22.3390,0.8570,4.0180,3016.89,move_early
75.496628,14.3140,0.9810,6.5940,3017.79,move_early
75.515971,19.3430,1.0080,4.0400,3018.46,move_early
75.542896,26.9250,0.9550,4.0840,3019.12,move_early
75.557608,14.7120,0.9740,4.4660,3019.87,move_early
75.574551,16.9430,1.0460,4.8500,3020.54,move_early
75.588445,13.8940,0.9670,4.1400,3021.21,move_early
75.607583,19.1380,0.9250,7.7300,3021.87,move_early
75.620472,12.8890,0.6970,5.0080,3022.54,move_early
75.631595,11.1230,0.8690,3.7530,3023.21,move_early
75.644303,12.7080,0.8160,4.1490,3023.87,move_early
75.656312,12.0090,0.8360,6.1910,3024.48,move_early
75.723613,67.3010,0.9110,6.1750,3025.06,move_early
75.745543,21.9300,0.8950,3.8200,3027.23,move_early
75.761639,16.0960,1.2980,3.0090,3028.31,move_early
75.783545,21.9060,1.0370,2.6840,3029.28,move_early
75.800294,16.7490,1.0320,2.6750,3030.19,move_early
75.816033,15.7390,1.2760,5.6000,3030.82,move_early
75.904173,88.1400,0.9570,3.7470,3031.46,move_early
76.010059,105.8860,1.0850,2.6450,3034.56,move_early
76.031589,21.5300,1.1910,3.5560,3038.92,move_early
76.047647,16.0580,1.1940,3.7780,3039.89,move_early
76.061242,13.5950,1.1850,4.1770,3040.56,move_early
76.080030,18.7880,0.9740,2.6380,3041.23,move_early
76.093216,13.1860,0.9370,2.9620,3042.04,move_early
76.104678,11.4620,1.1180,2.9990,3042.55,move_early
76.123368,18.6900,0.9110,3.7090,3043.00,move_early
76.141422,18.0540,0.8570,2.6480,3043.67,move_early
76.155412,13.9900,0.9670,2.6270,3044.33,move_early
76.184674,29.2620,1.0890,4.0130,3045.00,move_early
76.197439,12.7650,1.0850,2.9830,3045.67,move_early
76.210424,12.9850,1.2220,2.6770,3046.33,move_early
76.232455,22.0310,1.0650,3.6130,3047.00,move_early
76.247913,15.4580,1.1010,4.4450,3047.67,move_early
76.326160,78.2470,1.2130,3.1460,3048.33,move_early
76.355501,29.3410,1.0510,2.6630,3051.58,move_early
76.370608,15.1070,1.2550,5.6800,3052.74,move_early
76.384845,14.2370,1.2010,6.1000,3053.32,move_early
76.456503,71.6580,0.9580,4.4390,3053.90,move_early
76.482093,25.5900,1.0880,3.8230,3056.56,move_early
76.505371,23.2780,1.3200,2.6400,3057.89,move_early
76.519413,14.0420,1.0700,3.8380,3059.05,move_early
76.537339,17.9260,1.0620,2.6690,3059.58,move_early
76.551327,13.9880,0.7430,2.6730,3060.29,move_early
76.565148,13.8210,0.7670,3.8860,3060.85,move_early
76.578431,13.2830,0.7910,4.4960,3061.41,move_early
76.597950,19.5190,0.8570,3.8530,3061.92,move_early
76.617789,19.8390,0.7050,3.8570,3062.69,move_early
76.631322,13.5330,0.8980,2.6320,3063.44,move_early
76.642206,10.8840,1.0060,2.6470,3064.06,move_early
76.657707,15.5010,0.7730,2.6180,3064.48,move_early
76.683240,25.5330,0.7960,2.6310,3065.15,move_early
76.697474,14.2340,1.0920,4.6050,3065.81,move_early
76.710970,13.4960,1.0230,2.6380,3066.43,move_early
76.733551,22.5810,0.9770,3.6190,3067.04,move_early
76.746604,13.0530,0.7830,2.6190,3067.70,move_early
76.760260,13.6560,0.7640,2.6340,3068.31,move_early
76.772566,12.3060,0.7050,2.6240,3068.93,move_early
76.789138,16.5720,0.8410,3.5710,3069.54,move_early
76.862144,73.0060,0.8950,2.6210,3070.15,move_early
76.884459,22.3150,0.9230,2.6210,3073.03,move_early
76.905668,21.2090,1.4310,3.7420,3073.89,move_early
76.928436,22.7680,1.2350,3.7040,3075.06,move_early
76.942049,13.6130,1.1270,2.6320,3075.99,move_early
76.955098,13.0490,1.2450,3.2450,3076.17,move_early
77.012173,57.0750,0.9830,2.6520,3076.83,move_early
77.040623,28.4500,1.0310,4.5300,3079.01,move_early
77.056677,16.0540,1.2330,2.6400,3080.14,move_early
77.083462,26.7850,1.1410,2.6140,3081.12,move_early
77.098335,14.8730,1.1890,5.4930,3082.19,move_early
77.113896,15.5610,1.1310,2.6200,3082.78,move_early
77.134059,20.1630,1.0830,2.6240,3083.39,move_early
77.148558,14.4990,1.0640,2.6160,3084.20,move_early
77.163036,14.4780,1.0510,2.6370,3084.77,move_early
77.180529,17.4930,0.9140,2.6150,3085.37,move_early
77.191871,11.3420,1.0650,4.2600,3086.04,move_early
77.203782,11.9110,0.9300,2.6150,3086.49,move_early
77.221068,17.2860,0.9140,4.1110,3086.96,move_early
77.311549,90.4810,1.0410,2.6130,3087.63,move_early
77.341123,29.5740,1.0410,2.6070,3090.96,move_early
77.353094,11.9710,1.2030,2.6280,3092.12,move_early
77.367422,14.3280,0.8910,4.1450,3092.58,move_early
77.388437,21.0150,0.7750,4.6040,3093.23,move_early
77.411832,23.3950,1.0800,2.9890,3094.06,move_early
77.424922,13.0900,1.0150,2.6190,3095.23,move_early
77.437588,12.6660,0.9930,2.6490,3095.79,move_early
77.460336,22.7480,0.8100,3.7650,3096.30,move_early
77.479861,19.5250,0.9640,2.6580,3096.97,move_early
77.505731,25.8700,1.1230,3.4210,3097.63,move_early
77.520521,14.7900,0.8800,2.6540,3098.38,move_early
77.533950,13.4290,0.9130,2.6140,3099.05,move_early
77.550105,16.1550,0.7090,3.8030,3099.72,move_early
77.563689,13.5840,0.7830,3.7430,3100.38,move_early
77.577085,13.3960,0.8340,3.7530,3101.05,move_early
77.590546,13.4610,0.7580,4.8700,3101.72,move_early
77.601536,10.9900,0.7760,3.7290,3102.38,move_early
77.691318,89.7820,0.7920,3.7590,3102.56,move_early
77.755111,63.7930,0.7690,3.7800,3105.89,move_early
77.768931,13.8200,1.2110,5.9670,3108.73,move_early
77.780633,11.7020,1.0500,9.1020,3109.25,move_early
77.793341,12.7080,1.0260,7.4790,3109.89,move_early
77.805644,12.3030,0.9400,3.8240,3110.56,move_early
77.817551,11.9070,1.0980,5.4740,3111.05,move_early
77.829872,12.3210,0.9930,4.3510,3111.53,move_early
77.842178,12.3060,0.9880,3.8380,3112.01,move_early
77.854650,12.4720,0.8790,4.2510,3112.49,move_early
77.938239,83.5890,0.8510,3.8250,3112.99,move_early
77.965387,27.1480,0.8940,4.8990,3115.89,move_early
77.981421,16.0340,1.3680,3.8330,3117.23,move_early
77.996386,14.9650,0.9800,3.8740,3117.89,move_early
78.010766,14.3800,0.9300,6.2240,3118.56,move_early
78.026659,15.8930,0.8450,3.8660,3119.23,move_early
78.042915,16.2560,0.8810,3.8460,3119.73,move_early
78.064324,21.4090,0.9660,5.8940,3120.26,move_early
78.080388,16.0640,0.9190,3.8760,3120.93,move_early
78.103944,23.5560,1.1690,3.8450,3121.59,move_early
78.121910,17.9660,1.0000,3.8530,3122.33,move_early
78.210119,88.2090,1.0390,5.1540,3123.05,move_early
78.234144,24.0250,0.9620,5.9040,3126.95,move_early
78.250010,15.8660,1.1120,3.8880,3127.89,move_early
78.262804,12.7940,1.0940,3.8740,3128.56,move_early
78.274675,11.8710,1.0060,5.4750,3129.23,move_early
78.286006,11.3310,0.9730,6.0980,3129.80,move_early
78.297103,11.0970,0.8540,3.8800,3130.25,move_early
78.308075,10.9720,0.8520,3.8700,3130.68,move_early
78.333465,25.3900,0.7910,3.9000,3131.13,move_early
78.348034,14.5690,1.0290,3.8640,3131.63,move_early
78.360760,12.7260,0.9190,3.9440,3132.13,move_early
78.382644,21.8840,0.7190,5.1510,3132.63,move_early
78.396552,13.9080,0.7250,6.2200,3133.46,move_early
78.408225,11.6730,0.8870,3.9180,3134.01,move_early
78.475625,67.4000,0.7260,3.9190,3134.55,move_early
78.500740,25.1150,0.7190,3.9530,3137.23,move_early
78.522318,21.5780,1.0720,3.9290,3138.56,move_early
78.543934,21.6160,1.0040,5.4900,3139.41,move_early
78.557483,13.5490,1.2450,3.9690,3140.26,move_early
78.570186,12.7030,1.0400,6.8770,3140.78,move_early
78.581628,11.4420,0.8750,4.9290,3141.45,move_early
78.592682,11.0540,0.8290,4.7350,3142.05,move_early
78.604310,11.6280,0.7300,3.9680,3142.51,move_early
78.626006,21.6960,0.8180,3.9960,3142.95,move_early
78.699980,73.9740,0.7810,4.0100,3143.54,move_early
78.722476,22.4960,1.1020,3.9880,3146.53,move_early
78.738190,15.7140,1.1640,4.0100,3147.42,move_early
78.752737,14.5470,1.2370,6.1590,3148.38,move_early
78.766462,13.7250,1.0850,4.0430,3148.61,move_early
78.779469,13.0070,0.9220,5.1970,3149.44,move_early
78.792290,12.8210,0.8230,5.0030,3149.98,move_early
78.812862,20.5720,0.8310,4.0840,3150.51,move_early
78.832026,19.1640,0.8260,4.0820,3151.17,move_early
78.890947,58.9210,1.0020,4.0660,3151.84,move_early
78.928099,37.1520,1.1060,4.0630,3153.89,move_early
78.943768,15.6690,1.0510,4.9900,3155.65,move_early
78.956874,13.1060,1.2460,7.8780,3156.58,move_early
78.974975,18.1010,1.0050,4.0780,3156.79,move_early
78.995962,20.9870,1.0130,4.4310,3157.53,move_early
79.008375,12.4130,0.9990,4.0500,3158.20,move_early
79.021309,12.9340,0.9870,4.0650,3158.87,move_early
79.037834,16.5250,0.9470,4.1050,3159.53,move_early
79.107255,69.4210,1.0770,4.5270,3160.20,move_early
79.142242,34.9870,1.0590,4.0350,3162.56,move_early
79.165168,22.9260,1.1980,4.0790,3164.19,move_early
79.192377,27.2090,0.9950,7.5420,3165.23,move_early
79.209664,17.2870,1.0050,4.1430,3166.53,move_early
79.223305,13.6410,1.0840,4.1080,3166.86,move_early
79.341601,118.2960,0.8600,4.1110,3167.69,move_early
79.360968,19.3670,0.9440,4.1590,3171.89,move_early
79.377833,16.8650,0.9370,7.1990,3173.23,move_early
79.391643,13.8100,0.9920,4.2590,3173.89,move_early
79.401652,10.0090,0.9810,7.3620,3174.11,move_early
79.411750,10.0980,0.9480,4.2480,3174.56,move_early
79.424287,12.5370,0.7760,4.2280,3175.23,move_early
79.441433,17.1460,0.8140,5.5370,3175.67,move_early
79.452862,11.4290,0.8760,4.2450,3176.13,move_early
79.470392,17.5300,0.9330,5.5240,3176.61,move_early
79.490297,19.9050,0.8670,5.5780,3177.23,move_early
79.503827,13.5300,1.0150,4.2080,3177.76,move_early
79.514786,10.9590,0.9750,4.2190,3178.29,move_early
79.526407,11.6210,0.8400,4.2220,3178.79,move_early
79.549560,23.1530,0.7250,6.3990,3179.29,move_early
79.566637,17.0770,0.8660,4.0760,3180.16,move_early
79.581896,15.2590,1.0460,5.3710,3180.81,move_early
79.594967,13.0710,0.8580,4.0130,3181.40,move_early
79.608017,13.0500,0.7360,5.1350,3181.98,move_early
79.622124,14.1070,0.7260,4.0470,3182.56,move_early
79.635664,13.5400,0.9180,4.0290,3183.14,move_early
79.648822,13.1580,0.8240,4.0330,3183.73,move_early
79.662250,13.4280,0.7540,6.7680,3184.31,move_early
79.673594,11.3440,0.7000,6.3280,3184.89,move_early
79.694360,20.7660,0.7790,4.1100,3185.47,move_early
79.800447,106.0870,0.8150,4.0580,3186.05,move_early
79.870693,70.2460,1.0350,4.6130,3190.52,move_early
79.889610,18.9170,1.0230,3.0060,3193.33,move_early
79.903858,14.2480,0.9970,3.0270,3194.05,move_early
79.926769,22.9110,0.7860,3.0210,3194.62,move_early
79.947428,20.6590,0.8050,3.0220,3195.56,move_early
79.961398,13.9700,0.9160,4.2770,3196.39,move_early
79.975005,13.6070,1.0010,4.0990,3197.06,move_early
80.004180,29.1750,0.7660,3.0440,3197.72,move_early
80.027684,23.5040,0.9010,4.4600,3198.56,move_early
80.044922,17.2380,0.9250,3.0410,3199.34,move_early
80.113049,68.1270,0.8670,3.0330,3200.12,move_early
80.137709,24.6600,0.9020,3.9630,3203.04,move_early
80.152675,14.9660,1.0020,4.0170,3204.00,move_early
80.163516,10.8410,0.9330,3.0020,3204.91,move_early
80.178998,15.4820,0.7130,3.8590,3205.23,move_early
80.189274,10.2760,0.7380,4.3400,3205.94,move_early
80.212952,23.6780,0.6560,3.4070,3206.36,move_early
80.231401,18.4490,0.7730,3.0640,3207.03,move_early
80.253343,21.9420,0.9040,4.8440,3207.69,move_early
80.267236,13.8930,0.7750,3.0120,3208.36,move_early
80.278095,10.8590,0.8610,3.0480,3209.03,move_early
80.302647,24.5520,0.6860,3.0390,3209.69,move_early
80.317377,14.7300,0.5410,3.0110,3210.36,move_early
80.329878,12.5010,0.8850,3.0220,3211.03,move_early
80.421915,92.0370,0.7560,3.0160,3211.66,move_early
80.454159,32.2440,0.8550,3.0280,3215.23,move_early
80.532974,78.8150,1.1330,5.0910,3216.68,move_early
80.554689,21.7150,1.1980,3.0490,3219.82,move_early
80.583932,29.2430,1.0620,4.2530,3220.67,move_early
80.608599,24.6670,0.8800,4.2510,3221.89,move_early
80.635519,26.9200,0.8310,4.6350,3222.84,move_early
80.661698,26.1790,0.9400,3.0190,3224.00,move_early
80.685554,23.8560,0.9830,3.0640,3225.23,move_early
80.700757,15.2030,1.0850,4.3230,3226.24,move_early
80.715037,14.2800,0.7400,4.3090,3226.84,move_early
80.729441,14.4040,0.7810,4.2770,3227.40,move_early
80.743574,14.1330,0.7580,6.6210,3227.98,move_early
80.757897,14.3230,0.8200,5.1890,3228.56,move_early
80.869281,111.3840,0.9220,5.0570,3229.12,move_early
80.901003,31.7220,0.8670,4.8540,3233.23,move_early
80.924685,23.6820,1.0910,3.9650,3234.56,move_early
80.938664,13.9790,1.0660,4.2820,3235.49,move_early
80.951124,12.4600,1.0420,4.2810,3236.03,move_early
80.965457,14.3330,0.9190,5.2650,3236.56,move_early
80.976337,10.8800,1.0220,4.2780,3237.23,move_early
80.987123,10.7860,0.8240,4.2610,3237.76,move_early
80.998126,11.0030,0.7400,3.0240,3238.28,move_early
81.009063,10.9370,0.8140,5.2120,3238.71,move_early
81.020724,11.6610,0.6930,3.0520,3239.15,move_early
81.032706,11.9820,0.8910,4.3970,3239.65,move_early
81.044648,11.9420,1.1050,4.2530,3240.13,move_early
81.057599,12.9510,1.0260,3.0130,3240.62,move_early
81.069940,12.3410,1.1710,4.4260,3241.11,move_early
81.153375,83.4350,0.8480,5.2280,3241.58,move_early
81.258461,105.0860,0.7810,4.2970,3244.56,move_early
81.275792,17.3310,1.0980,4.0770,3248.56,move_early
81.298762,22.9700,1.1210,3.0040,3249.52,move_early
81.313169,14.4070,0.9920,2.6400,3250.56,move_early
81.338093,24.9240,0.8730,5.5580,3251.23,move_early
81.353219,15.1260,0.7610,3.8760,3252.23,move_early
81.366997,13.7780,1.1770,2.6760,3252.92,move_early
81.383954,16.9570,0.7510,2.6620,3253.49,move_early
81.397442,13.4880,0.8610,2.6600,3254.14,move_early
81.417096,19.6540,0.7660,3.8750,3254.69,move_early
81.431116,14.0200,0.8620,3.8740,3255.44,move_early
81.443564,12.4480,0.9160,2.6450,3256.03,move_early
81.468481,24.9170,0.7290,2.6730,3256.53,move_early
81.483095,14.6140,0.7910,2.9640,3257.20,move_early
81.495608,12.5130,1.3930,3.0080,3257.86,move_early
81.513392,17.7840,0.6850,5.0090,3258.47,move_early
81.536975,23.5830,0.8220,4.1700,3259.09,move_early
81.630193,93.2180,0.8850,2.6510,3259.75,move_early
81.656776,26.5830,0.9410,4.5680,3263.73,move_early
81.680502,23.7260,1.1980,2.6330,3264.80,move_early
81.702496,21.9940,1.2220,2.6520,3265.89,move_early
81.852702,150.2060,1.0980,2.6290,3266.59,move_early
81.883157,30.4550,1.0370,2.6160,3272.56,move_early
81.918297,35.1400,1.1900,2.6210,3273.89,move_early
81.939491,21.1940,1.2050,3.7780,3275.27,move_early
81.967141,27.6500,1.2440,2.6260,3276.08,move_early
81.992044,24.9030,0.9030,3.8740,3277.41,move_early
82.029373,37.3290,1.0890,2.6160,3278.41,move_early
82.055619,26.2460,1.0020,2.6240,3279.52,move_early
82.073154,17.5350,0.8800,2.6210,3280.63,move_early
82.097315,24.1610,1.0750,3.7470,3281.70,move_early
82.114977,17.6620,0.9530,3.8810,3282.70,move_early
82.132064,17.0870,0.8690,2.6190,3283.44,move_early
82.147471,15.4070,1.0780,2.6450,3284.12,move_early
82.175868,28.3970,1.0270,3.6480,3284.73,move_early
82.197276,21.4080,1.0510,2.6270,3285.55,move_early
82.213838,16.5620,0.9780,4.9970,3286.56,move_early
82.229533,15.6950,0.8750,2.6270,3287.36,move_early
82.258000,28.4670,0.8580,2.6500,3288.01,move_early
82.276874,18.8740,1.0790,2.6240,3288.85,move_early
82.292904,16.0300,1.1390,2.6270,3289.65,move_early
82.306938,14.0340,0.9260,2.6170,3290.43,move_early
82.320369,13.4310,0.6540,2.6350,3291.04,move_early
82.334353,13.9840,0.6090,2.6240,3291.57,move_early
82.344255,9.9020,0.5640,2.6030,3292.13,move_early
82.354052,9.7970,0.6010,2.6410,3292.53,move_early
82.363623,9.5710,0.5760,2.6310,3292.91,move_early
82.433964,70.3410,0.5190,2.6520,3293.30,move_early
82.509212,75.2480,0.5640,3.7090,3295.82,move_early
82.584316,75.1040,0.7340,3.8400,3298.56,move_early
82.595496,11.1800,0.7840,2.6350,3301.82,move_early
82.612645,17.1490,0.7950,2.6230,3302.56,move_early
82.626522,13.8770,0.8410,2.6320,3303.23,move_early
82.641615,15.0930,0.5740,2.6160,3303.48,move_early
82.657978,16.3630,0.6130,2.6420,3304.15,move_early
82.667834,9.8560,0.7150,2.6240,3304.82,move_early
82.685810,17.9760,0.5910,2.6230,3305.47,move_early
82.700741,14.9310,0.6390,2.6160,3306.14,move_early
82.718824,18.0830,0.7410,2.6270,3306.79,move_early
82.737643,18.8190,0.6010,4.1340,3307.45,move_early
82.749124,11.4810,0.8020,2.6230,3308.12,move_early
82.764294,15.1700,0.7200,2.6040,3308.75,move_early
82.785901,21.6070,0.8800,2.6590,3309.35,move_early
82.864470,78.5690,0.7350,2.6150,3309.96,move_early
82.886320,21.8500,0.7600,2.6270,3313.04,move_early
82.902921,16.6010,0.8320,2.6230,3313.91,move_early
82.915726,12.8050,0.6500,3.6990,3314.90,move_early
82.926307,10.5810,0.8160,3.1450,3315.23,move_early
82.983577,57.2700,0.6660,3.8210,3315.80,move_early
83.000849,17.2720,0.6290,2.6180,3317.82,move_early
83.014327,13.4780,0.8650,2.6320,3318.56,move_early
83.029811,15.4840,0.6430,3.1600,3319.23,move_early
83.040310,10.4990,0.5500,2.6300,3319.95,move_early
83.057403,17.0930,0.5340,2.6300,3320.35,move_early
83.075875,18.4720,0.4590,2.6100,3321.02,move_early
83.086244,10.3690,0.5010,2.6270,3321.68,move_early
83.095946,9.7020,0.7960,2.6560,3322.20,move_early
83.139323,43.3770,0.4840,2.6340,3322.59,move_early
83.157964,18.6410,0.5330,2.5980,3323.69,move_early
83.168065,10.1010,0.7140,2.6400,3324.42,move_early
83.178884,10.8190,0.6560,2.6260,3325.09,move_early
83.187865,8.9810,0.5090,3.0360,3325.76,move_early
83.198397,10.5320,0.4930,2.6320,3326.32,move_early
83.269862,71.4650,1.8850,2.6650,3326.69,move_early
83.290333,20.4710,0.6320,2.6200,3329.23,move_early
83.311961,21.6280,0.9230,2.6190,3330.12,move_early
83.332049,20.0880,1.1130,3.7040,3331.28,move_early
83.343749,11.7000,0.7180,2.6360,3332.08,move_early
83.355370,11.6210,0.7870,6.6250,3332.20,move_early
83.373313,17.9430,0.6570,4.0660,3332.87,move_early
83.388546,15.2330,0.7740,4.0310,3333.54,move_early
83.407714,19.1680,0.6500,4.5230,3334.20,move_early
83.426524,18.8100,0.6410,6.1280,3334.87,move_early
83.439589,13.0650,0.6980,5.3560,3335.54,move_early
83.450646,11.0570,0.7610,4.0790,3336.20,move_early
83.460672,10.0260,0.7190,5.1870,3336.80,move_early
83.479011,18.3390,0.5990,6.3260,3337.22,move_early
83.501028,22.0170,0.7920,5.6900,3337.80,move_early
83.512431,11.4030,0.7050,4.0860,3338.39,move_early
83.522568,10.1370,0.7400,4.0840,3338.98,move_early
83.533802,11.2340,0.6320,6.3440,3339.56,move_early
83.544296,10.4940,0.6070,3.8310,3340.14,move_early
83.623126,78.8300,0.8160,6.2370,3340.56,move_early
83.637089,13.9630,0.6980,3.7900,3343.23,move_early
83.649109,12.0200,0.9350,3.7780,3343.93,move_early
83.719488,70.3790,0.7210,5.9030,3344.79,move_early
83.781209,61.7210,0.8200,3.8110,3346.93,move_early
83.794442,13.2330,0.8980,3.7890,3349.76,move_early
83.807005,12.5630,1.1380,3.8180,3350.56,move_early
83.896986,89.9810,0.8090,3.7890,3350.78,move_early
83.932889,35.9030,1.0630,4.6060,3354.43,move_early
84.020187,87.2980,1.3370,3.8200,3355.89,move_early
84.044432,24.2450,1.1700,3.8020,3359.23,move_early
84.060054,15.6220,1.0030,3.8230,3360.64,move_early
84.074555,14.5010,1.2560,5.9340,3360.89,move_early
84.097879,23.3240,0.9080,3.8140,3361.47,move_early
84.112110,14.2310,0.9370,3.8310,3362.40,move_early
84.125734,13.6240,0.9190,3.8230,3362.96,move_early
84.140404,14.6700,0.7270,3.8080,3363.52,move_early
84.152193,11.7890,0.8890,3.8200,3364.09,move_early
84.163782,11.5890,0.8230,3.8100,3364.66,move_early
84.248185,84.4030,0.9500,3.8010,3365.23,move_early
84.270660,22.4750,0.8970,3.7850,3368.44,move_early
84.287278,16.6180,1.0280,3.7760,3369.37,move_early
84.298911,11.6330,1.0720,3.8050,3369.99,move_early
84.318961,20.0500,0.9570,5.8900,3370.56,move_early
84.357581,38.6200,0.9090,3.7870,3371.39,move_early
84.373967,16.3860,1.1300,7.6260,3372.56,move_early
84.389925,15.9580,0.9970,3.8220,3373.45,move_early
84.405151,15.2260,0.9410,5.4390,3374.31,move_early
84.492966,87.8150,0.9010,5.2430,3375.03,move_early
84.518915,25.9490,0.9500,5.9810,3378.23,move_early
84.532048,13.1330,1.1120,3.8130,3379.25,move_early
84.544403,12.3550,0.9490,3.7970,3379.89,move_early
84.566574,22.1710,0.8470,4.2580,3380.56,move_early
84.587152,20.5780,0.9520,5.9290,3381.39,move_early
84.607837,20.6850,1.1610,6.3710,3382.19,move_early
84.622598,14.7610,1.1660,5.3330,3382.97,move_early
84.722079,99.4810,0.9010,3.8030,3383.73,move_early
84.768793,46.7140,0.9660,3.7990,3387.23,move_early
84.799180,30.3870,1.0650,3.7930,3389.26,move_early
84.819622,20.4420,1.1050,3.8150,3390.56,move_early
84.837793,18.1710,1.0390,5.3340,3391.29,move_early
84.864060,26.2670,0.9630,3.8240,3392.01,move_early
84.890413,26.3530,0.9700,3.8240,3393.23,move_early
84.907742,17.3290,1.0320,3.8190,3394.16,move_early
84.921489,13.7470,1.1020,3.8280,3395.05,move_early
84.936646,15.1570,0.9300,3.7960,3395.69,move_early
84.949416,12.7700,1.0800,3.8010,3396.30,move_early
84.972210,22.7940,0.9920,3.8140,3396.78,move_early
84.987361,15.1510,0.8790,3.8080,3397.54,move_early
84.998693,11.3320,1.1490,4.6750,3398.29,move_early
85.010488,11.7950,0.8840,3.8380,3398.75,move_early
85.092199,81.7110,0.7680,4.4620,3399.22,move_early
85.119078,26.8790,0.7870,3.8330,3401.89,move_early
85.133453,14.3750,1.1320,3.8180,3403.27,move_early
85.145348,11.8950,1.0330,7.0280,3403.89,move_early
85.156477,11.1290,0.8180,5.4740,3404.56,move_early
85.167398,10.9210,0.5540,5.0190,3404.71,move_early
85.178361,10.9630,0.6770,3.8400,3405.23,move_early
85.189139,10.7780,0.6650,3.8480,3405.89,move_early
85.208378,19.2390,0.7420,5.9280,3406.34,move_early
85.225003,16.6250,0.5900,3.8480,3406.81,move_early
85.234942,9.9390,0.6900,3.8020,3407.31,move_early
85.252459,17.5170,0.6360,3.8040,3407.89,move_early
85.267804,15.3450,0.7200,3.8130,3408.39,move_early
85.335206,67.4020,0.6310,3.8460,3408.89,move_early
85.430241,95.0350,0.8000,3.8140,3411.89,move_early
85.452311,22.0700,1.1330,3.8970,3415.71,move_early
85.477011,24.7000,1.0380,5.1860,3416.58,move_early
85.549989,72.9780,0.9090,3.9510,3417.54,move_early
85.634262,84.2730,0.7720,9.7890,3420.51,move_early
85.718339,84.0770,1.1360,3.9940,3423.87,move_early
85.791779,73.4400,0.9570,5.2190,3427.23,move_early
85.810089,18.3100,1.1040,5.3550,3429.89,move_early
85.826753,16.6640,1.1130,7.2780,3430.88,move_early
85.843474,16.7210,0.9490,6.5720,3431.89,move_early
85.858960,15.4860,1.0180,4.4490,3432.56,move_early
85.883907,24.9470,1.0800,5.3430,3432.85,move_early
85.906230,22.3230,0.9710,7.2130,3433.51,move_early
85.918028,11.7980,0.8520,4.0020,3434.41,move_early
85.929475,11.4470,0.9380,5.3360,3435.07,move_early
86.011039,81.5640,0.6880,4.0590,3435.74,move_early
86.036270,25.2310,0.8710,4.9300,3438.97,move_early
86.058772,22.5020,1.1700,4.1540,3439.96,move_early
86.076633,17.8610,1.0950,2.9200,3440.87,move_early
86.099576,22.9430,1.2830,2.9410,3441.55,move_early
86.184790,85.2140,0.9800,3.7960,3442.56,move_early
86.211831,27.0410,1.0440,2.9490,3445.89,move_early
86.227367,15.5360,1.0380,4.1310,3447.23,move_early
86.241530,14.1630,1.1430,2.9100,3447.89,move_early
86.254319,12.7890,0.8480,6.2590,3448.15,move_early
86.266273,11.9540,0.9480,4.1430,3448.66,move_early
86.279607,13.3340,0.8920,2.8980,3449.23,move_early
86.293052,13.4450,1.0250,5.2710,3449.89,move_early
86.369278,76.2260,1.0720,2.9420,3450.39,move_early
86.407358,38.0800,0.9130,3.3050,3453.23,move_early
86.423638,16.2800,1.1110,3.3120,3454.80,move_early
86.439428,15.7900,1.0520,4.1520,3455.44,move_early
86.459704,20.2760,0.8590,4.6800,3456.05,move_early
86.474926,15.2220,0.8350,6.8790,3456.86,move_early
86.492805,17.8790,0.7630,3.6960,3457.53,move_early
86.512715,19.9100,0.7350,2.9110,3458.19,move_early
86.525901,13.1860,0.7460,4.9320,3458.97,move_early
86.538703,12.8020,0.7330,4.1540,3459.63,move_early
86.556669,17.9660,0.7600,2.9580,3460.30,move_early
86.621002,64.3330,0.6520,2.8990,3460.97,move_early
86.714888,93.8860,0.7450,4.4110,3463.23,move_early
86.743238,28.3500,0.9800,4.2370,3467.10,move_early
86.759025,15.7870,0.9830,2.9050,3468.23,move_early
86.773452,14.4270,0.9550,2.9070,3468.84,move_early
86.790902,17.4500,0.8270,4.3700,3469.41,move_early
86.805449,14.5470,0.8250,4.1820,3470.24,move_early
86.818523,13.0740,0.7890,2.9060,3471.02,move_early
86.905351,86.8280,0.7520,2.8990,3471.52,move_early
86.971365,66.0140,0.6900,2.9100,3474.56,move_early
87.001593,30.2280,1.2320,2.9230,3477.23,move_early
87.020627,19.0340,1.1790,2.9330,3478.58,move_early
87.042283,21.6560,1.0650,2.9060,3479.33,move_early
87.059763,17.4800,1.0750,2.9220,3480.22,move_early
87.080282,20.5190,1.2580,2.9030,3480.92,move_early
87.117493,37.2110,1.1440,4.2360,3481.72,move_early
87.134466,16.9730,1.1170,2.9460,3482.87,move_early
87.210779,76.3130,1.0620,2.9120,3483.70,move_early
87.283690,72.9110,0.8260,2.8960,3486.94,move_early
87.394962,111.2720,1.0140,2.9130,3489.83,move_early
87.480390,85.4280,0.9290,2.9310,3494.33,move_early
87.496149,15.7590,1.0030,4.6220,3497.89,move_early
87.509766,13.6170,1.0300,4.2290,3498.56,move_early
87.594004,84.2380,0.7200,3.8700,3498.85,move_early
87.674783,80.7790,0.7410,2.9160,3502.27,move_early
87.708054,33.2710,1.0460,4.7630,3505.49,move_early
87.731650,23.5960,0.9680,2.9180,3506.82,move_early
87.793148,61.4980,1.0540,4.1430,3507.89,move_early
87.807529,14.3810,0.8490,5.5340,3510.22,move_early
87.825017,17.4880,0.9900,6.9000,3511.10,move_early
87.838157,13.1400,0.7410,4.4020,3511.48,move_early
87.850957,12.8000,0.8290,5.6860,3511.98,move_early
87.864380,13.4230,0.6530,4.4350,3512.64,move_early
87.889206,24.8260,0.7430,4.4390,3513.31,move_early
87.903388,14.1820,0.8910,5.3620,3514.08,move_early
87.916518,13.1300,0.9890,8.7120,3514.74,move_early
87.930428,13.9100,0.7650,6.9410,3515.41,move_early
87.944314,13.8860,0.9280,4.4220,3516.03,move_early
87.957729,13.4150,0.8310,4.4060,3516.58,move_early
87.971591,13.8620,0.8160,4.3950,3517.12,move_early
87.989313,17.7220,0.9070,5.7750,3517.69,move_early
88.001551,12.2380,0.9790,4.4420,3518.30,move_early
88.021985,20.4340,0.7800,4.4240,3518.86,move_early
88.033697,11.7120,0.7000,4.3870,3519.47,move_early
88.118848,85.1510,0.7170,4.4250,3520.08,move_early
88.140767,21.9190,0.7660,4.4340,3523.23,move_early
88.161361,20.5940,1.0480,4.4250,3524.11,move_early
88.233517,72.1560,0.9410,4.3830,3525.23,move_early
88.295512,61.9950,0.9950,4.3940,3527.52,move_early
88.383813,88.3010,0.9230,4.4330,3530.34,move_early
88.431518,47.7050,1.1680,4.4670,3533.87,move_early
88.458030,26.5120,1.1720,4.4940,3536.13,move_early
88.487158,29.1280,1.0530,4.5000,3536.84,move_early
88.514016,26.8580,1.1690,10.0270,3537.99,move_early
88.538505,24.4890,0.9180,5.8470,3539.08,move_early
88.554291,15.7860,1.1090,4.5830,3540.08,move_early
88.625565,71.2740,1.0100,5.8330,3541.08,move_early
88.707518,81.9530,4.5150,6.2780,3543.23,move_early
88.731938,24.4200,1.1020,5.1910,3546.56,move_early
88.818404,86.4660,0.9970,4.6040,3547.89,move_early
88.835237,16.8330,0.9160,4.6630,3550.91,move_early
88.850120,14.8830,0.9330,7.2320,3551.92,move_early
88.863714,13.5940,1.0050,6.6280,3552.56,move_early
88.888522,24.8080,0.7770,5.6900,3553.23,move_early
88.974767,86.2450,0.8660,6.3500,3554.06,move_early
88.991339,16.5720,1.0440,7.2580,3557.23,move_early
89.060317,68.9780,1.0450,4.7540,3558.16,move_early
89.082270,21.9530,1.0160,11.9400,3560.93,move_early
89.097773,15.5030,1.0550,6.6310,3562.15,move_early
89.122443,24.6700,1.0360,4.6930,3562.56,move_early
89.138597,16.1540,0.9680,4.7410,3563.40,move_early
89.153081,14.4840,1.0090,4.8060,3564.23,move_early
89.167775,14.6940,0.8280,4.8200,3564.94,move_early
89.179852,12.0770,0.8470,4.8120,3565.54,move_early
89.191548,11.6960,0.9410,4.8090,3565.99,move_early
89.276231,84.6830,0.7560,4.8400,3566.47,move_early
89.307993,31.7620,0.9290,4.8360,3569.56,move_early
89.322463,14.4700,1.1720,4.8090,3570.82,move_early
89.405878,83.4150,1.0350,4.7650,3571.39,move_early
89.469170,63.2920,0.9590,4.8480,3574.56,move_early
89.501347,32.1770,0.9150,4.8740,3577.23,move_early
89.517548,16.2010,0.9120,4.8550,3578.56,move_early
89.532684,15.1360,0.9270,7.0440,3579.23,move_early
89.556832,24.1480,0.7390,4.9040,3579.89,move_early
89.574539,17.7070,0.7870,7.2090,3580.77,move_early
89.591285,16.7460,0.9300,7.7310,3581.46,move_early
89.608199,16.9140,0.7940,8.2070,3582.13,move_early
89.697652,89.4530,0.8350,7.6160,3582.81,move_early
89.721031,23.3790,0.8630,4.9640,3586.42,move_early
89.734333,13.3020,1.0250,4.9050,3587.32,move_early
89.799247,64.9140,0.7810,4.9590,3587.89,move_early
89.864699,65.4520,0.7230,4.9620,3590.48,move_early
89.879497,14.7980,1.0080,4.9990,3593.07,move_early
89.893921,14.4240,0.8170,4.9700,3593.89,move_early
89.907408,13.4870,0.8140,7.1110,3594.22,move_early
89.920694,13.2860,0.7210,7.6480,3594.74,move_early
89.933711,13.0170,0.5710,4.9710,3595.41,move_early
89.947782,14.0710,0.6670,5.0520,3595.85,move_early
89.965064,17.2820,0.6510,5.0440,3596.35,move_early
89.979577,14.5130,0.8160,5.0080,3596.85,move_early
89.991758,12.1810,0.7260,5.4780,3597.35,move_early
90.115892,124.1340,0.7930,5.0490,3597.85,move_early
90.141908,26.0160,0.7630,8.1290,3603.15,move_early
90.154535,12.6270,1.1270,8.0810,3604.18,move_early
90.395206,240.6710,1.0320,8.0810,3609.60,move_early
90.491001,95.7950,0.9280,7.4110,3611.23,move_early
90.512288,21.2870,1.0750,10.5600,3614.56,move_early
90.525990,13.7020,1.0010,9.5690,3615.89,move_early
90.539458,13.4680,0.9080,10.8490,3616.17,move_early
90.551082,11.6240,0.7930,9.8370,3616.70,move_early
90.565681,14.5990,0.7110,9.8310,3617.16,move_early
90.577787,12.1060,0.7300,6.4050,3617.60,move_early
90.639618,61.8310,0.7560,8.0480,3618.05,move_early
90.651874,12.2560,0.8210,6.3800,3620.56,move_early
90.663234,11.3600,0.8800,6.3810,3621.23,move_early
90.673734,10.5000,0.8590,7.5950,3621.99,move_early
90.684791,11.0570,0.7680,5.8090,3622.05,move_early
90.694773,9.9820,0.6460,10.1340,3622.72,move_early
90.706771,11.9980,0.6520,8.4890,3623.25,move_early
90.720404,13.6330,0.7850,10.1620,3623.69,move_early
90.732172,11.7680,0.8220,12.6140,3624.14,move_early
90.817072,84.9000,0.8320,4.7930,3624.61,move_early
90.838906,21.8340,0.9120,2.8930,3627.85,move_early
90.854521,15.6150,1.0260,4.7790,3628.72,move_early
90.876097,21.5760,0.9790,4.7910,3629.66,move_early
90.892095,15.9980,0.8830,3.5680,3630.20,move_early
90.905934,13.8390,0.9050,2.8780,3631.03,move_early
90.921690,15.7560,0.8790,2.8600,3631.71,move_early
90.935090,13.4000,0.8090,2.8690,3632.33,move_early
90.949736,14.6460,0.7650,6.0220,3632.85,move_early
90.972213,22.4770,0.6420,4.1310,3633.46,move_early
90.986359,14.1460,0.8660,4.8270,3634.20,move_early
91.000182,13.8230,0.8910,3.7130,3634.92,move_early
91.012427,12.2450,0.7510,3.7040,3635.48,move_early
91.023076,10.6490,0.7890,3.7140,3635.96,move_early
91.105868,82.7920,0.7260,4.8570,3636.39,move_early
91.129447,23.5790,0.9030,2.9200,3639.23,move_early
91.147340,17.8930,1.1610,2.8990,3640.56,move_early
91.159215,11.8750,0.9800,6.0970,3641.23,move_early
91.185352,26.1370,0.7920,3.2560,3641.51,move_early
91.199018,13.6660,0.7720,4.7040,3642.56,move_early
91.211584,12.5660,0.8490,4.1040,3643.08,move_early
91.232151,20.5670,0.6830,4.1300,3643.62,move_early
91.244823,12.6720,0.8130,2.8650,3644.28,move_early
91.258944,14.1210,0.7970,2.8930,3644.92,move_early
91.276215,17.2710,0.6520,3.2660,3645.50,move_early
91.287453,11.2380,0.8730,4.0840,3646.17,move_early
91.306744,19.2910,0.7840,4.5800,3646.77,move_early
91.333764,27.0200,0.7940,2.9120,3647.42,move_early
91.421625,87.8610,0.8490,3.2100,3648.21,move_early
91.447529,25.9040,1.1510,4.1520,3651.89,move_early
91.460125,12.5960,1.1370,3.8860,3653.23,move_early
91.472596,12.4710,1.0260,2.6830,3653.56,move_early
91.484242,11.6460,0.8460,3.3920,3654.05,move_early
91.497078,12.8360,0.7920,4.5210,3654.52,move_early
91.519403,22.3250,0.8700,2.6800,3654.97,move_early
91.539646,20.2430,0.9650,2.7040,3655.60,move_early
91.624348,84.7020,0.9580,3.8980,3656.40,move_early
91.647787,23.4390,0.7720,2.6840,3659.89,move_early
91.664353,16.5660,1.0570,2.6810,3661.23,move_early
91.752869,88.5160,1.0290,3.3790,3661.89,move_early
91.851965,99.0960,0.9300,2.7040,3665.23,move_early
91.867112,15.1470,1.0960,2.7110,3669.23,move_early
91.892687,25.5750,0.9250,5.3360,3669.89,move_early
91.956425,63.7380,0.9170,3.8570,3670.85,move_early
91.976531,20.1060,0.7470,2.6910,3673.23,move_early
91.993228,16.6970,1.0280,3.0470,3674.55,move_early
92.015041,21.8130,0.7620,2.7020,3675.21,move_early
92.031406,16.3650,0.8000,2.6700,3676.08,move_early
92.048725,17.3190,0.7740,2.6780,3676.72,move_early
92.068203,19.4780,0.6750,2.7220,3677.42,move_early
92.083378,15.1750,0.7540,2.6740,3678.21,move_early
92.176276,92.8980,0.8040,2.6820,3678.81,move_early
92.259138,82.8620,0.9260,2.6620,3681.89,move_early
92.272969,13.8310,0.8470,2.6740,3685.23,move_early
92.291973,19.0040,1.0270,5.9040,3686.07,move_early
92.317086,25.1130,0.8410,2.6920,3686.83,move_early
92.353071,35.9850,0.8110,2.6610,3687.89,move_early
92.369995,16.9240,0.9680,3.2710,3689.23,move_early
92.383578,13.5830,0.9310,2.6640,3690.28,move_early
92.394359,10.7810,0.7920,4.7560,3690.80,move_early
92.480246,85.8870,0.7120,3.8840,3691.22,move_early
92.502435,22.1890,0.6720,2.7070,3694.38,move_early
92.517092,14.6570,1.0540,3.5220,3695.26,move_early
92.533099,16.0070,0.7400,2.6690,3695.89,move_early
92.546707,13.6080,0.8030,3.0480,3696.56,move_early
92.567685,20.9780,0.6800,2.6950,3697.32,move_early
92.585891,18.2060,0.6380,3.4100,3698.12,move_early
92.609182,23.2910,0.6520,2.6620,3698.90,move_early
92.633706,24.5240,0.7240,2.6660,3699.66,move_early
92.646161,12.4550,0.7410,2.6610,3700.56,move_early
92.663201,17.0400,0.8180,2.6860,3701.30,move_early
92.756609,93.4080,0.6730,2.6830,3702.02,move_early
92.840698,84.0890,0.9760,2.6830,3705.23,move_early
92.857792,17.0940,1.1140,2.6730,3708.56,move_early
92.872912,15.1200,0.9490,4.6400,3709.46,move_early
92.887311,14.3990,0.7790,2.6870,3710.06,move_early
92.900841,13.5300,0.8150,2.6680,3710.62,move_early
92.914738,13.8970,0.6490,2.6790,3711.45,move_early
92.929825,15.0870,0.7250,2.6640,3712.09,move_early
92.945077,15.2520,0.9690,4.7390,3712.67,move_early
92.964410,19.3330,0.8520,2.7040,3713.24,move_early
92.975891,11.4810,0.5600,2.6820,3713.99,move_early
92.987048,11.1570,0.8780,2.6670,3714.50,move_early
93.049486,62.4380,0.7780,2.6810,3714.94,move_early
93.091556,42.0700,0.8120,2.6710,3717.15,move_early
93.104032,12.4760,1.0490,2.6800,3718.82,move_early
93.120525,16.4930,0.9970,2.6830,3719.66,move_early
93.207564,87.0390,0.8740,2.6830,3719.96,move_early
93.223176,15.6120,0.9200,4.2860,3723.23,move_early
93.237716,14.5400,0.7600,4.2920,3724.06,move_early
93.252918,15.2020,0.7060,4.2770,3725.02,move_early
93.266953,14.0350,1.1700,5.3090,3725.27,move_early
93.279244,12.2910,0.9780,7.7350,3726.10,move_early
93.291189,11.9450,0.7950,4.6360,3726.67,move_early
93.302704,11.5150,0.9120,4.3470,3727.12,move_early
93.318494,15.7900,0.7770,4.3590,3727.57,move_early
93.331158,12.6640,0.7050,4.3030,3728.23,move_early
93.342917,11.7590,0.8580,4.3360,3728.74,move_early
93.425028,82.1110,0.9390,4.3250,3729.20,move_early
93.488440,63.4120,0.8240,5.6510,3731.89,move_early
93.558033,69.5930,0.7890,4.3670,3734.56,move_early
93.575686,17.6530,0.8230,4.3540,3737.23,move_early
93.588721,13.0350,0.7570,8.8060,3738.15,move_early
93.607861,19.1400,0.6490,7.1190,3738.66,move_early
93.619460,11.5990,0.5560,4.4930,3739.40,move_early
93.630223,10.7630,0.4570,4.4670,3740.21,move_early
93.644287,14.0640,0.5460,4.7380,3740.65,move_early
93.655595,11.3080,0.5050,6.0480,3741.22,move_early
93.675075,19.4800,0.6800,5.3950,3741.66,move_early
93.684964,9.8890,0.4680,8.0430,3742.33,move_early
93.750935,65.9710,0.4910,5.7870,3742.81,move_early
93.812926,61.9910,0.5080,6.0960,3745.20,move_early
93.879200,66.2740,1.0700,3.9520,3747.66,move_early
93.893668,14.4680,0.8710,3.9470,3750.31,move_early
93.947584,53.9160,0.7700,3.9760,3750.87,move_early
93.976449,28.8650,0.6400,3.9330,3753.05,move_early
93.988877,12.4280,0.8500,3.9520,3754.21,move_early
94.001055,12.1780,0.8270,5.6130,3755.02,move_early
94.011936,10.8810,0.7690,3.9480,3755.23,move_early
94.029538,17.6020,0.6930,5.5600,3755.91,move_early
94.041774,12.2360,0.5050,5.1250,3756.65,move_early
94.109811,68.0370,0.6410,4.8840,3757.12,move_early
94.132704,22.8930,0.6550,4.9410,3759.23,move_early
94.193311,60.6070,0.8210,3.9550,3760.45,move_early
94.273159,79.8480,0.7530,6.0620,3762.56,move_early
94.291501,18.3420,0.7650,3.9590,3765.73,move_early
94.306582,15.0810,0.7120,4.8940,3767.10,move_early
94.360554,53.9720,0.5460,3.9600,3767.36,move_early
94.381540,20.9860,0.5180,3.9740,3769.60,move_early
94.400167,18.6270,2.0090,3.9640,3770.70,move_early
94.417644,17.4770,0.5610,5.5290,3771.43,move_early
94.485579,67.9350,0.4420,3.9840,3771.89,move_early
94.564087,78.5080,0.4730,3.9570,3774.55,move_early
94.589146,25.0590,0.7030,6.1590,3777.72,move_early
94.661957,72.8110,0.7220,3.8610,3778.69,move_early
94.684521,22.5640,0.6490,7.6630,3781.33,move_early
94.742678,58.1570,0.8280,3.8560,3782.56,move_early
94.754762,12.0840,0.9320,3.8400,3784.56,move_early
94.766624,11.8620,0.9030,3.8690,3785.31,move_early
94.815111,48.4870,0.6610,3.8480,3785.89,move_early
94.833179,18.0680,0.5900,3.8660,3787.73,move_early
94.844379,11.2000,0.7770,3.8390,3788.56,move_early
94.858967,14.5880,0.6910,5.0300,3789.21,move_early
94.876476,17.5090,0.6200,3.8460,3789.80,move_early
94.948537,72.0610,0.6270,3.8310,3790.52,move_early
94.970305,21.7680,0.8870,3.8430,3793.08,move_early
94.990291,19.9860,0.7400,3.8250,3793.95,move_early
95.000086,9.7950,0.7830,3.8430,3795.04,move_early
95.017074,16.9880,0.5060,3.8370,3795.23,move_early
95.028657,11.5830,0.5240,5.0410,3796.06,move_early
95.089793,61.1360,0.7380,3.8330,3796.58,move_early
95.102322,12.5290,0.5980,3.8420,3798.40,move_early
95.170905,68.5830,0.8850,3.8390,3799.20,move_early
95.182593,11.6880,0.6810,3.8460,3801.89,move_early
95.195874,13.2810,0.7020,5.4720,3802.56,move_early
95.211907,16.0330,0.4740,3.8750,3803.24,move_early
95.227235,15.3280,0.4340,3.8440,3803.89,move_early
95.292927,65.6920,0.4370,3.8740,3804.50,move_early
95.317088,24.1610,0.5100,3.8280,3806.56,move_early
95.328242,11.1540,0.5630,3.8310,3807.78,move_early
95.347358,19.1160,0.5640,3.8470,3808.21,move_early
95.379633,32.2750,0.4700,5.4230,3809.31,move_early
95.389237,9.6040,0.5350,3.8200,3810.56,move_early
95.398429,9.1920,0.4890,3.8610,3810.65,move_early
95.453500,55.0710,0.4150,5.1180,3811.02,move_early
95.518200,64.7000,0.4400,5.1050,3813.23,move_early
95.534812,16.6120,0.6130,5.0130,3815.85,move_early
95.545510,10.6980,0.7480,6.8460,3816.56,move_early
95.614788,69.2780,0.7380,6.4850,3817.23,move_early
95.628063,13.2750,0.5280,5.1360,3819.73,move_early
95.645582,17.5190,0.6440,4.2610,3820.55,move_early
95.715480,69.8980,0.5130,5.1150,3821.25,move_early
95.729539,14.0590,0.5240,5.1890,3823.45,move_early
95.750270,20.7310,0.7980,7.3410,3824.64,move_early
95.827242,76.9720,0.6970,4.8250,3825.51,move_early
95.885005,57.7630,0.9310,5.8670,3827.89,move_early
95.947698,62.6930,0.7080,5.8690,3830.53,move_early
95.992577,44.8790,0.7230,4.5810,3833.03,move_early
96.004392,11.8150,0.6960,4.5510,3835.14,move_early
96.015007,10.6150,0.5890,3.5870,3835.26,move_early
96.082106,67.0990,0.5600,3.5680,3835.89,move_early
96.152993,70.8870,0.5340,4.8250,3838.10,move_early
96.177195,24.2020,0.7700,3.5940,3841.23,move_early
96.197890,20.6950,0.7890,6.2390,3842.56,move_early
96.217261,19.3710,0.7340,4.9830,3843.23,move_early
96.289478,72.2170,0.6230,5.8950,3843.89,move_early
96.361556,72.0780,0.6880,7.3540,3846.39,move_early
96.376146,14.5900,0.8430,3.6160,3849.60,move_early
96.390624,14.4780,0.7310,5.9030,3850.16,move_early
96.403339,12.7150,0.5690,5.8590,3850.73,move_early
96.415547,12.2080,0.5550,4.8290,3851.23,move_early
96.484834,69.2870,0.4910,4.8390,3851.89,move_early
96.501870,17.0360,0.5230,3.5870,3854.55,move_early
96.521623,19.7530,0.7310,3.6080,3855.23,move_early
96.538662,17.0390,0.5850,5.8510,3856.29,move_early
96.590126,51.4640,0.4940,2.8900,3857.01,move_early
96.608548,18.4220,0.5900,3.2080,3858.39,move_early
96.671117,62.5690,0.5940,4.1110,3859.23,move_early
96.722063,50.9460,0.4390,2.8840,3861.89,move_early
96.796187,74.1240,0.6060,2.8810,3864.00,move_early
96.816427,20.2400,0.6890,2.8600,3866.98,move_early
96.836722,20.2950,0.7260,2.8890,3867.89,move_early
96.851036,14.3140,0.6020,4.1070,3868.57,move_early
96.924249,73.2130,0.5490,4.6830,3869.23,move_early
96.948503,24.2540,0.6040,4.1440,3871.89,move_early
96.972865,24.3620,0.7270,2.8670,3873.23,move_early
97.047564,74.6990,0.7580,4.1010,3874.39,move_early
97.107442,59.8780,0.6750,2.8740,3877.06,move_early
97.165127,57.6850,0.9370,2.8860,3879.46,move_early
97.238279,73.1520,0.9060,2.8810,3881.75,move_early
97.259120,20.8410,0.8270,2.8910,3884.35,move_early
97.272890,13.7700,0.7570,2.8900,3885.52,move_early
97.285417,12.5270,0.7600,2.8740,3886.02,move_early
97.298523,13.1060,0.5800,3.3710,3886.56,move_early
97.360904,62.3810,0.5470,2.8720,3887.39,move_early
97.382957,22.0530,0.6280,2.8650,3889.58,move_early
97.394677,11.7200,0.8380,4.2010,3890.56,move_early
97.406539,11.8620,0.6600,2.8690,3890.89,move_early
97.473775,67.2360,0.5360,3.8570,3891.37,move_early
97.484942,11.1670,0.5690,2.9110,3893.89,move_early
97.499893,14.9510,0.5910,2.8920,3894.56,move_early
97.510055,10.1620,0.5670,2.8950,3895.43,move_early
97.558851,48.7960,0.5370,3.2930,3895.50,move_early
97.576172,17.3210,0.4640,2.8650,3897.23,move_early
97.590672,14.5000,0.4880,2.8890,3898.14,move_early
97.603455,12.7830,0.6580,4.1310,3899.04,move_early
97.615711,12.2560,0.4620,2.8590,3899.55,move_early
97.682094,66.3830,0.4410,2.8910,3900.04,move_early
97.698870,16.7760,0.4550,2.9090,3902.39,move_early
97.710722,11.8520,0.5480,2.8890,3903.23,move_early
97.721551,10.8290,0.5780,6.0980,3903.53,move_early
97.732958,11.4070,0.5420,2.8780,3903.96,move_early
97.746097,13.1390,0.4620,4.1360,3904.40,move_early
97.806734,60.6370,0.5090,2.8860,3904.84,move_early
97.868872,62.1380,0.5100,2.8800,3907.23,move_early
97.886719,17.8470,0.5750,2.9030,3909.88,move_early
97.904375,17.6560,0.7000,2.9040,3910.59,move_early
97.976682,72.3070,0.7480,5.1290,3911.27,move_early
98.027367,50.6850,0.5820,2.8810,3913.89,move_early
98.040249,12.8820,0.6660,2.8800,3915.89,move_early
98.054988,14.7390,0.5710,2.8810,3917.04,move_early
98.067009,12.0210,0.4800,2.9140,3917.28,move_early
98.082902,15.8930,0.5130,3.8680,3917.89,move_early
98.095454,12.5520,0.4410,2.8840,3918.56,move_early
98.105917,10.4630,0.4890,2.8840,3919.23,move_early
98.180274,74.3570,0.4300,2.9010,3919.69,move_early
98.204470,24.1960,0.6030,2.8900,3922.35,move_early
98.214889,10.4190,0.7560,2.9020,3923.30,move_early
98.231326,16.4370,0.5830,2.8800,3923.89,move_early
98.289493,58.1670,0.6060,2.8890,3924.56,move_early
98.354200,64.7070,0.6210,2.8920,3926.55,move_early
98.420590,66.3900,1.1970,2.8900,3929.23,move_early
98.438911,18.3210,0.8500,5.8150,3931.89,move_early
98.456866,17.9550,0.8460,9.3540,3933.03,move_early
98.523635,66.7690,0.7870,7.7690,3933.41,move_early
98.618903,95.2680,0.7270,6.3700,3935.89,move_early
98.637641,18.7380,0.8190,7.3020,3939.89,move_early
98.649029,11.3880,1.2310,4.7070,3940.62,move_early
98.660280,11.2510,0.6200,7.9080,3941.23,move_early
98.671700,11.4200,0.6520,4.7490,3941.52,move_early
98.682921,11.2210,0.6440,4.7350,3942.19,move_early
98.733890,50.9690,0.6240,5.1020,3942.77,move_early
98.775648,41.7580,0.6070,6.3820,3944.17,move_early
98.794245,18.5970,0.7660,4.7560,3945.83,move_early
98.807217,12.9720,0.6720,4.7750,3946.56,move_early
98.831751,24.5340,0.6280,6.7310,3947.56,move_early
98.890003,58.2520,0.6500,4.7800,3948.56,move_early
98.963619,73.6160,0.7910,4.7680,3950.56,move_early
98.992789,29.1700,0.8230,4.7700,3953.69,move_early
99.012631,19.8420,0.7620,4.8900,3954.86,move_early
99.072975,60.3440,0.7370,6.9410,3955.89,move_early
99.093968,20.9930,0.7660,4.8600,3957.89,move_early
99.108448,14.4800,0.6970,6.1600,3959.21,move_early
99.118223,9.7750,0.6180,4.8410,3959.44,move_early
99.166126,47.9030,0.5650,4.8420,3959.89,move_early
99.181486,15.3600,0.6300,5.3240,3961.45,move_early
99.190195,8.7090,0.7390,4.9610,3962.34,move_early
99.199363,9.1680,0.6330,10.2000,3963.13,move_early
99.204663,5.3000,0.4820,4.9100,3963.40,move_early
99.212636,7.9730,0.4260,5.5690,3963.64,move_early
99.279233,66.5970,0.4230,4.9610,3963.91,move_early
99.300402,21.1690,0.4530,9.4050,3966.30,move_early
99.368545,68.1430,0.7260,4.9490,3967.23,move_early
99.393424,24.8790,0.6470,7.9520,3969.88,move_early
99.409897,16.4730,0.7150,4.8660,3971.18,move_early
99.429717,19.8200,0.5120,4.8160,3971.81,move_early
99.486817,57.1000,0.4170,4.8070,3972.68,move_early
99.501134,14.3170,0.5070,7.7220,3974.23,move_early
99.566053,64.9190,0.4820,4.8140,3975.46,move_early
99.582101,16.0480,0.5110,7.4640,3977.43,move_early
99.596607,14.5060,0.7080,7.0220,3978.72,move_early
99.652646,56.0390,0.5470,5.2970,3979.28,move_early
99.719836,67.1900,0.4520,5.1240,3980.86,move_early
99.790359,70.5230,0.4850,4.8400,3983.89,move_early
99.810909,20.5500,0.6300,4.8190,3986.56,move_early
99.827689,16.7800,0.7140,7.0510,3987.88,move_early
99.880494,52.8050,0.5790,6.5170,3988.20,move_early
99.896380,15.8860,0.4970,4.8430,3990.34,move_early
99.915908,19.5280,0.6500,4.8190,3991.30,move_early
99.934509,18.6010,0.5910,7.0100,3992.08,move_early
99.994129,59.6200,0.5810,4.8400,3992.56,move_early
100.094107,99.9780,0.6370,6.9200,3994.55,move_early
100.165820,71.7130,0.6900,4.8440,3998.56,move_early
100.194596,28.7760,0.6030,4.8150,4001.77,move_early
100.207468,12.8720,0.7690,6.8620,4003.23,move_early
100.223331,15.8630,0.6120,4.8140,4003.42,move_early
100.274637,51.3060,0.5930,7.4390,4004.04,move_early
100.331425,56.7880,0.5880,4.8500,4005.89,move_early
100.353619,22.1940,0.7800,7.8690,4008.40,move_early
100.369342,15.7230,0.7430,7.4550,4009.60,move_early
100.379829,10.4870,0.6590,4.8510,4010.22,move_early
100.395678,15.8490,0.5150,4.8460,4010.56,move_early
100.407063,11.3850,0.5830,6.5550,4011.28,move_early
100.416253,9.1900,0.6820,6.7110,4011.72,move_early
100.421296,5.0430,0.5820,8.0790,4012.09,move_early
100.429568,8.2720,0.6060,8.3380,4012.45,move_early
100.455051,25.4830,0.5640,8.1080,4012.84,move_early
100.527761,72.7100,0.5440,9.1130,4013.28,move_early
100.588311,60.5500,0.8350,8.1220,4016.25,move_early
100.606075,17.7640,0.7470,4.4510,4018.67,move_early
100.622896,16.8210,0.7750,9.1130,4019.35,move_early
100.675884,52.9880,0.5530,3.8820,4020.03,move_early
100.743523,67.6390,0.6440,9.2450,4021.89,move_early
100.767574,24.0510,0.7630,5.2570,4024.92,move_early
100.784952,17.3780,0.7080,3.7060,4025.89,move_early
100.855388,70.4360,0.7890,5.7470,4026.56,move_early
100.876889,21.5010,0.6060,4.7990,4029.23,move_early
100.886933,10.0440,0.7000,3.7050,4030.52,move_early
100.903962,17.0290,0.5610,3.7300,4030.90,move_early
100.973052,69.0900,0.4190,6.0740,4031.25,move_early
100.993112,20.0600,0.5500,3.6920,4033.89,move_early
101.064297,71.1850,0.7880,2.9420,4035.15,move_early
101.080038,15.7410,0.5550,4.9290,4037.71,move_early
101.131351,51.3130,0.7250,2.9900,4038.65,move_early
101.198522,67.1710,0.6080,2.9740,4040.56,move_early
101.212082,13.5600,0.7430,4.2380,4042.74,move_early
101.270915,58.8330,0.7300,4.2100,4043.93,move_early
101.324281,53.3660,0.6090,5.3480,4045.89,move_early
101.334494,10.2130,0.5470,3.7710,4047.89,move_early
101.394960,60.4660,0.5230,4.1960,4048.56,move_early
101.417202,22.2420,0.4460,4.0320,4050.60,move_early
101.426713,9.5110,0.7290,4.9880,4052.10,move_early
101.438795,12.0820,0.6720,3.6830,4052.19,move_early
101.449885,11.0900,0.5640,2.9580,4052.67,move_early
101.516953,67.0680,0.6750,3.9640,4053.09,move_early
101.535088,18.1350,0.5390,4.2000,4055.81,move_early
101.552062,16.9740,0.6740,2.9580,4056.56,move_early
101.604953,52.8910,0.6170,4.9350,4057.23,move_early
101.617443,12.4900,0.5350,3.0030,4058.98,move_early
101.629182,11.7390,0.6300,2.9590,4060.14,move_early
101.641027,11.8450,0.5540,2.9600,4060.59,move_early
101.696479,55.4520,0.4920,3.6980,4060.72,move_early
101.711554,15.0750,0.4490,3.3830,4062.96,move_early
101.722824,11.2700,0.5130,3.5850,4063.55,move_early
101.734064,11.2400,0.3940,2.9650,4064.33,move_early
101.741953,7.8890,0.4250,4.2800,4064.77,move_early
101.745498,3.5450,0.4050,2.9800,4065.09,move_early
101.756061,10.5630,0.4190,2.9620,4065.23,move_early
101.762902,6.8410,0.4200,2.9390,4065.65,move_early
101.767193,4.2910,0.3410,2.9550,4065.92,move_early
101.771232,4.0390,0.3810,2.9540,4066.09,move_early
101.774348,3.1160,0.4100,2.9770,4066.26,move_early
101.778312,3.9640,0.6170,3.9210,4066.42,move_early
101.781349,3.0370,0.3830,2.9530,4066.54,move_early
101.793618,12.2690,0.4360,3.8850,4066.68,move_early
101.796583,2.9650,0.3950,2.9340,4066.81,move_early
101.800382,3.7990,0.4180,2.9270,4066.98,move_early
101.810235,9.8530,0.3910,4.7440,4067.13,move_early
101.813102,2.8670,0.3710,4.7570,4067.30,move_early
101.817182,4.0800,0.3920,2.9420,4067.46,move_early
101.820096,2.9140,0.4010,3.8760,4067.63,move_early
101.822944,2.8480,0.3840,2.9560,4067.80,move_early
101.826964,4.0200,0.3860,3.8770,4067.96,move_early
101.840912,13.9480,0.3420,2.9340,4068.13,move_early
101.848373,7.4610,0.3860,3.8690,4068.38,move_early
101.852499,4.1260,0.4060,3.9160,4068.67,move_early
101.898125,45.6260,0.3820,3.8800,4068.86,move_early
101.975445,77.3200,0.3950,2.9440,4071.02,move_early
101.991364,15.9190,0.5270,2.9350,4073.89,move_early
102.037938,46.5740,0.6410,2.6110,4074.75,move_early
102.049505,11.5670,0.4800,2.6330,4076.62,move_early
102.119926,70.4210,0.5160,2.5970,4077.23,move_early
102.178118,58.1920,0.3870,2.5960,4079.61,move_early
102.254456,76.3380,0.7920,3.7400,4082.27,move_early
102.324525,70.0690,0.7480,2.6100,4085.23,move_early
102.348079,23.5540,0.6560,2.5980,4087.80,move_early
102.359204,11.1250,0.7170,3.6060,4089.37,move_early
102.369571,10.3670,0.5800,2.6070,4089.46,move_early
102.379384,9.8130,0.5860,3.2540,4089.87,move_early
102.443651,64.2670,0.5560,3.4540,4090.27,move_early
102.472967,29.3160,0.5210,2.5940,4092.91,move_early
102.541432,68.4650,0.7010,2.6040,4094.05,move_early
102.555306,13.8740,0.6830,2.6100,4096.56,move_early
102.582313,27.0070,0.7500,3.6670,4097.68,move_early
102.599469,17.1560,0.6590,2.5940,4097.68,move_early
102.611207,11.7380,0.7230,2.6230,4097.68,move_early
102.620534,9.3270,0.4890,3.4330,4097.68,move_early
102.629706,9.1720,0.4360,2.6000,4097.68,move_early
102.643919,14.2130,0.4800,2.5920,4097.68,move_early
102.692210,48.2910,0.5980,2.5910,4097.68,move_early
102.708269,16.0590,0.5930,2.6220,4097.68,move_early
102.775596,67.3270,0.7520,2.6190,4097.68,move_early
102.797200,21.6040,0.5570,2.5900,4097.68,move_early
102.809222,12.0220,0.6150,2.6290,4097.68,move_early
102.877442,68.2200,0.5040,3.5840,4097.68,move_early
102.890193,12.7510,0.4770,2.5960,4097.68,move_early
102.951134,60.9410,0.5130,2.5860,4097.68,move_early
103.004505,53.3710,0.5130,2.6010,4097.68,move_early
103.013822,9.3170,0.7310,2.5880,4097.68,move_early
103.023415,9.5930,0.7740,3.5100,4097.68,move_early
103.030471,7.0560,0.6320,2.6100,4097.68,move_early
103.034931,4.4600,0.6770,2.5790,4097.68,move_early
103.038244,3.3130,0.5070,3.4310,4097.68,move_early
103.041322,3.0780,0.4900,2.6310,4097.68,move_early
103.044711,3.3890,0.4690,3.4120,4097.68,move_early
103.053592,8.8810,0.4350,2.5990,4097.68,move_early
103.058283,4.6910,0.4430,2.5750,4097.68,move_early
103.063767,5.4840,0.4520,3.1490,4097.68,move_early
103.066917,3.1500,0.4340,2.5890,4097.68,move_early
103.069674,2.7570,0.4270,2.6010,4097.68,move_early
103.073070,3.3960,0.4130,3.4510,4097.68,move_early
103.075665,2.5950,0.3860,2.5790,4097.68,move_early
103.079187,3.5220,0.3660,3.4070,4097.68,move_early
103.082064,2.8770,0.3700,2.6170,4097.68,move_early
103.085229,3.1650,0.4820,2.5750,4097.68,move_early
103.088201,2.9720,0.4630,2.6220,4097.68,move_early
103.091019,2.8180,0.3730,2.5960,4097.68,move_early
103.094352,3.3330,0.3930,2.5860,4097.68,move_early
103.097001,2.6490,0.3850,2.5750,4097.68,move_early
103.100435,3.4340,0.3760,3.3890,4097.68,move_early
103.103204,2.7690,0.4270,2.6120,4097.68,move_early
103.106574,3.3700,0.4460,2.6020,4097.68,move_early
103.110250,3.6760,0.4110,3.0170,4097.68,move_early
103.112932,2.6820,0.3910,2.5690,4097.68,move_early
103.116974,4.0420,0.3740,2.9640,4097.68,move_early
103.119703,2.7290,0.3990,2.6050,4097.68,move_early
103.123939,4.2360,0.3850,2.9410,4097.68,move_early
103.126717,2.7780,0.4110,2.5730,4097.68,move_early
103.130144,3.4270,0.4090,2.6090,4097.68,move_early
103.132999,2.8550,0.3940,2.5910,4097.68,move_early
103.136433,3.4340,0.3940,3.4230,4097.68,move_early
103.139207,2.7740,0.4180,2.5790,4097.68,move_early
103.142766,3.5590,0.4070,3.4460,4097.68,move_early
103.145600,2.8340,0.4310,2.5990,4097.68,move_early
103.148503,2.9030,0.4310,2.8480,4097.68,move_early
103.152152,3.6490,0.4300,3.3510,4097.68,move_early
103.155513,3.3610,0.4010,2.5790,4097.68,move_early
103.158579,3.0660,0.4700,2.6240,4097.68,move_early
103.161685,3.1060,0.3970,2.5980,4097.68,move_early
103.165280,3.5950,0.4830,3.3280,4097.68,move_early
103.168276,2.9960,0.4080,2.5970,4097.68,move_early
103.171828,3.5520,0.4230,3.3920,4097.68,move_early
103.174654,2.8260,0.4130,2.6070,4097.68,move_early
103.177967,3.3130,0.4060,2.6150,4097.68,move_early
103.180758,2.7910,0.3970,2.5840,4097.68,move_early
103.184270,3.5120,0.4130,3.4140,4097.68,move_early
103.187106,2.8360,0.3880,2.6270,4097.68,move_early
103.190576,3.4700,0.3850,3.4210,4097.68,move_early
103.193335,2.7590,0.5010,2.6070,4097.68,move_early
103.196145,2.8100,0.3960,2.5840,4097.68,move_early
103.199398,3.2530,0.4050,2.6270,4097.68,move_early
103.261223,61.8250,0.4080,2.6030,4097.68,move_early
103.267676,6.4530,0.5380,2.6250,4097.68,move_early
103.278898,11.2220,0.7100,2.9860,4097.68,move_early
103.290032,11.1340,0.4410,2.5860,4097.68,move_early
103.354390,64.3580,0.4600,2.6070,4097.68,move_early
103.371330,16.9400,0.4960,2.5900,4097.68,move_early
103.383409,12.0790,0.7770,3.2800,4097.68,move_early
103.446316,62.9070,0.6400,2.5850,4097.68,move_early
103.510064,63.7480,0.7460,2.6070,4097.68,move_early
103.522684,12.6200,0.6360,2.6020,4097.68,move_early
103.533821,11.1370,0.7030,2.5880,4097.68,move_early
103.597934,64.1130,0.6190,2.5940,4097.68,move_early
103.659619,61.6850,0.5290,2.6360,4097.68,move_early
103.723559,63.9400,0.6640,2.6020,4097.68,move_early
103.735091,11.5320,0.7120,2.6150,4097.68,move_early
103.746029,10.9380,0.6700,2.5920,4097.68,move_early
103.761520,15.4910,0.5980,2.6150,4097.68,move_early
103.773947,12.4270,0.5700,2.5940,4097.68,move_early
103.779623,5.6760,0.5520,2.5940,4097.68,move_early
103.785145,5.5220,0.6090,2.5840,4097.68,move_early
103.788404,3.2590,0.5250,2.5880,4097.68,move_early
103.792265,3.8610,0.4650,3.1490,4097.68,move_early
103.795930,3.6650,0.4870,2.5770,4097.68,move_early
103.799553,3.6230,0.4570,2.9740,4097.68,move_early
103.802927,3.3740,0.4850,2.5890,4097.68,move_early
103.805721,2.7940,0.4450,2.6210,4097.68,move_early
103.808493,2.7720,0.4380,2.5870,4097.68,move_early
103.811848,3.3550,0.4010,2.6080,4097.68,move_early
103.814623,2.7750,0.4050,2.5850,4097.68,move_early
103.818153,3.5300,0.4160,3.4310,4097.68,move_early
103.820954,2.8010,0.3990,2.5900,4097.68,move_early
103.824460,3.5060,0.4360,3.4150,4097.68,move_early
103.827190,2.7300,0.5370,2.5910,4097.68,move_early
103.830053,2.8630,0.3990,2.5790,4097.68,move_early
103.833303,3.2500,0.3830,2.6190,4097.68,move_early
103.842665,9.3620,0.4090,2.5870,4097.68,move_early
103.908964,66.2990,0.4110,3.4060,4097.68,move_early
103.915283,6.3190,0.4520,2.5960,4097.68,move_early
103.927762,12.4790,0.7420,2.6260,4097.68,move_early
103.943636,15.8740,0.5240,4.1570,4097.68,move_early
103.953513,9.8770,0.4690,2.5880,4097.68,move_early
103.962987,9.4740,0.5740,2.6050,4097.68,move_early
103.973590,10.6030,0.5030,2.5920,4097.68,move_early
103.977605,4.0150,0.4590,2.5950,4097.68,move_early
103.981152,3.5470,0.4370,2.6080,4097.68,move_early
103.984962,3.8100,0.3900,2.5770,4097.68,move_early
104.021348,36.3860,0.4150,2.6120,4097.68,move_early
104.030957,9.6090,0.4100,3.5450,4097.68,move_early
104.098342,67.3850,0.5740,2.5940,4097.68,move_early
104.111127,12.7850,0.6030,2.5860,4097.68,move_early
104.124556,13.4290,0.7050,2.5830,4097.68,move_early
104.137419,12.8630,0.5650,3.3420,4097.68,move_early
104.195372,57.9530,0.5420,3.8120,4097.68,move_early
104.207449,12.0770,0.4650,2.5910,4097.68,move_early
104.270250,62.8010,0.5960,4.1780,4097.68,move_early
104.281237,10.9870,0.5700,2.5720,4097.68,move_early
104.337450,56.2130,0.5790,2.6190,4097.68,move_early
104.350436,12.9860,0.4900,2.5710,4097.68,move_early
104.362120,11.6840,0.5420,2.5720,4097.68,move_early
104.373416,11.2960,0.5350,2.6020,4097.68,move_early
104.383604,10.1880,0.4580,2.5890,4097.68,move_early
104.443630,60.0260,0.4080,2.5750,4097.68,move_early
104.493006,49.3760,0.3930,2.6020,4097.68,move_early
104.560711,67.7050,0.5050,2.5800,4097.68,move_early
104.619703,58.9920,0.5350,2.6020,4097.68,move_early
104.631289,11.5860,0.6700,2.5860,4097.68,move_early
104.637686,6.3970,0.5360,3.7780,4097.68,move_early
104.641353,3.6670,0.4570,2.5740,4097.68,move_early
104.644803,3.4500,0.4470,2.5970,4097.68,move_early
104.648824,4.0210,0.5150,2.5820,4097.68,move_early
104.652442,3.6180,0.3930,2.5700,4097.68,move_early
104.655191,2.7490,0.4290,3.2920,4097.68,move_early
104.657890,2.6990,0.4350,2.5780,4097.68,move_early
104.661288,3.3980,0.3900,3.4580,4097.68,move_early
104.663962,2.6740,0.3870,2.5860,4097.68,move_early
104.667553,3.5910,0.3720,3.4560,4097.68,move_early
104.670255,2.7020,0.4930,2.5750,4097.68,move_early
104.673795,3.5400,0.3730,3.4030,4097.68,move_early
104.676382,2.5870,0.3800,2.5740,4097.68,move_early
104.678970,2.5880,0.3810,2.5640,4097.68,move_early
104.683311,4.3410,0.4040,2.9900,4097.68,move_early
104.685914,2.6030,0.3680,2.5720,4097.68,move_early
104.690276,4.3620,0.3800,2.9620,4097.68,move_early
104.692967,2.6910,0.4900,2.5660,4097.68,move_early
104.697141,4.1740,0.4840,3.0150,4097.68,move_early
104.699805,2.6640,0.4010,2.5740,4097.68,move_early
104.704097,4.2920,0.3800,3.0320,4097.68,move_early
104.706913,2.8160,0.3720,2.5690,4097.68,move_early
104.711057,4.1440,0.4000,2.9750,4097.68,move_early
104.713927,2.8700,0.4020,2.5840,4097.68,move_early
104.717948,4.0210,0.4900,2.9990,4097.68,move_early
104.720580,2.6320,0.3560,2.5600,4097.68,move_early
104.724212,3.6320,0.3630,2.5810,4097.68,move_early
104.727153,2.9410,0.3650,2.5730,4097.68,move_early
104.730516,3.3630,0.5150,2.6010,4097.68,move_early
104.733198,2.6820,0.3770,2.5800,4097.68,move_early
104.736276,3.0780,0.4720,2.9080,4097.68,move_early
104.739631,3.3550,0.4860,3.3110,4097.68,move_early
104.743210,3.5790,0.3620,3.4210,4097.68,move_early
104.745882,2.6720,0.3790,2.5790,4097.68,move_early
104.748546,2.6640,0.3710,2.5710,4097.68,move_early
104.751984,3.4380,0.3900,2.5870,4097.68,move_early
104.754641,2.6570,0.3960,2.5840,4097.68,move_early
104.758585,3.9440,0.3810,3.8030,4097.68,move_early
104.761253,2.6680,0.3980,2.5780,4097.68,move_early
104.764693,3.4400,0.3920,3.4350,4097.68,move_early
104.767383,2.6900,0.5000,2.5800,4097.68,move_early
104.770066,2.6830,0.3810,2.6120,4097.68,move_early
104.773584,3.5180,0.3750,2.6070,4097.68,move_early
104.776340,2.7560,0.3690,2.5680,4097.68,move_early
104.779694,3.3540,0.4190,2.5870,4097.68,move_early
104.782640,2.9460,0.3780,2.5860,4097.68,move_early
104.786117,3.4770,0.3750,3.4660,4097.68,move_early
104.789116,2.9990,0.3950,2.5920,4097.68,move_early
104.792668,3.5520,0.5530,3.4620,4097.68,move_early
104.795621,2.9530,0.3910,2.6060,4097.68,move_early
104.799707,4.0860,0.4290,3.4720,4097.68,move_early
104.803669,3.9620,0.3910,2.5910,4097.68,move_early
104.806390,2.7210,0.3920,3.8350,4097.68,move_early
104.810961,4.5710,0.3990,2.6010,4097.68,move_early
104.871425,60.4640,0.4100,3.8290,4097.68,move_early
104.877466,6.0410,0.4000,2.5970,4097.68,move_early
104.888312,10.8460,0.5400,2.6070,4097.68,move_early
104.952428,64.1160,0.5770,2.5890,4097.68,move_early
104.966519,14.0910,0.4280,2.6050,4097.68,move_early
105.022680,56.1610,0.7140,3.4550,4097.68,move_early
105.035326,12.6460,0.5120,2.6320,4097.68,move_early
105.045688,10.3620,0.4740,2.8930,4097.68,move_early
105.055011,9.3230,0.4700,2.6000,4097.68,move_early
105.064501,9.4900,0.4630,2.5900,4097.68,move_early
105.073165,8.6640,0.4520,2.6000,4097.68,move_early
105.083167,10.0020,0.4170,2.6480,4097.68,move_early
105.140944,57.7770,0.3690,2.6010,4097.68,move_early
105.199373,58.4290,0.4090,2.6080,4097.68,move_early
105.259713,60.3400,0.4690,2.6030,4097.68,move_early
105.270499,10.7860,0.5320,2.5930,4097.68,move_early
105.280846,10.3470,0.5960,2.9850,4097.68,move_early
105.291676,10.8300,0.4270,2.5980,4097.68,move_early
105.301566,9.8900,0.4480,2.6100,4097.68,move_early
105.366220,64.6540,0.4010,2.5900,4097.68,move_early
105.376370,10.1500,0.5170,2.6010,4097.68,move_early
105.386087,9.7170,0.6030,2.6090,4097.68,move_early
105.391119,5.0320,0.5010,2.5930,4097.68,move_early
105.400386,9.2670,0.4050,3.7710,4097.68,move_early
105.404111,3.7250,0.4330,3.8500,4097.68,move_early
105.407127,3.0160,0.4960,3.0140,4097.68,move_early
105.410193,3.0660,0.4180,2.5860,4097.68,move_early
105.414311,4.1180,0.4820,3.1600,4097.68,move_early
105.417600,3.2890,0.4590,2.6300,4097.68,move_early
105.421071,3.4710,0.5350,3.1850,4097.68,move_early
105.424937,3.8660,0.4150,3.8180,4097.68,move_early
105.428163,3.2260,0.3780,2.6090,4097.68,move_early
105.432162,3.9990,0.3460,3.8220,4097.68,move_early
105.435354,3.1920,0.3780,2.6000,4097.68,move_early
105.439299,3.9450,0.5000,3.8590,4097.68,move_early
105.442724,3.4250,0.3790,2.6060,4097.68,move_early
105.446606,3.8820,0.3970,3.8220,4097.68,move_early
105.456970,10.3640,0.4330,2.6050,4097.68,move_early
105.461037,4.0670,0.3900,4.7860,4097.68,move_early
105.464280,3.2430,0.4240,2.6070,4097.68,move_early
105.468453,4.1730,0.4370,4.4420,4097.68,move_early
105.471380,2.9270,0.4690,2.5880,4097.68,move_early
105.475862,4.4820,0.4130,4.4810,4097.68,move_early
105.480297,4.4350,0.6380,2.6010,4097.68,move_early
105.485559,5.2620,0.6810,4.4630,4097.68,move_early
105.494331,8.7720,0.5170,2.5970,4097.68,move_early
105.500341,6.0100,0.8810,3.8050,4097.68,move_early
105.508523,8.1820,0.7300,4.4390,4097.68,move_early
105.513640,5.1170,0.6650,2.5990,4097.68,move_early
105.519710,6.0700,0.8980,3.8360,4097.68,move_early
105.530234,10.5240,0.7410,4.4530,4097.68,move_early
105.535657,5.4230,0.7320,2.5930,4097.68,move_early
105.592874,57.2170,0.6020,4.4510,4097.68,move_early
105.599441,6.5670,0.5480,2.5940,4097.68,move_early
105.603528,4.0870,0.7610,3.2280,4097.68,move_early
105.615333,11.8050,0.4840,3.8760,4097.68,move_early
105.620065,4.7320,0.4550,2.5940,4097.68,move_early
105.704281,84.2160,0.5840,2.9380,4097.68,move_early
105.767215,62.9340,1.0170,4.4490,4097.68,move_early
105.831677,64.4620,0.7750,3.1870,4097.68,move_early
105.846361,14.6840,0.9500,3.2130,4097.68,move_early
105.856669,10.3080,0.6980,2.5910,4097.68,move_early
105.872849,16.1800,0.5050,2.6080,4097.68,move_early
105.884141,11.2920,0.4690,3.8290,4097.68,move_early
105.896256,12.1150,0.6150,2.9210,4097.68,move_early
105.967642,71.3860,0.5510,3.8620,4097.68,move_early
106.038972,71.3300,0.5430,2.5960,4097.68,move_early
106.105104,66.1320,0.6770,3.8690,4097.68,move_early
106.122957,17.8530,0.7410,2.9260,4097.68,move_early
106.138009,15.0520,0.9610,2.6260,4097.68,move_early
106.151306,13.2970,0.6200,3.2150,4097.68,move_early
106.164563,13.2570,0.5400,2.5900,4097.68,move_early
106.177387,12.8240,0.6000,3.6070,4097.68,move_early
106.193477,16.0900,0.5780,3.1870,4097.68,move_early
106.206682,13.2050,0.5250,4.2410,4097.68,move_early
106.271998,65.3160,0.7810,2.5960,4097.68,move_early
106.283170,11.1720,0.6500,2.9310,4097.68,move_early
106.293989,10.8190,0.5970,2.6000,4097.68,move_early
106.299410,5.4210,0.4840,3.2040,4097.68,move_early
106.302995,3.5850,0.4510,2.6040,4097.68,move_early
106.307261,4.2660,0.5050,2.5860,4097.68,move_early
106.315700,8.4390,0.7380,4.4470,4097.68,move_early
106.323381,7.6810,0.7210,3.8270,4097.68,move_early
106.333388,10.0070,0.8740,3.2220,4097.68,move_early
106.346316,12.9280,2.3320,2.6240,4097.68,move_early
106.352486,6.1700,1.6170,2.9130,4097.68,move_early
106.425245,72.7590,1.6700,2.5970,4097.68,move_early
106.490600,65.3550,2.2750,2.5910,4097.68,move_early
106.561446,70.8460,0.7860,2.6260,4097.68,move_early
106.569185,7.7390,0.9300,2.5960,4097.68,move_early
106.574241,5.0560,0.7000,2.6040,4097.68,move_early
106.577724,3.4830,0.6600,2.5850,4097.68,move_early
106.581689,3.9650,0.4790,3.2250,4097.68,move_early
106.584480,2.7910,0.4260,2.5800,4097.68,move_early
106.588808,4.3280,0.4050,3.2690,4097.68,move_early
106.591752,2.9440,0.4020,2.5870,4097.68,move_early
106.599523,7.7710,0.3950,4.3940,4097.68,move_early
106.603357,3.8340,0.6100,2.6100,4097.68,move_early
106.608612,5.2550,0.7480,2.6240,4097.68,move_early
106.616000,7.3880,0.8210,2.5890,4097.68,move_early
106.621953,5.9530,0.7730,4.3900,4097.68,move_early
106.636779,14.8260,2.9990,2.5870,4097.68,move_early
106.645118,8.3390,0.7760,2.9240,4097.68,move_early
106.654773,9.6550,4.8970,2.6160,4097.68,move_early
106.658110,3.3370,1.0230,2.5820,4097.68,move_early
106.660925,2.8150,0.5560,2.5900,4097.68,move_early
106.665450,4.5250,0.4190,4.5330,4097.68,move_early
106.668191,2.7410,0.3970,2.5940,4097.68,move_early
106.672445,4.2540,0.3910,2.9760,4097.68,move_early
106.735712,63.2670,0.3890,2.5670,4097.68,move_early
106.803764,68.0520,0.4790,3.4360,4097.68,move_early
106.817162,13.3980,1.0170,2.5870,4097.68,move_early
106.828643,11.4810,0.6450,2.5820,4097.68,move_early
106.838757,10.1140,0.5200,2.5950,4097.68,move_early
106.907487,68.7300,0.4310,2.5910,4097.68,move_early
106.922762,15.2750,0.4620,2.5870,4097.68,move_early
106.941266,18.5040,1.0080,3.6550,4097.68,move_early
106.954046,12.7800,0.7440,2.5900,4097.68,move_early
106.966535,12.4890,0.8650,2.5830,4097.68,move_early
107.030065,63.5300,0.6630,3.2710,4097.68,move_early
107.039075,9.0100,0.6290,2.5910,4097.68,move_early
107.055385,16.3100,0.8630,2.6180,4097.68,move_early
107.070780,15.3950,0.7860,3.4380,4097.68,move_early
107.082812,12.0320,0.8290,2.5850,4097.68,move_early
107.092055,9.2430,0.6720,2.6020,4097.68,move_early
107.158713,66.6580,1.2720,2.5910,4097.68,move_early
107.175133,16.4200,1.3760,3.4650,4097.68,move_early
107.191686,16.5530,0.9790,3.2810,4097.68,move_early
107.209288,17.6020,1.0500,2.5980,4097.68,move_early
107.273953,64.6650,1.1760,2.5840,4097.68,move_early
107.337978,64.0250,0.9420,2.5780,4097.68,move_early
107.401538,63.5600,0.7640,2.6080,4097.68,move_early
107.409995,8.4570,0.6710,2.5900,4097.68,move_early
107.413572,3.5770,0.6820,2.5970,4097.68,move_early
107.416817,3.2450,0.5380,2.6080,4097.68,move_early
107.420349,3.5320,0.4870,2.5750,4097.68,move_early
107.423231,2.8820,0.5220,2.5900,4097.68,move_early
107.426045,2.8140,0.5050,2.5770,4097.68,move_early
107.429295,3.2500,0.4060,2.5890,4097.68,move_early
107.434147,4.8520,0.3850,2.5780,4097.68,move_early
107.436949,2.8020,0.4340,3.4370,4097.68,move_early
107.439582,2.6330,0.4220,2.5820,4097.68,move_early
107.443057,3.4750,0.3940,2.5850,4097.68,move_early
107.445693,2.6360,0.3990,2.5720,4097.68,move_early
107.449309,3.6160,0.3810,3.4510,4097.68,move_early
107.451981,2.6720,0.3830,2.5900,4097.68,move_early
107.455444,3.4630,0.3730,3.4260,4097.68,move_early
107.458131,2.6870,0.3980,2.5800,4097.68,move_early
107.460904,2.7730,0.3750,2.5710,4097.68,move_early
107.465080,4.1760,0.4050,3.2960,4097.68,move_early
107.468063,2.9830,0.4150,2.5820,4097.68,move_early
107.471138,3.0750,0.4380,2.5860,4097.68,move_early
107.473762,2.6240,0.4940,2.5780,4097.68,move_early
107.477359,3.5970,0.3720,3.4360,4097.68,move_early
107.480022,2.6630,0.3760,2.5760,4097.68,move_early
107.484044,4.0220,0.3870,3.4290,4097.68,move_early
107.486788,2.7440,0.4410,2.5760,4097.68,move_early
107.490203,3.4150,0.4020,3.4250,4097.68,move_early
107.492950,2.7470,0.3950,2.5870,4097.68,move_early
107.495627,2.6770,0.3760,2.5940,4097.68,move_early
107.499034,3.4070,0.3740,2.5770,4097.68,move_early
107.502124,3.0900,0.3670,2.5800,4097.68,move_early
107.505337,3.2130,0.3810,2.6070,4097.68,move_early
107.508029,2.6920,0.3650,2.5910,4097.68,move_early
107.511542,3.5130,0.3860,3.4320,4097.68,move_early
107.514227,2.6850,0.3720,2.5830,4097.68,move_early
107.517048,2.8210,0.3830,2.6170,4097.68,move_early
107.520334,3.2860,0.4040,2.5980,4097.68,move_early
107.522984,2.6500,0.3600,2.5760,4097.68,move_early
107.583856,60.8720,0.3680,2.5870,4097.68,move_early
107.591657,7.8010,0.3950,2.5800,4097.68,move_early
107.595984,4.3270,0.5760,2.5940,4097.68,move_early
107.599638,3.6540,0.5430,2.5870,4097.68,move_early
107.603618,3.9800,0.4690,4.2580,4097.68,move_early
107.606495,2.8770,0.4670,2.5850,4097.68,move_early
107.610650,4.1550,0.4460,3.0040,4097.68,move_early
107.613472,2.8220,0.4070,2.5820,4097.68,move_early
107.617549,4.0770,0.3850,2.9860,4097.68,move_early
107.620333,2.7840,0.5100,2.5780,4097.68,move_early
107.624464,4.1310,0.3780,3.0020,4097.68,move_early
107.627264,2.8000,0.3810,2.5940,4097.68,move_early
107.630647,3.3830,0.4370,2.5890,4097.68,move_early
107.633383,2.7360,0.3820,2.5860,4097.68,move_early
107.636881,3.4980,0.3990,3.4620,4097.68,move_early
107.639611,2.7300,0.3850,2.5940,4097.68,move_early
107.643046,3.4350,0.4130,3.4050,4097.68,move_early
107.645751,2.7050,0.3830,2.5870,4097.68,move_early
107.648652,2.9010,0.3880,2.5780,4097.68,move_early
107.651975,3.3230,0.5050,2.5950,4097.68,move_early
107.654762,2.7870,0.3770,2.5740,4097.68,move_early
107.658326,3.5640,0.3720,3.5910,4097.68,move_early
107.661026,2.7000,0.3800,2.5770,4097.68,move_early
107.722863,61.8370,0.3690,3.7900,4097.68,move_early
107.734176,11.3130,0.4060,2.5890,4097.68,move_early
107.745695,11.5190,0.5460,2.5980,4097.68,move_early
107.759222,13.5270,0.4670,4.2420,4097.68,move_early
107.768942,9.7200,0.4860,2.5800,4097.68,move_early
107.780257,11.3150,0.4920,2.5820,4097.68,move_early
107.792249,11.9920,0.5180,3.4650,4097.68,move_early
107.801797,9.5480,0.5440,2.5810,4097.68,move_early
107.860441,58.6440,0.5100,2.5900,4097.68,move_early
107.873671,13.2300,0.4400,2.5950,4097.68,move_early
107.932106,58.4350,0.4300,3.8210,4097.68,move_early
107.999607,67.5010,0.4830,2.5850,4097.68,move_early
108.070453,70.8460,0.7130,2.5780,4097.68,move_early
108.081604,11.1510,0.6910,2.5850,4097.68,move_early
108.091940,10.3360,0.5900,2.5960,4097.68,move_early
108.102400,10.4600,0.4340,2.6100,4097.68,move_early
108.112895,10.4950,0.4110,2.5880,4097.68,move_early
108.124405,11.5100,0.4430,2.6110,4097.68,move_early
108.134161,9.7560,0.4020,2.5970,4097.68,move_early
108.144607,10.4460,0.4390,3.4660,4097.68,move_early
108.202964,58.3570,0.5080,2.5880,4097.68,move_early
108.215323,12.3590,0.4670,2.6170,4097.68,move_early
108.276198,60.8750,0.6280,2.5880,4097.68,move_early
108.338005,61.8070,0.5160,2.6170,4097.68,move_early
108.353504,15.4990,0.5950,2.6260,4097.68,move_early
108.421676,68.1720,0.6300,2.5920,4097.68,move_early
108.431938,10.2620,0.5030,3.3860,4097.68,move_early
108.441869,9.9310,0.5930,2.5800,4097.68,move_early
108.448959,7.0900,0.5480,2.5720,4097.68,move_early
108.452509,3.5500,0.4760,2.5810,4097.68,move_early
108.456105,3.5960,0.4610,2.5940,4097.68,move_early
108.459424,3.3190,0.4820,3.2930,4097.68,move_early
108.462788,3.3640,0.4570,2.5690,4097.68,move_early
108.466895,4.1070,0.4660,2.5890,4097.68,move_early
108.470120,3.2250,0.4670,2.5760,4097.68,move_early
108.473607,3.4870,0.4560,2.5890,4097.68,move_early
108.477860,4.2530,0.4980,2.5740,4097.68,move_early
108.481428,3.5680,0.4780,2.5730,4097.68,move_early
108.484626,3.1980,0.5080,2.6040,4097.68,move_early
108.487527,2.9010,0.4380,2.5880,4097.68,move_early
108.490443,2.9160,0.4730,2.5710,4097.68,move_early
108.493548,3.1050,0.5160,2.5840,4097.68,move_early
108.496756,3.2080,0.3980,2.5700,4097.68,move_early
108.499724,2.9680,0.3940,2.6080,4097.68,move_early
108.502529,2.8050,0.3980,2.5750,4097.68,move_early
108.506496,3.9670,0.3960,3.8320,4097.68,move_early
108.509340,2.8440,0.5490,2.5720,4097.68,move_early
108.513278,3.9380,0.3840,3.8550,4097.68,move_early
108.516319,3.0410,0.3980,2.5890,4097.68,move_early
108.520259,3.9400,0.5040,3.8370,4097.68,move_early
108.523318,3.0590,0.3890,2.5820,4097.68,move_early
108.530709,7.3910,0.4040,3.4260,4097.68,move_early
108.534405,3.6960,0.4070,2.5710,4097.68,move_early
108.538553,4.1480,0.4760,2.5800,4097.68,move_early
108.541760,3.2070,0.4620,3.4500,4097.68,move_early
108.544743,2.9830,0.4660,2.5800,4097.68,move_early
108.548177,3.4340,0.4090,3.4390,4097.68,move_early
108.551134,2.9570,0.3980,2.5810,4097.68,move_early
108.554582,3.4480,0.3870,3.4230,4097.68,move_early
108.557643,3.0610,0.3920,2.5710,4097.68,move_early
108.561113,3.4700,0.3980,3.2360,4097.68,move_early
108.564178,3.0650,0.4170,2.5890,4097.68,move_early
108.567242,3.0640,0.4100,2.5630,4097.68,move_early
108.570334,3.0920,0.4010,2.5790,4097.68,move_early
108.573308,2.9740,0.3870,2.5700,4097.68,move_early
108.576404,3.0960,0.4030,2.5730,4097.68,move_early
108.579351,2.9470,0.3800,2.5690,4097.68,move_early
108.582881,3.5300,0.4070,3.4310,4097.68,move_early
108.585779,2.8980,0.3820,2.5770,4097.68,move_early
108.589708,3.9290,0.3840,3.8310,4097.68,move_early
108.592915,3.2070,0.4340,2.5870,4097.68,move_early
108.596811,3.8960,0.4240,3.8000,4097.68,move_early
108.599968,3.1570,0.3920,2.5930,4097.68,move_early
108.663453,63.4850,0.3990,3.8200,4097.68,move_early
108.671063,7.6100,0.4760,2.5800,4097.68,move_early
108.682546,11.4830,0.6160,2.5820,4097.68,move_early
108.745666,63.1200,0.4180,2.5780,4097.68,move_early
108.760956,15.2900,0.3740,2.5910,4097.68,move_early
108.774837,13.8810,0.6310,2.5990,4097.68,move_early
108.789559,14.7220,0.5110,2.5730,4097.68,move_early
108.801188,11.6290,0.4270,2.5740,4097.68,move_early
108.810905,9.7170,0.4230,2.5890,4097.68,move_early
108.825143,14.2380,0.4260,2.5870,4097.68,move_early
108.838207,13.0640,0.4210,2.5870,4097.68,move_early
108.853765,15.5580,0.4050,2.5780,4097.68,move_early
108.864681,10.9160,0.4500,2.5840,4097.68,move_early
108.876985,12.3040,0.4120,2.6350,4097.68,move_early
108.886323,9.3380,0.4270,2.5840,4097.68,move_early
108.898015,11.6920,0.4080,2.5830,4097.68,move_early
108.910390,12.3750,0.4900,2.5800,4097.68,move_early
108.921129,10.7390,0.3950,2.5870,4097.68,move_early
108.983844,62.7150,0.4240,2.5990,4097.68,move_early
108.996279,12.4350,0.4680,2.5750,4097.68,move_early
109.054878,58.5990,0.5760,2.5800,4097.68,move_early
109.066197,11.3190,0.5120,2.5910,4097.68,move_early
109.080525,14.3280,0.5540,3.4400,4097.68,move_early
109.142940,62.4150,0.4880,2.5840,4097.68,move_early
109.156272,13.3320,0.4200,2.5700,4097.68,move_early
109.221676,65.4040,0.5720,2.5860,4097.68,move_early
109.232274,10.5980,0.5700,2.5920,4097.68,move_early
109.244208,11.9340,0.4960,2.6100,4097.68,move_early
109.304036,59.8280,0.4620,2.5810,4097.68,move_early
109.314834,10.7980,0.5360,2.6120,4097.68,move_early
109.324606,9.7720,0.5710,2.5880,4097.68,move_early
109.334390,9.7840,0.6130,2.8070,4097.68,move_early
109.344141,9.7510,0.4730,2.5830,4097.68,move_early
109.357884,13.7430,0.4470,2.5930,4097.68,move_early
109.362345,4.4610,0.4470,2.5760,4097.68,move_early
109.366086,3.7410,0.5230,2.5930,4097.68,move_early
109.369403,3.3170,0.4480,3.4140,4097.68,move_early
109.372360,2.9570,0.4350,2.5700,4097.68,move_early
109.375660,3.3000,0.4380,3.4180,4097.68,move_early
109.378367,2.7070,0.3950,2.5770,4097.68,move_early
109.381875,3.5080,0.3620,3.4290,4097.68,move_early
109.384731,2.8560,0.3750,2.5690,4097.68,move_early
109.387762,3.0310,0.3650,2.6110,4097.68,move_early
109.390872,3.1100,0.4070,2.5980,4097.68,move_early
109.449478,58.6060,0.3690,2.5630,4097.68,move_early
109.455534,6.0560,0.3860,3.4820,4097.68,move_early
109.461291,5.7570,0.5480,2.5860,4097.68,move_early
109.464784,3.4930,0.4950,2.5850,4097.68,move_early
109.468390,3.6060,0.4500,2.9700,4097.68,move_early
109.474284,5.8940,0.4670,2.5740,4097.68,move_early
109.477471,3.1870,0.4510,2.5980,4097.68,move_early
109.481089,3.6180,0.4500,3.4590,4097.68,move_early
109.484011,2.9220,0.4910,2.5790,4097.68,move_early
109.487445,3.4340,0.4800,3.4280,4097.68,move_early
109.490252,2.8070,0.4050,2.5710,4097.68,move_early
109.493024,2.7720,0.4170,2.5870,4097.68,move_early
109.497159,4.1350,0.3810,2.9890,4097.68,move_early
109.501052,3.8930,0.3850,3.8120,4097.68,move_early
109.505617,4.5650,0.4140,2.5720,4097.68,move_early
109.508697,3.0800,0.3910,3.8180,4097.68,move_early
109.511562,2.8650,0.5490,2.5840,4097.68,move_early
109.515128,3.5660,0.4900,3.4320,4097.68,move_early
109.518001,2.8730,0.3830,2.5720,4097.68,move_early
109.521422,3.4210,0.3720,3.4020,4097.68,move_early
109.524321,2.8990,0.3690,2.5850,4097.68,move_early
109.528217,3.8960,0.4140,2.6200,4097.68,move_early
109.531341,3.1240,0.3830,2.5890,4097.68,move_early
109.534168,2.8270,0.5630,2.6010,4097.68,move_early
109.537392,3.2240,0.3790,2.5800,4097.68,move_early
109.541045,3.6530,0.3850,2.5860,4097.68,move_early
109.544216,3.1710,0.4100,3.4090,4097.68,move_early
109.547004,2.7880,0.4000,2.5710,4097.68,move_early
109.550459,3.4550,0.4030,3.4250,4097.68,move_early
109.553283,2.8240,0.3780,2.5860,4097.68,move_early
109.618613,65.3300,0.4210,3.9620,4097.68,move_early
109.682112,63.4990,0.4780,2.5630,4097.68,move_early
109.696545,14.4330,0.7390,3.0870,4097.68,move_early
109.758802,62.2570,0.6580,2.5870,4097.68,move_early
109.775367,16.5650,0.5990,4.2090,4097.68,move_early
109.788630,13.2630,0.7300,2.5850,4097.68,move_early
109.801821,13.1910,0.5050,2.5910,4097.68,move_early
109.812570,10.7490,0.4950,2.5920,4097.68,move_early
109.826863,14.2930,0.4770,2.5880,4097.68,move_early
109.838199,11.3360,0.4420,2.5800,4097.68,move_early
109.903548,65.3490,0.4280,2.5760,4097.68,move_early
109.968827,65.2790,0.5660,2.5890,4097.68,move_early
110.031162,62.3350,0.6750,2.6050,4097.68,move_early
110.046108,14.9460,0.8600,2.5810,4097.68,move_early
110.059715,13.6070,0.7210,2.5910,4097.68,move_early
110.243029,183.3140,0.7190,2.5910,4097.68,move_early
110.258096,15.0670,0.5010,2.5460,0.00,move_early
110.277535,19.4390,0.7020,4.5260,0.59,move_early
110.341797,64.2620,0.5450,2.6230,1.73,move_early
110.360056,18.2590,6.4190,4.4340,3.74,move_early
110.549688,189.6320,6.4080,4.4340,9.61,move_early
110.575225,25.5370,6.4430,4.4340,10.72,move_early
110.637014,61.7890,6.4120,4.4340,11.31,move_early
110.651765,14.7510,1.3780,3.0070,13.73,move_early
110.674916,23.1510,2.1020,5.1880,15.06,move_early
110.707828,32.9120,2.1070,5.1880,16.31,move_early
110.729825,21.9970,2.1150,5.1880,17.58,move_early
110.747145,17.3200,2.1060,5.1880,18.31,move_early
110.761542,14.3970,2.1000,5.1880,18.90,move_early
110.776311,14.7690,2.0940,5.1880,19.49,move_early
110.789961,13.6500,2.0970,5.1880,20.04,move_early
110.803080,13.1190,2.0960,5.1880,20.59,move_early
110.806794,3.7140,2.0830,5.1880,20.73,move_early
110.810484,3.6900,1.0520,3.0310,20.88,move_early
110.815293,4.8090,1.1270,4.8220,21.07,move_early
110.819761,4.4680,1.1160,2.9120,21.25,move_early
110.823670,3.9090,1.5270,3.2880,21.41,move_early
110.828074,4.4040,1.0740,4.1680,21.58,move_early
110.831952,3.8780,1.0780,2.9100,21.74,move_early
110.836352,4.4000,1.0920,3.5920,21.92,move_early
110.840624,4.2720,1.1110,4.1800,22.09,move_early
110.844211,3.5870,1.0890,2.9320,22.24,move_early
110.848501,4.2900,1.0580,4.1290,22.41,move_early
110.852640,4.1390,1.0900,2.9230,22.57,move_early
110.857539,4.8990,1.1060,4.4720,22.75,move_early
110.861414,3.8750,1.1700,2.9380,22.92,move_early
110.866020,4.6060,1.1100,3.5660,23.08,move_early
110.869716,3.6960,1.0740,4.1640,23.24,move_early
110.873795,4.0790,1.0800,2.9160,23.40,move_early
110.878115,4.3200,1.0830,3.5520,23.57,move_early
110.881872,3.7570,1.1170,2.9160,23.73,move_early
110.885952,4.0800,1.0800,3.5680,23.90,move_early
110.890201,4.2490,1.0720,4.1420,24.07,move_early
110.893947,3.7460,1.0640,2.9270,24.22,move_early
110.898808,4.8610,1.0740,3.5810,24.39,move_early
110.902600,3.7920,1.1820,2.9210,24.56,move_early
110.906915,4.3150,1.1230,3.5390,24.73,move_early
110.911365,4.4500,1.0570,4.1830,24.89,move_early
110.915076,3.7110,1.2140,2.9330,25.04,move_early
110.919754,4.6780,1.0600,3.5580,25.19,move_early
110.923751,3.9970,1.0620,2.9060,25.34,move_early
110.927944,4.1930,1.0730,3.7550,25.49,move_early
110.932295,4.3510,1.0850,4.1360,25.63,move_early
110.936172,3.8770,1.1020,2.9300,25.78,move_early
110.940539,4.3670,1.0870,3.5560,25.93,move_early
110.944401,3.8620,1.0970,2.9260,26.08,move_early
111.002918,58.5170,1.0830,4.0540,26.23,move_early
111.017947,15.0290,1.1090,5.7900,28.39,move_early
111.025178,7.2310,1.6890,2.9080,29.06,move_early
111.030272,5.0940,1.2060,3.2850,29.30,move_early
111.034856,4.5840,1.2820,2.9200,29.50,move_early
111.038921,4.0650,1.1830,3.5670,29.67,move_early
111.043098,4.1770,1.1210,4.1820,29.84,move_early
111.047002,3.9040,1.1710,2.9240,30.01,move_early
111.052127,5.1250,1.0640,3.9940,30.21,move_early
111.056109,3.9820,1.1360,2.9360,30.37,move_early
111.060004,3.8950,1.1210,3.6000,30.54,move_early
111.064259,4.2550,1.0900,4.1810,30.71,move_early
111.069687,5.4280,1.3350,2.9160,30.87,move_early
111.074415,4.7280,1.0760,4.2760,31.06,move_early
111.078429,4.0140,1.0640,4.1840,31.25,move_early
111.082778,4.3490,1.1180,2.9360,31.43,move_early
111.086750,3.9720,1.0990,3.5830,31.62,move_early
111.101867,15.1170,1.0740,2.9150,31.80,move_early
111.172436,70.5690,1.1430,2.9070,32.02,move_early
111.236460,64.0240,1.1340,2.9350,35.06,move_early
111.304899,68.4390,1.8390,4.1670,37.73,move_early
111.323610,18.7110,1.7720,4.1060,40.39,move_early
111.338157,14.5470,1.6480,5.8840,41.24,move_early
111.350939,12.7820,1.1970,2.9050,41.81,move_early
111.363704,12.7650,1.2000,2.9210,42.39,move_early
111.375726,12.0220,1.1590,2.9240,43.16,move_early
111.390318,14.5920,1.0880,3.5770,43.66,move_early
111.452679,62.3610,1.0640,4.1620,44.23,move_early
111.520032,67.3530,1.1510,4.8120,46.39,move_early
111.543013,22.9810,1.7030,3.7210,49.06,move_early
111.556404,13.3910,1.5490,2.9200,50.05,move_early
111.624971,68.5670,1.6000,4.6820,50.54,move_early
111.683714,58.7430,1.2730,4.1590,53.06,move_early
111.695001,11.2870,1.4070,2.8980,55.66,move_early
111.712861,17.8600,1.5720,2.9470,56.39,move_early
111.723128,10.2670,1.2360,2.9040,57.06,move_early
111.738714,15.5860,1.1250,2.9450,57.20,move_early
111.806190,67.4760,1.1350,2.9140,57.87,move_early
111.820554,14.3640,1.2680,4.1950,60.39,move_early
111.832232,11.6780,2.1190,3.4600,61.15,move_early
111.844096,11.8640,1.4670,3.9680,61.94,move_early
111.853532,9.4360,1.3950,2.9200,62.40,move_early
111.861040,7.5080,1.3050,2.9280,62.77,move_early
111.868247,7.2070,1.2380,2.8990,63.06,move_early
111.875349,7.1020,1.1250,2.9230,63.34,move_early
111.882293,6.9440,1.1190,2.9110,63.62,move_early
111.930139,47.8460,1.1100,2.8940,63.90,move_early
111.985102,54.9630,1.1100,2.9100,65.20,move_early
112.036343,51.2410,1.3920,2.9080,67.73,move_early
112.045945,9.6020,1.6270,2.9230,69.73,move_early
112.054234,8.2890,1.7250,2.9590,70.39,move_early
112.061737,7.5030,1.2720,2.9220,70.47,move_early
112.068680,6.9430,1.2010,3.9630,71.06,move_early
112.075495,6.8150,1.1410,2.8930,71.36,move_early
112.082285,6.7900,1.0950,2.9170,71.63,move_early
112.089137,6.8520,1.0780,2.9020,71.91,move_early
112.097761,8.6240,1.2330,2.8990,72.17,move_early
112.104986,7.2250,1.0320,2.9160,72.50,move_early
112.111812,6.8260,1.0540,2.9220,72.80,move_early
112.118491,6.6790,1.0600,2.9080,73.08,move_early
112.125169,6.6780,1.0750,3.3780,73.35,move_early
112.133245,8.0760,1.0670,2.9130,73.61,move_early
112.198478,65.2330,1.0510,2.9120,73.90,move_early
112.270967,72.4890,1.1150,3.9170,76.32,move_early
112.281674,10.7070,2.0590,2.9090,79.06,move_early
112.287570,5.8960,2.0590,2.9020,79.73,move_early
112.291266,3.6960,1.1770,3.1370,79.78,move_early
112.295484,4.2180,1.0820,3.4220,79.94,move_early
112.307795,12.3110,1.2920,2.9080,80.10,move_early
112.370807,63.0120,1.1440,2.9160,80.39,move_early
112.377387,6.5800,1.0750,3.5050,83.06,move_early
112.381724,4.3370,1.5120,4.4240,83.39,move_early
112.439313,57.5890,1.1630,4.4580,83.90,move_early
112.447444,8.1310,1.1060,2.9120,85.63,move_early
112.452740,5.2960,1.9930,2.9550,86.39,move_early
112.457409,4.6690,1.1640,2.9540,86.73,move_early
112.461618,4.2090,1.3770,4.1530,86.91,move_early
112.465437,3.8190,1.1450,2.9190,87.07,move_early
112.469316,3.8790,1.0600,2.9420,87.23,move_early
112.473366,4.0500,1.0530,2.9200,87.38,move_early
112.477203,3.8370,1.0720,2.9210,87.54,move_early
112.481148,3.9450,1.0610,3.2550,87.68,move_early
112.485175,4.0270,1.0850,2.9550,87.81,move_early
112.491531,6.3560,1.2180,3.2330,87.94,move_early
112.496494,4.9630,1.0730,2.8990,88.11,move_early
112.500406,3.9120,1.0760,2.8850,88.26,move_early
112.504047,3.6410,1.0720,2.9350,88.41,move_early
112.508238,4.1910,1.0320,2.9150,88.55,move_early
112.512112,3.8740,1.0360,2.9220,88.72,move_early
112.516519,4.4070,1.2770,4.3580,88.87,move_early
112.521737,5.2180,1.0570,2.9210,89.02,move_early
112.581901,60.1640,1.1500,3.3610,89.16,move_early
112.643413,61.5120,1.0930,2.9080,91.62,move_early
112.708333,64.9200,1.7910,3.0930,94.09,move_early
112.723461,15.1280,1.8740,2.9030,96.39,move_early
112.729424,5.9630,1.7270,4.0000,97.58,move_early
112.733997,4.5730,1.3220,2.9130,97.73,move_early
112.738012,4.0150,1.2240,2.8860,97.75,move_early
112.800085,62.0730,1.0820,3.6180,97.80,move_early
112.857166,57.0810,1.1350,4.1070,100.38,move_early
112.924546,67.3800,2.0590,4.1110,102.39,move_early
112.989293,64.7470,1.5850,2.9500,105.06,move_early
113.006255,16.9620,2.0840,3.2560,107.64,move_early
113.019963,13.7080,2.0010,4.4420,108.55,move_early
113.027453,7.4900,1.2640,3.2510,109.08,move_early
113.031857,4.4040,1.2410,3.2590,109.38,move_early
113.035506,3.6490,1.1800,3.2500,109.88,move_early
113.039438,3.9320,1.0740,3.2650,110.04,move_early
113.043920,4.4820,1.1480,4.4170,110.22,move_early
113.047840,3.9200,1.0260,3.3120,110.36,move_early
113.052235,4.3950,1.0500,4.4090,110.54,move_early
113.055877,3.6420,1.0150,3.2570,110.70,move_early
113.060256,4.3790,1.0150,4.4330,110.88,move_early
113.064942,4.6860,1.1000,4.3970,111.04,move_early
113.068583,3.6410,1.1000,3.2930,111.21,move_early
113.073087,4.5040,1.0270,4.4960,111.37,move_early
113.077878,4.7910,1.2950,3.2650,111.55,move_early
113.081592,3.7140,1.1150,4.4500,111.72,move_early
113.085887,4.2950,1.0820,4.4070,111.89,move_early
113.096464,10.5770,1.0670,3.2760,112.04,move_early
113.101233,4.7690,1.0420,4.4030,112.21,move_early
113.104947,3.7140,1.0890,3.2610,112.38,move_early
113.109629,4.6820,1.0280,4.4080,112.54,move_early
113.113445,3.8160,1.0320,3.2610,112.71,move_early
113.117245,3.8000,1.0520,2.9910,112.88,move_early
113.120884,3.6390,1.0800,2.9450,113.04,move_early
113.125271,4.3870,1.0230,3.7300,113.21,move_early
113.128978,3.7070,1.0590,3.3880,113.38,move_early
113.134576,5.5980,1.0250,4.5690,113.54,move_early
113.138361,3.7850,1.0770,2.9660,113.71,move_early
113.142385,4.0240,1.0920,4.0370,113.88,move_early
113.146077,3.6920,1.0510,2.9550,114.04,move_early
113.150406,4.3290,1.0260,3.9820,114.21,move_early
113.155326,4.9200,1.1090,5.1410,114.38,move_early
113.159023,3.6970,1.0160,2.9860,114.54,move_early
113.163031,4.0080,1.0480,3.9820,114.71,move_early
113.166835,3.8040,1.0290,2.9520,114.88,move_early
113.171191,4.3560,1.0560,4.5250,115.04,move_early
113.181924,10.7330,1.0660,2.9560,115.21,move_early
113.186593,4.6690,1.0600,2.9870,115.39,move_early
113.190241,3.6480,1.2010,2.9360,115.57,move_early
113.193760,3.5190,1.1170,2.9820,115.75,move_early
113.197947,4.1870,1.0430,4.0990,115.94,move_early
113.201545,3.5980,1.0460,2.9540,116.12,move_early
113.205721,4.1760,1.0320,4.0770,116.30,move_early
113.209304,3.5830,1.0570,2.9310,116.48,move_early
113.212999,3.6950,1.0910,2.9720,116.65,move_early
113.216852,3.8530,1.1250,2.9560,116.82,move_early
113.220459,3.6070,1.3410,2.9690,116.98,move_early
113.260827,40.3680,1.0130,2.9440,117.15,move_early
113.297407,36.5800,1.0230,2.9680,118.38,move_early
113.364184,66.7770,1.1600,3.8190,120.19,move_early
113.381263,17.0790,1.2390,4.0230,122.90,move_early
113.394158,12.8950,1.6030,2.9350,123.73,move_early
113.407319,13.1610,1.2410,2.8920,124.04,move_early
113.419341,12.0220,1.0680,2.9220,124.57,move_early
113.431818,12.4770,1.0780,3.9850,125.05,move_early
113.443423,11.6050,1.0590,2.8860,125.49,move_early
113.458738,15.3150,1.1240,3.9360,125.94,move_early
113.522019,63.2810,1.0650,2.9360,126.38,move_early
113.573068,51.0490,1.1310,2.9130,129.06,move_early
113.619709,46.6410,1.5000,2.9010,131.27,move_early
113.687975,68.2660,1.7610,3.1880,133.12,move_early
113.751830,63.8550,1.5810,2.8760,135.73,move_early
113.818633,66.8030,1.6990,2.9000,138.39,move_early
113.840221,21.5880,1.5650,2.9020,140.84,move_early
113.853572,13.3510,1.9630,3.8800,141.93,move_early
113.916631,63.0590,1.4010,2.8930,142.45,move_early
113.987377,70.7460,1.4070,2.9360,145.02,move_early
113.999230,11.8530,1.8670,2.9140,147.73,move_early
114.005923,6.6930,1.9130,2.8840,148.39,move_early
114.010379,4.4560,1.3000,3.9370,148.52,move_early
114.014867,4.4880,1.1160,2.9180,148.69,move_early
114.019626,4.7590,1.0690,2.8940,148.89,move_early
114.024864,5.2380,1.5140,2.9110,149.07,move_early
114.029667,4.8030,1.2350,3.8880,149.27,move_early
114.034969,5.3020,1.2040,2.8820,149.50,move_early
114.039175,4.2060,1.1750,2.9140,149.68,move_early
114.043062,3.8870,1.1820,3.9060,149.85,move_early
114.047072,4.0100,1.0170,3.9100,150.02,move_early
114.050861,3.7890,1.0500,2.9130,150.18,move_early
114.054847,3.9860,1.0580,3.9510,150.35,move_early
114.058607,3.7600,1.0810,2.8830,150.52,move_early
114.063040,4.4330,1.0560,4.4670,150.68,move_early
114.066773,3.7330,1.0050,2.8770,150.85,move_early
114.070464,3.6910,1.0540,2.9400,151.02,move_early
114.074049,3.5850,1.0020,2.8910,151.18,move_early
114.078023,3.9740,1.0520,2.8830,151.35,move_early
114.082189,4.1660,1.0250,3.3680,151.52,move_early
114.085857,3.6680,1.2920,2.9010,151.68,move_early
114.089945,4.0880,1.0460,4.0260,151.85,move_early
114.093847,3.9020,1.0840,2.8800,152.02,move_early
114.097674,3.8270,1.0350,3.9720,152.18,move_early
114.101377,3.7030,1.0500,2.9020,152.35,move_early
114.105240,3.8630,1.0270,2.9060,152.52,move_early
114.109284,4.0440,1.0170,2.9100,152.68,move_early
114.113048,3.7640,1.2490,2.8730,152.85,move_early
114.117765,4.7170,1.0300,2.8930,153.02,move_early
114.121766,4.0010,1.0240,2.8920,153.18,move_early
114.125855,4.0890,1.2780,3.8930,153.35,move_early
114.130032,4.1770,1.0730,2.8880,153.52,move_early
114.133966,3.9340,1.3060,2.8990,153.68,move_early
114.137932,3.9660,1.0930,2.9250,153.85,move_early
114.141921,3.9890,1.0700,2.9120,154.02,move_early
114.145908,3.9870,1.0590,3.9440,154.18,move_early
114.149774,3.8660,1.1050,2.8820,154.35,move_early
114.153681,3.9070,1.0160,3.9310,154.52,move_early
114.157725,4.0440,1.0740,2.9050,154.68,move_early
114.161648,3.9230,1.2740,3.5990,154.85,move_early
114.223503,61.8550,1.0690,3.9590,155.02,move_early
114.294111,70.6080,1.0890,2.9050,157.06,move_early
114.314057,19.9460,1.6300,2.9100,160.18,move_early
114.325493,11.4360,2.1990,4.1280,161.06,move_early
114.388603,63.1100,1.2520,3.9500,161.30,move_early
114.412954,24.3510,1.1770,2.9200,164.07,move_early
114.440191,27.2370,2.5840,4.4570,165.25,move_early
114.461115,20.9240,2.6240,4.4570,166.39,move_early
114.475712,14.5970,2.6160,4.4570,167.10,move_early
114.498875,23.1630,1.3270,3.5190,168.01,move_early
114.517089,18.2140,1.3690,3.5190,168.60,move_early
114.579065,61.9760,1.4340,2.9900,169.31,move_early
114.643537,64.4720,1.1770,2.8850,171.49,move_early
114.712002,68.4650,1.4580,5.9590,174.13,move_early
114.736113,24.1110,2.0350,4.0180,176.87,move_early
114.755065,18.9520,2.1840,2.9250,177.77,move_early
114.770385,15.3200,1.4800,2.9000,178.52,move_early
114.783251,12.8660,1.2610,2.9450,179.10,move_early
114.794549,11.2980,1.0990,2.9230,179.93,move_early
114.807517,12.9680,1.1660,2.9000,180.43,move_early
114.822590,15.0730,1.4530,2.9270,180.95,move_early
114.878205,55.6150,1.2320,3.9100,181.52,move_early
114.933953,55.7480,1.1500,2.9160,183.44,move_early
114.945842,11.8890,1.4070,2.9160,185.73,move_early
114.952962,7.1200,2.2220,2.9390,186.39,move_early
114.958444,5.4820,1.8050,4.9900,186.42,move_early
114.963704,5.2600,1.1730,4.1360,186.64,move_early
114.968699,4.9950,1.3350,2.9220,186.84,move_early
114.973500,4.8010,1.2290,2.8960,187.01,move_early
114.978554,5.0540,1.1240,2.8990,187.18,move_early
114.983598,5.0440,1.0990,2.9290,187.34,move_early
114.988776,5.1780,1.1360,2.9200,187.51,move_early
114.992951,4.1750,1.2190,2.9170,187.68,move_early
114.997105,4.1540,1.1100,3.4110,187.84,move_early
115.000988,3.8830,1.0970,2.9400,188.01,move_early
115.005003,4.0150,1.0550,3.0900,188.18,move_early
115.008701,3.6980,1.1410,2.9400,188.34,move_early
115.012492,3.7910,1.0790,2.9020,188.51,move_early
115.016125,3.6330,1.0710,3.1710,188.68,move_early
115.019852,3.7270,1.0590,2.9040,188.84,move_early
115.024034,4.1820,1.1410,3.1260,189.01,move_early
115.028066,4.0320,1.1250,2.9200,189.18,move_early
115.067800,39.7340,1.0890,3.3870,189.34,move_early
115.106485,38.6850,1.0980,2.9280,191.06,move_early
115.147026,40.5410,1.8750,2.9080,192.39,move_early
115.185636,38.6100,1.5390,3.9510,194.19,move_early
115.197083,11.4470,1.2610,2.9380,195.52,move_early
115.208056,10.9730,1.3290,2.9230,196.39,move_early
115.263647,55.5910,1.2620,2.8990,196.96,move_early
115.283560,19.9130,1.3870,2.9190,198.90,move_early
115.300139,16.5790,1.7760,2.9400,199.73,move_early
115.315502,15.3630,1.3960,2.9320,200.63,move_early
115.327309,11.8070,1.1960,2.9190,201.26,move_early
115.383982,56.6730,1.2600,2.8770,201.72,move_early
115.450318,66.3360,1.1910,2.9150,203.71,move_early
115.516777,66.4590,1.8100,4.7830,206.39,move_early
115.538810,22.0330,2.0610,5.2530,209.00,move_early
115.550676,11.8660,1.5060,4.8460,209.86,move_early
115.558377,7.7010,1.2640,3.4670,210.39,move_early
115.562822,4.4450,1.1660,4.1660,210.62,move_early
115.567247,4.4250,1.1520,4.1280,211.13,move_early
115.572769,5.5220,1.1090,2.9300,211.31,move_early
115.578620,5.8510,1.1630,3.4830,211.52,move_early
115.584044,5.4240,1.1130,4.7270,211.76,move_early
115.588232,4.1880,1.0980,4.1480,211.97,move_early
115.592538,4.3060,1.1080,2.9440,212.14,move_early
115.597277,4.7390,1.0980,3.4990,212.31,move_early
115.602283,5.0060,1.0730,2.9340,212.52,move_early
115.606037,3.7540,1.1550,2.9530,212.70,move_early
115.610063,4.0260,1.0830,3.4470,212.86,move_early
115.613870,3.8070,0.9910,2.9310,213.01,move_early
115.618782,4.9120,1.0410,3.4940,213.17,move_early
115.624422,5.6400,0.9870,4.1480,213.35,move_early
115.629549,5.1270,1.0390,3.9920,213.54,move_early
115.634068,4.5190,1.2030,2.8820,213.73,move_early
115.639391,5.3230,1.0190,4.5600,213.91,move_early
115.679050,39.6590,1.1240,4.1580,214.09,move_early
115.715704,36.6540,1.0430,2.9140,215.47,move_early
115.775616,59.9120,1.4350,2.8990,216.99,move_early
115.832339,56.7230,1.8350,2.9430,219.06,move_early
115.844997,12.6580,1.8520,2.8840,221.63,move_early
115.855856,10.8590,1.5290,2.9350,222.39,move_early
115.862737,6.8810,1.4310,3.9470,222.52,move_early
115.877053,14.3160,1.1790,2.9380,222.79,move_early
115.888156,11.1030,1.1630,2.9250,223.37,move_early
115.954963,66.8070,1.1260,2.9310,223.70,move_early
116.031662,76.6990,1.2930,2.8920,226.39,move_early
116.050736,19.0740,1.9630,4.7760,229.61,move_early
116.067593,16.8570,1.5750,5.8170,230.39,move_early
116.128427,60.8340,1.2930,2.8970,231.06,move_early
116.202404,73.9770,1.3080,4.7270,233.46,move_early
116.270704,68.3000,1.6150,4.1440,236.39,move_early
116.346968,76.2640,1.7200,2.9540,239.06,move_early
116.450829,103.8610,1.8390,3.9430,241.87,move_early
116.463863,13.0340,1.5280,3.2260,246.39,move_early
116.478323,14.4600,1.8910,2.9160,247.06,move_early
116.489061,10.7380,1.2430,5.8140,247.73,move_early
116.499723,10.6620,1.4410,4.7480,247.85,move_early
116.511608,11.8850,1.1950,2.8870,248.51,move_early
116.578256,66.6480,1.1440,3.2240,249.08,move_early
116.597943,19.6870,1.1280,2.9150,251.62,move_early
116.622798,24.8550,2.5850,4.7960,252.54,move_early
116.641108,18.3100,4.8130,2.9090,253.65,move_early
116.655835,14.7270,2.8010,2.8820,254.33,move_early
116.675178,19.3430,2.5260,3.6920,254.88,move_early
116.690527,15.3490,1.4330,2.9260,255.68,move_early
116.722017,31.4900,1.8840,2.8950,256.29,move_early
116.739346,17.3290,1.6440,2.8960,257.09,move_early
116.752614,13.2680,1.9300,2.8890,257.89,move_early
116.764731,12.1170,1.3930,4.7270,258.67,move_early
116.775064,10.3330,1.2120,2.9320,259.22,move_early
116.787415,12.3510,1.1700,2.8820,259.61,move_early
116.798282,10.8670,1.0450,2.8940,260.12,move_early
116.808236,9.9540,1.0810,2.9300,260.54,move_early
116.819007,10.7710,1.0580,2.8970,260.95,move_early
116.830207,11.2000,1.0360,2.9080,261.37,move_early
116.846955,16.7480,1.0630,2.8730,261.83,move_early
116.858928,11.9730,1.2500,2.8880,262.39,move_early
116.869366,10.4380,1.3950,4.1530,262.88,move_early
116.935604,66.2380,1.1570,2.9040,263.38,move_early
116.966576,30.9720,1.2170,2.9020,265.73,move_early
116.980946,14.3700,1.8730,3.6600,267.06,move_early
116.995478,14.5320,1.7270,2.9210,267.88,move_early
117.008263,12.7850,1.4440,2.8910,268.44,move_early
117.019921,11.6580,1.1640,2.9150,268.96,move_early
117.030299,10.3780,1.1400,3.8610,269.42,move_early
117.046829,16.5300,1.1340,2.9050,269.84,move_early
117.058447,11.6180,1.1110,2.9330,270.51,move_early
117.073655,15.2080,1.4200,2.9010,270.96,move_early
117.084508,10.8530,1.1970,2.9000,271.46,move_early
117.094968,10.4600,1.1190,2.9300,271.98,move_early
117.112709,17.7410,1.0530,2.9150,272.41,move_early
117.174736,62.0270,1.0820,2.8780,273.06,move_early
117.187604,12.8680,1.1570,2.9120,275.01,move_early
117.204469,16.8650,1.7290,4.4740,275.67,move_early
117.217408,12.9390,1.2790,2.8970,276.34,move_early
117.227246,9.8380,1.6110,2.8920,277.01,move_early
117.237964,10.7180,1.3800,2.9220,277.67,move_early
117.252736,14.7720,1.2230,2.8730,278.22,move_early
117.257601,4.8650,2.4270,3.7260,278.74,move_early
117.261919,4.3180,1.2290,2.9470,278.93,move_early
117.266491,4.5720,1.1740,2.8780,279.12,move_early
117.270309,3.8180,1.0940,2.8860,279.27,move_early
117.274338,4.0290,1.0260,3.9420,279.43,move_early
117.278277,3.9390,1.0070,2.8900,279.58,move_early
117.283433,5.1560,0.9980,2.8990,279.74,move_early
117.296900,13.4670,1.0110,3.3870,279.95,move_early
117.309448,12.5480,1.0710,2.8750,280.17,move_early
117.317861,8.4130,1.3910,2.8960,280.39,move_early
117.322245,4.3840,1.0730,3.3910,280.67,move_early
117.336148,13.9030,1.2270,2.8970,280.90,move_early
117.354691,18.5430,1.1090,2.9120,281.40,move_early
117.365351,10.6600,1.0960,3.6990,282.16,move_early
117.374510,9.1590,1.4660,2.8730,282.66,move_early
117.379878,5.3680,1.0570,2.8930,283.06,move_early
117.384249,4.3710,1.2620,3.3890,283.51,move_early
117.401106,16.8570,1.0630,2.9010,283.95,move_early
117.413174,12.0680,1.0630,2.9200,284.39,move_early
117.423482,10.3080,1.7060,2.9010,284.84,move_early
117.427893,4.4110,1.0700,2.9000,285.28,move_early
117.432421,4.5280,1.0630,2.8970,285.73,move_early
117.436472,4.0510,1.6100,2.9120,285.91,move_early
117.441361,4.8890,1.0370,4.7990,286.10,move_early
117.445275,3.9140,1.0930,2.8990,286.26,move_early
117.458761,13.4860,1.0270,3.8880,286.43,move_early
117.470317,11.5560,1.0440,4.1640,286.77,move_early
117.474875,4.5580,1.1580,4.1280,287.10,move_early
117.480166,5.2910,1.1130,2.8670,287.43,move_early
117.484855,4.6890,1.0300,2.9210,287.77,move_early
117.495349,10.4940,1.1500,3.4160,288.02,move_early
117.516522,21.1730,1.1550,2.8890,288.39,move_early
117.527556,11.0340,1.3720,2.8990,288.73,move_early
117.538417,10.8610,1.4070,2.9140,289.06,move_early
117.550275,11.8580,1.1620,2.8810,289.48,move_early
117.559466,9.1910,1.1230,3.6840,289.97,move_early
117.568441,8.9750,1.2370,4.1380,290.34,move_early
117.580228,11.7870,1.2620,2.9190,290.70,move_early
117.598097,17.8690,1.2180,3.9790,291.21,move_early
117.617837,19.7400,1.6210,2.9390,291.94,move_early
117.683420,65.5830,1.8560,2.8770,292.72,move_early
117.759341,75.9210,1.6100,2.8950,295.73,move_early
117.824570,65.2290,1.9340,2.9170,298.75,move_early
117.848099,23.5290,1.9270,2.8880,301.36,move_early
117.862662,14.5630,2.0590,2.9100,302.39,move_early
117.883453,20.7910,1.6320,3.9660,303.06,move_early
117.896832,13.3790,1.2020,2.8780,303.73,move_early
117.917780,20.9480,1.3570,2.9100,304.52,move_early
117.936323,18.5430,1.3020,2.9050,305.32,move_early
117.955567,19.2440,1.6360,2.8950,306.09,move_early
117.966622,11.0550,1.3550,2.8980,306.86,move_early
117.978931,12.3090,1.2490,2.9290,307.28,move_early
117.994497,15.5660,1.0860,2.8960,307.77,move_early
118.007159,12.6620,1.0790,2.9020,308.39,move_early
118.070853,63.6940,1.0640,2.8790,308.89,move_early
118.104810,33.9570,1.0740,2.8760,311.06,move_early
118.126809,21.9990,1.6440,4.4730,312.56,move_early
118.146130,19.3210,1.8140,3.3800,313.73,move_early
118.166704,20.5740,1.2650,4.3500,314.48,move_early
118.179390,12.6860,1.2340,2.8990,315.06,move_early
118.250145,70.7550,1.0850,2.9180,315.80,move_early
118.264830,14.6850,1.1720,2.9230,318.38,move_early
118.276064,11.2340,1.9660,2.8890,319.06,move_early
118.286918,10.8540,1.3910,2.8920,319.35,move_early
118.298023,11.1050,1.2950,2.9380,319.78,move_early
118.367676,69.6530,1.3850,2.9090,320.28,move_early
118.414245,46.5690,1.8590,2.9230,323.06,move_early
118.427229,12.9840,1.9830,2.8830,324.94,move_early
118.438056,10.8270,1.9490,2.8920,325.39,move_early
118.450921,12.8650,1.2520,3.9610,325.81,move_early
118.468945,18.0240,1.2710,2.8930,326.39,move_early
118.485192,16.2470,1.5370,2.8960,327.16,move_early
118.514329,29.1370,1.5100,4.3480,327.83,move_early
118.527923,13.5940,1.6720,2.9080,328.60,move_early
118.547034,19.1110,1.2640,2.8830,329.37,move_early
118.568488,21.4540,1.2790,2.8910,330.12,move_early
118.588565,20.0770,1.7580,2.9050,330.86,move_early
118.603662,15.0970,1.3430,2.9130,331.73,move_early
118.616056,12.3940,1.2690,2.9270,332.47,move_early
118.628822,12.7660,1.2860,4.1090,333.20,move_early
118.642264,13.4420,1.1720,3.3660,333.83,move_early
118.710311,68.0470,1.5880,4.1370,334.39,move_early
118.764431,54.1200,1.7510,3.0920,336.79,move_early
118.779046,14.6150,1.9520,4.0010,338.94,move_early
118.794548,15.5020,1.8590,2.9000,339.73,move_early
118.806349,11.8010,1.1680,2.8880,340.39,move_early
118.852224,45.8750,1.2590,3.4500,340.53,move_early
118.925861,73.6370,1.0380,2.9050,342.39,move_early
118.941133,15.2720,1.6500,2.8960,345.06,move_early
118.955665,14.5320,1.6670,3.9840,345.96,move_early
118.973892,18.2270,1.3300,4.1520,346.53,move_early
118.986587,12.6950,1.2590,3.9950,347.24,move_early
118.999985,13.3980,1.0440,2.8890,348.07,move_early
119.012039,12.0540,1.1090,2.8940,348.63,move_early
119.024131,12.0920,1.2450,2.8980,349.13,move_early
119.035276,11.1450,1.2620,2.9460,349.61,move_early
119.100364,65.0880,1.4720,2.8960,350.06,move_early
119.120954,20.5900,1.2660,2.8850,352.36,move_early
119.163638,42.6840,1.5390,3.3780,353.14,move_early
119.209279,45.6410,1.2720,2.8920,354.54,move_early
119.221927,12.6480,1.5590,2.9320,356.39,move_early
119.267232,45.3050,1.4620,2.8780,357.50,move_early
119.316017,48.7850,1.2930,4.0220,358.84,move_early
119.333089,17.0720,1.5530,2.8980,360.65,move_early
119.345424,12.3350,1.6650,4.7810,361.95,move_early
119.353444,8.0200,1.1980,5.7460,362.43,move_early
119.413466,60.0220,1.0820,5.5700,362.47,move_early
119.476038,62.5720,1.1220,5.3810,364.88,move_early
119.483003,6.9650,1.6570,4.7980,367.06,move_early
119.489591,6.5880,1.6100,7.6980,367.73,move_early
119.497214,7.6230,1.1040,7.1050,367.98,move_early
119.514381,17.1670,1.0430,9.3240,368.36,move_early
119.518640,4.2590,0.9940,5.5220,368.86,move_early
119.523717,5.0770,1.1170,4.8730,369.06,move_early
119.528903,5.1860,1.0350,5.1970,369.33,move_early
119.534108,5.2050,0.9850,5.2010,369.59,move_early
119.542063,7.9550,0.9980,5.1520,369.88,move_early
119.546698,4.6350,1.3470,4.8350,370.17,move_early
119.551560,4.8620,1.1580,4.8470,370.39,move_early
119.557420,5.8600,1.0800,5.3270,370.68,move_early
119.562591,5.1710,1.0350,5.3450,370.95,move_early
119.575460,12.8690,1.3040,6.1350,371.20,move_early
119.586863,11.4030,1.1170,7.9280,371.49,move_early
119.645643,58.7800,1.1860,8.1830,371.77,move_early
119.697197,51.5540,1.0610,8.2660,374.17,move_early
119.715293,18.0960,1.6640,4.8710,376.26,move_early
119.759909,44.6160,1.8450,5.8960,377.06,move_early
119.778362,18.4530,1.3180,4.1430,379.06,move_early
119.790387,12.0250,2.0770,4.1400,379.73,move_early
119.797946,7.5590,1.4710,5.6060,379.90,move_early
119.802214,4.2680,1.1250,4.1370,380.39,move_early
119.806574,4.3600,1.1230,4.0880,380.70,move_early
119.811492,4.9180,1.0580,4.1230,380.89,move_early
119.816141,4.6490,1.3200,4.7150,381.08,move_early
119.820541,4.4000,1.0750,4.1100,381.25,move_early
119.824632,4.0910,1.0660,4.1210,381.45,move_early
119.829537,4.9050,0.9930,4.5540,381.63,move_early
119.834667,5.1300,0.9630,4.0970,381.80,move_early
119.839156,4.4890,0.9860,4.1040,382.00,move_early
119.843165,4.0090,1.0240,4.7850,382.19,move_early
119.847331,4.1660,1.0000,4.1170,382.36,move_early
119.852517,5.1860,0.9710,4.7230,382.54,move_early
119.857062,4.5450,0.9820,4.7500,382.72,move_early
119.862584,5.5220,1.0500,4.1470,382.90,move_early
119.868473,5.8890,1.0910,4.1490,383.08,move_early
119.874536,6.0630,0.9830,4.6850,383.26,move_early
119.880598,6.0620,1.0040,6.1760,383.45,move_early
119.885976,5.3780,0.9590,4.9710,383.63,move_early
119.890623,4.6470,1.0050,4.7830,383.81,move_early
119.949260,58.6370,0.9780,4.1540,383.99,move_early
119.971303,22.0430,1.0010,4.3950,386.34,move_early
119.984209,12.9060,1.9080,2.9030,387.17,move_early
119.996000,11.7910,1.4240,2.9540,387.73,move_early
120.007165,11.1650,1.0840,2.9110,388.45,move_early
120.016072,8.9070,1.0840,3.4090,388.90,move_early
120.020154,4.0820,1.1010,2.9310,389.26,move_early
120.025325,5.1710,1.1050,2.8890,389.42,move_early
120.038026,12.7010,1.1330,3.9880,389.63,move_early
120.044477,6.4510,1.3030,2.9010,389.97,move_early
120.049681,5.2040,1.0240,3.4440,390.30,move_early
120.054659,4.9780,1.0540,3.5720,390.59,move_early
120.059463,4.8040,1.0170,2.9230,390.80,move_early
120.074228,14.7650,1.0530,2.9210,390.99,move_early
120.088776,14.5480,1.0480,4.1370,391.26,move_early
120.102078,13.3020,1.0620,2.8900,391.54,move_early
120.108942,6.8640,1.2300,2.8840,392.03,move_early
120.114970,6.0280,1.0690,2.8960,392.32,move_early
120.119594,4.6240,1.1030,2.8970,392.61,move_early
120.123627,4.0330,1.0730,2.8790,392.89,move_early
120.127477,3.8500,1.0830,2.9070,393.06,move_early
120.131565,4.0880,0.9720,2.9020,393.35,move_early
120.135407,3.8420,1.0050,3.3060,393.62,move_early
120.139369,3.9620,1.2820,2.9220,393.90,move_early
120.143077,3.7080,1.0160,3.4390,394.18,move_early
120.146598,3.5210,1.0030,2.9200,394.33,move_early
120.150229,3.6310,1.0490,3.3870,394.47,move_early
120.154100,3.8710,0.9840,2.9330,394.63,move_early
120.157659,3.5590,1.2590,3.3510,394.77,move_early
120.161262,3.6030,1.0040,2.9260,394.91,move_early
120.165906,4.6440,1.0350,3.7610,395.09,move_early
120.170052,4.1460,1.0010,4.1190,395.26,move_early
120.173907,3.8550,1.0600,2.9410,395.42,move_early
120.178029,4.1220,1.1190,4.1340,395.58,move_early
120.181602,3.5730,0.9830,2.9350,395.72,move_early
120.222281,40.6790,0.9690,3.3710,395.87,move_early
120.263922,41.6410,0.9880,2.9190,396.91,move_early
120.280122,16.2000,1.8340,2.8910,398.90,move_early
120.291594,11.4720,1.6900,2.9510,399.73,move_early
120.336648,45.0540,1.1900,2.9180,399.94,move_early
120.360131,23.4830,1.0440,2.9420,401.46,move_early
120.374217,14.0860,1.4500,2.9180,402.39,move_early
120.423377,49.1600,1.3050,4.3850,403.06,move_early
120.441317,17.9400,1.3470,2.9280,405.06,move_early
120.456956,15.6390,2.0260,2.9630,406.06,move_early
120.467996,11.0400,1.7010,4.1960,406.92,move_early
120.481832,13.8360,1.1900,3.2040,407.06,move_early
120.492704,10.8720,1.2950,4.1560,407.73,move_early
120.509716,17.0120,1.2270,4.1520,408.26,move_early
120.528110,18.3940,1.1040,2.9300,408.82,move_early
120.541256,13.1460,1.5780,4.1400,409.48,move_early
120.558501,17.2450,1.6800,2.9260,410.07,move_early
120.574541,16.0400,1.2350,2.9300,410.66,move_early
120.600079,25.5380,1.3810,4.1590,411.28,move_early
120.612843,12.7640,1.2480,3.4880,412.00,move_early
120.626721,13.8780,1.6180,5.6890,412.67,move_early
120.637845,11.1240,1.1280,2.8910,413.34,move_early
120.655125,17.2800,1.1110,2.9260,413.95,move_early
120.667961,12.8360,1.0550,3.4520,414.56,move_early
120.689718,21.7570,1.3210,4.0240,415.17,move_early
120.760076,70.3580,1.4200,2.9510,415.84,move_early
120.790948,30.8720,1.6950,4.1410,418.78,move_early
120.803867,12.9190,1.9140,4.7180,420.01,move_early
120.816590,12.7230,1.9710,2.9440,420.79,move_early
120.828306,11.7160,1.2360,3.4270,421.06,move_early
120.841880,13.5740,1.0740,4.1480,421.74,move_early
120.854182,12.3020,0.9950,2.9030,422.28,move_early
120.922531,68.3490,1.0010,2.9150,422.79,move_early
120.988594,66.0630,1.1580,5.0050,425.06,move_early
121.045060,56.4660,1.8380,2.9260,427.73,move_early
121.116383,71.3230,1.7530,2.8990,430.13,move_early
121.137728,21.3450,1.3520,2.9110,432.66,move_early
121.156418,18.6900,1.5530,4.7160,433.82,move_early
121.178430,22.0120,1.2480,4.1920,434.55,move_early
121.230377,51.9470,1.1710,5.2060,435.73,move_early
121.253537,23.1600,1.1470,2.8960,437.22,move_early
121.268929,15.3920,1.7170,2.9370,438.43,move_early
121.348165,79.2360,1.1090,2.9020,439.37,move_early
121.406503,58.3380,1.0620,2.8990,442.27,move_early
121.477089,70.5860,1.5320,2.9310,444.58,move_early
121.491742,14.6530,1.4330,2.9010,447.43,move_early
121.505267,13.5250,1.6420,5.7640,447.97,move_early
121.523729,18.4620,1.3000,4.1500,448.49,move_early
121.542793,19.0640,1.0170,2.8980,449.23,move_early
121.560732,17.9390,0.9740,2.9440,450.00,move_early
121.611335,50.6030,1.1520,3.4400,450.73,move_early
121.655247,43.9120,1.1170,2.8980,452.75,move_early
121.676087,20.8400,1.0980,2.9060,454.51,move_early
121.689521,13.4340,1.2730,2.9550,455.68,move_early
121.702598,13.0770,1.0750,2.8980,455.88,move_early
121.755547,52.9490,1.1370,3.9760,456.40,move_early
121.771960,16.4130,1.2290,3.2830,458.29,move_early
121.793059,21.0990,2.2470,3.3910,459.06,move_early
121.807731,14.6720,1.4500,2.9310,459.99,move_early
121.818347,10.6160,1.7510,2.8810,460.88,move_early
121.830040,11.6930,1.2260,2.8880,461.34,move_early
121.840998,10.9580,0.9650,2.8960,461.81,move_early
121.895269,54.2710,1.1260,2.9270,462.25,move_early
121.907076,11.8070,1.0940,2.8980,464.13,move_early
121.927781,20.7050,1.4710,2.9010,464.56,move_early
121.942673,14.8920,1.1300,2.8980,465.73,move_early
121.955706,13.0330,1.7830,2.9040,466.02,move_early
122.006671,50.9650,1.1970,2.8950,466.68,move_early
122.021239,14.5680,1.7360,2.9130,468.31,move_early
122.069447,48.2080,1.9140,4.0230,469.06,move_early
122.085301,15.8540,1.5120,3.4170,471.06,move_early
122.098244,12.9430,1.6180,2.9090,472.03,move_early
122.169303,71.0590,1.0640,2.8870,472.39,move_early
122.184770,15.4670,1.1070,2.9220,474.80,move_early
122.198212,13.4420,1.6980,2.9190,476.01,move_early
122.211344,13.1320,1.0930,2.9040,476.55,move_early
122.224406,13.0620,1.1300,2.9230,477.06,move_early
122.237403,12.9970,1.0940,2.9240,477.58,move_early
122.311794,74.3910,1.0280,3.5460,478.11,move_early
122.335577,23.7830,1.0840,3.9770,480.81,move_early
122.347084,11.5070,1.6330,2.9030,481.73,move_early
122.392405,45.3210,1.0690,2.8950,482.49,move_early
122.481429,89.0240,1.0610,2.9060,483.83,move_early
122.501366,19.9370,1.5300,2.9570,487.62,move_early
122.515409,14.0430,1.8130,2.8940,488.39,move_early
122.530081,14.6720,1.2580,2.8910,489.06,move_early
122.542535,12.4540,1.1410,6.4110,489.73,move_early
122.559170,16.6350,0.9800,4.4220,490.31,move_early
122.577523,18.3530,1.0470,6.9430,490.98,move_early
122.589352,11.8290,1.2550,4.4250,491.64,move_early
122.600980,11.6280,1.2060,5.6860,492.19,move_early
122.612638,11.6580,1.1130,5.6920,492.68,move_early
122.630162,17.5240,1.1230,5.9680,493.12,move_early
122.640277,10.1150,1.1040,4.4280,493.79,move_early
122.650015,9.7380,1.0020,4.3770,494.22,move_early
122.660005,9.9900,1.0800,6.9990,494.61,move_early
122.719317,59.3120,1.0020,4.4570,495.02,move_early
122.737941,18.6240,1.1330,4.4060,497.06,move_early
122.744379,6.4380,1.9370,4.1490,497.84,move_early
122.749563,5.1840,1.3610,4.1640,498.39,move_early
122.756514,6.9510,1.2550,5.4380,498.68,move_early
122.762737,6.2230,1.1800,6.2460,498.93,move_early
122.775297,12.5600,1.1380,6.2230,499.18,move_early
122.787854,12.5570,1.0480,4.1900,499.52,move_early
122.795790,7.9360,1.1890,5.5900,499.85,move_early
122.800392,4.6020,1.0500,4.6130,500.18,move_early
122.814244,13.8520,1.0850,4.1640,500.52,move_early
122.823805,9.5610,1.0000,4.6150,500.85,move_early
122.830277,6.4720,1.2440,4.1900,501.18,move_early
122.834006,3.7290,1.3010,4.2350,501.52,move_early
122.839542,5.5360,0.9590,4.1730,501.85,move_early
122.843564,4.0220,0.9330,4.4880,502.15,move_early
122.848950,5.3860,1.0190,4.1720,502.39,move_early
122.869967,21.0170,0.9920,5.1350,502.64,move_early
122.882672,12.7050,0.9730,6.2070,502.98,move_early
122.891309,8.6370,1.7920,4.1880,503.31,move_early
122.902598,11.2890,0.9900,4.8670,503.64,move_early
122.918460,15.8620,0.9490,4.8130,504.04,move_early
122.928617,10.1570,1.0040,4.1730,504.71,move_early
122.937703,9.0860,1.3080,3.4260,505.16,move_early
122.942678,4.9750,1.0120,2.9610,505.60,move_early
122.946787,4.1090,1.0090,2.9200,506.04,move_early
122.950512,3.7250,1.0310,2.9400,506.48,move_early
122.954021,3.5090,1.0290,3.3520,506.62,move_early
122.959312,5.2910,0.9280,3.7260,506.80,move_early
122.964266,4.9540,0.9600,4.2000,506.97,move_early
122.968243,3.9770,0.9740,4.1420,507.14,move_early
122.972760,4.5170,0.9480,2.9090,507.33,move_early
122.976314,3.5540,0.9910,3.2620,507.51,move_early
122.979996,3.6820,0.9130,2.9030,507.65,move_early
122.983523,3.5270,0.9380,2.9390,507.80,move_early
122.987200,3.6770,0.9110,2.9020,507.94,move_early
122.990714,3.5140,0.9370,2.8980,508.09,move_early
122.994164,3.4500,0.9030,2.8980,508.23,move_early
122.997994,3.8300,0.9640,3.2580,508.37,move_early
123.002018,4.0240,0.9700,2.9030,508.52,move_early
123.005553,3.5350,1.0270,2.9510,508.67,move_early
123.009749,4.1960,0.9240,2.9070,508.82,move_early
123.013283,3.5340,0.9530,2.9490,508.96,move_early
123.016978,3.6950,0.9220,3.1620,509.11,move_early
123.020523,3.5450,1.0380,2.8830,509.26,move_early
123.024002,3.4790,0.9430,3.4590,509.41,move_early
123.033505,9.5030,0.9250,2.9080,509.56,move_early
123.037612,4.1070,0.9410,3.4180,509.70,move_early
123.093234,55.6220,0.9380,2.9280,509.85,move_early
123.105563,12.3290,1.0220,3.1860,511.73,move_early
123.123548,17.9850,1.2030,2.9600,512.39,move_early
123.135344,11.7960,1.1130,4.0070,513.06,move_early
123.185315,49.9710,1.0790,2.9360,513.73,move_early
123.199474,14.1590,1.0680,2.9270,515.72,move_early
123.263066,63.5920,1.2390,2.9100,516.39,move_early
123.289614,26.5480,1.0490,2.9230,518.83,move_early
123.309579,19.9650,1.3370,2.9110,520.22,move_early
123.384568,74.9890,1.2020,2.9390,520.99,move_early
123.401957,17.3890,1.0780,2.9140,523.73,move_early
123.420095,18.1380,1.7290,2.9500,524.39,move_early
123.434033,13.9380,1.0740,3.9930,525.42,move_early
123.454558,20.5250,1.0750,2.9260,525.73,move_early
123.468288,13.7300,0.9650,2.9130,526.56,move_early
123.478934,10.6460,1.0740,2.9540,527.35,move_early
123.484542,5.6080,1.1620,2.9170,527.77,move_early
123.489359,4.8170,0.9940,2.9220,527.99,move_early
123.500802,11.4430,0.9890,3.2320,528.18,move_early
123.504935,4.1330,1.0320,2.9170,528.51,move_early
123.508627,3.6920,1.0110,3.3120,528.80,move_early
123.512635,4.0080,0.9560,2.9210,528.95,move_early
123.516483,3.8480,1.0020,2.9060,529.11,move_early
123.520521,4.0380,0.9550,3.2480,529.27,move_early
123.524222,3.7010,0.9940,2.9290,529.42,move_early
123.527941,3.7190,0.9610,2.9060,529.57,move_early
123.531796,3.8550,0.9860,2.9200,529.73,move_early
123.535474,3.6780,1.1870,2.9080,529.87,move_early
123.545454,9.9800,0.9420,3.4360,530.02,move_early
123.549456,4.0020,0.9220,2.9220,530.19,move_early
123.597331,47.8750,0.9440,4.1470,530.35,move_early
123.602210,4.8790,0.9470,2.9350,532.18,move_early
123.605929,3.7190,1.1000,2.9350,532.39,move_early
123.611280,5.3510,0.9930,4.5050,532.91,move_early
123.615608,4.3280,0.9770,4.1420,533.08,move_early
123.619286,3.6780,0.9800,2.8960,533.23,move_early
123.622768,3.4820,0.9760,3.2910,533.37,move_early
123.626375,3.6070,0.9210,2.9270,533.51,move_early
123.629770,3.3950,0.9930,3.4840,533.65,move_early
123.639913,10.1430,0.9150,2.8890,533.78,move_early
123.698532,58.6190,0.9400,3.5160,533.91,move_early
123.721776,23.2440,1.0290,2.9280,536.26,move_early
123.737176,15.4000,1.3830,4.6570,537.18,move_early
123.750102,12.9260,1.3510,2.9240,537.78,move_early
123.767555,17.4530,1.1570,2.8980,538.62,move_early
123.781092,13.5370,1.1000,2.9310,539.33,move_early
123.794058,12.9660,1.1520,2.9120,539.87,move_early
123.806196,12.1380,1.0690,2.9470,540.37,move_early
123.816579,10.3830,1.0380,2.9200,540.85,move_early
123.826314,9.7350,0.9900,2.9430,541.27,move_early
123.836525,10.2110,0.9670,3.4390,541.67,move_early
123.896520,59.9950,1.0890,2.9160,542.09,move_early
123.922905,26.3850,1.0830,4.0610,544.21,move_early
123.935117,12.2120,1.5990,2.9140,545.22,move_early
123.950009,14.8920,1.2570,3.9440,546.05,move_early
124.012520,62.5110,1.2810,4.0710,546.62,move_early
124.033170,20.6500,1.0710,4.5120,548.88,move_early
124.046002,12.8320,2.0170,2.9170,549.73,move_early
124.062109,16.1070,1.6380,3.2060,550.47,move_early
124.081179,19.0700,1.2240,4.1830,551.10,move_early
124.094179,13.0000,1.2090,2.9630,551.91,move_early
124.103200,9.0210,1.5240,3.3080,552.38,move_early
124.107327,4.1270,1.0560,2.9570,552.74,move_early
124.111461,4.1340,1.0580,2.9420,552.90,move_early
124.128350,16.8890,0.9550,2.9090,553.07,move_early
124.138340,9.9900,1.0190,2.9150,553.73,move_early
124.148332,9.9920,1.1840,2.9420,554.14,move_early
124.208535,60.2030,0.9640,4.3590,554.54,move_early
124.250869,42.3340,1.0820,2.9310,556.35,move_early
124.258642,7.7730,1.4930,4.0060,558.35,move_early
124.262603,3.9610,1.3570,2.9240,558.62,move_early
124.266259,3.6560,0.9760,2.9400,559.06,move_early
124.269840,3.5810,0.9480,3.4260,559.08,move_early
124.273838,3.9980,0.9380,2.9090,559.40,move_early
124.277658,3.8200,0.9420,3.3360,559.55,move_early
124.281772,4.1140,0.9180,2.8870,559.69,move_early
124.291445,9.6730,1.3120,2.9310,559.82,move_early
124.297810,6.3650,0.9850,2.9080,559.95,move_early
124.308525,10.7150,1.1610,2.9090,560.12,move_early
124.318318,9.7930,1.0520,3.2610,560.29,move_early
124.369918,51.6000,1.0220,2.8980,560.68,move_early
124.385337,15.4190,0.9980,3.4000,563.06,move_early
124.401908,16.5710,1.4510,2.9110,563.73,move_early
124.443333,41.4250,1.1080,2.9350,564.62,move_early
124.460827,17.4940,1.0720,2.9420,565.73,move_early
124.476886,16.0590,1.2980,4.0160,566.72,move_early
124.487549,10.6630,1.1210,3.9600,567.61,move_early
124.499770,12.2210,0.9220,2.9180,568.11,move_early
124.511565,11.7950,0.9700,2.9010,568.60,move_early
124.523190,11.6250,0.9600,2.9630,569.06,move_early
124.542204,19.0140,0.9280,2.8950,569.54,move_early
124.559771,17.5670,1.0170,2.9030,570.20,move_early
124.571610,11.8390,1.1340,3.6910,570.87,move_early
124.582872,11.2620,1.2120,2.9080,571.47,move_early
124.592151,9.2790,1.0080,2.9130,571.92,move_early
124.597934,5.7830,1.0800,4.1600,572.30,move_early
124.602173,4.2390,1.0380,3.9750,572.53,move_early
124.606264,4.0910,1.0510,3.5520,572.70,move_early
124.609704,3.4400,0.9580,3.1860,572.85,move_early
124.613252,3.5480,0.9420,2.8990,572.99,move_early
124.616876,3.6240,0.9610,3.2840,573.13,move_early
124.658424,41.5480,0.9560,2.9200,573.27,move_early
124.669279,10.8550,0.9450,3.2350,574.30,move_early
124.673963,4.6840,1.3210,2.8950,574.72,move_early
124.677804,3.8410,1.0540,2.9300,575.05,move_early
124.681383,3.5790,1.0500,2.9340,575.38,move_early
124.686535,5.1520,1.0020,2.9010,575.72,move_early
124.690127,3.5920,2.5690,2.8830,576.05,move_early
124.701889,11.7620,0.9740,3.2430,576.21,move_early
124.706055,4.1660,1.0150,2.9300,576.54,move_early
124.709914,3.8590,1.0610,2.9410,576.85,move_early
124.720295,10.3810,0.9650,2.9040,577.00,move_early
124.725743,5.4480,0.9590,2.9200,577.33,move_early
124.780867,55.1240,1.2380,3.4320,577.63,move_early
124.795702,14.8350,1.1080,2.9070,579.61,move_early
124.803737,8.0350,1.7620,2.9360,580.39,move_early
124.809240,5.5030,1.1980,2.9070,580.44,move_early
124.816996,7.7560,1.1130,2.9470,580.64,move_early
124.822130,5.1340,0.9940,2.9260,580.96,move_early
124.832259,10.1290,1.0580,2.8930,581.16,move_early
124.836975,4.7160,1.0080,2.9100,581.38,move_early
124.861036,24.0610,1.0380,2.9190,581.60,move_early
124.872713,11.6770,0.9990,2.9050,582.75,move_early
124.883697,10.9840,1.3600,2.9260,583.18,move_early
124.890596,6.8990,1.0030,2.9190,583.85,move_early
124.907699,17.1030,1.0300,2.9040,584.23,move_early
124.922393,14.6940,0.9740,2.9000,584.76,move_early
124.933185,10.7920,1.2020,2.8990,585.32,move_early
124.948419,15.2340,1.1060,2.9210,585.89,move_early
124.966092,17.6730,1.1690,2.8980,586.47,move_early
124.976065,9.9730,1.0990,2.8990,587.07,move_early
124.985593,9.5280,1.0740,2.9030,587.62,move_early
124.989486,3.8930,0.9950,2.8970,588.03,move_early
124.994275,4.7890,1.0260,3.9820,588.20,move_early
124.999109,4.8340,1.0350,2.9140,588.38,move_early
125.003473,4.3640,1.0810,3.4190,588.59,move_early
125.007518,4.0450,0.9540,3.3150,588.74,move_early
125.011390,3.8720,0.9640,2.9220,588.91,move_early
125.015589,4.1990,1.0330,3.4210,589.07,move_early
125.019382,3.7930,1.1810,2.9090,589.22,move_early
125.023113,3.7310,0.9420,2.9080,589.38,move_early
125.026868,3.7550,0.9280,2.9000,589.53,move_early
125.037280,10.4120,0.9380,2.9180,589.69,move_early
125.041951,4.6710,0.9480,2.9470,589.86,move_early
125.090473,48.5220,0.9520,3.8080,590.02,move_early
125.110742,20.2690,0.9980,4.1620,591.73,move_early
125.130020,19.2780,1.6350,2.8980,592.73,move_early
125.146188,16.1680,1.1860,2.9270,593.48,move_early
125.162413,16.2250,1.0850,2.9090,594.46,move_early
125.175189,12.7760,1.1150,4.5550,595.11,move_early
125.233907,58.7180,1.0980,2.9000,595.61,move_early
125.250402,16.4950,0.9910,3.2440,597.69,move_early
125.266521,16.1190,1.4210,2.9480,598.39,move_early
125.278229,11.7080,1.1880,2.9580,599.06,move_early
125.344083,65.8540,1.4670,4.0140,599.75,move_early
125.420965,76.8820,1.1060,3.4560,602.13,move_early
125.436110,15.1450,1.8810,2.9160,605.06,move_early
125.448488,12.3780,1.5540,2.9440,605.74,move_early
125.461724,13.2360,1.0710,2.9440,606.39,move_early
125.472798,11.0740,1.0020,2.9020,607.06,move_early
125.482894,10.0960,0.9930,2.9090,607.53,move_early
125.494156,11.2620,1.0180,4.1820,607.92,move_early
125.511857,17.7010,0.9370,2.9090,608.32,move_early
125.523178,11.3210,0.9540,4.1470,608.76,move_early
125.534434,11.2560,1.5660,2.8880,609.21,move_early
125.589014,54.5800,0.9610,3.7380,609.65,move_early
125.611124,22.1100,1.1690,5.2400,611.73,move_early
125.637355,26.2310,1.7010,4.1830,612.76,move_early
125.649678,12.3230,1.4520,4.1720,613.81,move_early
125.660427,10.7490,1.3680,2.9410,614.61,move_early
125.669450,9.0230,1.0990,3.4570,614.70,move_early
125.697628,28.1780,1.0570,4.0690,615.37,move_early
125.710101,12.4730,1.1260,3.4200,616.03,move_early
125.722318,12.2170,1.3000,2.8990,616.70,move_early
125.743971,21.6530,1.0990,4.7850,617.37,move_early
125.756344,12.3730,1.1760,4.1970,618.03,move_early
125.768416,12.0720,1.3130,4.1810,618.70,move_early
125.778574,10.1580,1.1670,2.9200,619.35,move_early
125.786323,7.7490,1.0850,3.2410,619.76,move_early
125.790846,4.5230,1.0490,4.1700,620.06,move_early
125.794868,4.0220,1.0090,4.7810,620.26,move_early
125.807772,12.9040,0.9440,2.9050,620.42,move_early
125.818862,11.0900,1.2510,4.5760,620.75,move_early
125.829444,10.5820,1.1750,3.5020,621.08,move_early
125.848650,19.2060,0.8960,2.9040,621.42,move_early
125.858598,9.9480,0.9220,3.5390,621.90,move_early
125.864268,5.6700,1.1010,4.7550,622.28,move_early
125.867944,3.6760,0.9860,2.9260,622.62,move_early
125.872822,4.8780,0.9630,4.0670,622.95,move_early
125.876901,4.0790,0.9190,4.1300,623.28,move_early
125.880435,3.5340,0.9230,2.9190,623.59,move_early
125.885350,4.9150,0.9380,4.7570,623.73,move_early
125.895220,9.8700,1.1130,2.9240,624.01,move_early
125.906852,11.6320,0.8740,3.5030,624.32,move_early
125.955337,48.4850,0.9040,2.9100,624.62,move_early
125.969377,14.0400,0.9170,3.2610,626.21,move_early
125.983542,14.1650,1.5880,2.8900,626.88,move_early
125.990066,6.5240,1.4130,2.9080,627.54,move_early
125.996702,6.6360,1.2670,2.9130,628.21,move_early
126.001346,4.6440,0.9640,2.9060,628.47,move_early
126.005075,3.7290,0.9490,3.5450,628.65,move_early
126.010258,5.1830,0.9200,4.1420,628.82,move_early
126.014428,4.1700,0.9140,2.8900,628.99,move_early
126.020094,5.6660,1.0080,3.4910,629.15,move_early
126.024339,4.2450,0.9270,4.1440,629.38,move_early
126.028195,3.8560,1.0650,2.8970,629.57,move_early
126.033089,4.8940,1.0120,3.5580,629.74,move_early
126.038102,5.0130,0.9500,2.9000,629.92,move_early
126.042034,3.9320,0.9100,2.9080,630.12,move_early
126.046160,4.1260,0.9120,3.5560,630.29,move_early
126.050317,4.1570,0.9230,2.9220,630.45,move_early
126.054113,3.7960,0.9410,3.5040,630.62,move_early
126.070396,16.2830,0.8850,4.1560,630.79,move_early
126.098537,28.1410,1.0130,2.8930,631.06,move_early
126.119952,21.4150,1.3980,4.8110,631.97,move_early
126.138052,18.1000,1.6900,3.4800,632.75,move_early
126.150253,12.2010,1.0200,5.8150,633.49,move_early
126.161799,11.5460,1.0640,2.9160,634.05,move_early
126.180293,18.4940,1.0640,2.9220,634.62,move_early
126.198947,18.6540,1.0060,5.1130,635.20,move_early
126.219531,20.5840,1.2820,2.9260,635.95,move_early
126.236255,16.7240,1.6790,2.9090,636.73,move_early
126.244953,8.6980,1.0770,2.8950,637.40,move_early
126.256419,11.4660,0.9830,2.9400,638.02,move_early
126.261157,4.7380,0.9270,4.7660,638.39,move_early
126.311602,50.4450,1.0030,2.8980,639.00,move_early
126.338274,26.6720,1.2840,2.8990,640.81,move_early
126.353306,15.0320,1.6030,2.9290,641.89,move_early
126.367134,13.8280,1.8540,2.8880,642.75,move_early
126.380955,13.8210,1.0080,2.8870,643.30,move_early
126.394915,13.9600,1.0520,3.9170,643.85,move_early
126.460762,65.8470,1.0330,2.8910,644.42,move_early
126.510529,49.7670,1.0760,2.8910,646.78,move_early
126.525478,14.9490,1.6210,3.9410,648.76,move_early
126.538168,12.6900,1.4970,2.9050,649.64,move_early
126.550422,12.2540,1.0060,2.9180,649.81,move_early
126.562209,11.7870,1.0240,4.7640,650.39,move_early
126.583361,21.1520,0.9540,4.1740,651.06,move_early
126.595466,12.1050,0.9330,2.9110,651.73,move_early
126.612732,17.2660,1.1520,2.9160,652.39,move_early
126.629197,16.4650,0.9340,2.9070,653.06,move_early
126.645417,16.2200,0.8970,3.3800,653.73,move_early
126.666280,20.8630,0.9710,2.8990,654.39,move_early
126.681882,15.6020,1.3700,3.9740,655.06,move_early
126.739163,57.2810,1.1890,2.9060,655.73,move_early
126.761579,22.4160,1.0780,2.8850,657.60,move_early
126.777369,15.7900,1.7800,2.9040,658.60,move_early
126.830305,52.9360,1.3050,2.9010,659.60,move_early
126.848663,18.3580,1.0920,2.8860,661.24,move_early
126.866196,17.5330,1.6320,3.6560,662.57,move_early
126.879014,12.8180,1.1050,2.9430,663.26,move_early
126.904266,25.2520,1.0460,2.8980,663.73,move_early
126.923545,19.2790,0.9220,2.8960,664.56,move_early
126.934846,11.3010,1.4070,2.9170,665.36,move_early
127.011420,76.5740,1.2110,3.9240,666.04,move_early
127.025163,13.7430,1.2340,2.8970,668.81,move_early
127.036042,10.8790,1.6250,2.9030,669.30,move_early
127.048194,12.1520,1.0080,2.9070,669.73,move_early
127.109086,60.8920,0.9680,2.9220,670.39,move_early
127.126682,17.5960,0.9330,2.8960,672.32,move_early
127.137574,10.8920,1.1750,2.9020,673.06,move_early
127.148473,10.8990,1.2600,2.8940,673.73,move_early
127.196634,48.1610,0.9010,2.9000,674.39,move_early
127.209447,12.8130,0.9550,2.9210,676.18,move_early
127.222911,13.4640,1.4060,2.8920,677.02,move_early
127.233857,10.9460,1.2380,3.9320,677.53,move_early
127.244841,10.9840,1.0190,2.8900,677.96,move_early
127.250209,5.3680,0.9770,2.8780,678.42,move_early
127.254897,4.6880,1.1020,2.9160,678.62,move_early
127.260451,5.5540,0.9790,2.9190,678.82,move_early
127.271837,11.3860,1.3260,4.2850,678.99,move_early
127.329303,57.4660,1.0330,4.1460,679.16,move_early
127.347280,17.9770,0.9280,2.9000,681.48,move_early
127.361018,13.7380,1.3520,2.9080,682.39,move_early
127.374231,13.2130,1.1330,2.8960,683.06,move_early
127.394273,20.0420,1.0960,2.8970,683.26,move_early
127.441438,47.1650,1.1900,2.9050,683.93,move_early
127.455352,13.9140,1.0600,2.9130,685.66,move_early
127.476326,20.9740,1.3150,2.8890,686.39,move_early
127.496416,20.0900,1.4750,3.7080,687.39,move_early
127.520910,24.4940,1.4730,3.9390,688.28,move_early
127.538189,17.2790,1.1490,3.3500,689.06,move_early
127.591025,52.8360,1.5460,2.8860,689.95,move_early
127.609777,18.7520,1.0800,2.9380,691.61,move_early
127.622102,12.3250,1.2330,2.8950,692.39,move_early
127.633853,11.7510,1.1140,2.9150,693.39,move_early
127.656596,22.7430,0.9500,2.9220,693.95,move_early
127.667002,10.4060,0.8630,2.9140,694.87,move_early
127.729264,62.2620,1.0050,4.1890,695.28,move_early
127.742970,13.7060,0.9010,2.9280,697.47,move_early
127.755982,13.0120,1.1940,2.9100,698.34,move_early
127.768676,12.6940,1.0350,3.9560,698.86,move_early
127.779773,11.0970,1.0050,2.9180,699.37,move_early
127.790216,10.4430,1.1900,2.9270,699.80,move_early
127.807009,16.7930,1.1480,2.9440,700.25,move_early
127.818067,11.0580,1.0480,3.4410,700.80,move_early
127.832902,14.8350,1.0680,2.9140,701.34,move_early
127.846205,13.3030,1.0180,2.9180,701.92,move_early
127.904133,57.9280,1.0210,2.9170,702.45,move_early
127.918621,14.4880,1.0130,2.9180,704.19,move_early
127.940931,22.3100,1.6570,2.9100,704.86,move_early
127.995469,54.5380,1.1860,2.9090,705.65,move_early
128.010980,15.5110,1.6260,2.9070,708.19,move_early
128.022937,11.9570,1.7690,2.9540,709.06,move_early
128.034589,11.6520,1.1520,2.9290,709.22,move_early
128.079554,44.9650,1.2300,5.1180,709.67,move_early
128.096358,16.8040,1.0780,2.9310,711.52,move_early
128.121873,25.5150,1.4960,2.9360,712.39,move_early
128.134979,13.1060,1.1360,2.9000,713.18,move_early
128.151081,16.1020,1.2920,5.1890,714.01,move_early
128.180814,29.7330,0.9980,5.1840,714.68,move_early
128.202206,21.3920,1.2070,7.4350,715.73,move_early
128.217793,15.5870,1.7250,4.4640,716.62,move_early
128.231807,14.0140,1.2220,4.4830,717.33,move_early
128.245071,13.2640,1.0240,5.1620,717.87,move_early
128.262667,17.5960,0.9110,4.5100,718.44,move_early
128.282583,19.9160,0.9960,7.0640,719.15,move_early
128.288156,5.5730,1.1720,5.2750,719.91,move_early
128.293750,5.5940,0.9180,4.5290,720.13,move_early
128.308028,14.2780,0.9660,6.8550,720.41,move_early
128.312067,4.0390,0.9310,5.1750,720.85,move_early
128.316397,4.3300,0.8990,4.4840,721.11,move_early
128.321149,4.7520,1.2040,4.7910,721.30,move_early
128.326544,5.3950,0.8500,5.2770,721.52,move_early
128.337617,11.0730,0.8580,4.4670,721.70,move_early
128.341198,3.5810,0.8550,4.9420,721.92,move_early
128.352115,10.9170,0.8710,4.4670,722.15,move_early
128.355754,3.6390,0.8640,4.8170,722.37,move_early
128.362925,7.1710,0.9030,6.8040,722.59,move_early
128.370647,7.7220,0.8420,5.7470,722.81,move_early
128.375936,5.2890,0.8250,5.1440,723.03,move_early
128.380494,4.5580,0.8670,4.4880,723.26,move_early
128.385484,4.9900,0.8940,4.7830,723.48,move_early
128.390266,4.7820,0.8350,4.8100,723.70,move_early
128.394803,4.5370,0.8750,4.4890,723.92,move_early
128.416026,21.2230,0.8640,5.1820,724.13,move_early
128.426818,10.7920,0.8530,5.1460,724.58,move_early
128.432494,5.6760,0.9600,5.1820,725.01,move_early
128.436069,3.5750,0.9110,4.4830,725.28,move_early
128.441522,5.4530,0.9220,5.1690,725.54,move_early
128.446168,4.6460,0.8510,4.7730,725.73,move_early
128.465348,19.1800,0.8880,4.4900,725.99,move_early
128.476156,10.8080,0.9660,7.0420,726.59,move_early
128.523896,47.7400,1.3220,4.4690,726.98,move_early
128.543009,19.1130,0.9280,4.4750,729.06,move_early
128.562409,19.4000,1.1830,2.9590,730.04,move_early
128.573137,10.7280,1.2930,4.0150,731.06,move_early
128.584330,11.1930,1.2190,2.9000,731.21,move_early
128.599947,15.6170,1.0220,3.9720,731.65,move_early
128.616179,16.2320,0.9870,2.9070,732.27,move_early
128.626154,9.9750,0.8990,2.9150,732.71,move_early
128.639787,13.6330,0.9150,2.8940,733.06,move_early
128.651222,11.4350,0.9290,2.9170,733.55,move_early
128.661963,10.7410,0.9940,2.9050,733.99,move_early
128.709392,47.4290,0.9350,3.7280,734.47,move_early
128.737049,27.6570,0.8930,2.9190,736.33,move_early
128.747372,10.3230,1.1460,2.8990,737.42,move_early
128.755388,8.0160,0.9970,2.9020,738.39,move_early
128.762993,7.6050,0.9880,3.7390,738.89,move_early
128.769776,6.7830,0.9380,2.9150,739.19,move_early
128.775613,5.8370,1.4510,2.9130,739.42,move_early
128.780369,4.7560,1.1000,2.9000,739.63,move_early
128.784153,3.7840,0.9620,3.2470,739.81,move_early
128.788264,4.1110,0.9030,3.2900,739.97,move_early
128.791810,3.5460,0.9250,2.9020,740.13,move_early
128.795303,3.4930,0.8930,3.4000,740.27,move_early
128.798711,3.4080,0.8490,2.8990,740.41,move_early
128.802109,3.3980,0.8440,3.2470,740.54,move_early
128.805555,3.4460,0.8430,2.8940,740.68,move_early
128.810223,4.6680,0.9230,3.2510,740.82,move_early
128.813800,3.5770,0.8980,2.9030,740.99,move_early
128.817425,3.6250,0.8660,3.1650,741.15,move_early
128.820839,3.4140,0.8440,2.8950,741.29,move_early
128.824360,3.5210,0.8710,2.9380,741.43,move_early
128.828319,3.9590,0.8540,3.9600,741.58,move_early
128.831926,3.6070,1.0000,2.9390,741.73,move_early
128.837234,5.3080,0.8930,2.8900,741.87,move_early
128.840881,3.6470,0.8490,2.9190,742.02,move_early
128.853564,12.6830,0.8480,3.2310,742.17,move_early
128.866349,12.7850,0.9010,2.9160,742.39,move_early
128.875916,9.5670,0.8910,2.9660,742.59,move_early
128.881453,5.5370,0.9210,3.4060,742.97,move_early
128.885018,3.5650,0.9560,2.9020,743.19,move_early
128.888339,3.3210,0.8940,2.9120,743.37,move_early
128.900413,12.0740,0.8490,2.8830,743.56,move_early
128.927445,27.0320,0.8810,2.9330,743.95,move_early
128.939393,11.9480,0.9000,2.9190,745.44,move_early
128.947955,8.5620,1.3680,3.9910,746.11,move_early
128.964610,16.6550,0.9680,2.9060,746.53,move_early
128.974225,9.6150,0.8950,3.2750,747.20,move_early
129.042302,68.0770,1.0140,2.9360,747.58,move_early
129.058283,15.9810,0.9980,2.9170,749.73,move_early
129.075037,16.7540,1.4710,2.9140,750.63,move_early
129.086051,11.0140,1.1140,2.9230,751.29,move_early
129.098156,12.1050,1.1240,2.9260,752.06,move_early
129.116498,18.3420,1.0700,2.9090,752.54,move_early
129.130221,13.7230,1.0610,2.9050,753.31,move_early
129.184821,54.6000,1.4230,4.0420,753.87,move_early
129.203195,18.3740,2.1450,3.7320,755.39,move_early
129.218190,14.9950,1.5700,2.8940,756.19,move_early
129.233644,15.4540,1.3070,3.4360,756.99,move_early
129.246958,13.3140,1.1380,2.9270,757.73,move_early
129.258391,11.4330,0.9710,2.9510,758.39,move_early
129.323039,64.6480,1.0980,2.9430,758.98,move_early
129.341261,18.2220,1.5780,3.4720,761.06,move_early
129.355540,14.2790,1.4480,3.5750,761.98,move_early
129.368877,13.3370,1.3120,2.9100,762.52,move_early
129.391139,22.2620,1.1750,2.9160,763.38,move_early
129.408311,17.1720,1.1310,2.9260,764.21,move_early
129.419529,11.2180,1.2880,4.4880,764.97,move_early
129.431876,12.3470,1.2310,2.9550,765.40,move_early
129.443058,11.1820,1.0320,3.4420,765.89,move_early
129.453497,10.4390,1.0050,2.9080,766.34,move_early
129.463909,10.4120,1.0480,2.9550,766.75,move_early
129.526582,62.6730,0.9860,2.9130,767.16,move_early
129.550917,24.3350,1.0580,3.1300,769.43,move_early
129.563171,12.2540,1.7660,2.8980,770.39,move_early
129.615012,51.8410,1.5610,2.9050,771.14,move_early
129.631804,16.7920,1.0610,3.3540,772.64,move_early
129.644924,13.1200,1.8640,2.9150,773.84,move_early
129.661355,16.4310,1.2960,2.9140,774.43,move_early
129.674092,12.7370,1.1580,2.9300,775.10,move_early
129.685690,11.5980,1.2950,3.9820,775.59,move_early
129.747002,61.3120,1.0870,3.6170,776.03,move_early
129.764516,17.5140,0.9720,2.9170,778.21,move_early
129.776102,11.5860,1.4470,4.9620,779.06,move_early
129.786709,10.6070,1.4170,2.9170,779.32,move_early
129.798295,11.5860,0.9890,3.4640,779.74,move_early
129.819543,21.2480,0.8930,2.9000,780.21,move_early
129.831078,11.5350,0.9730,2.9400,780.76,move_early
129.841850,10.7720,1.2720,2.9210,781.20,move_early
129.859785,17.9350,1.0100,2.9550,781.65,move_early
129.870154,10.3690,0.9870,2.9180,782.34,move_early
129.880818,10.6640,1.0100,4.1900,782.78,move_early
129.884616,3.7980,1.3100,2.9030,783.26,move_early
129.888728,4.1120,0.9620,2.9430,783.71,move_early
129.893339,4.6110,0.8640,2.9230,784.15,move_early
129.911714,18.3750,0.9200,3.3130,784.33,move_early
129.921936,10.2220,0.9290,2.8940,784.78,move_early
129.936255,14.3190,0.9090,2.9310,785.22,move_early
129.985189,48.9340,1.1670,3.4380,785.67,move_early
129.993297,8.1080,0.8990,2.9210,787.69,move_early
130.012756,19.4590,1.1960,3.8880,788.00,move_early
130.028548,15.7920,0.9710,3.2820,789.06,move_early
130.035074,6.5260,1.0080,2.9340,789.74,move_early
130.046288,11.2140,0.8990,2.9380,790.00,move_early
130.063927,17.6390,0.9140,2.9020,790.45,move_early
130.074171,10.2440,0.8630,2.9150,791.11,move_early
130.084610,10.4390,0.9240,2.9220,791.56,move_early
130.095236,10.6260,0.9000,2.9170,791.99,move_early
130.115402,20.1660,0.9210,2.9240,792.42,move_early
130.126454,11.0520,0.9890,2.9170,793.06,move_early
130.145373,18.9190,1.2490,3.9820,793.54,move_early
130.158972,13.5990,0.9760,2.9130,794.04,move_early
130.173647,14.6750,0.9640,4.9980,794.54,move_early
130.183665,10.0180,0.9340,4.1910,795.06,move_early
130.189147,5.4820,1.2040,2.9350,795.56,move_early
130.194086,4.9390,0.8930,2.9300,796.05,move_early
130.198185,4.0990,0.9110,2.9190,796.37,move_early
130.202174,3.9890,1.0830,3.4040,796.53,move_early
130.205741,3.5670,0.9750,3.9820,796.69,move_early
130.209219,3.4780,0.9080,2.9430,796.83,move_early
130.212531,3.3120,0.8210,2.9230,796.96,move_early
130.215943,3.4120,0.8490,2.9420,797.10,move_early
130.219749,3.8060,0.8970,2.9090,797.24,move_early
130.223041,3.2920,1.1010,2.9600,797.38,move_early
130.226287,3.2460,0.8290,2.9020,797.51,move_early
130.229867,3.5800,0.8430,3.2620,797.66,move_early
130.233469,3.6020,0.8440,2.9050,797.80,move_early
130.236851,3.3820,0.8530,3.2690,797.94,move_early
130.240074,3.2230,0.9250,2.9060,798.07,move_early
130.250391,10.3170,0.8340,2.9470,798.20,move_early
130.254417,4.0260,0.8790,2.9020,798.39,move_early
130.259224,4.8070,0.9510,4.5590,798.54,move_early
130.262996,3.7720,0.9130,2.8980,798.69,move_early
130.273004,10.0080,0.8730,3.9320,798.84,move_early
130.277847,4.8430,0.8380,4.1380,799.06,move_early
130.325233,47.3860,0.8270,2.9130,799.23,move_early
130.345537,20.3040,0.8880,3.2110,801.06,move_early
130.359114,13.5770,1.4130,2.9280,801.82,move_early
130.373348,14.2340,1.3200,4.1600,802.48,move_early
130.384540,11.1920,1.0540,2.9160,803.15,move_early
130.395047,10.5070,1.0450,2.9140,803.82,move_early
130.409009,13.9620,1.0130,2.9090,804.42,move_early
130.473419,64.4100,1.0470,2.9480,804.97,move_early
130.527243,53.8240,0.9670,4.1570,807.06,move_early
130.544578,17.3350,1.7390,2.9320,809.44,move_early
130.560985,16.4070,1.6050,3.5250,810.39,move_early
130.577681,16.6960,1.0950,3.9640,811.06,move_early
130.601237,23.5560,1.1750,2.9710,811.38,move_early
130.624552,23.3150,0.9380,3.5160,812.05,move_early
130.639247,14.6950,1.2510,2.9100,812.93,move_early
130.652683,13.4360,0.9900,4.1910,813.60,move_early
130.673120,20.4370,1.0680,3.5130,814.27,move_early
130.688050,14.9300,0.9770,4.2000,814.93,move_early
130.700530,12.4800,0.9330,4.1740,815.60,move_early
130.724549,24.0190,0.9460,4.7910,816.27,move_early
130.781687,57.1380,0.9940,2.9490,817.00,move_early
130.801684,19.9970,1.6730,2.9130,819.63,move_early
130.824583,22.8990,1.5460,2.9340,820.42,move_early
130.846200,21.6170,1.8710,3.9760,821.65,move_early
130.871129,24.9290,1.4280,2.9260,822.49,move_early
130.882147,11.0180,1.1980,4.1760,823.48,move_early
130.951224,69.0770,1.1840,2.9210,823.89,move_early
130.969816,18.5920,0.9570,4.7850,826.39,move_early
130.983329,13.5130,1.6240,4.8040,827.09,move_early
131.055394,72.0650,1.1050,2.9170,827.94,move_early
131.067266,11.8720,0.8910,2.9070,830.22,move_early
131.081666,14.4000,1.5590,4.1810,831.30,move_early
131.091525,9.8590,1.0030,3.8850,831.86,move_early
131.101382,9.8570,0.8610,2.9190,831.92,move_early
131.120098,18.7160,0.8710,4.1750,832.59,move_early
131.136660,16.5620,0.9930,2.9150,833.26,move_early
131.204052,67.3920,1.1690,3.5650,833.92,move_early
131.267924,63.8720,0.9820,2.8990,836.39,move_early
131.282508,14.5840,2.1170,2.9140,839.06,move_early
131.295134,12.6260,1.5440,2.9250,839.73,move_early
131.308040,12.9060,1.0620,2.9180,840.39,move_early
131.325935,17.8950,0.8670,2.9300,840.59,move_early
131.336726,10.7910,0.9340,4.6020,841.26,move_early
131.348960,12.2340,0.9080,2.9110,841.93,move_early
131.361351,12.3910,0.8830,4.4290,842.56,move_early
131.373162,11.8110,0.8850,4.7820,843.08,move_early
131.391050,17.8880,1.0010,2.9400,843.54,move_early
131.407313,16.2630,1.0060,2.9080,844.08,move_early
131.417945,10.6320,0.9150,4.6160,844.61,move_early
131.436741,18.7960,0.8720,2.9100,845.14,move_early
131.453390,16.6490,0.8640,4.1700,845.73,move_early
131.463483,10.0930,0.9070,2.9050,846.39,move_early
131.473226,9.7430,1.0190,4.8270,846.94,move_early
131.483343,10.1170,1.0300,2.9060,847.49,move_early
131.493762,10.4190,0.8490,2.9440,847.94,move_early
131.512313,18.5510,0.9740,3.4680,848.35,move_early
131.519871,7.5580,0.9410,2.9510,848.85,move_early
131.530051,10.1800,1.0110,2.9230,849.35,move_early
131.534785,4.7340,0.9710,2.9080,849.80,move_early
131.538770,3.9850,0.9310,4.7450,849.99,move_early
131.542720,3.9500,0.9090,2.8940,850.15,move_early
131.553533,10.8130,0.8600,2.9230,850.31,move_early
131.557686,4.1530,0.8560,2.9310,850.47,move_early
131.561543,3.8570,0.8980,2.9260,850.70,move_early
131.566101,4.5580,0.8730,4.7690,850.89,move_early
131.570962,4.8610,0.8600,2.9160,851.08,move_early
131.574619,3.6570,0.8780,4.2000,851.30,move_early
131.579524,4.9050,0.8280,4.1580,851.50,move_early
131.583832,4.3080,0.8790,3.9410,851.73,move_early
131.594007,10.1750,0.8340,3.6710,851.95,move_early
131.597566,3.5590,0.9230,4.2140,852.15,move_early
131.607972,10.4060,0.8200,3.4520,852.35,move_early
131.623655,15.6830,0.8260,2.9300,852.57,move_early
131.641302,17.6470,0.8410,4.6700,852.90,move_early
131.654300,12.9980,1.0530,2.9190,853.59,move_early
131.668662,14.3620,0.8950,5.1290,854.11,move_early
131.691284,22.6220,0.9300,2.9430,854.69,move_early
131.701925,10.6410,0.9930,2.9080,855.60,move_early
131.711951,10.0260,1.0500,2.9250,856.16,move_early
131.729877,17.9260,0.9600,2.9380,856.73,move_early
131.741303,11.4260,0.9150,2.8990,857.31,move_early
131.751208,9.9050,1.1480,2.9030,857.73,move_early
131.768494,17.2860,1.0410,2.9290,858.31,move_early
131.782341,13.8470,0.9190,2.9270,858.89,move_early
131.798908,16.5670,0.9050,2.9050,859.48,move_early
131.810884,11.9760,1.0010,2.8910,860.06,move_early
131.823480,12.5960,0.9610,2.9220,860.64,move_early
131.829745,6.2650,1.1280,2.9120,861.22,move_early
131.882186,52.4410,1.0600,2.9150,861.73,move_early
131.901655,19.4690,1.0570,2.9050,863.65,move_early
131.923804,22.1490,1.7540,3.5730,864.39,move_early
131.943727,19.9230,1.2970,3.9520,865.29,move_early
131.958901,15.1740,1.5640,2.9460,866.42,move_early
131.974290,15.3890,1.5220,2.9340,866.66,move_early
131.989326,15.0360,1.1850,2.9430,867.33,move_early
132.055100,65.7740,1.2560,2.9280,868.00,move_early
132.123342,68.2420,1.4310,2.9180,870.39,move_early
132.142150,18.8080,1.9580,2.9360,873.06,move_early
132.153493,11.3430,1.6890,2.9050,873.99,move_early
132.171147,17.6540,1.1400,2.9390,874.42,move_early
132.195961,24.8140,0.9350,3.9700,875.12,move_early
132.207599,11.6380,0.9240,2.9090,876.39,move_early
132.217848,10.2490,1.3160,2.9100,876.92,move_early
132.240779,22.9310,0.9810,2.9200,876.99,move_early
132.252420,11.6410,0.9410,2.9360,877.73,move_early
132.262749,10.3290,1.3380,2.9190,878.17,move_early
132.273347,10.5980,1.0710,2.9320,878.67,move_early
132.289340,15.9930,1.1950,2.9140,879.06,move_early
132.302931,13.5910,1.2100,2.9220,879.52,move_early
132.315393,12.4620,1.0380,2.9050,880.06,move_early
132.335157,19.7640,0.9700,2.9110,880.57,move_early
132.385654,50.4970,1.1970,3.4300,881.35,move_early
132.446822,61.1680,0.9800,2.9130,883.71,move_early
132.457148,10.3260,1.0820,2.9480,886.18,move_early
132.473175,16.0270,1.2470,2.9080,886.58,move_early
132.526557,53.3820,1.1030,4.0230,887.20,move_early
132.539686,13.1290,1.0160,2.9090,889.06,move_early
132.551941,12.2550,1.1020,2.9130,889.73,move_early
132.564012,12.0710,0.9360,3.7120,890.39,move_early
132.574073,10.0610,0.9260,2.9370,891.17,move_early
132.588136,14.0630,0.9730,2.9370,891.56,move_early
132.598236,10.1000,0.9100,3.2520,892.13,move_early
132.616482,18.2460,0.9100,4.9330,892.20,move_early
132.632375,15.8930,0.9310,2.9200,892.64,move_early
132.642391,10.0160,0.8670,2.9100,893.23,move_early
132.658389,15.9980,0.9020,2.9050,893.67,move_early
132.668286,9.8970,0.8840,4.1770,894.27,move_early
132.678584,10.2980,0.9230,2.9140,894.72,move_early
132.685699,7.1150,0.8830,2.9050,895.19,move_early
132.690629,4.9300,0.9460,2.9050,895.66,move_early
132.695391,4.7620,0.9590,2.9080,896.10,move_early
132.710687,15.2960,0.9760,4.3680,896.42,move_early
132.714707,4.0200,0.9060,2.8970,896.86,move_early
132.718432,3.7250,0.8380,3.5420,897.19,move_early
132.721897,3.4650,0.8760,2.9070,897.33,move_early
132.725641,3.7440,0.8170,3.5030,897.48,move_early
132.729170,3.5290,0.8220,2.9150,897.62,move_early
132.732883,3.7130,0.8370,3.2320,897.76,move_early
132.736745,3.8620,0.8550,2.9160,897.92,move_early
132.740318,3.5730,0.8660,3.1500,898.06,move_early
132.743918,3.6000,0.8530,2.9040,898.21,move_early
132.748330,4.4120,0.9040,3.7020,898.36,move_early
132.752159,3.8290,0.8270,2.9260,898.50,move_early
132.755959,3.8000,0.8720,3.3040,898.65,move_early
132.759508,3.5490,0.8100,2.9060,898.82,move_early
132.763271,3.7630,0.8190,3.2210,898.97,move_early
132.766716,3.4450,0.8220,3.2590,899.12,move_early
132.770020,3.3040,0.9270,2.9070,899.26,move_early
132.779624,9.6040,0.8090,3.1630,899.39,move_early
132.783663,4.0390,0.8290,2.9040,899.54,move_early
132.787296,3.6330,0.9280,2.9240,899.69,move_early
132.790687,3.3910,0.9570,2.9250,899.84,move_early
132.794428,3.7410,0.8550,3.2510,899.98,move_early
132.797832,3.4040,0.9490,2.9010,900.13,move_early
132.801240,3.4080,0.8360,3.1740,900.28,move_early
132.806468,5.2280,0.8490,2.9040,900.43,move_early
132.810507,4.0390,0.8120,3.1760,900.58,move_early
132.819482,8.9750,0.8330,2.8990,900.72,move_early
132.824359,4.8770,0.9660,2.9140,900.89,move_early
132.846518,22.1590,1.1230,2.9100,901.06,move_early
132.864141,17.6230,0.9750,2.9220,901.86,move_early
132.879306,15.1650,1.4730,2.9260,902.51,move_early
132.901786,22.4800,0.9650,2.8990,903.12,move_early
132.916463,14.6770,1.0170,2.9460,904.15,move_early
132.987150,70.6870,1.9220,2.9220,904.72,move_early
133.010751,23.6010,1.2830,2.9050,907.73,move_early
133.032962,22.2110,1.6040,2.9070,909.06,move_early
133.051780,18.8180,1.1750,3.8980,909.73,move_early
133.070314,18.5340,1.4030,2.9230,910.39,move_early
133.081920,11.6060,1.0190,2.9480,911.08,move_early
133.095194,13.2740,0.9890,2.9080,911.75,move_early
133.150606,55.4120,1.0050,2.8940,912.41,move_early
133.222675,72.0690,0.9080,2.9340,914.02,move_early
133.286210,63.5350,1.4650,2.9050,917.06,move_early
133.303221,17.0110,1.3870,2.9020,919.73,move_early
133.322755,19.5340,1.3920,2.9070,920.75,move_early
133.333137,10.3820,0.9760,4.4640,921.18,move_early
133.351946,18.8090,0.9170,2.9130,921.73,move_early
133.418865,66.9190,0.9130,2.9160,922.56,move_early
133.432130,13.2650,1.0370,3.4430,925.05,move_early
133.444341,12.2110,1.1300,2.8960,925.73,move_early
133.463979,19.6380,0.9670,2.9150,926.04,move_early
133.474687,10.7080,0.8900,2.9210,926.82,move_early
133.484659,9.9720,0.8930,3.7020,927.49,move_early
133.500211,15.5520,0.9080,2.9140,927.73,move_early
133.516852,16.6410,0.8770,3.4660,928.23,move_early
133.536969,20.1170,1.0390,2.9080,928.73,move_early
133.552303,15.3340,0.9840,2.9080,929.43,move_early
133.568413,16.1100,1.1140,5.2850,930.04,move_early
133.586403,17.9900,0.9810,2.9230,930.68,move_early
133.645828,59.4250,0.9230,2.9360,931.41,move_early
133.658353,12.5250,1.0330,2.9400,934.14,move_early
133.672531,14.1780,1.2180,2.9000,934.62,move_early
133.688670,16.1390,1.0540,2.9050,935.18,move_early
133.703835,15.1650,0.9520,3.1510,935.82,move_early
133.714354,10.5190,0.9670,2.9090,936.49,move_early
133.724348,9.9940,1.0270,2.9100,937.16,move_early
133.734371,10.0230,0.8930,2.9080,937.57,move_early
133.756909,22.5380,0.8460,2.9090,937.98,move_early
133.768331,11.4220,1.1450,2.9430,938.57,move_early
133.785440,17.1090,1.0820,2.8950,939.16,move_early
133.808548,23.1080,0.9670,4.1480,939.76,move_early
133.821447,12.8990,0.9910,2.9250,940.43,move_early
133.836262,14.8150,1.2150,3.9240,941.09,move_early
133.846613,10.3510,0.9680,2.9060,941.73,move_early
133.856753,10.1400,0.9600,3.4620,942.39,move_early
133.872499,15.7460,1.0180,2.9040,942.88,move_early
133.883130,10.6310,0.9360,2.8980,943.47,move_early
133.940916,57.7860,0.9520,3.1340,943.93,move_early
133.967813,26.8970,0.9900,2.9090,945.70,move_early
133.980628,12.8150,1.7650,3.4930,946.70,move_early
134.033230,52.6020,1.3200,4.1500,947.70,move_early
134.052348,19.1180,1.1900,2.9150,949.37,move_early
134.069072,16.7240,1.7570,2.9080,950.70,move_early
134.083966,14.8940,1.6270,2.9390,951.43,move_early
134.098383,14.4170,1.3630,3.9460,951.73,move_early
134.174764,76.3810,1.1790,2.9070,952.56,move_early
134.236472,61.7080,1.1310,2.8950,955.06,move_early
134.250864,14.3920,1.5900,2.8940,957.73,move_early
134.263552,12.6880,1.2250,2.9090,958.39,move_early
134.280970,17.4180,1.0490,2.9250,959.06,move_early
134.297611,16.6410,1.0270,3.7100,959.73,move_early
134.317567,19.9560,1.0520,2.8850,960.52,move_early
134.335825,18.2580,0.9660,2.9430,961.31,move_early
134.346801,10.9760,0.9380,2.9520,962.04,move_early
134.364291,17.4900,0.9210,3.9810,962.47,move_early
134.375407,11.1160,0.8560,3.2360,963.19,move_early
134.387335,11.9280,1.1880,2.9330,963.61,move_early
134.428014,40.6790,0.8710,2.9270,964.09,move_early
134.470287,42.2730,0.8910,2.9430,965.06,move_early
134.492790,22.5030,0.9920,3.4120,967.06,move_early
134.544227,51.4370,1.2810,4.5780,968.06,move_early
134.563525,19.2980,1.1050,2.9350,969.80,move_early
134.577017,13.4920,1.6570,2.9350,971.13,move_early
134.589209,12.1920,1.3060,2.9050,971.36,move_early
134.607858,18.6490,1.0280,2.8970,971.84,move_early
134.619495,11.6370,0.8980,4.9440,972.51,move_early
134.629275,9.7800,0.9110,2.9110,973.01,move_early
134.643840,14.5650,0.9400,3.9920,973.45,move_early
134.656639,12.7990,1.0140,3.2860,973.95,move_early
134.671359,14.7200,0.8790,2.9520,974.45,move_early
134.680913,9.5540,0.8910,2.9280,974.95,move_early
134.690396,9.4830,0.9290,2.9640,975.45,move_early
134.702416,12.0200,0.8540,3.2750,975.93,move_early
134.760592,58.1760,0.8810,2.9190,976.39,move_early
134.829480,68.8880,0.9200,3.6000,978.77,move_early
134.846634,17.1540,1.5870,6.5140,981.52,move_early
134.861910,15.2760,1.5110,4.3420,982.39,move_early
134.921900,59.9900,1.0180,4.3250,983.06,move_early
134.942753,20.8530,1.2500,4.3320,985.06,move_early
134.954829,12.0760,2.0790,4.4240,986.06,move_early
134.973615,18.7860,1.2520,5.9420,986.81,move_early
134.991491,17.8760,0.9770,5.7480,987.56,move_early
135.008935,17.4440,0.9620,4.4470,988.26,move_early
135.020061,11.1260,0.9270,6.3340,988.96,move_early
135.030318,10.2570,0.8760,4.4180,989.41,move_early
135.040816,10.4980,0.9610,4.8370,989.82,move_early
135.052121,11.3050,0.9660,4.4170,990.23,move_early
135.114371,62.2500,0.8960,6.2830,990.69,move_early
135.139030,24.6590,1.0450,6.6200,992.94,move_early
135.156172,17.1420,1.7290,4.3780,993.88,move_early
135.167590,11.4180,1.1890,4.4120,994.87,move_early
135.179112,11.5220,1.1100,6.2670,995.31,move_early
135.184487,5.3750,1.0120,5.7610,995.80,move_early
135.188435,3.9480,1.0790,4.4340,995.98,move_early
135.202238,13.8030,0.8510,6.0640,996.22,move_early
135.221988,19.7500,0.8910,5.7040,996.56,move_early
135.231884,9.8960,0.8800,4.7510,996.89,move_early
135.237731,5.8470,1.0250,6.1480,997.22,move_early
135.241343,3.6120,0.8770,4.4010,997.56,move_early
135.263574,22.2310,0.8470,4.8320,997.89,move_early
135.287540,23.9660,0.8490,6.0360,998.49,move_early
135.305457,17.9170,1.0540,6.4240,999.45,move_early
135.317780,12.3230,1.0310,5.7210,1000.17,move_early
135.328451,10.6710,0.9450,3.6560,1000.72,move_early
135.340158,11.7070,1.1160,3.3540,1001.29,move_early
135.351066,10.9080,0.8460,3.3440,1001.73,move_early
135.357946,6.8800,0.8870,3.3600,1002.30,move_early
135.362549,4.6030,0.9760,4.3000,1002.85,move_early
135.368366,5.8170,0.8930,3.3250,1003.10,move_early
135.372846,4.4800,0.9390,4.2710,1003.34,move_early
135.377708,4.8620,0.9000,4.8790,1003.54,move_early
135.392046,14.3380,0.8580,4.5640,1003.76,move_early
135.399454,7.4080,0.8800,3.2850,1004.09,move_early
135.405438,5.9840,0.9100,3.3360,1004.42,move_early
135.410605,5.1670,0.9130,3.3130,1004.76,move_early
135.415431,4.8260,0.9190,3.3190,1005.02,move_early
135.429497,14.0660,0.8480,4.1830,1005.23,move_early
135.435237,5.7400,0.8120,4.6110,1005.50,move_early
135.485710,50.4730,0.8300,4.5980,1005.76,move_early
135.498109,12.3990,0.8960,6.6120,1007.40,move_early
135.507819,9.7100,1.1960,5.4380,1008.06,move_early
135.569638,61.8190,0.9320,4.6130,1008.73,move_early
135.587066,17.4280,1.0760,3.8350,1011.06,move_early
135.651810,64.7440,1.3040,3.5750,1011.77,move_early
135.664897,13.0870,1.0850,2.9480,1014.38,move_early
135.740960,76.0630,1.2320,5.1860,1015.22,move_early
135.754968,14.0080,1.0480,4.1680,1017.61,move_early
135.767732,12.7640,1.1890,2.9500,1018.82,move_early
135.781032,13.3000,1.0500,5.2720,1019.33,move_early
135.798419,17.3870,1.0050,2.9340,1019.73,move_early
135.815712,17.2930,0.9880,2.9170,1020.54,move_early
135.828138,12.4260,0.9400,3.8260,1021.24,move_early
135.841144,13.0060,0.9570,2.9170,1021.73,move_early
135.855749,14.6050,0.9040,3.5610,1022.25,move_early
135.865702,9.9530,0.9130,4.8390,1022.83,move_early
135.880204,14.5020,0.8530,3.6310,1023.23,move_early
135.890188,9.9840,0.9510,2.9540,1023.80,move_early
135.948871,58.6830,0.8390,2.9310,1024.20,move_early
135.968590,19.7190,0.9590,4.8260,1026.30,move_early
135.977569,8.9790,1.4270,4.1680,1027.06,move_early
136.028806,51.2370,1.2020,2.9190,1027.73,move_early
136.048508,19.7020,1.2410,4.1710,1029.18,move_early
136.061846,13.3380,1.6480,3.9580,1030.39,move_early
136.083617,21.7710,1.2890,5.1930,1031.12,move_early
136.097215,13.5980,1.3040,4.1950,1032.01,move_early
136.111977,14.7620,1.5450,3.5630,1032.50,move_early
136.131969,19.9920,0.8860,4.1620,1033.09,move_early
136.200669,68.7000,0.9180,4.8370,1033.86,move_early
136.214964,14.2950,1.1020,4.1850,1036.36,move_early
136.232885,17.9210,1.4000,4.1780,1037.06,move_early
136.245422,12.5370,0.9350,4.1690,1037.93,move_early
136.255382,9.9600,1.0020,2.9330,1038.42,move_early
136.269816,14.4340,0.9020,3.8680,1038.82,move_early
136.284018,14.2020,0.8620,4.0070,1039.40,move_early
136.295695,11.6770,0.9500,2.9150,1039.97,move_early
136.312591,16.8960,1.0460,2.9170,1040.45,move_early
136.326233,13.6420,1.0500,2.9060,1041.11,move_early
136.376065,49.8320,1.1170,4.2250,1041.65,move_early
136.390200,14.1350,0.9780,4.1560,1042.99,move_early
136.400020,9.8200,1.0320,4.7970,1043.88,move_early
136.410291,10.2710,0.9340,4.7820,1044.39,move_early
136.420754,10.4630,0.9250,2.9310,1045.01,move_early
136.431283,10.5290,0.9500,4.1940,1045.43,move_early
136.447254,15.9710,0.8890,2.9530,1045.85,move_early
136.461181,13.9270,0.9270,4.2080,1046.49,move_early
136.475254,14.0730,0.9270,3.9170,1046.99,move_early
136.499105,23.8510,0.8850,2.9430,1047.49,move_early
136.511200,12.0950,0.9110,2.9290,1048.02,move_early
136.587265,76.0650,1.2890,2.9550,1048.56,move_early
136.614694,27.4290,0.9700,2.9240,1051.73,move_early
136.626602,11.9080,1.6930,2.9260,1053.06,move_early
136.636474,9.8720,1.2590,5.6220,1053.33,move_early
136.652524,16.0500,0.9490,2.9300,1053.73,move_early
136.663387,10.8630,0.8600,2.9130,1054.37,move_early
136.718152,54.7650,0.8550,2.9250,1054.80,move_early
136.741939,23.7870,0.8390,2.9130,1057.02,move_early
136.754968,13.0290,1.1410,2.9180,1057.96,move_early
136.765964,10.9960,0.9620,2.9050,1058.80,move_early
136.780152,14.1880,0.8850,2.9150,1059.24,move_early
136.791998,11.8460,0.8680,2.9350,1059.80,move_early
136.857425,65.4270,0.8900,3.9900,1060.28,move_early
136.882428,25.0030,0.9500,2.9500,1062.39,move_early
136.902943,20.5150,1.3210,2.9230,1063.59,move_early
136.920951,18.0080,1.1220,4.9650,1064.40,move_early
136.941713,20.7620,0.9860,2.9290,1065.45,move_early
136.955332,13.6190,1.0070,2.9430,1066.31,move_early
136.965558,10.2260,1.2160,3.6230,1066.82,move_early
136.983713,18.1550,0.9520,3.5300,1067.22,move_early
137.028448,44.7350,0.8600,2.9190,1067.96,move_early
137.040900,12.4520,0.8880,2.9140,1069.09,move_early
137.053615,12.7150,0.9650,2.9560,1069.89,move_early
137.063378,9.7630,0.9550,2.9350,1070.67,move_early
137.072859,9.4810,0.8590,2.9310,1071.13,move_early
137.118656,45.7970,0.8230,2.9350,1071.51,move_early
137.139149,20.4930,0.8490,3.9510,1072.73,move_early
137.150432,11.2830,1.3110,4.0030,1073.86,move_early
137.166877,16.4450,1.0540,2.9410,1074.39,move_early
137.228657,61.7800,1.0300,2.9240,1075.28,move_early
137.242800,14.1430,0.9530,2.9040,1077.48,move_early
137.256522,13.7220,1.4030,4.1930,1078.35,move_early
137.266077,9.5550,1.0520,2.9370,1078.87,move_early
137.271345,5.2680,1.0100,2.9260,1079.06,move_early
137.275849,4.5040,0.9520,4.0800,1079.46,move_early
137.279994,4.1450,0.9510,2.9410,1079.63,move_early
137.283635,3.6410,0.8380,2.9200,1079.80,move_early
137.300297,16.6620,0.8850,4.1030,1079.96,move_early
137.315355,15.0580,0.8300,2.9180,1080.39,move_early
137.322244,6.8890,0.8710,2.9160,1080.73,move_early
137.325799,3.5550,0.8000,2.9460,1081.06,move_early
137.329740,3.9410,0.8410,3.9420,1081.39,move_early
137.333296,3.5560,0.8040,2.9010,1081.73,move_early
137.352000,18.7040,0.8290,3.9650,1081.95,move_early
137.361294,9.2940,0.8350,2.9330,1082.39,move_early
137.369143,7.8490,1.0040,2.9300,1082.72,move_early
137.381365,12.2220,0.8640,3.9870,1083.03,move_early
137.391845,10.4800,0.8540,2.9720,1083.36,move_early
137.407823,15.9780,0.7910,2.9270,1083.70,move_early
137.417940,10.1170,0.8540,2.9580,1084.25,move_early
137.427613,9.6730,0.9540,2.9260,1084.64,move_early
137.437071,9.4580,0.8090,2.9860,1085.04,move_early
137.447777,10.7060,0.9080,3.9410,1085.42,move_early
137.456141,8.3640,0.8630,2.9310,1085.85,move_early
137.462658,6.5170,0.9680,4.1210,1086.27,move_early
137.467742,5.0840,0.9570,2.9440,1086.67,move_early
137.472369,4.6270,0.9000,2.9250,1087.06,move_early
137.476186,3.8170,0.8990,3.9770,1087.46,move_early
137.520534,44.3480,0.8560,2.9070,1087.65,move_early
137.543944,23.4100,0.9410,3.9710,1089.06,move_early
137.564933,20.9890,1.1870,2.9020,1089.74,move_early
137.580711,15.7780,1.3460,4.2220,1090.55,move_early
137.597839,17.1280,1.0530,4.1550,1091.22,move_early
137.609571,11.7320,0.8380,4.8690,1091.90,move_early
137.621341,11.7700,1.1960,2.9480,1092.57,move_early
137.631603,10.2620,0.9800,3.9320,1093.23,move_early
137.641862,10.2590,0.9800,2.9720,1093.87,move_early
137.664599,22.7370,0.8790,4.9610,1094.29,move_early
137.674906,10.3070,0.8720,4.8830,1094.89,move_early
137.687729,12.8230,0.9050,2.9260,1095.50,move_early
137.706498,18.7690,0.8370,2.9260,1096.11,move_early
137.717124,10.6260,0.8680,2.9260,1096.72,move_early
137.727001,9.8770,1.0740,2.9490,1097.29,move_early
137.790736,63.7350,0.9370,4.1610,1097.68,move_early
137.814873,24.1370,0.9260,2.9430,1099.73,move_early
137.834379,19.5060,1.6390,2.9180,1100.92,move_early
137.885213,50.8340,1.2960,2.9530,1101.73,move_early
137.899049,13.8360,1.1010,2.9610,1103.73,move_early
137.922091,23.0420,1.5400,2.9390,1104.58,move_early
137.937316,15.2250,1.0420,2.9320,1105.25,move_early
137.953225,15.9090,1.6700,4.0340,1105.80,move_early
137.967991,14.7660,1.2440,2.9230,1106.46,move_early
138.037596,69.6050,0.9280,2.9420,1107.13,move_early
138.053312,15.7160,0.9190,2.9640,1109.73,move_early
138.064402,11.0900,1.6560,2.9330,1110.42,move_early
138.079514,15.1120,0.9770,2.9280,1111.18,move_early
138.090816,11.3020,0.9150,4.5550,1111.79,move_early
138.105479,14.6630,0.9170,2.9410,1112.23,move_early
138.125348,19.8690,0.8860,2.9250,1112.82,move_early
138.136583,11.2350,0.8370,4.1790,1113.49,move_early
138.147328,10.7450,1.3890,4.1820,1114.07,move_early
138.161723,14.3950,0.9980,2.9540,1114.49,move_early
138.213388,51.6650,0.9010,2.9160,1115.07,move_early
138.258147,44.7590,0.9160,2.9140,1116.51,move_early
138.268425,10.2780,1.2820,2.9300,1118.27,move_early
138.278837,10.4120,0.9780,3.9770,1119.06,move_early
138.292402,13.5650,1.0410,2.9440,1119.76,move_early
138.304800,12.3980,0.9180,2.9130,1119.97,move_early
138.324456,19.6560,0.8860,2.9270,1120.63,move_early
138.338120,13.6640,0.9780,2.9470,1121.30,move_early
138.349746,11.6260,0.9810,2.9500,1121.97,move_early
138.397795,48.0490,0.8480,3.1130,1122.39,move_early
138.410537,12.7420,0.8370,4.4140,1124.18,move_early
138.426289,15.7520,0.9170,3.9930,1124.68,move_early
138.492804,66.5150,0.8720,2.9070,1125.33,move_early
138.519461,26.6570,1.0670,4.4260,1127.73,move_early
138.565241,45.7800,1.4930,2.9460,1129.14,move_early
138.579578,14.3370,1.8370,3.9270,1130.92,move_early
138.595293,15.7150,1.2880,2.9360,1131.83,move_early
138.607456,12.1630,1.1930,4.3530,1132.42,move_early
138.651566,44.1100,0.9440,3.1210,1132.56,move_early
138.666790,15.2240,0.8410,4.4720,1134.33,move_early
138.683286,16.4960,0.8940,2.9330,1135.06,move_early
138.698233,14.9470,0.9060,2.9450,1135.73,move_early
138.714860,16.6270,0.9740,2.9220,1136.49,move_early
138.725616,10.7560,0.8880,2.9570,1137.21,move_early
138.735809,10.1930,0.9340,2.9380,1137.62,move_early
138.751761,15.9520,0.9140,2.9240,1138.06,move_early
138.770760,18.9990,0.9300,4.0010,1138.67,move_early
138.784560,13.8000,0.8510,2.9150,1139.34,move_early
138.799942,15.3820,1.0940,2.9370,1139.95,move_early
138.841143,41.2010,0.8940,2.9350,1140.56,move_early
138.860236,19.0930,0.8890,2.9140,1141.65,move_early
138.878920,18.6840,1.4460,2.9220,1142.37,move_early
138.895330,16.4100,1.1170,2.9280,1143.10,move_early
138.912593,17.2630,0.9710,2.9900,1143.77,move_early
138.924496,11.9030,0.9960,2.9270,1144.44,move_early
138.937813,13.3170,0.9460,2.9240,1145.11,move_early
138.950762,12.9490,1.0160,2.9270,1145.81,move_early
138.962644,11.8820,1.1880,2.9280,1146.47,move_early
139.005883,43.2390,1.0550,2.9300,1147.11,move_early
139.017340,11.4570,0.8990,4.2330,1148.19,move_early
139.028922,11.5820,1.0030,2.9410,1148.91,move_early
139.074826,45.9040,0.8880,2.9230,1149.57,move_early
139.088499,13.6730,0.9920,3.9630,1150.99,move_early
139.103021,14.5220,1.4520,2.9070,1151.72,move_early
139.122885,19.8640,1.0320,2.9460,1152.39,move_early
139.178398,55.5130,1.0960,2.9260,1153.06,move_early
139.197375,18.9770,1.2330,2.9430,1155.46,move_early
139.211800,14.4250,1.3420,3.1320,1156.39,move_early
139.226190,14.3900,1.1240,2.9770,1157.09,move_early
139.241241,15.0510,1.0330,4.1740,1157.32,move_early
139.316634,75.3930,0.8970,2.9540,1157.98,move_early
139.331336,14.7020,0.9580,2.9350,1161.01,move_early
139.345286,13.9500,1.4270,3.4090,1161.73,move_early
139.357557,12.2710,1.0800,5.2000,1162.42,move_early
139.407199,49.6420,0.8790,3.4400,1162.57,move_early
139.458360,51.1610,0.9040,4.7000,1164.39,move_early
139.469674,11.3140,1.4620,3.4450,1166.39,move_early
139.483279,13.6050,1.1230,3.4220,1167.06,move_early
139.495401,12.1220,0.8500,3.4670,1167.93,move_early
139.512695,17.2940,0.8000,3.4590,1168.39,move_early
139.524477,11.7820,0.8820,3.4120,1169.11,move_early
139.533938,9.4610,1.0480,4.1070,1169.57,move_early
139.591153,57.2150,0.8390,4.1010,1169.96,move_early
139.604236,13.0830,0.9280,4.8830,1171.64,move_early
139.617491,13.2550,1.4820,4.1150,1172.31,move_early
139.632925,15.4340,1.1650,6.1280,1172.97,move_early
139.647642,14.7170,0.8690,6.0770,1173.71,move_early
139.668690,21.0480,0.8660,4.8270,1174.39,move_early
139.679452,10.7620,1.0080,4.1480,1175.06,move_early
139.692328,12.8760,0.9010,4.1450,1175.73,move_early
139.718327,25.9990,0.8610,4.1420,1176.29,move_early
139.733225,14.8980,0.8170,6.1580,1177.01,move_early
139.743005,9.7800,0.9750,4.1130,1177.68,move_early
139.794977,51.9720,0.9790,4.1440,1178.32,move_early
139.812396,17.4190,0.9430,4.1130,1180.13,move_early
139.822983,10.5870,1.3620,4.1670,1181.06,move_early
139.839647,16.6640,1.0390,4.1340,1181.18,move_early
139.851203,11.5560,0.8920,4.1530,1181.85,move_early
139.863286,12.0830,0.7940,6.0850,1182.31,move_early
139.876368,13.0820,0.8510,7.7500,1182.76,move_early
139.891882,15.5140,0.8610,4.1700,1183.20,move_early
139.901450,9.5680,0.8670,4.1640,1183.65,move_early
139.917378,15.9280,0.8670,4.1150,1184.09,move_early
139.936439,19.0610,0.8710,5.6490,1184.64,move_early
139.952154,15.7150,1.1140,3.3100,1185.40,move_early
139.972305,20.1510,0.9580,3.3720,1186.04,move_early
139.985247,12.9420,1.0400,4.4960,1186.85,move_early
139.995848,10.6010,1.0770,3.8330,1187.42,move_early
140.057208,61.3600,0.8330,3.3470,1188.00,move_early
140.074411,17.2030,0.8510,3.3330,1190.39,move_early
140.091879,17.4680,1.3280,3.3180,1191.25,move_early
140.112823,20.9440,0.9240,3.3570,1192.28,move_early
140.123202,10.3790,0.8530,4.6100,1193.11,move_early
140.133913,10.7110,0.8400,3.3520,1193.20,move_early
140.144462,10.5490,0.8710,6.4310,1193.62,move_early
140.161359,16.8970,0.8770,3.3220,1194.04,move_early
140.172129,10.7700,0.8490,3.3450,1194.49,move_early
140.182322,10.1930,0.9540,4.5680,1194.89,move_early
140.187994,5.6720,0.8340,3.6350,1195.29,move_early
140.192219,4.2250,0.8360,3.3290,1195.67,move_early
140.196923,4.7040,0.8750,3.3500,1196.00,move_early
140.253832,56.9090,0.8870,3.8510,1196.33,move_early
140.270185,16.3530,0.8270,4.5690,1198.39,move_early
140.284225,14.0400,1.1710,3.3240,1199.08,move_early
140.297024,12.7990,0.9760,3.3610,1199.73,move_early
140.456330,159.3060,0.9650,3.3610,1205.06,move_early
140.472773,16.4430,1.0150,3.8170,1206.61,move_early
140.487796,15.0230,1.7170,4.6070,1207.21,move_early
140.503705,15.9090,1.1790,3.3820,1207.79,move_early
140.527676,23.9710,0.9900,3.3450,1208.42,move_early
140.632047,104.3710,0.9570,4.6140,1209.25,move_early
140.652153,20.1060,0.9880,3.7750,1213.62,move_early
140.663056,10.9030,1.5350,3.3400,1214.39,move_early
140.675526,12.4700,0.9460,4.5090,1215.06,move_early
140.687451,11.9250,0.8510,6.6260,1215.30,move_early
140.699059,11.6080,0.8210,4.6090,1215.96,move_early
140.715145,16.0860,0.8060,3.3740,1216.56,move_early
140.725193,10.0480,0.8020,5.4990,1217.20,move_early
140.741862,16.6690,0.8340,3.3840,1217.60,move_early
140.757255,15.3930,0.7960,4.6060,1218.10,move_early
140.773560,16.3050,0.9440,4.3040,1218.60,move_early
140.784376,10.8160,0.8810,3.7200,1219.13,move_early
140.796304,11.9280,0.9300,4.5690,1219.73,move_early
140.807514,11.2100,0.8830,3.9780,1220.25,move_early
140.824985,17.4710,0.8280,4.6150,1220.76,move_early
140.840734,15.7490,0.7900,4.8770,1221.28,move_early
140.851957,11.2230,0.9340,4.2540,1221.82,move_early
140.867622,15.6650,0.9420,3.3760,1222.35,move_early
140.925050,57.4280,0.8670,4.6220,1222.88,move_early
140.945642,20.5920,0.8740,4.2560,1225.06,move_early
140.959251,13.6090,1.5690,2.9140,1226.39,move_early
140.977882,18.6310,0.9110,2.9480,1226.65,move_early
140.990924,13.0420,1.0340,4.0290,1227.40,move_early
141.030958,40.0340,0.9890,4.8450,1228.07,move_early
141.042326,11.3680,0.9610,4.8310,1229.19,move_early
141.055037,12.7110,1.0200,2.9120,1229.97,move_early
141.064524,9.4870,0.9010,2.9290,1230.73,move_early
141.113511,48.9870,0.8290,4.8850,1231.18,move_early
141.135293,21.7820,0.8270,2.9130,1232.48,move_early
141.148447,13.1540,0.9690,2.9050,1233.37,move_early
141.209924,61.4770,1.1320,2.9460,1234.17,move_early
141.222715,12.7910,0.8870,2.9330,1236.39,move_early
141.233045,10.3300,1.0270,2.9510,1237.19,move_early
141.246011,12.9660,0.9310,4.0060,1237.92,move_early
141.256378,10.3670,0.8470,2.9310,1238.44,move_early
141.268185,11.8070,0.8740,2.9720,1238.85,move_early
141.280694,12.5090,0.8490,4.1660,1239.33,move_early
141.322972,42.2780,0.9580,2.9380,1239.83,move_early
141.345986,23.0140,0.9440,2.9380,1240.86,move_early
141.358163,12.1770,1.0170,2.9430,1241.79,move_early
141.371651,13.4880,1.0230,4.1490,1242.46,move_early
141.390524,18.8730,0.9150,2.9210,1243.19,move_early
141.403322,12.7980,0.8760,2.9130,1243.92,move_early
141.414517,11.1950,1.2990,2.9370,1244.65,move_early
141.429655,15.1380,0.8680,3.5740,1245.18,move_early
141.457028,27.3730,0.8220,2.9250,1245.78,move_early
141.474736,17.7080,0.8250,4.1700,1246.50,move_early
141.488642,13.9060,1.0280,4.1500,1247.23,move_early
141.498149,9.5070,0.9460,2.9350,1247.89,move_early
141.541806,43.6570,0.8300,2.9370,1248.53,move_early
141.553646,11.8400,0.8890,5.1950,1249.62,move_early
141.570593,16.9470,1.0150,5.1880,1250.39,move_early
141.581173,10.5800,0.8890,2.9140,1251.09,move_early
141.595276,14.1030,0.8620,3.5880,1251.76,move_early
141.602307,7.0310,0.8310,2.9300,1252.40,move_early
141.607235,4.9280,0.8420,2.9250,1252.69,move_early
141.611344,4.1090,0.8330,2.8870,1252.89,move_early
141.621373,10.0290,0.8190,2.9320,1253.05,move_early
141.641156,19.7830,0.8990,4.1360,1253.22,move_early
141.658852,17.6960,0.8680,2.9000,1253.59,move_early
141.679338,20.4860,1.0130,4.8490,1254.75,move_early
141.764157,84.8190,2.0760,4.5720,1255.41,move_early
141.778348,14.1910,2.1740,5.4120,1258.91,move_early
141.791060,12.7120,1.5480,2.9560,1259.73,move_early
141.803376,12.3160,0.9530,4.7530,1259.91,move_early
141.815118,11.7420,0.9120,4.1580,1260.41,move_early
141.826899,11.7810,0.9510,2.9150,1260.87,move_early
141.836466,9.5670,0.9510,2.9240,1261.32,move_early
141.872306,35.8400,0.8490,4.6980,1261.73,move_early
141.884673,12.3670,0.9090,2.9330,1262.83,move_early
141.901833,17.1600,0.8930,2.9160,1263.36,move_early
141.912551,10.7180,0.9140,2.9210,1264.00,move_early
141.928625,16.0740,0.8550,2.9170,1264.58,move_early
141.980636,52.0110,0.8330,2.9470,1265.16,move_early
142.000439,19.8030,0.9340,2.8980,1267.58,move_early
142.011295,10.8560,1.6710,2.9260,1268.39,move_early
142.075549,64.2540,1.0710,2.9410,1268.72,move_early
142.092854,17.3050,0.9120,2.9400,1271.06,move_early
142.104490,11.6360,1.2810,4.1230,1272.35,move_early
142.116848,12.3580,1.1540,3.9710,1272.78,move_early
142.130254,13.4060,0.9640,3.9330,1273.27,move_early
142.153487,23.2330,0.8740,2.9170,1273.81,move_early
142.168880,15.3930,0.8510,2.9270,1274.61,move_early
142.215991,47.1110,0.9360,3.9440,1275.35,move_early
142.244307,28.3160,0.8390,2.9560,1276.62,move_early
142.254728,10.4210,1.2650,2.9550,1277.72,move_early
142.269474,14.7460,0.9850,2.9490,1278.39,move_early
142.281407,11.9330,0.8220,2.9150,1279.06,move_early
142.297346,15.9390,0.9030,2.9230,1279.73,move_early
142.340850,43.5040,0.8560,2.9350,1280.49,move_early
142.354699,13.8490,0.8570,2.9340,1281.60,move_early
142.367413,12.7140,1.1440,3.9350,1282.39,move_early
142.375193,7.7800,0.9150,2.9620,1283.06,move_early
142.379343,4.1500,0.9600,2.9470,1283.61,move_early
142.390835,11.4920,0.9190,2.9240,1283.78,move_early
142.394582,3.7470,0.8990,2.9220,1284.22,move_early
142.398383,3.8010,0.7730,3.9370,1284.39,move_early
142.401881,3.4980,0.8040,2.8990,1284.53,move_early
142.411798,9.9170,0.7680,3.9290,1284.68,move_early
142.421120,9.3220,0.7720,2.9350,1285.06,move_early
142.430760,9.6400,0.8110,3.9360,1285.39,move_early
142.450875,20.1150,0.8660,2.9060,1285.73,move_early
142.461338,10.4630,0.8430,2.9290,1286.06,move_early
142.477670,16.3320,1.1280,2.9070,1286.40,move_early
142.496088,18.4180,0.8700,2.9570,1287.04,move_early
142.511995,15.9070,0.8590,2.9140,1288.12,move_early
142.522016,10.0210,0.9250,2.9320,1288.78,move_early
142.565863,43.8470,0.9580,2.9110,1289.45,move_early
142.590088,24.2250,0.8260,2.9450,1290.61,move_early
142.637576,47.4880,1.5900,2.9170,1291.55,move_early
142.648129,10.5530,0.9750,2.8970,1293.73,move_early
142.667598,19.4690,1.0010,3.9630,1294.53,move_early
142.685010,17.4120,0.8860,3.9360,1295.31,move_early
142.703286,18.2760,0.8460,2.9000,1295.73,move_early
142.727466,24.1800,0.8890,2.8880,1296.56,move_early
142.782084,54.6180,0.9830,2.9680,1297.36,move_early
142.797678,15.5940,0.8200,2.9110,1299.58,move_early
142.810637,12.9590,1.0420,2.9110,1300.39,move_early
142.828293,17.6560,0.8970,2.9120,1300.69,move_early
142.839666,11.3730,0.8490,3.4900,1301.40,move_early
142.855881,16.2150,0.8960,2.9400,1302.07,move_early
142.867017,11.1360,0.8930,2.9130,1302.74,move_early
142.884524,17.5070,0.9530,2.9410,1303.06,move_early
142.910331,25.8070,0.9650,3.9630,1303.59,move_early
142.928440,18.1090,0.8750,2.9630,1304.35,move_early
142.939643,11.2030,0.9170,2.9260,1305.08,move_early
143.021252,81.6090,0.9520,3.3510,1305.75,move_early
143.034634,13.3820,0.9620,2.9380,1309.06,move_early
143.046315,11.6810,1.8670,2.9500,1309.73,move_early
143.056704,10.3890,0.9540,2.9240,1310.46,move_early
143.067542,10.8380,0.8840,2.9140,1310.54,move_early
143.103232,35.6900,0.8150,2.9140,1311.20,move_early
143.113927,10.6950,0.8540,2.9040,1312.08,move_early
143.134061,20.1340,0.9930,2.9110,1312.74,move_early
143.145066,11.0050,0.9180,2.9080,1313.41,move_early
143.195218,50.1520,0.9250,2.8980,1314.08,move_early
143.206935,11.7170,0.8800,3.9870,1316.10,move_early
143.217447,10.5120,1.0480,2.9390,1316.88,move_early
143.229169,11.7220,0.8960,2.9180,1317.30,move_early
143.240190,11.0210,0.8960,2.8940,1317.76,move_early
143.261357,21.1670,0.8900,2.9080,1318.21,move_early
143.278096,16.7390,0.8980,2.9030,1318.74,move_early
143.288257,10.1610,0.8890,2.9160,1319.39,move_early
143.307171,18.9140,0.8540,2.9080,1319.96,move_early
143.327571,20.4000,0.9070,2.9230,1320.60,move_early
143.345745,18.1740,1.3040,2.9260,1321.27,move_early
143.358684,12.9390,1.1700,2.9540,1321.93,move_early
143.382738,24.0540,0.9940,2.9180,1322.60,move_early
143.425720,42.9820,0.9370,2.9320,1323.27,move_early
143.439329,13.6090,0.8520,2.9060,1324.98,move_early
143.455072,15.7430,1.0750,2.9150,1325.64,move_early
143.490989,35.9170,0.8210,3.9410,1326.31,move_early
143.503562,12.5730,0.8440,2.9080,1327.59,move_early
143.516265,12.7030,0.9510,2.9190,1328.39,move_early
143.544725,28.4600,0.9140,5.9080,1329.06,move_early
143.601947,57.2220,1.5190,8.6310,1329.93,move_early
143.621673,19.7260,1.5530,7.6680,1332.39,move_early
143.634272,12.5990,1.3250,9.3460,1333.50,move_early
143.703086,68.8140,1.1460,5.6430,1333.99,move_early
143.734682,31.5960,1.0710,5.9000,1336.12,move_early
143.747619,12.9370,1.4570,2.9320,1337.46,move_early
143.765027,17.4080,1.2960,5.4080,1338.51,move_early
143.781262,16.2350,0.8890,2.9370,1339.21,move_early
143.800321,19.0590,0.9540,2.9180,1339.86,move_early
143.847409,47.0880,0.9310,2.9400,1340.62,move_early
143.864970,17.5610,0.9500,3.0930,1341.87,move_early
143.875947,10.9770,1.3150,2.9060,1342.76,move_early
143.911637,35.6900,0.9360,2.9360,1343.62,move_early
143.929422,17.7850,0.8680,3.2780,1344.51,move_early
143.941848,12.4260,0.9460,2.9050,1345.40,move_early
143.952665,10.8170,1.0280,3.7720,1346.26,move_early
143.957417,4.7520,0.8590,2.9330,1346.71,move_early
143.962484,5.0670,0.9500,2.9060,1346.90,move_early
143.966365,3.8810,0.8980,4.6910,1347.10,move_early
143.970280,3.9150,0.8740,2.9410,1347.25,move_early
143.973959,3.6790,0.8530,3.5980,1347.41,move_early
143.978480,4.5210,0.9710,2.9210,1347.55,move_early
143.982105,3.6250,0.7590,2.9120,1347.74,move_early
143.993062,10.9570,0.7820,3.7810,1347.89,move_early
143.996650,3.5880,0.8110,2.9350,1348.11,move_early
144.007955,11.3050,0.7980,3.7570,1348.39,move_early
144.011924,3.9690,0.7870,2.9520,1348.62,move_early
144.021418,9.4940,0.7610,3.4220,1348.84,move_early
144.025616,4.1980,0.7900,2.9280,1349.06,move_early
144.033147,7.5310,0.8010,3.2930,1349.28,move_early
144.038219,5.0720,0.9100,2.9460,1349.51,move_early
144.041774,3.5550,0.9790,3.5630,1349.73,move_early
144.045244,3.4700,0.8380,2.9380,1349.93,move_early
144.048777,3.5330,0.7720,3.5200,1350.13,move_early
144.052054,3.2770,0.7770,2.9570,1350.33,move_early
144.055656,3.6020,0.7930,3.5340,1350.53,move_early
144.059720,4.0640,1.0430,2.9130,1350.73,move_early
144.072487,12.7670,0.7920,3.5400,1350.93,move_early
144.082475,9.9880,0.8120,2.9410,1351.15,move_early
144.088895,6.4200,0.9070,2.9540,1351.37,move_early
144.092600,3.7050,0.8470,3.5690,1351.60,move_early
144.096239,3.6390,0.9290,3.5880,1351.82,move_early
144.099598,3.3590,0.8190,2.9150,1352.04,move_early
144.103171,3.5730,0.7860,3.5380,1352.25,move_early
144.106586,3.4150,0.8070,2.9110,1352.39,move_early
144.110983,4.3970,0.8540,3.5450,1352.59,move_early
144.134030,23.0470,0.7570,2.9150,1352.79,move_early
144.149922,15.8920,0.8380,3.5200,1353.34,move_early
144.164276,14.3540,1.3630,2.9600,1353.93,move_early
144.182659,18.3830,0.8450,2.9480,1354.51,move_early
144.192364,9.7050,0.8750,2.9400,1355.25,move_early
144.205587,13.2230,0.9300,2.9180,1355.73,move_early
144.217127,11.5400,0.8330,2.9620,1356.26,move_early
144.254416,37.2890,0.7870,2.9520,1356.76,move_early
144.308331,53.9150,0.9470,2.9000,1358.15,move_early
144.327547,19.2160,1.1880,2.9370,1360.39,move_early
144.347491,19.9440,1.2600,3.8970,1361.72,move_early
144.358084,10.5930,1.0120,2.9080,1362.51,move_early
144.371109,13.0250,0.9530,3.6200,1362.60,move_early
144.438945,67.8360,0.9580,2.9380,1363.12,move_early
144.453919,14.9740,1.0170,2.9470,1365.73,move_early
144.469783,15.8640,1.4520,2.9200,1366.44,move_early
144.484624,14.8410,0.9150,2.9050,1367.39,move_early
144.495029,10.4050,0.8400,2.9390,1367.99,move_early
144.505941,10.9120,0.8010,2.9490,1368.41,move_early
144.518409,12.4680,0.8550,2.9110,1368.85,move_early
144.542514,24.1050,0.8140,3.6160,1369.34,move_early
144.585985,43.4710,0.9480,3.9650,1370.01,move_early
144.599478,13.4930,1.1990,2.9280,1371.41,move_early
144.611019,11.5410,1.1410,2.9440,1372.07,move_early
144.631912,20.8930,0.9380,2.9230,1372.74,move_early
144.644854,12.9420,0.9250,2.9140,1373.47,move_early
144.660854,16.0000,1.2510,2.9320,1374.19,move_early
144.675417,14.5630,0.9950,2.9030,1374.86,move_early
144.727052,51.6350,0.8890,2.9030,1375.53,move_early
144.771763,44.7110,0.9720,2.8970,1377.04,move_early
144.788566,16.8030,1.0020,2.9550,1379.06,move_early
144.800559,11.9930,0.9850,2.9180,1380.16,move_early
144.810602,10.0430,0.9680,2.8950,1380.62,move_early
144.827808,17.2060,0.8230,3.9560,1380.69,move_early
144.877215,49.4070,0.8440,2.9440,1381.36,move_early
144.890587,13.3720,0.8400,2.9260,1383.04,move_early
144.905763,15.1760,1.0410,2.9260,1383.73,move_early
144.917494,11.7310,0.8400,2.8990,1384.39,move_early
144.927052,9.5580,0.8310,2.9050,1385.06,move_early
144.941348,14.2960,0.8120,2.9250,1385.68,move_early
144.952767,11.4190,0.8410,2.9170,1386.26,move_early
144.970662,17.8950,0.8740,2.9000,1386.72,move_early
144.981065,10.4030,1.0080,2.9150,1387.42,move_early
144.993624,12.5590,0.8080,2.9200,1387.84,move_early
145.037788,44.1640,0.8290,2.9290,1388.34,move_early
145.049762,11.9740,0.9000,2.9210,1389.51,move_early
145.062457,12.6950,1.3420,2.9190,1390.17,move_early
145.100142,37.6850,0.8550,2.9180,1390.84,move_early
145.113908,13.7660,0.8230,2.9250,1391.95,move_early
145.131388,17.4800,0.9270,3.9520,1392.82,move_early
145.194671,63.2830,0.8970,2.9000,1393.65,move_early
145.212261,17.5900,0.8420,2.9190,1396.09,move_early
145.225895,13.6340,1.1960,3.9920,1397.06,move_early
145.236904,11.0090,0.9660,2.9290,1397.30,move_early
145.248883,11.9790,0.8380,2.9190,1397.74,move_early
145.254639,5.7560,0.8190,2.9200,1398.22,move_early
145.258539,3.9000,0.8110,2.9200,1398.55,move_early
145.261943,3.4040,0.8110,2.9230,1398.88,move_early
145.265413,3.4700,0.7930,2.9100,1399.07,move_early
145.268713,3.3000,0.8310,2.9300,1399.20,move_early
145.272154,3.4410,0.7360,2.9200,1399.34,move_early
145.275511,3.3570,0.7450,2.9030,1399.47,move_early
145.279334,3.8230,0.7730,2.9320,1399.61,move_early
145.282953,3.6190,0.9340,2.9280,1399.74,move_early
145.296689,13.7360,0.8270,2.9390,1399.87,move_early
145.312639,15.9500,0.7560,2.9310,1400.04,move_early
145.323614,10.9750,0.8140,2.9430,1400.43,move_early
145.336555,12.9410,0.7950,2.9190,1400.87,move_early
145.360989,24.4340,0.7900,2.9290,1401.39,move_early
145.375957,14.9680,0.8380,2.9200,1402.38,move_early
145.389725,13.7680,0.9390,2.9240,1402.97,move_early
145.410924,21.1990,0.8040,3.9540,1403.52,move_early
145.420708,9.7840,0.8050,2.9140,1404.37,move_early
145.431313,10.6050,0.8250,2.9070,1404.94,move_early
145.446710,15.3970,0.7830,2.9350,1405.52,move_early
145.458191,11.4810,0.8000,2.9010,1406.11,move_early
145.470910,12.7190,1.0910,2.9090,1406.39,move_early
145.508226,37.3160,0.8550,2.9000,1406.99,move_early
145.522969,14.7430,1.1310,2.9490,1408.28,move_early
145.542911,19.9420,0.9260,2.9080,1408.94,move_early
145.552750,9.8390,0.8530,2.8970,1409.65,move_early
145.604112,51.3620,0.8570,2.9300,1410.31,move_early
145.617391,13.2790,0.8300,2.9180,1412.39,move_early
145.627658,10.2670,0.9060,2.9200,1413.29,move_early
145.688040,60.3820,0.7950,2.9220,1413.37,move_early
145.719538,31.4980,0.8440,4.7540,1415.73,move_early
145.731477,11.9390,1.1040,2.9340,1417.11,move_early
145.743703,12.2260,1.3630,2.9620,1417.87,move_early
145.756649,12.9460,0.9230,3.8000,1418.01,move_early
145.771231,14.5820,0.8320,2.9560,1418.68,move_early
145.790822,19.5910,1.0590,2.9440,1419.35,move_early
145.802943,12.1210,0.9700,2.9500,1420.01,move_early
145.817363,14.4200,0.9890,2.9400,1420.68,move_early
145.830173,12.8100,0.9200,2.9250,1421.30,move_early
145.892974,62.8010,0.8890,2.9210,1421.81,move_early
145.935313,42.3390,0.9690,2.9220,1424.07,move_early
145.957007,21.6940,1.5930,2.9610,1425.75,move_early
145.971172,14.1650,1.4920,7.3080,1426.92,move_early
145.985672,14.5000,1.2160,5.0280,1427.12,move_early
145.998755,13.0830,0.8970,5.0750,1427.73,move_early
146.011685,12.9300,1.0000,5.5060,1428.39,move_early
146.031590,19.9050,1.3220,5.6840,1429.06,move_early
146.044581,12.9910,1.1780,3.0730,1429.73,move_early
146.060717,16.1360,1.5180,3.0790,1430.39,move_early
146.073795,13.0780,1.0200,3.9080,1431.06,move_early
146.084751,10.9560,1.4880,3.0600,1431.56,move_early
146.099711,14.9600,1.0520,3.0450,1432.01,move_early
146.130923,31.2120,1.0060,3.5340,1432.62,move_early
146.143416,12.4930,1.2850,4.0910,1433.28,move_early
146.157327,13.9110,1.5240,3.0680,1433.95,move_early
146.171283,13.9560,1.0370,3.0380,1434.62,move_early
146.191768,20.4850,1.4700,3.2200,1435.23,move_early
146.202106,10.3380,1.3120,4.1710,1435.89,move_early
146.246267,44.1610,0.9660,3.0490,1436.51,move_early
146.262203,15.9360,1.0850,3.0930,1437.83,move_early
146.276336,14.1330,1.2510,3.0220,1438.50,move_early
146.292199,15.8630,1.1230,3.0700,1439.16,move_early
146.346825,54.6260,1.0670,3.2610,1439.89,move_early
146.374522,27.6970,1.1060,3.1120,1442.20,move_early
146.387435,12.9130,1.3970,2.9340,1443.31,move_early
146.439505,52.0700,1.3890,2.9420,1444.10,move_early
146.457528,18.0230,0.8700,2.9160,1445.54,move_early
146.469258,11.7300,1.0920,3.5460,1446.74,move_early
146.479843,10.5850,1.0030,3.9940,1447.38,move_early
146.491140,11.2970,0.9190,3.2160,1447.80,move_early
146.500980,9.8400,0.8060,2.9060,1448.25,move_early
146.515807,14.8270,0.9220,2.9000,1448.64,move_early
146.532820,17.0130,0.8170,2.9310,1449.24,move_early
146.545458,12.6380,0.8850,3.2300,1449.91,move_early
146.642689,97.2310,0.8640,2.9110,1450.42,move_early
146.699756,57.0670,0.9550,3.2290,1453.73,move_early
146.714969,15.2130,1.5680,2.8730,1456.33,move_early
146.734945,19.9760,1.4120,3.0670,1457.06,move_early
146.747529,12.5840,1.0510,2.9180,1457.73,move_early
146.758302,10.7730,1.1370,4.1300,1458.39,move_early
146.775038,16.7360,0.9030,3.2420,1458.93,move_early
146.790687,15.6490,0.8470,2.8980,1459.60,move_early
146.804327,13.6400,0.8970,3.2040,1460.23,move_early
146.820654,16.3270,0.8900,2.9020,1460.77,move_early
146.858608,37.9540,0.8250,3.0830,1461.43,move_early
146.879755,21.1470,0.9550,2.9220,1462.30,move_early
146.890003,10.2480,1.0920,2.9450,1463.13,move_early
146.906333,16.3300,0.8830,2.8980,1463.79,move_early
146.924794,18.4610,0.8130,2.9050,1464.52,move_early
146.935717,10.9230,0.8290,2.8880,1465.24,move_early
146.945886,10.1690,1.0060,2.9880,1465.91,move_early
146.958224,12.3380,0.8610,2.9130,1466.45,move_early
146.983112,24.8880,0.8710,2.9060,1466.93,move_early
146.993613,10.5010,0.8870,2.8740,1467.60,move_early
147.004390,10.7770,0.9110,2.8740,1468.27,move_early
147.050003,45.6130,0.8340,3.8410,1468.78,move_early
147.065212,15.2090,0.9400,3.0940,1469.99,move_early
147.079544,14.3320,1.3320,3.2470,1470.66,move_early
147.092851,13.3070,0.9550,3.0830,1471.32,move_early
147.109575,16.7240,0.8740,3.0940,1471.99,move_early
147.172600,63.0250,0.8260,3.2010,1472.66,move_early
147.191046,18.4460,0.9570,2.9050,1475.06,move_early
147.203783,12.7370,1.4940,2.9180,1475.94,move_early
147.218014,14.2310,1.1250,3.4070,1476.77,move_early
147.272436,54.4220,0.9560,3.4630,1477.34,move_early
147.290680,18.2440,1.0010,3.2580,1478.88,move_early
147.301597,10.9170,1.4210,3.1430,1479.73,move_early
147.316198,14.6010,1.1760,3.9640,1480.66,move_early
147.340402,24.2040,0.8220,3.1200,1481.25,move_early
147.357867,17.4650,0.8740,3.2720,1482.19,move_early
147.369914,12.0470,0.9160,3.1080,1482.92,move_early
147.382081,12.1670,0.8720,3.2560,1483.45,move_early
147.455115,73.0340,1.3530,3.3110,1483.94,move_early
147.501999,46.8840,1.3450,2.9490,1486.39,move_early
147.518810,16.8110,1.4880,3.2860,1488.39,move_early
147.541674,22.8640,1.1930,2.9270,1489.06,move_early
147.577704,36.0300,1.0500,3.2790,1490.28,move_early
147.592837,15.1330,1.0630,2.9160,1491.61,move_early
147.603943,11.1060,1.1100,3.9090,1492.32,move_early
147.617980,14.0370,0.8510,2.9300,1492.75,move_early
147.631538,13.5580,0.8120,2.8960,1493.32,move_early
147.646307,14.7690,0.8710,2.8990,1493.87,move_early
147.657738,11.4310,1.0640,2.8880,1494.48,move_early
147.671257,13.5190,1.0910,2.9250,1494.92,move_early
147.688430,17.1730,0.9410,3.2330,1495.45,move_early
147.703572,15.1420,0.8800,3.2930,1496.12,move_early
147.714653,11.0810,1.0260,2.9300,1496.75,move_early
147.724705,10.0520,0.9350,2.9130,1497.19,move_early
147.736927,12.2220,0.8210,2.9000,1497.59,move_early
147.755360,18.4330,0.8370,2.9140,1498.07,move_early
147.765681,10.3210,0.8690,2.8960,1498.63,move_early
147.774954,9.2730,0.9470,2.9170,1499.18,move_early
147.788866,13.9120,0.8040,2.9080,1499.60,move_early
147.839612,50.7460,0.8350,3.3760,1500.11,move_early
147.855781,16.1690,0.8230,3.1330,1501.55,move_early
147.870312,14.5310,1.1210,2.8890,1502.21,move_early
147.923338,53.0260,0.8450,3.9720,1502.88,move_early
147.945278,21.9400,0.8160,2.9460,1505.06,move_early
147.959483,14.2050,1.1070,2.9090,1506.14,move_early
148.016415,56.9320,1.3230,2.9410,1507.00,move_early
148.034641,18.2260,0.9860,2.9390,1508.62,move_early
148.055072,20.4310,1.1570,2.9040,1509.96,move_early
148.070870,15.7980,1.0890,2.9040,1510.82,move_early
148.082428,11.5580,0.9610,2.9060,1511.10,move_early
148.157550,75.1220,0.8030,2.9360,1511.90,move_early
148.178497,20.9470,0.8450,2.8920,1514.39,move_early
148.197917,19.4200,1.3630,3.9370,1515.44,move_early
148.212244,14.3270,1.0900,3.4450,1516.55,move_early
148.225005,12.7610,1.1360,3.1480,1517.11,move_early
148.236758,11.7530,0.9330,3.1450,1517.27,move_early
148.248446,11.6880,0.7880,2.9160,1517.94,move_early
148.284206,35.7600,0.8030,2.8960,1518.53,move_early
148.296566,12.3600,0.8140,3.1130,1519.30,move_early
148.312319,15.7530,0.8420,2.9030,1519.97,move_early
148.371489,59.1700,0.8460,3.1080,1520.64,move_early
148.392993,21.5040,0.8480,3.2180,1523.06,move_early
148.406112,13.1190,1.4620,3.1140,1524.03,move_early
148.418090,11.9780,1.2390,4.3290,1524.85,move_early
148.429315,11.2250,0.9160,3.1340,1525.32,move_early
148.481337,52.0220,0.8570,2.8850,1525.77,move_early
148.499612,18.2750,0.8170,3.4160,1527.21,move_early
148.512394,12.7820,0.9980,2.9160,1528.10,move_early
148.524334,11.9400,0.9310,3.1810,1528.95,move_early
148.541185,16.8510,0.8080,3.3470,1529.57,move_early
148.558627,17.4420,0.8020,2.9470,1530.25,move_early
148.603688,45.0610,0.9470,3.4200,1530.95,move_early
148.616628,12.9400,0.9140,2.9270,1532.13,move_early
148.626313,9.6850,1.3450,3.0890,1532.93,move_early
148.635799,9.4860,0.8830,3.4290,1533.66,move_early
148.648526,12.7270,0.9700,2.9030,1534.03,move_early
148.667020,18.4940,0.8150,4.1760,1534.54,move_early
148.679865,12.8450,0.9040,2.9300,1535.29,move_early
148.691645,11.7800,1.1110,2.8970,1535.79,move_early
148.727245,35.6000,0.7690,3.3510,1536.26,move_early
148.786130,58.8850,0.8600,2.9180,1537.03,move_early
148.801588,15.4580,0.9440,3.3270,1539.73,move_early
148.812798,11.2100,1.3490,2.9200,1540.39,move_early
148.862635,49.8370,0.9780,2.9420,1541.12,move_early
148.913324,50.6890,0.8920,3.2450,1542.46,move_early
148.927847,14.5230,0.9790,2.8830,1544.51,move_early
148.940767,12.9200,1.3080,2.8940,1545.75,move_early
148.960500,19.7330,1.0370,4.6060,1545.91,move_early
148.973759,13.2590,0.9250,2.9010,1546.73,move_early
148.986700,12.9410,1.1540,2.8990,1547.40,move_early
149.000293,13.5930,1.0390,3.0670,1548.07,move_early
149.020787,20.4940,0.8750,3.3730,1548.39,move_early
149.035469,14.6820,0.9720,3.2970,1548.93,move_early
149.102300,66.8310,1.4040,2.9150,1549.46,move_early
149.117903,15.6030,1.3620,2.8670,1552.39,move_early
149.139380,21.4770,1.5430,3.9610,1553.06,move_early
149.153859,14.4790,1.2670,3.6190,1554.26,move_early
149.166045,12.1860,1.2170,3.0190,1554.44,move_early
149.177251,11.2060,1.0520,3.0300,1555.26,move_early
149.189455,12.2040,1.0570,3.9680,1555.71,move_early
149.204868,15.4130,1.0090,3.0680,1556.19,move_early
149.217486,12.6180,0.9690,4.1620,1556.81,move_early
149.228847,11.3610,0.9940,3.0710,1557.32,move_early
149.239228,10.3810,1.0370,3.6740,1557.78,move_early
149.249995,10.7670,1.0180,3.8970,1558.19,move_early
149.267182,17.1870,0.9880,3.0430,1558.63,move_early
149.280392,13.2100,1.0360,3.7860,1559.17,move_early
149.291007,10.6150,1.2570,3.0350,1559.73,move_early
149.303817,12.8100,1.0000,3.0650,1560.25,move_early
149.323761,19.9440,0.8910,3.9010,1560.76,move_early
149.334087,10.3260,1.0970,3.3220,1561.28,move_early
149.344224,10.1370,0.8910,3.0480,1561.80,move_early
149.354351,10.1270,0.8150,3.5510,1562.30,move_early
149.378406,24.0550,0.8210,3.0490,1562.78,move_early
149.395799,17.3930,0.9050,3.6580,1563.30,move_early
149.410313,14.5140,1.3020,3.0710,1563.82,move_early
149.425529,15.2160,1.0310,3.5540,1564.39,move_early
149.439480,13.9510,1.2220,3.4950,1564.97,move_early
149.451788,12.3080,1.0170,3.0170,1565.56,move_early
149.505735,53.9470,1.2460,3.0500,1566.08,move_early
149.544886,39.1510,1.0460,3.3750,1568.39,move_early
149.570839,25.9530,1.6300,3.2300,1570.10,move_early
149.586115,15.2760,1.0260,4.1030,1571.15,move_early
149.596158,10.0430,1.4090,3.0280,1572.05,move_early
149.660262,64.1040,0.8940,3.0290,1572.39,move_early
149.679922,19.6600,0.8730,3.0350,1574.78,move_early
149.692121,12.1990,1.6120,3.0540,1575.85,move_early
149.708521,16.4000,1.2040,3.0290,1575.98,move_early
149.735306,26.7850,1.1480,3.0060,1576.64,move_early
149.746961,11.6550,1.1360,3.1160,1577.39,move_early
149.763135,16.1740,1.2030,3.0710,1578.05,move_early
149.781310,18.1750,1.0020,3.1300,1578.72,move_early
149.795538,14.2280,1.0530,4.1040,1579.39,move_early
149.812846,17.3080,1.3220,2.9440,1580.05,move_early
149.823488,10.6420,1.0320,2.9100,1580.72,move_early
149.836680,13.1920,0.9450,3.0910,1581.39,move_early
149.847604,10.9240,1.4760,2.8880,1582.05,move_early
149.864097,16.4930,0.9010,2.8740,1582.39,move_early
149.901194,37.0970,0.8910,3.2160,1582.99,move_early
149.913599,12.4050,1.1130,2.8840,1584.03,move_early
149.935889,22.2900,1.2890,3.0800,1584.70,move_early
149.953875,17.9860,1.1440,2.9050,1585.45,move_early
149.969133,15.2580,1.7280,3.2470,1586.15,move_early
149.983351,14.2180,1.6740,3.1090,1586.81,move_early
150.032928,49.5770,1.0990,3.2100,1587.48,move_early
150.048634,15.7060,1.1020,2.8950,1589.68,move_early
150.063799,15.1650,1.6970,2.8820,1590.39,move_early
150.083014,19.2150,1.1370,4.3340,1591.18,move_early
150.100355,17.3410,1.0630,3.2430,1591.97,move_early
150.113123,12.7680,1.2930,3.2430,1592.63,move_early
150.134555,21.4320,1.0030,2.8910,1593.14,move_early
150.146301,11.7460,1.0030,3.1120,1593.92,move_early
150.157685,11.3840,1.2870,2.8910,1594.47,move_early
150.177636,19.9510,0.9740,3.0580,1594.93,move_early
150.225676,48.0400,1.0910,2.9060,1595.60,move_early
150.243719,18.0430,1.2980,2.9170,1597.03,move_early
150.255598,11.8790,1.4470,3.0090,1597.70,move_early
150.314722,59.1240,0.8750,3.0780,1598.37,move_early
150.345830,31.1080,0.9940,2.8970,1600.99,move_early
150.359916,14.0860,2.1350,2.9010,1602.39,move_early
150.375000,15.0840,1.5910,4.1120,1602.71,move_early
150.389532,14.5320,1.3380,2.9070,1603.33,move_early
150.442880,53.3480,1.2350,3.0840,1603.88,move_early
150.466420,23.5400,1.1380,3.1630,1606.06,move_early
150.480777,14.3570,1.5180,2.9080,1607.06,move_early
150.493296,12.5190,1.2800,3.2450,1607.85,move_early
150.513312,20.0160,1.0540,3.2370,1608.02,move_early
150.526265,12.9530,1.0290,2.8900,1608.69,move_early
150.545376,19.1110,1.0610,2.9250,1609.35,move_early
150.561691,16.3150,1.0170,2.9250,1610.02,move_early
150.629423,67.7320,0.9330,2.8970,1610.69,move_early
150.693136,63.7130,1.1790,2.9320,1613.54,move_early
150.706192,13.0560,1.9210,3.9370,1616.07,move_early
150.769521,63.3290,1.5890,2.9540,1616.54,move_early
150.785991,16.4700,0.9800,2.9410,1619.06,move_early
150.804284,18.2930,1.4680,2.9290,1619.74,move_early
150.820112,15.8280,1.1370,2.8830,1620.79,move_early
150.830124,10.0120,0.9650,2.9230,1621.08,move_early
150.881189,51.0650,0.8900,2.8990,1621.81,move_early
150.904259,23.0700,0.8860,3.4280,1623.27,move_early
150.922200,17.9410,1.6160,3.9330,1624.17,move_early
150.940462,18.2620,1.3870,2.8910,1625.06,move_early
150.966345,25.8830,1.1200,2.9160,1625.94,move_early
150.978339,11.9940,1.7070,2.9000,1626.83,move_early
150.988592,10.2530,1.2870,3.0410,1627.70,move_early
151.010449,21.8570,0.8650,2.9260,1628.16,move_early
151.024142,13.6930,0.9040,2.8970,1629.00,move_early
151.033993,9.8510,0.9100,3.0950,1629.57,move_early
151.044074,10.0810,0.9590,2.8810,1629.99,move_early
151.058105,14.0310,0.8400,2.9220,1630.36,move_early
151.094833,36.7280,0.8210,2.8870,1630.92,move_early
151.106732,11.8990,0.9040,2.9020,1631.76,move_early
151.119691,12.9590,1.1880,3.2160,1632.43,move_early
151.175953,56.2620,0.8040,2.8870,1633.09,move_early
151.192024,16.0710,0.8340,2.8870,1635.03,move_early
151.203947,11.9230,1.3790,4.4490,1635.73,move_early
151.213665,9.7180,0.9900,3.3550,1636.39,move_early
151.230541,16.8760,0.8550,2.8710,1637.06,move_early
151.245476,14.9350,0.7850,3.3510,1637.82,move_early
151.301241,55.7650,0.8580,2.8900,1638.42,move_early
151.320696,19.4550,0.9230,2.8950,1640.05,move_early
151.333961,13.2650,1.5020,3.3570,1640.94,move_early
151.346796,12.8350,1.0860,2.8880,1641.73,move_early
151.398561,51.7650,1.0670,2.9580,1642.51,move_early
151.413243,14.6820,1.2730,2.9210,1643.96,move_early
151.430428,17.1850,1.4920,3.3590,1644.96,move_early
151.443513,13.0850,1.0680,4.7930,1645.85,move_early
151.454330,10.8170,1.0760,2.9120,1646.04,move_early
151.464885,10.5550,1.1630,2.8920,1646.71,move_early
151.503961,39.0760,0.9980,2.8760,1646.89,move_early
151.522871,18.9100,1.1430,2.8920,1648.23,move_early
151.547606,24.7350,1.6290,2.9160,1649.25,move_early
151.603477,55.8710,1.3030,2.8700,1650.22,move_early
151.621444,17.9670,1.2830,2.9200,1652.16,move_early
151.632677,11.2330,1.5240,2.9140,1653.49,move_early
151.648513,15.8360,1.0830,2.8760,1653.92,move_early
151.673076,24.5630,0.9610,2.9030,1654.39,move_early
151.688673,15.5970,0.8740,2.8770,1655.23,move_early
151.701198,12.5250,1.0610,2.9020,1656.03,move_early
151.712087,10.8890,0.9510,3.8580,1656.67,move_early
151.729569,17.4820,0.9570,2.9250,1657.09,move_early
151.745193,15.6240,0.8550,2.8850,1657.78,move_early
151.755985,10.7920,0.8010,2.9020,1658.41,move_early
151.771913,15.9280,0.8340,3.0800,1658.85,move_early
151.785663,13.7500,0.8390,3.1480,1659.50,move_early
151.798338,12.6750,0.9750,2.9130,1660.03,move_early
151.812732,14.3940,0.8660,2.9070,1660.54,move_early
151.854220,41.4880,0.8720,3.1000,1661.11,move_early
151.868741,14.5210,0.8610,3.1400,1662.13,move_early
151.903820,35.0790,1.0320,2.9140,1662.80,move_early
151.915855,12.0350,0.9440,2.9180,1664.11,move_early
151.933036,17.1810,1.1150,3.1660,1664.78,move_early
151.946879,13.8430,0.8710,3.3790,1665.45,move_early
151.982248,35.3690,0.9570,2.8830,1666.11,move_early
152.031587,49.3390,0.8320,2.8740,1667.23,move_early
152.048028,16.4410,0.9180,3.8190,1669.55,move_early
152.069005,20.9770,1.0470,2.8830,1670.54,move_early
152.086713,17.7080,0.9340,3.4400,1671.40,move_early
152.155702,68.9890,1.1610,3.0980,1671.77,move_early
152.194709,39.0070,1.3920,2.8750,1674.39,move_early
152.206534,11.8250,1.3760,2.8620,1676.13,move_early
152.224587,18.0530,1.5090,2.8980,1676.89,move_early
152.240304,15.7170,1.0230,2.8890,1677.27,move_early
152.257645,17.3410,0.9820,3.8360,1677.88,move_early
152.291467,33.8220,0.8130,2.8820,1678.57,move_early
152.303588,12.1210,0.8590,2.9160,1679.73,move_early
152.324381,20.7930,0.8010,3.1350,1680.53,move_early
152.340749,16.3680,0.8740,3.0150,1681.33,move_early
152.355333,14.5840,0.9420,3.0120,1682.13,move_early
152.406573,51.2400,0.8150,3.2450,1682.81,move_early
152.420364,13.7910,0.8530,3.0450,1684.20,move_early
152.472523,52.1590,0.8920,3.0310,1685.02,move_early
152.486705,14.1820,0.8420,3.0290,1687.06,move_early
152.500704,13.9990,0.9240,3.2830,1688.08,move_early
152.519590,18.8860,0.9110,3.2770,1688.39,move_early
152.537550,17.9600,0.8940,4.3500,1689.06,move_early
152.577893,40.3430,0.9170,3.0080,1689.78,move_early
152.596631,18.7380,0.8190,3.0340,1691.08,move_early
152.614794,18.1630,1.0140,3.0270,1691.92,move_early
152.628313,13.5190,0.9130,3.0200,1692.75,move_early
152.680932,52.6190,0.8880,3.2780,1693.55,move_early
152.698167,17.2350,0.8680,3.0010,1695.59,move_early
152.717978,19.8110,1.6860,4.1770,1696.39,move_early
152.740933,22.9550,1.2130,3.0180,1697.34,move_early
152.759730,18.7970,1.0270,3.4650,1698.27,move_early
152.776791,17.0610,1.1080,3.0110,1699.02,move_early
152.788210,11.4190,1.0970,3.0490,1699.69,move_early
152.850732,62.5220,0.9660,4.3700,1700.15,move_early
152.873726,22.9940,1.0420,3.0040,1702.33,move_early
152.891200,17.4740,1.0930,3.0130,1703.23,move_early
152.907614,16.4140,0.9840,2.9920,1704.25,move_early
152.923932,16.3180,0.7910,3.2750,1704.91,move_early
152.940360,16.4280,0.8090,3.0130,1705.57,move_early
153.004081,63.7210,0.9260,3.0150,1706.22,move_early
153.022640,18.5590,0.7980,3.0280,1708.39,move_early
153.040083,17.4430,1.5320,3.0360,1709.20,move_early
153.077493,37.4100,1.0100,3.2670,1710.22,move_early
153.111342,33.8490,0.9220,3.0070,1711.38,move_early
153.133288,21.9460,0.8670,4.7960,1712.61,move_early
153.143793,10.5050,0.9490,2.9940,1713.83,move_early
153.157258,13.4650,0.9140,3.2660,1714.02,move_early
153.170268,13.0100,0.8230,3.0380,1714.55,move_early
153.182299,12.0310,0.8310,3.0050,1715.22,move_early
153.194565,12.2660,0.7760,3.0590,1715.66,move_early
153.205599,11.0340,0.7680,3.5700,1716.11,move_early
153.219310,13.7110,0.8350,3.0130,1716.55,move_early
153.231221,11.9110,0.8490,3.0120,1717.03,move_early
153.253617,22.3960,0.9470,3.0310,1717.50,move_early
153.270544,16.9270,0.8370,3.2760,1718.08,move_early
153.286080,15.5360,0.8740,3.4720,1718.75,move_early
153.309862,23.7820,0.8380,3.0370,1719.37,move_early
153.326034,16.1720,0.8190,3.0480,1720.37,move_early
153.350212,24.1780,1.1720,3.0030,1720.98,move_early
153.366967,16.7550,0.8740,3.0290,1721.95,move_early
153.376872,9.9050,1.0050,4.5260,1722.62,move_early
153.389415,12.5430,1.0020,3.0090,1723.28,move_early
153.399436,10.0210,0.7670,3.2570,1723.95,move_early
153.435770,36.3340,0.7940,3.0220,1724.58,move_early
153.447208,11.4380,0.8500,3.0180,1725.38,move_early
153.459994,12.7860,0.9050,3.0200,1726.10,move_early
153.468841,8.8470,0.7940,3.5550,1726.77,move_early
153.478374,9.5330,0.7850,3.0650,1727.35,move_early
153.511135,32.7610,0.7520,3.0170,1727.73,move_early
153.521202,10.0670,0.7660,3.2210,1728.45,move_early
153.538647,17.4450,0.8630,3.0320,1729.12,move_early
153.548564,9.9170,0.8090,3.0290,1729.81,move_early
153.554008,5.4440,0.8650,3.0280,1730.48,move_early
153.558283,4.2750,0.7830,3.0230,1730.76,move_early
153.567706,9.4230,0.8480,2.9890,1730.92,move_early
153.577366,9.6600,0.7990,3.2720,1731.26,move_early
153.590837,13.4710,0.7610,3.0290,1731.59,move_early
153.605847,15.0100,0.7880,3.0260,1731.92,move_early
153.665624,59.7770,0.8650,4.1130,1732.26,move_early
153.682213,16.5890,0.8020,3.2410,1734.90,move_early
153.731522,49.3090,1.0010,3.0080,1735.73,move_early
153.743918,12.3960,0.9150,3.0420,1737.73,move_early
153.762157,18.2390,1.1750,3.2580,1738.03,move_early
153.774276,12.1190,0.8390,3.0250,1738.76,move_early
153.790161,15.8850,0.8500,3.0200,1739.23,move_early
153.803739,13.5780,0.7460,3.2560,1739.87,move_early
153.816307,12.5680,0.7830,3.0080,1740.41,move_early
153.850365,34.0580,0.7950,3.0130,1740.94,move_early
153.863161,12.7960,0.7920,3.4420,1741.98,move_early
153.878573,15.4120,0.9800,3.5810,1742.64,move_early
153.889040,10.4670,0.8850,3.0290,1743.31,move_early
153.899032,9.9920,1.0290,4.3640,1743.98,move_early
153.950881,51.8490,0.8500,2.9970,1744.56,move_early
153.969561,18.6800,0.8120,3.2810,1745.99,move_early
153.985182,15.6210,0.9960,3.0000,1746.79,move_early
154.002339,17.1570,0.8280,3.2430,1747.59,move_early
154.017275,14.9360,0.8360,3.0140,1748.37,move_early
154.030006,12.7310,0.8160,3.0550,1749.06,move_early
154.090137,60.1310,0.8160,3.2440,1749.73,move_early
154.111328,21.1910,0.8380,3.0050,1751.73,move_early
154.122638,11.3100,0.8830,3.0100,1753.06,move_early
154.136029,13.3910,1.0240,2.9970,1753.17,move_early
154.161419,25.3900,0.8110,3.2680,1753.71,move_early
154.176969,15.5500,0.9520,3.2830,1754.42,move_early
154.187127,10.1580,1.0590,4.1680,1755.08,move_early
154.209538,22.4110,0.9630,3.2710,1755.75,move_early
154.223530,13.9920,0.8930,3.0300,1756.42,move_early
154.234132,10.6020,0.9350,3.0200,1757.08,move_early
154.268320,34.1880,0.8440,3.0120,1757.75,move_early
154.280421,12.1010,0.7720,3.2630,1758.66,move_early
154.295530,15.1090,0.8310,3.2950,1759.33,move_early
154.306608,11.0780,0.8890,3.0240,1760.00,move_early
154.348013,41.4050,0.9550,3.2680,1760.66,move_early
154.363881,15.8680,0.8460,2.9980,1761.86,move_early
154.374726,10.8450,0.9250,3.0000,1762.60,move_early
154.388004,13.2780,0.8980,3.0330,1763.32,move_early
154.398973,10.9690,0.7660,2.9970,1764.05,move_early
154.411410,12.4370,0.8100,2.9990,1764.57,move_early
154.423317,11.9070,0.9300,3.0440,1765.07,move_early
154.434269,10.9520,0.9520,4.3570,1765.54,move_early
154.451336,17.0670,0.9710,3.0150,1765.97,move_early
154.458161,6.8250,0.8630,3.2550,1766.64,move_early
154.471439,13.2780,0.9970,3.0050,1766.94,move_early
154.480730,9.2910,0.9310,3.0170,1767.44,move_early
154.491650,10.9200,1.0200,2.9960,1767.83,move_early
154.496566,4.9160,0.8230,3.0130,1768.26,move_early
154.500526,3.9600,0.7580,3.2650,1768.47,move_early
154.504113,3.5870,0.7620,3.0210,1768.62,move_early
154.507549,3.4360,0.7320,3.0230,1768.76,move_early
154.523427,15.8780,0.7500,3.2530,1768.90,move_early
154.540349,16.9220,0.7790,2.9900,1769.12,move_early
154.556179,15.8300,0.7850,3.0060,1769.54,move_early
154.566963,10.7840,0.7730,3.2360,1770.18,move_early
154.584187,17.2240,0.8100,3.0310,1770.61,move_early
154.597979,13.7920,0.7750,3.2960,1771.31,move_early
154.610332,12.3530,0.8870,2.9980,1771.85,move_early
154.617827,7.4950,0.7500,3.0160,1772.38,move_early
154.652909,35.0820,0.8830,3.0410,1772.91,move_early
154.703432,50.5230,0.8790,3.0120,1774.05,move_early
154.715633,12.2010,0.8270,3.0210,1776.39,move_early
154.740506,24.8730,1.3220,3.0540,1777.26,move_early
154.756336,15.8300,1.2760,4.1130,1778.23,move_early
154.770925,14.5890,0.9270,3.2350,1778.52,move_early
154.787245,16.3200,0.8400,3.0090,1779.35,move_early
154.801141,13.8960,1.0460,3.0200,1780.09,move_early
154.814189,13.0480,0.7980,3.0390,1780.65,move_early
154.884454,70.2650,0.9580,3.0150,1781.16,move_early
154.899836,15.3820,0.8500,3.0070,1783.67,move_early
154.980846,81.0100,1.0770,3.0200,1784.39,move_early
155.003582,22.7360,0.9230,3.0410,1787.56,move_early
155.022478,18.8960,1.4270,3.0190,1788.75,move_early
155.041078,18.6000,0.8920,4.3870,1789.18,move_early
155.053895,12.8170,0.9450,3.0070,1789.92,move_early
155.073230,19.3350,0.8970,3.0440,1790.75,move_early
155.087959,14.7290,0.8620,3.3000,1791.54,move_early
155.099542,11.5830,0.9840,3.0480,1792.12,move_early
155.119417,19.8750,0.8040,3.0300,1792.58,move_early
155.131404,11.9870,0.7970,2.9920,1793.33,move_early
155.147016,15.6120,0.8990,3.0200,1793.85,move_early
155.160464,13.4480,0.7760,3.2830,1794.48,move_early
155.172630,12.1660,0.7620,3.0150,1795.02,move_early
155.185483,12.8530,0.8490,3.0180,1795.51,move_early
155.202806,17.3230,0.9450,3.2670,1796.01,move_early
155.215160,12.3540,0.8070,3.2770,1796.63,move_early
155.228704,13.5440,0.7820,3.0000,1797.21,move_early
155.241465,12.7610,0.7550,3.3900,1797.76,move_early
155.251785,10.3200,0.8400,3.0500,1798.26,move_early
155.257469,5.6840,0.8740,4.3640,1798.67,move_early
155.262345,4.8760,0.8720,3.0190,1798.90,move_early
155.267671,5.3260,0.8180,3.0090,1799.10,move_early
155.281744,14.0730,0.8730,3.2510,1799.31,move_early
155.291519,9.7750,0.8400,3.0410,1799.73,move_early
155.298119,6.6000,0.8280,3.0280,1800.10,move_early
155.301677,3.5580,0.8120,3.0240,1800.47,move_early
155.305464,3.7870,0.8080,3.2700,1800.66,move_early
155.308973,3.5090,0.7460,3.0150,1800.82,move_early
155.312422,3.4490,0.8260,3.2780,1800.95,move_early
155.315946,3.5240,0.7600,2.9870,1801.09,move_early
155.332171,16.2250,0.8920,3.2220,1801.24,move_early
155.341962,9.7910,0.7550,3.0210,1801.46,move_early
155.351120,9.1580,0.9400,3.2780,1801.73,move_early
155.363278,12.1580,0.7330,3.0180,1801.97,move_early
155.372302,9.0240,0.7970,3.0080,1802.46,move_early
155.393009,20.7070,0.7240,3.0190,1802.82,move_early
155.433228,40.2190,0.8160,3.0230,1803.65,move_early
155.470642,37.4140,0.8410,3.0330,1805.61,move_early
155.486608,15.9660,0.9540,3.0040,1807.10,move_early
155.498005,11.3970,0.9270,3.0310,1808.09,move_early
155.508322,10.3170,1.1700,3.0050,1808.39,move_early
155.531590,23.2680,0.9510,3.2800,1808.61,move_early
155.542848,11.2580,1.0520,3.0040,1809.28,move_early
155.554628,11.7800,1.1300,4.3960,1809.95,move_early
155.607067,52.4390,0.8550,3.0130,1810.50,move_early
155.627176,20.1090,0.8490,3.2820,1812.30,move_early
155.648988,21.8120,1.3770,3.0350,1813.05,move_early
155.663685,14.6970,1.1010,3.0190,1813.94,move_early
155.741448,77.7630,0.9780,3.0190,1814.83,move_early
155.763845,22.3970,0.9500,3.0180,1817.73,move_early
155.776503,12.6580,1.4370,3.3150,1819.06,move_early
155.800800,24.2970,1.1410,3.6860,1819.32,move_early
155.820197,19.3970,0.8430,3.0280,1820.35,move_early
155.894142,73.9450,1.0830,2.9960,1821.06,move_early
155.912637,18.4950,0.9570,4.7650,1824.07,move_early
155.934995,22.3580,1.2130,3.0550,1825.06,move_early
155.949969,14.9740,0.8760,3.0210,1825.73,move_early
155.962692,12.7230,1.0360,3.0580,1826.39,move_early
155.974158,11.4660,0.7660,3.0310,1827.10,move_early
155.985894,11.7360,0.7710,3.0100,1827.56,move_early
155.998345,12.4510,1.0360,3.5110,1828.03,move_early
156.035121,36.7760,0.8250,3.0540,1828.53,move_early
156.074134,39.0130,0.7820,3.0530,1829.35,move_early
156.089531,15.3970,0.9290,3.2680,1830.91,move_early
156.105197,15.6660,0.8980,3.0500,1831.58,move_early
156.114816,9.6190,0.8700,4.0270,1832.25,move_early
156.124594,9.7780,0.7730,3.0000,1832.97,move_early
156.146542,21.9480,0.7840,2.9850,1833.58,move_early
156.156756,10.2140,0.7380,2.9900,1834.24,move_early
156.173069,16.3130,0.8450,3.0100,1834.86,move_early
156.198286,25.2170,0.7720,3.0160,1835.52,move_early
156.208988,10.7020,0.8840,3.0050,1836.22,move_early
156.223546,14.5580,1.0390,3.0070,1836.89,move_early
156.241086,17.5400,0.8130,3.9210,1837.54,move_early
156.248775,7.6890,0.7920,3.7640,1838.21,move_early
156.258468,9.6930,0.8310,3.0260,1838.56,move_early
156.262027,3.5590,0.9060,3.0270,1838.93,move_early
156.310275,48.2480,0.7620,3.2270,1839.07,move_early
156.317211,6.9360,0.7850,3.0220,1840.39,move_early
156.328947,11.7360,1.2490,3.0630,1841.00,move_early
156.344763,15.8160,0.8630,3.0050,1841.61,move_early
156.357709,12.9460,1.0240,3.0010,1842.22,move_early
156.372959,15.2500,1.0350,4.0790,1842.83,move_early
156.383006,10.0470,0.8920,3.0120,1843.44,move_early
156.393415,10.4090,0.8560,3.0250,1843.92,move_early
156.406109,12.6940,0.8320,3.3040,1844.35,move_early
156.417454,11.3450,0.8640,2.9950,1844.85,move_early
156.422337,4.8830,0.9200,3.0240,1845.29,move_early
156.436315,13.9780,0.7770,3.3100,1845.49,move_early
156.460356,24.0410,0.8410,3.0310,1845.99,move_early
156.470658,10.3020,0.9060,3.0050,1846.49,move_early
156.477411,6.7530,0.9620,4.3620,1847.06,move_early
156.494606,17.1950,0.8240,3.0390,1847.56,move_early
156.505069,10.4630,0.9250,3.5560,1848.06,move_early
156.514617,9.5480,1.0420,4.3060,1848.56,move_early
156.518710,4.0930,0.9380,3.0290,1849.06,move_early
156.522582,3.8720,0.8310,3.3380,1849.35,move_early
156.526222,3.6400,0.8030,3.0110,1849.50,move_early
156.530041,3.8190,0.7600,3.3140,1849.65,move_early
156.546035,15.9940,0.8450,3.0640,1849.80,move_early
156.555857,9.8220,0.7400,4.3020,1850.03,move_early
156.572259,16.4020,0.8760,2.9980,1850.25,move_early
156.615449,43.1900,0.7450,3.0370,1850.82,move_early
156.631313,15.8640,0.8280,3.4810,1852.99,move_early
156.646717,15.4040,1.5200,3.0510,1853.73,move_early
156.694940,48.2230,1.1340,4.4190,1854.50,move_early
156.706424,11.4840,1.1050,3.7750,1855.79,move_early
156.769470,63.0460,1.4630,3.7440,1856.86,move_early
156.787407,17.9370,0.9870,3.0060,1859.06,move_early
156.799372,11.9650,1.5170,3.0490,1860.14,move_early
156.814334,14.9620,1.0820,4.0670,1860.39,move_early
156.826861,12.5270,0.9060,3.4040,1861.06,move_early
156.843539,16.6780,0.8390,3.8590,1861.56,move_early
156.869364,25.8250,0.8190,3.0140,1862.09,move_early
156.890010,20.6460,1.1520,3.5170,1862.78,move_early
156.906961,16.9510,1.3860,3.6560,1863.57,move_early
156.979417,72.4560,1.0350,3.3500,1864.24,move_early
157.028820,49.4030,1.0540,4.1270,1867.50,move_early
157.043128,14.3080,1.2850,3.3430,1869.73,move_early
157.056287,13.1590,1.2180,3.5570,1870.02,move_early
157.067424,11.1370,1.0440,3.4530,1870.54,move_early
157.082027,14.6030,0.9570,3.0570,1870.98,move_early
157.095602,13.5750,0.9080,3.0120,1871.42,move_early
157.107486,11.8840,0.8470,3.0180,1871.87,move_early
157.117940,10.4540,0.8790,3.0090,1872.31,move_early
157.136758,18.8180,0.8730,3.0220,1872.76,move_early
157.183841,47.0830,0.8510,3.0380,1873.41,move_early
157.203801,19.9600,0.9090,3.0150,1875.68,move_early
157.218544,14.7430,1.3260,3.0260,1876.46,move_early
157.231507,12.9630,1.1400,4.3370,1877.36,move_early
157.243565,12.0580,0.9390,3.3460,1877.87,move_early
157.265179,21.6140,0.8580,3.2540,1878.35,move_early
157.306381,41.2020,0.9150,3.0640,1879.02,move_early
157.333004,26.6230,0.8640,3.2960,1880.20,move_early
157.347414,14.4100,0.8710,3.0120,1881.60,move_early
157.417631,70.2170,0.9420,3.0510,1882.39,move_early
157.437621,19.9900,0.8730,3.0410,1885.01,move_early
157.456160,18.5390,1.1250,3.0220,1885.78,move_early
157.467494,11.3340,0.8610,3.0490,1886.86,move_early
157.481338,13.8440,0.8870,4.0580,1887.06,move_early
157.493753,12.4150,0.7810,3.2970,1887.85,move_early
157.505302,11.5490,0.8180,3.2750,1888.35,move_early
157.521913,16.6110,0.8000,3.0460,1888.81,move_early
157.534867,12.9540,0.8670,3.0290,1889.47,move_early
157.584538,49.6710,0.7720,3.0490,1890.00,move_early
157.599523,14.9850,0.7760,3.0110,1891.32,move_early
157.619092,19.5690,0.8140,3.0470,1891.99,move_early
157.635807,16.7150,0.8630,3.3070,1892.71,move_early
157.649849,14.0420,0.7740,3.0390,1893.43,move_early
157.669468,19.6190,0.7730,3.2470,1894.15,move_early
157.686024,16.5560,0.9080,3.0180,1894.88,move_early
157.699031,13.0070,0.8360,3.2940,1895.60,move_early
157.717751,18.7200,0.8480,3.2530,1896.27,move_early
157.734226,16.4750,0.8660,3.0020,1896.98,move_early
157.756406,22.1800,0.8220,3.2660,1897.65,move_early
157.771393,14.9870,0.8340,4.1250,1898.37,move_early
157.813518,42.1250,0.7630,3.0250,1899.06,move_early
157.823595,10.0770,0.8300,3.0260,1900.81,move_early
157.865171,41.5760,0.8140,3.0220,1901.54,move_early
157.903115,37.9440,0.8360,3.2370,1902.71,move_early
157.938801,35.6860,0.9530,3.2450,1904.08,move_early
157.964956,26.1550,0.9890,3.0470,1905.50,move_early
157.977300,12.3440,0.9520,3.0360,1906.74,move_early
157.991520,14.2200,0.9440,3.0120,1907.71,move_early
158.001590,10.0700,0.8900,3.0050,1908.26,move_early
158.012888,11.2980,0.8400,4.1430,1908.66,move_early
158.023977,11.0890,0.7830,3.0330,1909.11,move_early
158.038634,14.6570,0.8210,3.0000,1909.55,move_early
158.050921,12.2870,0.7860,3.3190,1910.15,move_early
158.077490,26.5690,0.8040,3.2350,1910.64,move_early
158.148488,70.9980,1.0850,3.0250,1911.31,move_early
158.167988,19.5000,1.1580,3.0530,1914.29,move_early
158.178543,10.5550,1.4550,3.6990,1915.06,move_early
158.199137,20.5940,1.0460,3.0330,1915.74,move_early
158.222901,23.7640,0.9120,3.7550,1916.39,move_early
158.269295,46.3940,1.0860,3.5240,1917.24,move_early
158.282480,13.1850,1.2090,3.0540,1918.78,move_early
158.303640,21.1600,1.4170,3.0190,1919.67,move_early
158.317661,14.0210,1.0150,4.4880,1920.39,move_early
158.342935,25.2740,0.9820,3.8170,1921.25,move_early
158.408382,65.4470,0.8940,3.3860,1922.14,move_early
158.425857,17.4750,1.0260,3.3090,1924.39,move_early
158.438459,12.6020,1.3190,3.0010,1925.66,move_early
158.450207,11.7480,1.0750,3.0280,1926.14,move_early
158.512117,61.9100,0.7960,3.0120,1926.39,move_early
158.529762,17.6450,0.8730,3.0140,1928.80,move_early
158.540446,10.6840,1.2070,3.0000,1929.81,move_early
158.550308,9.8620,1.1570,3.0340,1929.88,move_early
158.580487,30.1790,0.8310,4.8690,1930.28,move_early
158.593976,13.4890,0.8930,3.0490,1931.25,move_early
158.614227,20.2510,1.8380,2.9990,1931.92,move_early
158.641806,27.5790,1.1680,4.1820,1932.58,move_early
158.652821,11.0150,1.0480,3.3100,1933.73,move_early
158.704554,51.7330,0.9620,3.0320,1934.56,move_early
158.715780,11.2260,0.8690,3.0030,1936.18,move_early
158.733155,17.3750,1.3440,3.2970,1937.06,move_early
158.752381,19.2260,0.8630,3.0070,1937.73,move_early
158.770550,18.1690,1.0020,3.3080,1938.62,move_early
158.841317,70.7670,0.8160,3.0330,1939.43,move_early
158.899774,58.4570,0.8920,3.0050,1941.73,move_early
158.918477,18.7030,1.1380,3.0150,1944.32,move_early
158.935901,17.4240,1.3340,5.3170,1945.06,move_early
158.949910,14.0090,1.0160,3.0230,1945.73,move_early
158.961896,11.9860,0.9100,3.3370,1946.39,move_early
158.972121,10.2250,0.7790,3.4310,1947.07,move_early
158.991011,18.8900,0.7740,3.0260,1947.48,move_early
159.008216,17.2050,0.7930,2.9820,1948.15,move_early
159.059186,50.9700,0.7720,3.2250,1948.82,move_early
159.072427,13.2410,0.8180,3.0050,1950.37,move_early
159.091220,18.7930,1.4160,3.2120,1951.04,move_early
159.105857,14.6370,1.0140,3.0290,1951.71,move_early
159.122075,16.2180,0.9800,3.0060,1952.39,move_early
159.142277,20.2020,0.8110,4.1360,1953.06,move_early
159.160089,17.8120,0.8830,3.0310,1953.73,move_early
159.214463,54.3740,1.1520,3.0150,1954.39,move_early
159.294088,79.6250,0.8170,3.0100,1956.86,move_early
159.313307,19.2190,1.0230,3.2240,1960.11,move_early
159.324140,10.8330,1.6510,3.0290,1961.06,move_early
159.342051,17.9110,1.0530,2.9990,1961.23,move_early
159.353015,10.9640,0.7610,3.0430,1961.96,move_early
159.368518,15.5030,0.9350,2.9900,1962.38,move_early
159.384642,16.1240,0.7570,3.2480,1962.83,move_early
159.404002,19.3600,0.7430,3.9800,1963.32,move_early
159.413691,9.6890,0.8170,4.0240,1964.10,move_early
159.430963,17.2720,0.8500,3.2320,1964.63,move_early
159.446639,15.6760,0.7070,3.0150,1965.21,move_early
159.457680,11.0410,0.8040,3.8930,1965.79,move_early
159.518919,61.2390,0.7670,2.9890,1966.36,move_early
159.538470,19.5510,0.8120,3.2020,1969.03,move_early
159.601381,62.9110,0.9010,3.2380,1969.81,move_early
159.619648,18.2670,0.8020,3.0230,1972.35,move_early
159.637558,17.9100,1.0530,3.0230,1973.40,move_early
159.660856,23.2980,0.8890,2.9760,1974.13,move_early
159.714277,53.4210,1.1060,3.2730,1974.72,move_early
159.743507,29.2300,0.8740,4.3710,1976.85,move_early
159.757386,13.8790,0.9250,3.1920,1978.19,move_early
159.771984,14.5980,0.9890,2.9810,1978.91,move_early
159.786301,14.3170,0.8020,3.9730,1979.16,move_early
159.799081,12.7800,0.9440,2.9770,1979.99,move_early
159.811273,12.1920,0.9810,2.9840,1980.61,move_early
159.822876,11.6030,1.1650,3.8700,1981.04,move_early
159.833333,10.4570,0.7160,3.2870,1981.50,move_early
159.849744,16.4110,0.7360,3.0290,1981.93,move_early
159.865018,15.2740,0.7960,3.2440,1982.59,move_early
159.877682,12.6640,0.7460,2.9950,1983.20,move_early
159.890642,12.9600,0.7910,3.0130,1983.71,move_early
159.904983,14.3410,0.7400,2.9820,1984.22,move_early
159.973495,68.5120,0.8230,2.9900,1984.78,move_early
160.048958,75.4630,0.9700,2.9730,1987.06,move_early
160.071566,22.6080,1.2990,3.0060,1990.31,move_early
160.084117,12.5510,1.4800,2.9920,1991.15,move_early
160.094488,10.3710,0.8810,2.9900,1991.73,move_early
160.112843,18.3550,0.9760,3.2380,1992.03,move_early
160.123741,10.8980,0.7240,3.0120,1992.70,move_early
160.138930,15.1890,0.8050,2.9920,1993.37,move_early
160.151054,12.1240,0.7140,2.9990,1994.03,move_early
160.231214,80.1600,0.7420,3.6670,1994.64,move_early
160.245394,14.1800,0.8010,4.5300,1997.57,move_early
160.257725,12.3310,1.2550,3.0260,1998.39,move_early
160.277515,19.7900,1.0060,4.1070,1998.59,move_early
160.295102,17.5870,0.8430,3.9500,1999.36,move_early
160.312484,17.3820,0.7710,3.4010,2000.03,move_early
160.334207,21.7230,0.7880,3.0300,2000.70,move_early
160.401101,66.8940,0.7830,3.2030,2001.36,move_early
160.424024,22.9230,0.7900,3.2340,2004.36,move_early
160.438275,14.2510,1.1170,3.2630,2005.24,move_early
160.448407,10.1320,0.8820,4.0600,2006.13,move_early
160.461491,13.0840,0.8160,3.2230,2006.39,move_early
160.472016,10.5250,0.7580,2.9820,2007.06,move_early
160.539007,66.9910,0.7920,2.9680,2007.48,move_early
160.558497,19.4900,0.7500,5.2310,2009.73,move_early
160.571307,12.8100,0.9630,3.0290,2010.62,move_early
160.583680,12.3730,0.8690,3.2020,2011.46,move_early
160.595732,12.0520,0.7970,2.9790,2011.95,move_early
160.606168,10.4360,0.7960,3.2100,2012.43,move_early
160.626065,19.8970,0.7180,3.0040,2012.85,move_early
160.643283,17.2180,0.7590,3.8680,2013.52,move_early
160.654487,11.2040,1.0250,4.1220,2014.18,move_early
160.706184,51.6970,0.7850,3.0150,2014.79,move_early
160.718330,12.1460,0.7720,2.9900,2016.22,move_early
160.796228,77.8980,1.1010,2.9820,2016.89,move_early
160.808002,11.7740,0.9720,2.9640,2020.16,move_early
160.819259,11.2570,1.1100,3.0040,2020.61,move_early
160.828599,9.3400,1.2840,4.4440,2021.06,move_early
160.841201,12.6020,0.7660,3.0000,2021.73,move_early
160.853896,12.6950,0.7180,3.9420,2022.23,move_early
160.870758,16.8620,0.8780,3.2240,2022.76,move_early
160.886110,15.3520,0.7600,3.0160,2023.32,move_early
160.897329,11.2190,0.9320,2.9830,2023.89,move_early
160.908086,10.7570,0.7440,2.9750,2024.47,move_early
160.930660,22.5740,0.7550,4.0660,2024.92,move_early
160.941084,10.4240,0.7920,3.0060,2025.48,move_early
160.951899,10.8150,0.8290,3.2770,2026.02,move_early
160.973246,21.3470,0.7440,3.0020,2026.58,move_early
160.983102,9.8560,0.9250,3.2380,2027.13,move_early
160.999753,16.6510,0.8110,3.1950,2027.73,move_early
161.016422,16.6690,0.7570,2.9840,2028.27,move_early
161.081141,64.7190,0.7280,3.0140,2028.83,move_early
161.134719,53.5780,0.8310,2.9800,2031.55,move_early
161.171704,36.9850,1.1230,4.0720,2033.68,move_early
161.183222,11.5180,1.0280,3.2020,2035.18,move_early
161.194136,10.9140,1.1600,3.0120,2035.73,move_early
161.220211,26.0750,0.6850,3.2080,2036.03,move_early
161.240217,20.0060,0.7180,3.0210,2037.06,move_early
161.257377,17.1600,1.1030,3.0040,2037.73,move_early
161.277989,20.6120,1.0040,2.9930,2038.39,move_early
161.288638,10.6490,0.7970,3.2360,2039.08,move_early
161.299482,10.8440,1.1670,2.9860,2039.82,move_early
161.315796,16.3140,0.7200,2.9600,2040.48,move_early
161.343350,27.5540,0.7060,4.3810,2041.15,move_early
161.353853,10.5030,0.7030,3.1880,2041.88,move_early
161.371504,17.6510,0.7510,3.9710,2042.55,move_early
161.387510,16.0060,0.7080,2.9700,2043.22,move_early
161.400142,12.6320,0.7220,3.2320,2043.88,move_early
161.414961,14.8190,0.7410,3.1840,2044.55,move_early
161.428460,13.4990,0.7340,2.9740,2045.20,move_early
161.439141,10.6810,0.7610,2.9880,2045.75,move_early
161.493591,54.4500,1.0010,3.0200,2046.16,move_early
161.507703,14.1120,0.7360,2.9890,2047.72,move_early
161.575424,67.7210,1.1270,2.9800,2048.58,move_early
161.604837,29.4130,0.7860,3.0140,2051.06,move_early
161.663045,58.2080,1.7470,3.0000,2052.39,move_early
161.674692,11.6470,1.1500,4.3310,2054.50,move_early
161.688975,14.2830,1.1080,3.2330,2055.28,move_early
161.702424,13.4490,0.8820,2.9880,2055.83,move_early
161.719353,16.9290,0.8370,2.9540,2056.39,move_early
161.732593,13.2400,0.8070,2.9850,2057.07,move_early
161.746147,13.5540,0.8320,3.1780,2057.73,move_early
161.807670,61.5230,0.7160,3.2460,2058.40,move_early
161.827948,20.2780,0.7850,3.2210,2060.28,move_early
161.842181,14.2330,1.1010,3.9480,2061.28,move_early
161.854299,12.1180,0.9540,2.9710,2062.28,move_early
161.873118,18.8190,0.7520,2.9620,2062.77,move_early
161.889649,16.5310,0.7470,3.9910,2063.52,move_early
161.901839,12.1900,0.7290,3.8510,2064.19,move_early
161.922336,20.4970,0.7930,2.9810,2064.68,move_early
161.932477,10.1410,0.6800,3.0150,2065.44,move_early
161.949186,16.7090,0.7300,2.9760,2065.90,move_early
161.962558,13.3720,0.7100,2.9910,2066.58,move_early
161.973275,10.7170,0.7220,2.9650,2067.09,move_early
162.022177,48.9020,0.7390,3.2180,2067.54,move_early
162.039474,17.2970,0.9970,3.0070,2068.84,move_early
162.053727,14.2530,0.9300,2.9760,2069.86,move_early
162.068216,14.4890,0.8630,2.9670,2070.42,move_early
162.091938,23.7220,0.7530,3.9860,2071.30,move_early
162.102942,11.0040,0.8350,2.9770,2072.14,move_early
162.120171,17.2290,0.7260,2.9820,2072.71,move_early
162.151330,31.1590,0.6750,2.9580,2073.40,move_early
162.163617,12.2870,0.8140,5.2970,2074.39,move_early
162.176332,12.7150,0.9670,2.9670,2075.15,move_early
162.186820,10.4880,0.7870,3.7820,2075.65,move_early
162.198822,12.0020,0.7100,3.2080,2076.06,move_early
162.208073,9.2510,0.6800,3.2660,2076.54,move_early
162.222251,14.1780,0.6900,3.7770,2076.91,move_early
162.236166,13.9150,0.7030,2.9940,2077.36,move_early
162.300126,63.9600,0.7300,3.0130,2077.83,move_early
162.318130,18.0040,0.7640,2.9870,2080.32,move_early
162.337460,19.3300,1.2350,2.9750,2081.06,move_early
162.390551,53.0910,1.0840,2.9630,2082.10,move_early
162.406209,15.6580,0.8190,3.7320,2083.60,move_early
162.423403,17.1940,1.1830,2.9540,2084.80,move_early
162.437965,14.5620,1.1130,3.1900,2085.55,move_early
162.448681,10.7160,0.9050,4.1070,2086.13,move_early
162.460773,12.0920,0.7910,3.0030,2086.54,move_early
162.474477,13.7040,0.7430,3.1580,2087.03,move_early
162.489830,15.3530,0.8130,2.9600,2087.57,move_early
162.531120,41.2900,0.7460,3.0040,2088.19,move_early
162.547786,16.6660,0.7860,3.1740,2089.21,move_early
162.605972,58.1860,0.9900,3.2170,2089.87,move_early
162.620671,14.6990,0.9900,2.9670,2092.39,move_early
162.633643,12.9720,1.0460,3.0050,2093.42,move_early
162.645953,12.3100,0.9030,2.9900,2093.94,move_early
162.656439,10.4860,0.8060,3.0060,2094.39,move_early
162.711347,54.9080,0.7130,3.0110,2094.84,move_early
162.729114,17.7670,0.7500,2.9590,2096.78,move_early
162.739466,10.3520,1.2590,4.3010,2097.73,move_early
162.754908,15.4420,0.7890,3.0060,2097.84,move_early
162.764252,9.3440,0.6940,2.9700,2098.45,move_early
162.774433,10.1810,0.6700,3.8610,2098.82,move_early
162.789929,15.4960,0.7210,2.9900,2099.24,move_early
162.799610,9.6810,0.7760,2.9490,2099.73,move_early
162.816648,17.0380,0.7750,3.8940,2100.17,move_early
162.831827,15.1790,0.6790,2.9950,2100.62,move_early
162.901620,69.7930,0.7270,3.1910,2101.21,move_early
162.923270,21.6500,0.8440,3.9550,2104.39,move_early
162.938413,15.1430,1.3960,3.0140,2105.23,move_early
162.956113,17.7000,1.1370,2.9890,2106.16,move_early
162.969779,13.6660,0.8630,3.0240,2106.53,move_early
162.980586,10.8070,1.0040,5.1400,2107.37,move_early
162.999060,18.4740,0.7180,3.2460,2107.82,move_early
163.009876,10.8160,0.7240,3.0230,2108.58,move_early
163.021081,11.2050,0.8700,2.9940,2108.98,move_early
163.031194,10.1130,0.6850,2.9990,2109.43,move_early
163.072004,40.8100,0.7240,3.7730,2109.84,move_early
163.081782,9.7780,0.7530,2.9740,2110.82,move_early
163.092427,10.6450,0.8300,2.9750,2111.48,move_early
163.110574,18.1470,0.7780,3.9550,2112.15,move_early
163.130353,19.7790,1.0280,2.9790,2112.76,move_early
163.145255,14.9020,0.8000,2.9590,2113.43,move_early
163.158597,13.3420,0.8190,3.2020,2114.07,move_early
163.169959,11.3620,0.8000,3.1440,2114.69,move_early
163.182124,12.1650,0.7210,3.9000,2115.30,move_early
163.193229,11.1050,0.6990,2.9770,2115.91,move_early
163.204279,11.0500,0.7280,2.9780,2116.32,move_early
163.217651,13.3720,0.6960,3.2130,2116.76,move_early
163.271836,54.1850,0.6750,3.0020,2117.30,move_early
163.355274,83.4380,0.7840,4.2900,2118.84,move_early
163.372254,16.9800,1.0930,2.9930,2122.39,move_early
163.385861,13.6070,1.5200,2.9970,2123.17,move_early
163.397733,11.8720,0.8520,2.9890,2123.73,move_early
163.408985,11.2520,0.7340,2.9820,2124.39,move_early
163.420434,11.4490,0.6980,2.9990,2124.95,move_early
163.463600,43.1660,0.6540,3.1520,2125.40,move_early
163.474313,10.7130,0.6840,2.9900,2126.49,move_early
163.489424,15.1110,0.8980,3.2140,2127.16,move_early
163.505868,16.4440,0.7440,3.0050,2127.91,move_early
163.573341,67.4730,0.7750,2.9990,2128.65,move_early
163.589738,16.3970,0.8180,4.3080,2131.06,move_early
163.608028,18.2900,1.2870,2.9720,2131.89,move_early
163.620032,12.0040,1.1760,2.9470,2132.93,move_early
163.630358,10.3260,0.8350,2.9380,2133.40,move_early
163.643370,13.0120,0.8870,2.9880,2133.81,move_early
163.658347,14.9770,0.7560,3.9210,2134.33,move_early
163.670751,12.4040,0.7270,2.9540,2134.93,move_early
163.680439,9.6880,0.8360,3.2160,2135.42,move_early
163.699553,19.1140,0.6560,2.9840,2135.81,move_early
163.714020,14.4670,0.7020,3.8660,2136.47,move_early
163.727919,13.8990,0.9090,3.4270,2137.14,move_early
163.767512,39.5930,0.7180,4.3800,2137.69,move_early
163.802205,34.6930,0.7150,3.6190,2138.66,move_early
163.816244,14.0390,0.9680,2.9930,2140.37,move_early
163.829885,13.6410,0.9110,4.2910,2140.91,move_early
163.842478,12.5930,0.7620,2.9980,2141.79,move_early
163.853635,11.1570,0.6530,2.9960,2141.98,move_early
163.870228,16.5930,0.6760,3.0070,2142.65,move_early
163.883098,12.8700,0.7220,3.3470,2143.31,move_early
163.898630,15.5320,0.6770,2.9810,2143.73,move_early
163.910352,11.7220,0.7460,2.9890,2144.20,move_early
163.929186,18.8340,0.7130,3.0180,2144.68,move_early
163.981778,52.5920,0.8450,2.9800,2145.18,move_early
163.998107,16.3290,0.9470,3.2050,2147.54,move_early
164.014684,16.5770,0.7540,2.9870,2148.39,move_early
164.025691,11.0070,0.8960,3.2130,2149.19,move_early
164.091293,65.6020,0.9580,3.8750,2149.29,move_early
164.108581,17.2880,0.7350,2.9760,2151.73,move_early
164.126020,17.4390,1.0710,3.0000,2152.62,move_early
164.141516,15.4960,0.9080,4.3580,2153.65,move_early
164.159632,18.1160,0.8980,2.9840,2154.26,move_early
164.169527,9.8950,0.7140,2.9830,2154.98,move_early
164.240070,70.5430,0.7280,4.0570,2155.37,move_early
164.263399,23.3290,0.6900,2.9760,2157.73,move_early
164.276374,12.9750,1.0210,2.9940,2158.84,move_early
164.289045,12.6710,1.2270,3.2140,2159.65,move_early
164.358059,69.0140,0.7220,2.9580,2160.16,move_early
164.377997,19.9380,0.7820,2.9900,2162.39,move_early
164.388587,10.5900,1.2900,3.1710,2163.41,move_early
164.399460,10.8730,0.9690,4.0960,2164.17,move_early
164.415594,16.1340,0.9040,3.1510,2164.73,move_early
164.440598,25.0040,1.1270,2.9930,2165.47,move_early
164.459617,19.0190,2.0190,2.9830,2166.39,move_early
164.477373,17.7560,1.9380,3.3280,2166.98,move_early
164.498004,20.6310,0.7180,2.9510,2167.64,move_early
164.509305,11.3010,0.8440,2.9630,2168.31,move_early
164.527579,18.2740,0.7710,2.9760,2168.96,move_early
164.551812,24.2330,0.6900,2.9450,2169.62,move_early
164.563327,11.5150,0.7300,3.2070,2170.29,move_early
164.574996,11.6690,0.7410,2.9620,2170.96,move_early
164.598841,23.8450,0.8520,3.1920,2171.58,move_early
164.609680,10.8390,0.6740,2.9670,2172.25,move_early
164.620568,10.8880,0.8200,2.9640,2172.92,move_early
164.665873,45.3050,0.6980,4.2890,2173.42,move_early
164.676252,10.3790,0.6760,2.9830,2174.60,move_early
164.722904,46.6520,0.9680,3.1930,2175.32,move_early
164.743105,20.2010,0.8540,2.9800,2176.92,move_early
164.754327,11.2220,1.4050,3.8610,2177.73,move_early
164.770642,16.3150,0.9760,3.1720,2178.39,move_early
164.799566,28.9240,0.7160,2.9680,2179.28,move_early
164.811376,11.8100,0.7660,3.2210,2180.17,move_early
164.828173,16.7970,1.2050,2.9500,2181.06,move_early
164.839541,11.3680,0.7700,2.9470,2181.74,move_early
164.849135,9.5940,1.0230,3.7510,2182.17,move_early
164.864766,15.6310,0.6920,2.9700,2182.22,move_early
164.881899,17.1330,0.6870,2.9560,2182.84,move_early
164.900442,18.5430,0.7170,2.9660,2183.29,move_early
164.911262,10.8200,0.7400,4.2010,2183.94,move_early
164.922131,10.8690,0.6610,2.9730,2184.38,move_early
164.945571,23.4400,0.6680,3.7310,2184.83,move_early
164.957340,11.7690,0.7570,2.9780,2185.79,move_early
164.968052,10.7120,0.9310,2.9510,2186.45,move_early
165.012563,44.5110,0.7010,2.9610,2187.12,move_early
165.039955,27.3920,0.8360,2.9810,2188.45,move_early
165.053699,13.7440,0.8640,2.9760,2189.57,move_early
165.064563,10.8640,1.0440,2.9570,2190.39,move_early
165.074055,9.4920,0.7830,2.9910,2191.06,move_early
165.096077,22.0220,0.7370,2.9680,2191.55,move_early
165.110678,14.6010,0.6800,2.9610,2192.39,move_early
165.137539,26.8610,0.7050,2.9600,2193.02,move_early
165.156642,19.1030,0.7020,2.9590,2193.68,move_early
165.167077,10.4350,0.8110,2.9840,2194.35,move_early
165.179720,12.6430,0.7860,4.0870,2195.02,move_early
165.189519,9.7990,0.6760,3.2160,2195.68,move_early
165.204506,14.9870,0.7200,2.9710,2196.19,move_early
165.218577,14.0710,0.8960,3.9940,2196.78,move_early
165.231718,13.1410,0.7570,2.9610,2197.06,move_early
165.281591,49.8730,0.6540,2.9730,2197.63,move_early
165.300603,19.0120,1.0180,2.9300,2199.54,move_early
165.310777,10.1740,0.7770,2.9870,2200.39,move_early
165.326661,15.8840,0.7510,2.9520,2200.69,move_early
165.348262,21.6010,0.6140,2.9680,2201.32,move_early
165.358408,10.1460,0.6910,3.1910,2201.99,move_early
165.377623,19.2150,0.7860,3.1600,2202.65,move_early
165.402417,24.7940,0.7760,3.0050,2203.32,move_early
165.413233,10.8160,0.6770,3.7340,2204.05,move_early
165.429976,16.7430,0.9260,3.2080,2204.72,move_early
165.440535,10.5590,0.7700,2.9460,2205.38,move_early
165.460083,19.5480,0.7420,4.3300,2206.05,move_early
165.473778,13.6950,0.7520,2.9670,2206.72,move_early
165.486957,13.1790,0.8600,3.8570,2207.38,move_early
165.499655,12.6980,0.7240,3.2140,2208.00,move_early
165.511011,11.3560,0.7180,3.2720,2208.39,move_early
165.531258,20.2470,0.6610,2.9860,2209.01,move_early
165.545443,14.1850,0.7040,3.0000,2209.62,move_early
165.557000,11.5570,0.7400,2.9470,2210.23,move_early
165.618318,61.3180,0.7190,2.9770,2210.84,move_early
165.635618,17.3000,0.6730,3.8730,2213.03,move_early
165.664042,28.4240,1.0290,3.1580,2213.73,move_early
165.674997,10.9550,1.0440,2.9770,2215.06,move_early
165.691118,16.1210,0.7800,2.9640,2215.26,move_early
165.710100,18.9820,0.6930,3.1680,2215.93,move_early
165.722977,12.8770,1.0440,2.9810,2216.60,move_early
165.740174,17.1970,0.9440,4.9790,2217.27,move_early
165.761925,21.7510,0.7890,3.2110,2217.93,move_early
165.772429,10.5040,0.8380,2.9880,2218.60,move_early
165.843987,71.5580,0.8180,2.9870,2219.27,move_early
165.857608,13.6210,0.7140,3.1940,2221.73,move_early
165.898112,40.5040,0.8110,2.9330,2222.57,move_early
165.958255,60.1430,0.7600,3.7770,2223.90,move_early
166.017948,59.6930,0.8000,3.2110,2226.32,move_early
166.034118,16.1700,1.2060,3.2220,2229.02,move_early
166.058551,24.4330,1.0000,2.9780,2229.73,move_early
166.073500,14.9490,1.0260,4.0910,2230.63,move_early
166.089146,15.6460,0.9350,3.7450,2231.21,move_early
166.103197,14.0510,0.7890,2.9510,2232.04,move_early
166.120534,17.3370,0.8710,2.9650,2232.72,move_early
166.130371,9.8370,0.7480,2.9480,2233.41,move_early
166.140555,10.1840,0.6850,3.9390,2233.80,move_early
166.151917,11.3620,0.6570,2.9630,2234.22,move_early
166.172516,20.5990,0.9500,3.1530,2234.67,move_early
166.191976,19.4600,0.7400,3.1720,2235.33,move_early
166.204598,12.6220,0.9480,2.9910,2236.00,move_early
166.223257,18.6590,0.6960,2.9750,2236.67,move_early
166.236111,12.8540,0.7160,3.1790,2237.28,move_early
166.247843,11.7320,0.8250,3.1660,2237.89,move_early
166.264855,17.0120,0.7680,2.9940,2238.50,move_early
166.280217,15.3620,0.8150,4.0860,2239.11,move_early
166.356005,75.7880,0.7400,2.9420,2239.73,move_early
166.382067,26.0620,1.1220,3.1370,2242.39,move_early
166.452641,70.5740,1.2920,4.0580,2243.58,move_early
166.476157,23.5160,1.1080,2.9500,2246.39,move_early
166.487066,10.9090,1.2880,3.9150,2247.67,move_early
166.529152,42.0860,0.9900,2.9310,2247.74,move_early
166.553846,24.6940,0.7150,3.1800,2249.48,move_early
166.567208,13.3620,1.1120,3.2070,2250.65,move_early
166.579126,11.9180,1.0620,4.0820,2251.29,move_early
166.591409,12.2830,0.7700,2.9340,2251.75,move_early
166.603448,12.0390,0.6660,3.8580,2252.24,move_early
166.619771,16.3230,0.6620,2.9520,2252.73,move_early
166.630343,10.5720,0.7040,2.9610,2253.38,move_early
166.678568,48.2250,0.6680,2.9300,2253.80,move_early
166.693026,14.4580,0.7010,2.9680,2255.09,move_early
166.740461,47.4350,0.8510,2.9800,2255.75,move_early
166.758109,17.6480,0.9100,2.9600,2257.57,move_early
166.774770,16.6610,0.9590,2.9440,2258.39,move_early
166.792859,18.0890,0.7480,2.9700,2259.06,move_early
166.804106,11.2470,0.7920,2.9230,2259.95,move_early
166.815085,10.9790,0.8490,2.9700,2260.76,move_early
166.830354,15.2690,0.7720,4.0590,2261.20,move_early
166.845626,15.2720,0.7220,3.1520,2261.80,move_early
166.862964,17.3380,0.7070,3.2130,2262.42,move_early
166.883853,20.8890,0.6600,2.9300,2263.14,move_early
166.896120,12.2670,0.9480,3.2230,2263.90,move_early
166.909023,12.9030,0.7020,2.9430,2264.43,move_early
166.942690,33.6670,0.6270,2.9520,2264.95,move_early
166.957937,15.2470,0.7810,2.9530,2265.70,move_early
166.974192,16.2550,1.1940,2.9840,2266.37,move_early
166.988818,14.6260,1.0600,2.9850,2267.03,move_early
167.001348,12.5300,0.8440,3.1650,2267.70,move_early
167.012225,10.8770,0.8520,3.1440,2268.31,move_early
167.023995,11.7700,0.6890,2.9790,2268.92,move_early
167.088916,64.9210,0.6710,2.9550,2269.53,move_early
167.131611,42.6950,0.6330,3.8640,2271.73,move_early
167.182307,50.6960,1.1560,2.9580,2273.57,move_early
167.247802,65.4950,1.0520,4.0030,2275.60,move_early
167.266889,19.0870,1.0970,3.1570,2277.91,move_early
167.287151,20.2620,1.3190,2.9570,2279.28,move_early
167.302911,15.7600,0.9550,3.8790,2279.76,move_early
167.312483,9.5720,0.7910,3.1590,2280.39,move_early
167.334810,22.3270,0.7410,3.1890,2281.09,move_early
167.353744,18.9340,0.7340,2.9580,2281.89,move_early
167.367742,13.9980,0.9080,2.9800,2282.67,move_early
167.394804,27.0620,0.8010,4.0870,2283.32,move_early
167.414255,19.4510,0.7030,2.9750,2284.07,move_early
167.425732,11.4770,0.7640,2.9540,2285.06,move_early
167.439606,13.8740,0.9520,3.1850,2285.63,move_early
167.503462,63.8560,0.6990,2.9600,2286.18,move_early
167.543048,39.5860,0.6720,2.9780,2288.39,move_early
167.561745,18.6970,0.7590,3.1760,2290.03,move_early
167.576578,14.8330,1.0150,2.9460,2291.06,move_early
167.596207,19.6290,0.9570,2.9630,2291.34,move_early
167.610055,13.8480,0.8280,2.9900,2292.13,move_early
167.624101,14.0460,1.0990,2.9530,2292.80,move_early
167.642188,18.0870,0.7900,2.9350,2293.46,move_early
167.657871,15.6830,0.9440,4.1030,2294.13,move_early
167.727477,69.6060,0.8090,3.1650,2294.80,move_early
167.748167,20.6900,0.7680,3.1840,2297.42,move_early
167.758667,10.5000,1.2160,4.1090,2298.39,move_early
167.767851,9.1840,0.7890,3.1840,2298.60,move_early
167.789359,21.5080,0.6320,2.9580,2298.97,move_early
167.800130,10.7710,0.6960,3.1980,2299.73,move_early
167.869362,69.2320,0.7410,3.2090,2300.17,move_early
167.902398,33.0360,0.6570,2.9280,2303.06,move_early
167.923454,21.0560,0.9620,2.9570,2304.42,move_early
167.945483,22.0290,1.1540,2.9900,2305.23,move_early
167.955476,9.9930,0.8410,4.0550,2306.09,move_early
167.970467,14.9910,0.7600,2.9770,2306.47,move_early
167.982577,12.1100,0.6620,3.2020,2307.14,move_early
167.992920,10.3430,0.7370,3.2070,2307.81,move_early
168.003260,10.3400,0.6900,2.9660,2308.32,move_early
168.012966,9.7060,0.6320,2.9510,2308.71,move_early
168.027565,14.5990,0.6220,2.9440,2309.11,move_early
168.039261,11.6960,0.6630,2.9350,2309.61,move_early
168.108893,69.6320,0.7320,2.9470,2310.11,move_early
168.136929,28.0360,0.6950,3.1670,2312.39,move_early
168.151865,14.9360,1.0020,3.1470,2313.79,move_early
168.164091,12.2260,0.9600,3.2040,2314.68,move_early
168.175849,11.7580,0.7840,3.7330,2315.06,move_early
168.187461,11.6120,0.7690,3.2000,2315.29,move_early
168.245771,58.3100,0.6510,3.9840,2315.79,move_early
168.258610,12.8390,0.6700,2.9820,2318.11,move_early
168.268713,10.1030,0.8150,2.9770,2318.60,move_early
168.284377,15.6640,0.6470,2.9650,2319.33,move_early
168.298714,14.3370,0.6320,3.2210,2319.96,move_early
168.311915,13.2010,0.6810,3.7170,2320.54,move_early
168.329408,17.4930,0.7190,2.9450,2321.07,move_early
168.344659,15.2510,0.6300,2.9390,2321.77,move_early
168.357893,13.2340,0.7150,2.9780,2322.35,move_early
168.423800,65.9070,0.7000,3.2170,2322.91,move_early
168.436896,13.0960,0.8990,2.9350,2325.06,move_early
168.450756,13.8600,1.1520,2.9860,2325.77,move_early
168.480376,29.6200,0.9160,2.9290,2326.63,move_early
168.500042,19.6660,0.7850,4.7430,2327.80,move_early
168.512351,12.3090,1.0580,2.9660,2328.64,move_early
168.526023,13.6720,1.0050,2.9680,2329.09,move_early
168.600859,74.8360,0.7520,3.2070,2329.63,move_early
168.626681,25.8220,0.6950,3.2140,2332.36,move_early
168.640566,13.8850,1.2320,3.2170,2333.35,move_early
168.690095,49.5290,0.9100,2.9840,2333.91,move_early
168.702575,12.4800,0.7720,2.9660,2335.55,move_early
168.747892,45.3170,0.8360,2.9520,2336.71,move_early
168.758381,10.4890,0.9540,2.9630,2338.04,move_early
168.770659,12.2780,0.8900,4.2870,2338.92,move_early
168.780072,9.4130,0.6470,2.9700,2339.42,move_early
168.799638,19.5660,0.6190,3.1920,2339.79,move_early
168.816273,16.6350,0.6130,2.9430,2340.59,move_early
168.826440,10.1670,0.6840,2.9400,2341.24,move_early
168.846904,20.4640,0.6370,2.9730,2341.67,move_early
168.866115,19.2110,0.6790,3.9680,2342.33,move_early
168.934047,67.9320,0.7070,3.1150,2343.00,move_early
168.957344,23.2970,0.8710,3.1940,2345.67,move_early
169.017311,59.9670,1.0090,2.9380,2346.57,move_early
169.033351,16.0400,0.8060,3.8130,2348.97,move_early
169.045305,11.9540,0.7990,2.9710,2349.94,move_early
169.057540,12.2350,0.7780,4.1610,2350.40,move_early
169.105327,47.7870,0.6660,2.9870,2350.56,move_early
169.119420,14.0930,0.6710,2.9770,2352.39,move_early
169.184744,65.3240,0.9190,2.9890,2353.06,move_early
169.196282,11.5380,0.6800,2.9250,2355.68,move_early
169.213672,17.3900,0.9600,2.9380,2356.39,move_early
169.225810,12.1380,0.8000,2.9970,2357.15,move_early
169.243814,18.0040,0.8490,3.2110,2357.29,move_early
169.255646,11.8320,0.6500,2.9700,2357.96,move_early
169.274639,18.9930,0.6710,2.9260,2358.62,move_early
169.291581,16.9420,0.6890,3.1650,2359.29,move_early
169.309225,17.6440,0.6670,2.9840,2359.96,move_early
169.321621,12.3960,0.6880,4.9810,2360.62,move_early
169.338901,17.2800,0.6940,2.9840,2361.29,move_early
169.369430,30.5290,0.6850,2.9630,2361.96,move_early
169.384284,14.8540,0.7580,3.2140,2362.76,move_early
169.397039,12.7550,1.2290,2.9520,2363.42,move_early
169.408367,11.3280,0.8300,2.9550,2364.09,move_early
169.424151,15.7840,0.7100,3.7620,2364.70,move_early
169.440073,15.9220,0.7220,2.9350,2365.31,move_early
169.454188,14.1150,0.7010,3.8610,2365.92,move_early
169.468363,14.1750,0.7330,2.9410,2366.53,move_early
169.479545,11.1820,0.6250,2.9560,2367.06,move_early
169.494357,14.8120,0.6770,2.9540,2367.67,move_early
169.509059,14.7020,0.6240,3.1960,2368.28,move_early
169.531056,21.9970,0.7390,3.7430,2368.89,move_early
169.544133,13.0770,0.6630,2.9190,2369.51,move_early
169.556647,12.5140,0.6960,2.9680,2370.12,move_early
169.649604,92.9570,0.6610,2.9480,2370.73,move_early
169.671254,21.6500,0.7210,5.1200,2374.29,move_early
169.682254,11.0000,1.0960,2.9760,2375.12,move_early
169.695893,13.6390,0.7850,2.9710,2375.73,move_early
169.720648,24.7550,0.6350,3.1950,2376.39,move_early
169.730418,9.7700,0.6000,3.8500,2377.23,move_early
169.747326,16.9080,0.7320,2.9300,2377.80,move_early
169.765409,18.0830,0.5880,3.8500,2378.48,move_early
169.811400,45.9910,0.6720,2.9570,2379.21,move_early
169.821788,10.3880,0.7250,3.2100,2380.40,move_early
169.832545,10.7570,0.7290,2.9330,2381.16,move_early
169.845150,12.6050,0.7910,2.9210,2381.89,move_early
169.860788,15.6380,0.6800,4.3030,2382.39,move_early
169.874395,13.6070,0.6110,2.9520,2383.02,move_early
169.940070,65.6750,0.6230,2.9410,2383.56,move_early
170.017158,77.0880,0.6640,2.9160,2385.73,move_early
170.031600,14.4420,1.2670,2.9680,2389.00,move_early
170.050999,19.3990,1.0410,2.9760,2389.73,move_early
170.067934,16.9350,0.8790,2.9480,2390.39,move_early
170.079878,11.9440,1.0300,2.9630,2391.06,move_early
170.092116,12.2380,0.7250,2.9630,2391.79,move_early
170.108765,16.6490,0.7450,2.9850,2392.28,move_early
170.177912,69.1470,0.7210,4.9830,2392.95,move_early
170.196485,18.5730,0.8440,2.9420,2395.43,move_early
170.208797,12.3120,1.0220,2.9790,2396.39,move_early
170.226000,17.2030,0.8720,3.9030,2396.61,move_early
170.238888,12.8880,0.6860,2.9290,2397.31,move_early
170.257177,18.2890,0.7470,2.9760,2397.97,move_early
170.274994,17.8170,0.6360,3.1540,2398.64,move_early
170.287717,12.7230,0.6770,3.1310,2399.31,move_early
170.333168,45.4510,0.6720,2.9240,2399.97,move_early
170.493791,160.6230,0.6490,2.9240,2405.53,move_early
170.505938,12.1470,0.7190,2.9390,2407.06,move_early
170.516583,10.6450,1.2010,5.0060,2407.19,move_early
170.535813,19.2300,0.8970,2.9430,2407.59,move_early
170.549414,13.6010,0.6570,3.1440,2408.37,move_early
170.561601,12.1870,0.8860,2.9380,2408.81,move_early
170.581610,20.0090,0.6420,2.9330,2409.06,move_early
170.656964,75.3540,0.6590,2.9950,2409.86,move_early
170.681590,24.6260,0.7410,2.9840,2413.06,move_early
170.691657,10.0670,1.0060,2.9520,2414.39,move_early
170.701146,9.4890,0.9430,2.9590,2414.59,move_early
170.721320,20.1740,0.6820,4.8810,2414.97,move_early
170.737819,16.4990,0.6350,2.9540,2415.73,move_early
170.757077,19.2580,0.6760,3.1760,2416.17,move_early
170.809073,51.9960,0.6170,2.9270,2416.87,move_early
170.820812,11.7390,0.6850,2.9510,2419.06,move_early
170.830963,10.1510,1.0580,2.9790,2419.77,move_early
170.845326,14.3630,0.6010,3.3400,2420.49,move_early
170.854989,9.6630,0.6170,2.9710,2421.07,move_early
170.872310,17.3210,0.6240,2.9520,2421.46,move_early
170.886554,14.2440,0.8110,3.1830,2422.12,move_early
170.898462,11.9080,0.6360,3.7550,2422.72,move_early
170.923822,25.3600,0.8270,2.9680,2423.19,move_early
170.939244,15.4220,0.6500,2.9250,2423.85,move_early
170.956517,17.2730,0.9550,2.9520,2424.52,move_early
170.981551,25.0340,0.6580,2.9380,2425.19,move_early
170.991634,10.0830,0.6780,2.9570,2425.85,move_early
171.006597,14.9630,0.6820,4.2200,2426.52,move_early
171.025180,18.5830,0.6720,2.9680,2427.18,move_early
171.079924,54.7440,0.6200,2.9630,2427.85,move_early
171.091844,11.9200,0.9140,3.7640,2430.13,move_early
171.108199,16.3550,0.7340,3.2970,2430.93,move_early
171.118542,10.3430,0.6310,2.9610,2431.59,move_early
171.133334,14.7920,0.6640,2.9580,2432.00,move_early
171.184442,51.1080,0.6750,2.9450,2432.58,move_early
171.205637,21.1950,0.6500,2.9360,2433.98,move_early
171.224631,18.9940,0.7510,2.9240,2434.82,move_early
171.238937,14.3060,0.6440,3.1870,2435.65,move_early
171.251160,12.2230,0.6790,2.9490,2436.39,move_early
171.312891,61.7310,0.6350,2.9160,2437.21,move_early
171.381758,68.8670,0.6660,4.2580,2439.47,move_early
171.397833,16.0750,0.9990,2.9290,2442.25,move_early
171.412411,14.5780,1.0280,2.9520,2443.06,move_early
171.427349,14.9380,0.8470,2.9360,2443.73,move_early
171.443976,16.6270,0.8980,3.9550,2444.39,move_early
171.461917,17.9410,0.9280,2.9670,2445.04,move_early
171.476325,14.4080,0.7660,2.9800,2445.71,move_early
171.486090,9.7650,0.7410,3.1830,2446.32,move_early
171.530256,44.1660,0.7010,3.1100,2446.76,move_early
171.540991,10.7350,0.7950,2.9340,2447.84,move_early
171.566569,25.5780,0.9300,4.2940,2448.51,move_early
171.595764,29.1950,0.8020,2.9490,2449.30,move_early
171.670177,74.4130,1.1260,2.9550,2450.48,move_early
171.687958,17.7810,1.3350,2.9590,2453.73,move_early
171.705897,17.9390,1.0380,3.1660,2454.46,move_early
171.780587,74.6900,0.7290,2.9600,2455.16,move_early
171.797431,16.8440,0.7530,3.2080,2458.20,move_early
171.813113,15.6820,1.0710,3.1350,2459.19,move_early
171.826739,13.6260,0.9310,4.1090,2459.73,move_early
171.843371,16.6320,0.7060,2.9770,2460.05,move_early
171.894877,51.5060,1.3090,2.9350,2460.71,move_early
171.910032,15.1550,0.7420,2.9290,2462.74,move_early
171.926181,16.1490,1.1280,2.9650,2463.33,move_early
171.964752,38.5710,0.7220,2.9510,2464.22,move_early
172.013420,48.6680,0.6940,2.9450,2465.22,move_early
172.024433,11.0130,0.8470,2.9580,2467.49,move_early
172.040283,15.8500,0.8910,2.9450,2467.91,move_early
172.053553,13.2700,0.8310,2.9450,2468.54,move_early
172.114557,61.0040,0.6880,2.9770,2469.06,move_early
172.130632,16.0750,0.6940,3.9180,2471.53,move_early
172.140592,9.9600,0.7850,4.1050,2472.39,move_early
172.155294,14.7020,0.6750,2.9600,2472.54,move_early
172.170277,14.9830,0.6110,2.9660,2473.13,move_early
172.195494,25.2170,0.6440,2.9330,2473.73,move_early
172.212908,17.4140,0.6590,2.9420,2474.43,move_early
172.227278,14.3700,0.8490,2.9680,2475.13,move_early
172.239384,12.1060,0.6960,3.9630,2475.79,move_early
172.258816,19.4320,0.7340,3.2050,2476.46,move_early
172.300746,41.9300,0.6550,2.9470,2477.13,move_early
172.316255,15.5090,0.6060,2.9670,2478.62,move_early
172.330116,13.8610,0.6960,2.9440,2479.42,move_early
172.374701,44.5850,0.6570,2.9460,2480.20,move_early
172.390236,15.5350,0.6110,2.9470,2481.58,move_early
172.404307,14.0710,0.8110,3.9370,2482.39,move_early
172.416158,11.8510,0.6830,2.9950,2483.06,move_early
172.432733,16.5750,0.6980,2.9690,2483.73,move_early
172.443154,10.4210,0.7890,3.1800,2484.56,move_early
172.504330,61.1760,0.7420,2.9410,2484.99,move_early
172.524172,19.8420,0.6930,2.9430,2487.06,move_early
172.537729,13.5570,1.0810,3.1180,2488.06,move_early
172.558611,20.8820,0.9080,2.9470,2488.78,move_early
172.570786,12.1750,0.8090,2.9260,2489.60,move_early
172.582586,11.8000,0.7380,2.9680,2490.08,move_early
172.601623,19.0370,0.6840,2.9740,2490.56,move_early
172.620450,18.8270,0.6580,2.9510,2491.32,move_early
172.636228,15.7780,0.7140,2.9250,2492.07,move_early
172.672837,36.6090,0.7410,4.0310,2492.70,move_early
172.685553,12.7160,0.6670,2.9500,2493.73,move_early
172.698345,12.7920,0.7660,2.9840,2494.47,move_early
172.708854,10.5090,0.8300,3.9320,2495.19,move_early
172.719157,10.3030,0.6830,2.9450,2495.62,move_early
172.757579,38.4220,0.6370,2.9870,2496.03,move_early
172.814447,56.8680,0.6740,2.9520,2496.91,move_early
172.827799,13.3520,0.7820,2.9450,2499.57,move_early
172.838106,10.3070,1.2510,2.9360,2500.39,move_early
172.850819,12.7130,0.8320,2.9790,2500.45,move_early
172.867247,16.4280,0.7530,2.9500,2500.96,move_early
172.878114,10.8670,0.6010,3.1620,2501.61,move_early
172.893230,15.1160,0.6470,3.2060,2501.73,move_early
172.906652,13.4220,0.6970,2.9370,2502.32,move_early
172.927708,21.0560,0.7450,2.9610,2502.87,move_early
172.945206,17.4980,0.8040,4.9560,2503.72,move_early
172.955253,10.0470,0.8320,2.9570,2504.42,move_early
172.968328,13.0750,0.8500,2.9610,2505.09,move_early
172.987681,19.3530,0.6710,2.9520,2505.75,move_early
172.997935,10.2540,0.8210,2.9600,2506.42,move_early
173.007699,9.7640,0.7790,2.9830,2507.09,move_early
173.024546,16.8470,0.6500,2.9400,2507.56,move_early
173.045079,20.5330,0.6670,2.9690,2508.22,move_early
173.055711,10.6320,0.8210,2.9710,2508.89,move_early
173.097096,41.3850,0.7970,2.9630,2509.48,move_early
173.109595,12.4990,0.6750,3.7730,2510.47,move_early
173.119405,9.8100,0.6950,2.9610,2511.14,move_early
173.162021,42.6160,0.6580,2.9550,2511.81,move_early
173.210283,48.2620,0.6660,2.9800,2513.08,move_early
173.225343,15.0600,0.8410,2.9730,2515.05,move_early
173.255881,30.5380,1.0480,3.9730,2515.73,move_early
173.270772,14.8910,0.7730,2.9630,2516.83,move_early
173.340923,70.1510,0.7650,3.8670,2517.73,move_early
173.361404,20.4810,0.6480,3.1870,2520.39,move_early
173.374554,13.1500,1.1070,2.9840,2521.73,move_early
173.392404,17.8500,1.0320,2.9460,2521.94,move_early
173.408347,15.9430,0.8400,3.6580,2522.63,move_early
173.419532,11.1850,0.7270,2.9510,2523.26,move_early
173.428998,9.4660,0.7160,2.9430,2523.70,move_early
173.505772,76.7740,0.6440,2.9850,2524.14,move_early
173.516473,10.7010,0.6480,2.9560,2527.06,move_early
173.532162,15.6890,1.0070,4.3150,2527.73,move_early
173.577889,45.7270,0.7020,2.9760,2528.54,move_early
173.647891,70.0020,0.6270,3.4420,2529.87,move_early
173.667048,19.1570,0.9950,2.9840,2532.90,move_early
173.705844,38.7960,1.1160,2.9680,2533.73,move_early
173.719208,13.3640,0.8450,2.9570,2535.28,move_early
173.746346,27.1380,0.8040,2.9680,2535.73,move_early
173.771085,24.7390,0.6740,3.9680,2537.06,move_early
173.781629,10.5440,0.7670,2.9700,2538.12,move_early
173.797193,15.5640,0.7780,3.2010,2538.52,move_early
173.865885,68.6920,0.6500,2.9520,2539.14,move_early
173.879347,13.4620,0.6200,2.9470,2541.58,move_early
173.891165,11.8180,0.7750,2.9470,2542.39,move_early
173.910342,19.1770,0.6970,2.9510,2542.56,move_early
173.920334,9.9920,0.6160,2.9710,2543.33,move_early
173.935377,15.0430,0.6170,3.2090,2543.73,move_early
173.961403,26.0260,0.5990,2.9810,2544.17,move_early
174.042748,81.3450,0.7600,2.9860,2545.05,move_early
174.108341,65.5930,0.7920,2.9960,2548.39,move_early
174.131234,22.8930,1.3570,2.9830,2551.32,move_early
174.149692,18.4580,1.1760,4.1890,2552.39,move_early
174.166981,17.2890,0.9160,2.9490,2553.06,move_early
174.180546,13.5650,0.8020,2.9770,2553.73,move_early
174.244048,63.5020,0.6410,3.2230,2554.47,move_early
174.263191,19.1430,0.6470,3.1490,2556.39,move_early
174.274866,11.6750,1.0000,2.9830,2557.39,move_early
174.341797,66.9310,0.7480,2.9290,2558.24,move_early
174.368442,26.6450,0.6470,3.9460,2560.32,move_early
174.387395,18.9530,1.1710,2.9730,2561.66,move_early
174.399891,12.4960,0.8250,3.2150,2562.76,move_early
174.474974,75.0830,0.7870,2.9470,2563.26,move_early
174.490747,15.7730,0.7250,2.9770,2565.65,move_early
174.506890,16.1430,1.0820,2.9860,2566.91,move_early
174.516522,9.6320,0.8960,2.9540,2567.54,move_early
174.531670,15.1480,0.7390,2.9510,2567.73,move_early
174.541575,9.9050,0.7200,2.9730,2568.51,move_early
174.567433,25.8580,0.5960,2.9830,2568.91,move_early
174.578222,10.7890,0.7270,4.3380,2569.58,move_early
174.587668,9.4460,0.9890,2.9710,2570.25,move_early
174.616838,29.1700,0.6460,2.9930,2570.77,move_early
174.626788,9.9500,0.7460,2.9850,2571.43,move_early
174.696946,70.1580,0.6730,2.9830,2572.10,move_early
174.708213,11.2670,0.6920,3.8730,2574.83,move_early
174.722426,14.2130,0.8990,2.9910,2575.26,move_early
174.737044,14.6180,0.7920,2.9590,2575.81,move_early
174.751200,14.1560,0.7030,2.9640,2576.40,move_early
174.850238,99.0380,0.5990,3.2230,2577.07,move_early
174.862555,12.3170,0.6510,3.1720,2580.99,move_early
174.926296,63.7410,1.0420,2.9600,2581.73,move_early
174.939489,13.1930,0.7150,5.0350,2584.08,move_early
174.956087,16.5980,1.2410,2.9860,2584.53,move_early
174.971809,15.7220,0.8430,2.9600,2585.18,move_early
175.029332,57.5230,0.7280,2.9700,2585.79,move_early
175.048416,19.0840,0.6130,2.9570,2588.12,move_early
175.060813,12.3970,0.9180,3.8760,2589.06,move_early
175.071833,11.0200,0.7400,2.9470,2589.35,move_early
175.083495,11.6620,0.6040,2.9640,2589.78,move_early
175.092962,9.4670,0.6090,3.1880,2590.25,move_early
175.107992,15.0300,0.6580,4.2730,2590.64,move_early
175.119095,11.1030,0.7000,3.7720,2591.08,move_early
175.129484,10.3890,0.6700,2.9860,2591.53,move_early
175.138931,9.4470,0.6080,2.9200,2591.97,move_early
175.187698,48.7670,0.7170,2.9830,2592.42,move_early
175.234049,46.3510,0.6690,2.9630,2594.10,move_early
175.248612,14.5630,0.7100,2.9540,2596.29,move_early
175.259842,11.2300,0.7550,2.9670,2597.20,move_early
175.278844,19.0020,0.6580,4.0190,2597.31,move_early
175.294418,15.5740,0.6010,3.7870,2598.08,move_early
175.312795,18.3770,0.6790,2.9500,2598.74,move_early
175.325991,13.1960,0.6350,3.8660,2599.41,move_early
175.340934,14.9430,0.6610,2.9450,2600.08,move_early
175.387535,46.6010,0.6560,2.9620,2600.74,move_early
175.403494,15.9590,0.6430,2.9500,2602.10,move_early
175.415977,12.4830,0.7560,3.2260,2602.85,move_early
175.427421,11.4440,0.7790,4.3200,2603.58,move_early
175.438809,11.3880,0.6600,2.9700,2604.31,move_early
175.447922,9.1130,0.7090,3.7590,2604.80,move_early
175.461838,13.9160,0.6250,2.9580,2605.16,move_early
175.471641,9.8030,0.6460,2.9600,2605.75,move_early
175.481888,10.2470,1.0350,2.9830,2606.12,move_early
175.492232,10.3440,0.8160,2.9530,2606.53,move_early
175.508037,15.8050,0.6740,3.1520,2606.93,move_early
175.523025,14.9880,0.6400,2.9640,2607.38,move_early
175.579730,56.7050,0.6750,2.9460,2607.82,move_early
175.628439,48.7090,0.9030,3.1520,2610.15,move_early
175.645530,17.0910,1.0060,2.9830,2612.10,move_early
175.662812,17.2820,0.9500,2.9680,2613.06,move_early
175.676930,14.1180,0.7300,4.2440,2613.77,move_early
175.738478,61.5480,0.6930,3.1780,2613.99,move_early
175.754441,15.9630,0.6860,2.9560,2616.39,move_early
175.766566,12.1250,0.7900,3.2000,2617.11,move_early
175.778355,11.7890,0.7150,3.2260,2617.93,move_early
175.790379,12.0240,0.7440,3.2140,2618.05,move_early
175.800391,10.0120,0.6440,2.9800,2618.72,move_early
175.814694,14.3030,0.7150,2.9740,2619.27,move_early
175.834669,19.9750,0.6720,2.9500,2619.85,move_early
175.856234,21.5650,0.7230,3.1530,2620.51,move_early
175.922416,66.1820,0.8050,2.9620,2621.18,move_early
175.938188,15.7720,0.7970,3.8360,2623.73,move_early
175.984206,46.0180,0.8040,3.0010,2624.52,move_early
176.003820,19.6140,1.1380,4.2730,2626.04,move_early
176.017449,13.6290,1.2080,2.9940,2627.37,move_early
176.027700,10.2510,0.8940,2.9760,2627.95,move_early
176.041407,13.7070,0.6740,3.1630,2628.03,move_early
176.053376,11.9690,0.7380,2.9930,2628.69,move_early
176.104652,51.2760,0.6030,3.0120,2629.36,move_early
176.122141,17.4890,0.6520,2.9940,2630.78,move_early
176.163662,41.5210,0.7850,2.9440,2631.56,move_early
176.185912,22.2500,0.7160,3.7790,2633.50,move_early
176.199491,13.5790,0.9160,2.9960,2634.70,move_early
176.211829,12.3380,0.7300,2.9820,2635.24,move_early
176.223295,11.4660,0.6310,4.0920,2635.73,move_early
176.234442,11.1470,0.7270,3.1540,2636.18,move_early
176.243850,9.4080,0.6080,2.9520,2636.63,move_early
176.261594,17.7440,0.6330,2.9810,2637.00,move_early
176.276398,14.8040,0.6120,2.9680,2637.44,move_early
176.339698,63.3000,0.7430,3.7740,2637.89,move_early
176.405415,65.7170,0.6670,2.9960,2640.39,move_early
176.428180,22.7650,0.8100,2.9870,2643.06,move_early
176.441132,12.9520,0.9020,3.2360,2644.06,move_early
176.497751,56.6190,0.8930,3.0030,2644.57,move_early
176.515622,17.8710,0.7550,3.1640,2646.89,move_early
176.527987,12.3650,1.1020,2.9750,2647.91,move_early
176.543710,15.7230,0.8540,4.3390,2648.03,move_early
176.573497,29.7870,0.5980,2.9810,2648.68,move_early
176.591087,17.5900,0.8640,3.1710,2649.53,move_early
176.671215,80.1280,0.6720,3.1600,2650.23,move_early
176.687589,16.3740,0.7010,2.9640,2653.73,move_early
176.701326,13.7370,1.1300,2.9490,2654.43,move_early
176.712270,10.9440,0.7750,3.1780,2655.06,move_early
176.726086,13.8160,0.6410,2.9520,2655.73,move_early
176.735775,9.6890,0.6080,3.8730,2656.29,move_early
176.745641,9.8660,0.5770,3.2230,2656.68,move_early
176.799943,54.3020,0.6280,4.0740,2657.08,move_early
176.873914,73.9710,0.6760,2.9620,2658.65,move_early
176.885930,12.0160,1.2740,2.9590,2661.73,move_early
176.902945,17.0150,0.9630,2.9830,2662.39,move_early
176.914974,12.0290,0.9220,3.9030,2663.06,move_early
176.924937,9.9630,0.6370,2.9770,2663.73,move_early
176.935500,10.5630,0.6210,3.7500,2664.25,move_early
176.953463,17.9630,0.7860,2.9560,2664.69,move_early
176.963576,10.1130,0.9220,2.9750,2665.35,move_early
176.982634,19.0580,0.7140,2.9580,2665.79,move_early
177.013615,30.9810,0.6190,2.9630,2666.46,move_early
177.098908,85.2930,0.6810,2.9390,2667.15,move_early
177.123899,24.9910,0.8300,2.9760,2670.94,move_early
177.198041,74.1420,1.1340,4.2150,2671.90,move_early
177.220598,22.5570,0.8340,2.9820,2674.90,move_early
177.234498,13.9000,1.0760,3.2330,2676.12,move_early
177.254274,19.7760,0.8920,3.8190,2676.39,move_early
177.267370,13.0960,0.6160,2.9410,2677.10,move_early
177.309541,42.1710,0.8430,3.9820,2677.94,move_early
177.345308,35.7670,0.7390,2.9610,2679.06,move_early
177.361640,16.3320,0.9770,4.9840,2680.42,move_early
177.414382,52.7420,0.7920,2.9540,2681.42,move_early
177.431125,16.7430,0.7800,2.9940,2683.20,move_early
177.440953,9.8280,0.9020,3.1510,2684.52,move_early
177.452687,11.7340,0.7300,3.0150,2684.56,move_early
177.465789,13.1020,0.6510,3.1750,2685.04,move_early
177.477582,11.7930,0.7390,2.9730,2685.56,move_early
177.488722,11.1400,0.6610,2.9780,2685.73,move_early
177.498683,9.9610,0.6690,3.1480,2686.14,move_early
177.516899,18.2160,0.7160,2.9460,2686.54,move_early
177.528469,11.5700,0.8090,2.9580,2687.28,move_early
177.541682,13.2130,0.8100,2.9560,2687.82,move_early
177.562111,20.4290,0.6140,2.9870,2688.35,move_early
177.589291,27.1800,0.6070,2.9670,2689.09,move_early
177.602407,13.1160,0.8630,2.9770,2690.50,move_early
177.617776,15.3690,0.7470,3.7540,2691.06,move_early
177.633104,15.3280,0.7080,3.1860,2691.95,move_early
177.687855,54.7510,0.6580,3.2120,2692.57,move_early
177.700287,12.4320,0.6420,2.9710,2694.17,move_early
177.721259,20.9720,1.1540,2.9960,2695.06,move_early
177.733209,11.9500,1.0020,2.9670,2695.73,move_early
177.748802,15.5930,0.9030,3.7820,2696.58,move_early
177.762214,13.4120,0.6460,2.9650,2697.20,move_early
177.780767,18.5530,0.6560,3.2740,2697.74,move_early
177.790502,9.7350,0.6690,3.2260,2698.49,move_early
177.810290,19.7880,0.6850,2.9800,2698.87,move_early
177.841204,30.9140,0.5810,3.2210,2699.54,move_early
177.850845,9.6410,0.7260,3.2270,2700.24,move_early
177.860756,9.9110,0.6690,3.0090,2700.91,move_early
177.875736,14.9800,0.6520,4.3490,2701.57,move_early
177.889164,13.4280,0.5950,2.9950,2702.24,move_early
177.903116,13.9520,0.6280,2.9720,2702.81,move_early
177.915439,12.3230,0.6460,3.0000,2703.37,move_early
177.927553,12.1140,0.7100,2.9880,2703.88,move_early
177.965125,37.5720,0.7130,3.8800,2704.36,move_early
178.030252,65.1270,0.7310,2.9600,2705.21,move_early
178.043317,13.0650,0.8500,2.9950,2708.17,move_early
178.055299,11.9820,0.9920,2.9610,2708.65,move_early
178.067933,12.6340,0.6200,3.0000,2709.13,move_early
178.081757,13.8240,0.6940,3.7300,2709.73,move_early
178.096885,15.1280,0.6520,3.2140,2710.39,move_early
178.115825,18.9400,0.6400,4.1170,2711.06,move_early
178.130569,14.7440,0.6150,2.9780,2711.73,move_early
178.197466,66.8970,0.7940,4.9870,2712.39,move_early
178.222838,25.3720,0.6560,3.2210,2714.84,move_early
178.235733,12.8950,0.8720,2.9750,2715.86,move_early
178.247330,11.5970,0.8950,3.0000,2716.69,move_early
178.258297,10.9670,0.6840,3.2570,2717.14,move_early
178.269639,11.3420,0.5930,2.9610,2717.58,move_early
178.288623,18.9840,0.6950,2.9940,2718.03,move_early
178.300364,11.7410,0.6870,3.1770,2718.70,move_early
178.313164,12.8000,0.6740,2.9680,2719.26,move_early
178.349668,36.5040,0.5880,2.9930,2719.77,move_early
178.362811,13.1430,0.6310,2.9810,2720.57,move_early
178.382021,19.2100,0.6740,3.0090,2721.24,move_early
178.394235,12.2140,0.6690,2.9680,2721.90,move_early
178.406706,12.4710,0.6850,3.8140,2722.57,move_early
178.473527,66.8210,0.6220,4.3500,2723.18,move_early
178.543303,69.7760,0.6870,2.9560,2725.73,move_early
178.556446,13.1430,1.1400,2.9910,2728.39,move_early
178.575250,18.8040,0.9280,2.9840,2729.18,move_early
178.590176,14.9260,0.7360,3.0020,2729.93,move_early
178.658090,67.9140,0.6200,3.1740,2730.52,move_early
178.680665,22.5750,0.6900,3.2280,2733.06,move_early
178.698584,17.9190,0.9980,3.2360,2734.39,move_early
178.710875,12.2910,1.0650,4.8630,2735.19,move_early
178.722910,12.0350,0.6340,2.9580,2735.35,move_early
178.739902,16.9920,0.6260,2.9860,2735.84,move_early
178.754225,14.3230,0.6710,2.9920,2736.51,move_early
178.805988,51.7630,0.7030,2.9860,2737.17,move_early
178.817309,11.3210,0.6280,2.9670,2738.85,move_early
178.827695,10.3860,1.0300,2.9800,2739.62,move_early
178.840465,12.7700,0.7230,2.9720,2740.37,move_early
178.851209,10.7440,0.7060,2.9820,2740.87,move_early
178.861287,10.0780,0.6640,3.1510,2741.29,move_early
178.877122,15.8350,0.6040,2.9660,2741.70,move_early
178.890281,13.1590,0.6260,3.2210,2742.33,move_early
178.936821,46.5400,0.6090,3.0230,2742.86,move_early
178.957125,20.3040,0.6270,3.0200,2744.11,move_early
178.973782,16.6570,1.0530,3.2290,2744.89,move_early
178.989998,16.2160,0.8750,4.2830,2745.56,move_early
179.000125,10.1270,0.7510,2.9730,2746.23,move_early
179.019839,19.7140,0.6330,3.2260,2746.91,move_early
179.034717,14.8780,0.5570,3.2430,2747.63,move_early
179.079217,44.5000,0.7150,2.9670,2748.30,move_early
179.122963,43.7460,0.6500,3.2330,2750.09,move_early
179.139306,16.3430,0.6960,2.9890,2751.86,move_early
179.196388,57.0820,0.7370,3.1520,2752.83,move_early
179.213202,16.8140,0.6810,3.1610,2754.48,move_early
179.224936,11.7340,0.9250,2.9780,2755.79,move_early
179.235922,10.9860,0.9000,2.9640,2755.94,move_early
179.247746,11.8240,0.7930,4.1170,2756.35,move_early
179.261692,13.9460,0.6070,2.9650,2756.82,move_early
179.275289,13.5970,0.6050,2.9410,2757.06,move_early
179.287502,12.2130,0.5930,2.9630,2757.59,move_early
179.303865,16.3630,0.6670,2.9550,2758.08,move_early
179.317265,13.4000,0.6150,2.9760,2758.75,move_early
179.332704,15.4390,0.8790,2.9460,2759.28,move_early
179.402697,69.9930,0.6620,3.1750,2759.91,move_early
179.421646,18.9490,0.7920,2.9460,2763.04,move_early
179.437385,15.7390,0.7640,3.2060,2763.81,move_early
179.448886,11.5010,0.8130,2.9700,2764.75,move_early
179.460440,11.5540,0.6550,2.9570,2765.06,move_early
179.473804,13.3640,0.6040,2.9640,2765.67,move_early
179.488689,14.8850,0.8440,2.9860,2766.20,move_early
179.503349,14.6600,0.6350,2.9440,2766.82,move_early
179.515554,12.2050,0.7230,4.1000,2767.41,move_early
179.528425,12.8710,0.7240,2.9810,2767.87,move_early
179.539145,10.7200,0.6240,2.9740,2768.39,move_early
179.574789,35.6440,0.6800,3.2250,2768.81,move_early
179.640860,66.0710,0.5680,2.9730,2769.58,move_early
179.657931,17.0710,0.7190,2.9560,2772.39,move_early
179.672346,14.4150,1.0720,2.9910,2773.24,move_early
179.685536,13.1900,0.6370,2.9530,2774.16,move_early
179.699440,13.9040,0.7400,2.9460,2774.39,move_early
179.710142,10.7020,0.6010,2.9670,2775.23,move_early
179.720931,10.7890,0.6370,2.9640,2775.65,move_early
179.736388,15.4570,0.5980,2.9460,2776.09,move_early
179.747496,11.1080,0.6810,2.9630,2776.72,move_early
179.789726,42.2300,0.7690,3.2120,2777.15,move_early
179.810283,20.5570,0.6740,2.9890,2778.21,move_early
179.820160,9.8770,0.8890,4.4840,2779.00,move_early
179.832621,12.4610,0.6740,2.9700,2779.67,move_early
179.851627,19.0060,0.6290,3.8840,2780.33,move_early
179.863024,11.3970,0.6200,2.9600,2780.98,move_early
179.872186,9.1620,0.6150,2.9720,2781.59,move_early
179.886056,13.8700,0.6390,3.2180,2782.13,move_early
179.896056,10.0000,0.6200,2.9670,2782.69,move_early
179.910396,14.3400,0.6290,3.0030,2783.06,move_early
179.946837,36.4410,0.6240,2.9760,2783.66,move_early
179.957197,10.3600,0.6510,2.9490,2784.49,move_early
179.975890,18.6930,0.8790,2.9960,2785.15,move_early
179.988608,12.7180,0.7380,2.9790,2785.82,move_early
180.001169,12.5610,0.7460,2.9690,2786.49,move_early
180.016118,14.9490,0.7170,3.9260,2787.15,move_early
180.028063,11.9450,0.6570,3.2160,2787.82,move_early
180.041167,13.1040,0.6700,3.7550,2788.38,move_early
180.107601,66.4340,0.6450,2.9820,2788.90,move_early
180.119476,11.8750,0.7600,4.2900,2791.06,move_early
180.131854,12.3780,1.0210,2.9530,2791.73,move_early
180.147737,15.8830,0.6990,4.1450,2792.53,move_early
180.158014,10.2770,0.7110,2.9440,2793.17,move_early
180.167649,9.6350,0.7130,3.1460,2793.57,move_early
180.181706,14.0570,0.5960,2.9810,2793.95,move_early
180.200039,18.3330,0.6830,2.9450,2794.53,move_early
180.209799,9.7600,0.6530,3.1770,2795.19,move_early
180.219671,9.8720,0.7770,2.9660,2795.65,move_early
180.230064,10.3930,0.6900,3.1450,2796.04,move_early
180.253494,23.4300,0.6470,2.9900,2796.45,move_early
180.296352,42.8580,0.6650,2.9530,2797.06,move_early
180.306320,9.9680,0.8560,3.1990,2798.45,move_early
180.321661,15.3410,0.7050,2.9690,2799.12,move_early
180.333722,12.0610,0.6260,2.9410,2799.78,move_early
180.345070,11.3480,0.7390,4.8200,2800.45,move_early
180.414577,69.5070,0.7080,2.9850,2801.06,move_early
180.430477,15.9000,0.7230,2.9710,2803.53,move_early
180.442213,11.7360,0.8910,2.9720,2804.39,move_early
180.452622,10.4090,0.7740,2.9420,2804.62,move_early
180.463505,10.8830,0.6520,3.0110,2805.02,move_early
180.476222,12.7170,0.6480,3.1680,2805.46,move_early
180.491839,15.6170,0.6370,2.9930,2805.73,move_early
180.502347,10.5080,0.6040,2.9860,2806.26,move_early
180.568221,65.8740,0.6480,2.9870,2806.69,move_early
180.588427,20.2060,0.8720,2.9500,2809.69,move_early
180.600842,12.4150,0.9570,3.2110,2810.48,move_early
180.613029,12.1870,0.8740,2.9910,2811.29,move_early
180.630570,17.5410,0.6360,4.0830,2811.73,move_early
180.641072,10.5020,0.7210,3.7460,2812.48,move_early
180.702327,61.2550,0.7210,2.9990,2812.90,move_early
180.715520,13.1930,0.6870,2.9510,2815.06,move_early
180.725371,9.8510,0.9510,3.1850,2815.73,move_early
180.774197,48.8260,0.6700,3.2330,2815.94,move_early
180.828775,54.5780,0.7030,2.9860,2817.58,move_early
180.847943,19.1680,0.8830,2.9890,2820.11,move_early
180.863349,15.4060,0.9960,2.9650,2821.06,move_early
180.878356,15.0070,0.6400,3.2350,2821.73,move_early
180.893646,15.2900,0.7850,4.1120,2822.05,move_early
180.944046,50.4000,0.6870,2.9640,2822.72,move_early
180.961763,17.7170,0.6460,3.0070,2824.37,move_early
180.972268,10.5050,0.7800,3.1610,2825.41,move_early
180.984663,12.3950,0.8780,2.9760,2826.14,move_early
181.003876,19.2130,0.6660,3.1860,2826.64,move_early
181.013903,10.0270,0.6360,2.9650,2827.42,move_early
181.023078,9.1750,0.6520,2.9960,2827.80,move_early
181.067278,44.2000,0.5770,2.9730,2828.17,move_early
181.093381,26.1030,0.6010,3.8390,2829.31,move_early
181.104046,10.6650,0.8900,2.9820,2830.67,move_early
181.117134,13.0880,0.7870,2.9640,2831.08,move_early
181.128469,11.3350,0.6090,2.9650,2831.93,move_early
181.164364,35.8950,0.5680,2.9840,2832.39,move_early
181.184953,20.5890,0.7000,3.9620,2833.16,move_early
181.198445,13.4920,0.6430,2.9620,2834.00,move_early
181.211344,12.8990,0.7960,3.0150,2834.78,move_early
181.228357,17.0130,0.6410,2.9770,2835.53,move_early
181.242144,13.7870,0.8200,2.9830,2836.27,move_early
181.254617,12.4730,0.6510,2.9990,2836.94,move_early
181.320745,66.1280,0.6460,2.9970,2837.43,move_early
181.336107,15.3620,0.6410,3.0150,2839.73,move_early
181.362893,26.7860,0.6820,3.9400,2840.39,move_early
181.377378,14.4850,0.6560,2.9640,2841.73,move_early
181.390838,13.4600,0.8000,3.2240,2842.02,move_early
181.405357,14.5190,0.7120,3.2420,2842.59,move_early
181.418959,13.6020,0.6670,3.9110,2843.25,move_early
181.432336,13.3770,0.6740,3.2060,2843.70,move_early
181.444657,12.3210,0.7070,5.2110,2844.20,move_early
181.460858,16.2010,0.6410,3.2070,2844.70,move_early
181.474348,13.4900,0.6590,2.9530,2845.20,move_early
181.520118,45.7700,0.6790,3.9310,2845.70,move_early
181.532672,12.5540,0.6550,3.2420,2847.73,move_early
181.545756,13.0840,1.0890,2.9440,2848.39,move_early
181.562078,16.3220,0.6850,2.9970,2849.06,move_early
181.573635,11.5570,0.6140,2.9530,2849.73,move_early
181.583749,10.1140,0.6130,2.9810,2850.20,move_early
181.595571,11.8220,0.6830,2.9830,2850.61,move_early
181.639793,44.2220,0.6340,2.9680,2851.07,move_early
181.657258,17.4650,0.6390,2.9750,2852.22,move_early
181.670446,13.1880,1.0240,3.8930,2852.91,move_early
181.738132,67.6860,0.8460,2.9650,2853.58,move_early
181.777110,38.9780,0.8480,2.9660,2856.39,move_early
181.799445,22.3350,1.0810,3.1930,2858.07,move_early
181.812244,12.7990,1.0390,4.3830,2859.06,move_early
181.824218,11.9740,0.8420,3.2030,2859.73,move_early
181.835452,11.2340,0.6710,2.9970,2859.89,move_early
181.846196,10.7440,0.6060,2.9920,2860.55,move_early
181.854954,8.7580,0.5740,3.2050,2861.09,move_early
181.868857,13.9030,0.5880,2.9930,2861.44,move_early
181.881288,12.4310,0.5750,2.9660,2861.89,move_early
181.925179,43.8910,0.6060,2.9830,2862.39,move_early
181.936549,11.3700,0.6840,2.9730,2863.63,move_early
181.952145,15.5960,0.9590,3.2330,2864.16,move_early
181.964811,12.6660,0.7250,2.9590,2864.71,move_early
181.982945,18.1340,0.6950,3.1830,2865.29,move_early
181.994920,11.9750,0.5800,2.9930,2865.90,move_early
182.011588,16.6680,0.6680,4.1030,2866.39,move_early
182.025869,14.2810,0.6080,3.2140,2867.07,move_early
182.038134,12.2650,0.7690,2.9850,2867.74,move_early
182.048980,10.8460,0.6360,2.9860,2868.40,move_early
182.061830,12.8500,0.9510,3.7390,2869.07,move_early
182.121871,60.0410,0.6170,2.9730,2869.73,move_early
182.158076,36.2050,0.6810,2.9790,2871.52,move_early
182.171262,13.1860,1.0020,3.7800,2872.95,move_early
182.183477,12.2150,1.1370,2.9820,2873.73,move_early
182.201167,17.6900,0.6640,3.9260,2874.60,move_early
182.213271,12.1040,0.6590,2.9590,2875.30,move_early
182.267037,53.7660,0.6240,2.9630,2875.80,move_early
182.280050,13.0130,0.6700,2.9720,2877.30,move_early
182.290247,10.1970,0.8380,3.2290,2878.26,move_early
182.300517,10.2700,0.6550,4.2630,2878.86,move_early
182.314426,13.9090,0.6810,3.8020,2879.27,move_early
182.327231,12.8050,0.6860,2.9410,2879.83,move_early
182.341011,13.7800,0.7220,2.9570,2880.33,move_early
182.361060,20.0490,0.6100,2.9930,2880.89,move_early
182.373574,12.5140,0.6530,2.9940,2881.56,move_early
182.385567,11.9930,0.6750,2.9860,2882.19,move_early
182.397498,11.9310,0.7050,3.8830,2882.67,move_early
182.408394,10.8960,0.5790,2.9560,2883.15,move_early
182.421153,12.7590,0.6120,2.9510,2883.58,move_early
182.433559,12.4060,0.5900,2.9990,2884.09,move_early
182.443942,10.3830,0.6680,3.8580,2884.59,move_early
182.472183,28.2410,0.5870,2.9490,2885.01,move_early
182.481718,9.5350,0.7280,2.9940,2885.51,move_early
182.497331,15.6130,0.6450,2.9680,2886.01,move_early
182.518737,21.4060,0.6410,2.9970,2886.51,move_early
182.529237,10.5000,0.6600,3.1800,2887.36,move_early
182.539593,10.3560,0.8190,3.7600,2887.89,move_early
182.554243,14.6500,0.7880,4.0710,2888.39,move_early
182.576114,21.8710,0.6970,3.4560,2888.93,move_early
182.587347,11.2330,0.8180,3.7720,2889.67,move_early
182.656032,68.6850,0.9050,2.9900,2890.21,move_early
182.676500,20.4680,0.8260,3.8600,2893.06,move_early
182.691189,14.6890,1.1840,3.2160,2894.02,move_early
182.704829,13.6400,0.9790,2.9460,2894.91,move_early
182.718699,13.8700,0.6800,2.9520,2895.12,move_early
182.767060,48.3610,0.7090,2.9510,2895.96,move_early
182.789233,22.1730,0.7050,2.9570,2897.32,move_early
182.832549,43.3160,1.0940,4.3210,2898.21,move_early
182.848988,16.4390,0.6810,3.2160,2900.26,move_early
182.858928,9.9400,0.9580,4.0910,2901.20,move_early
182.868358,9.4300,0.6180,2.9880,2901.27,move_early
182.884961,16.6030,0.6090,3.2190,2901.65,move_early
182.899574,14.6130,0.6480,2.9890,2902.32,move_early
182.913199,13.6250,0.6890,2.9800,2902.76,move_early
182.930819,17.6200,0.6310,2.9640,2903.26,move_early
182.941287,10.4680,0.6980,2.9630,2903.84,move_early
182.987679,46.3920,0.8070,2.9730,2904.38,move_early
183.010189,22.5100,0.5940,2.9440,2906.39,move_early
183.029261,19.0720,1.0040,2.9520,2907.36,move_early
183.042249,12.9880,0.7330,2.9610,2908.39,move_early
183.053906,11.6570,0.6760,3.0000,2908.61,move_early
183.070322,16.4160,0.6090,2.9780,2909.28,move_early
183.085140,14.8180,0.6140,3.8810,2909.94,move_early
183.095264,10.1240,0.6520,4.0720,2910.39,move_early
183.107255,11.9910,0.5780,3.1830,2910.83,move_early
183.118485,11.2300,0.6400,3.2180,2911.28,move_early
183.131259,12.7740,0.7370,2.9620,2911.72,move_early
183.142937,11.6780,0.6730,2.9970,2912.17,move_early
183.198566,55.6290,0.8130,3.0230,2912.63,move_early
183.224972,26.4060,0.6360,2.9380,2914.88,move_early
183.239439,14.4670,0.7770,2.9650,2915.94,move_early
183.251935,12.4960,0.8290,2.9440,2916.84,move_early
183.318343,66.4080,0.7890,2.9540,2917.33,move_early
183.336311,17.9680,0.6640,2.9980,2919.72,move_early
183.346769,10.4580,1.0610,2.9800,2920.39,move_early
183.357092,10.3230,0.7820,2.9460,2921.12,move_early
183.383200,26.1080,0.5880,4.8770,2921.20,move_early
183.400909,17.7090,0.6980,2.9630,2921.92,move_early
183.417842,16.9330,0.7020,2.9590,2922.62,move_early
183.441981,24.1390,0.6240,2.9370,2923.29,move_early
183.452050,10.0690,0.6100,2.9980,2924.26,move_early
183.461313,9.2630,0.6120,2.9430,2924.93,move_early
183.472670,11.3570,0.5890,2.9880,2925.59,move_early
183.534117,61.4470,0.6100,2.9630,2926.15,move_early
183.601325,67.2080,0.7000,2.9920,2928.34,move_early
183.623921,22.5960,1.1220,2.9910,2931.01,move_early
183.637029,13.1080,0.8750,2.9590,2931.90,move_early
183.652390,15.3610,0.8000,4.3460,2932.42,move_early
183.666218,13.8280,0.8390,2.9420,2933.06,move_early
183.683308,17.0900,0.6980,3.9530,2933.89,move_early
183.696366,13.0580,0.6340,3.2220,2934.58,move_early
183.708232,11.8660,0.5950,2.9750,2935.10,move_early
183.724352,16.1200,0.6230,2.9670,2935.57,move_early
183.747505,23.1530,0.5850,3.1630,2936.22,move_early
183.767288,19.7830,0.6550,2.9870,2936.89,move_early
183.784295,17.0070,0.6250,2.9490,2937.56,move_early
183.795338,11.0430,0.7580,2.9480,2938.22,move_early
183.813346,18.0080,0.5760,3.1670,2938.89,move_early
183.831459,18.1130,0.6910,2.9700,2939.50,move_early
183.843470,12.0110,0.6160,2.9750,2940.17,move_early
183.864259,20.7890,0.6160,2.9630,2940.78,move_early
183.875180,10.9210,0.5680,2.9620,2941.44,move_early
183.887106,11.9260,0.5970,2.9900,2942.06,move_early
183.899474,12.3680,0.5610,3.8790,2942.67,move_early
183.949050,49.5760,0.5930,5.0640,2943.06,move_early
183.971844,22.7940,0.6050,2.9540,2944.96,move_early
183.983355,11.5110,1.1300,3.2150,2945.81,move_early
183.996801,13.4460,0.7130,3.1910,2946.39,move_early
184.009382,12.5810,0.8760,2.9160,2947.13,move_early
184.023491,14.1090,0.7160,3.1610,2947.63,move_early
184.035948,12.4570,0.6350,2.9590,2948.20,move_early
184.102083,66.1350,0.6650,2.9580,2948.69,move_early
184.117755,15.6720,0.7210,2.9710,2951.04,move_early
184.140360,22.6050,0.9360,2.9340,2951.73,move_early
184.151571,11.2110,0.6310,3.1530,2952.84,move_early
184.164829,13.2580,0.6690,2.9700,2953.31,move_early
184.180209,15.3800,0.6370,2.9430,2953.85,move_early
184.198917,18.7080,0.7110,4.2760,2954.46,move_early
184.208047,9.1300,0.6230,3.8530,2955.20,move_early
184.227491,19.4440,0.6490,3.1510,2955.57,move_early
184.253400,25.9090,0.6040,3.9200,2956.23,move_early
184.324596,71.1960,0.6520,2.9250,2956.90,move_early
184.336595,11.9990,0.7510,2.9900,2959.73,move_early
184.346418,9.8230,0.9080,2.9520,2960.40,move_early
184.366093,19.6750,0.7160,2.9750,2961.12,move_early
184.381539,15.4460,0.6850,2.9420,2961.73,move_early
184.395744,14.2050,0.7610,2.9360,2962.51,move_early
184.406566,10.8220,0.6320,3.1540,2963.08,move_early
184.418811,12.2450,0.6270,3.8830,2963.51,move_early
184.484207,65.3960,0.6730,2.9620,2963.99,move_early
184.500337,16.1300,0.6310,2.9540,2966.31,move_early
184.517305,16.9680,0.8820,4.3040,2967.06,move_early
184.530281,12.9760,0.6670,3.2180,2967.94,move_early
184.549250,18.9690,0.5740,2.9660,2968.46,move_early
184.558926,9.6760,0.6390,2.9660,2969.24,move_early
184.574265,15.3390,0.7000,3.6240,2969.61,move_early
184.589787,15.5220,0.5610,2.9790,2970.22,move_early
184.614476,24.6890,0.5650,2.9450,2970.84,move_early
184.689202,74.7260,0.6690,3.2650,2971.51,move_early
184.700529,11.3270,0.6010,2.9300,2974.39,move_early
184.711351,10.8220,0.9240,2.9630,2975.06,move_early
184.722947,11.5960,0.7140,2.9390,2975.37,move_early
184.764130,41.1830,0.5810,4.0340,2975.83,move_early
184.784546,20.4160,0.6330,3.2710,2977.18,move_early
184.799903,15.3570,0.8960,3.2170,2978.02,move_early
184.844376,44.4730,0.6570,2.9290,2978.82,move_early
184.859872,15.4960,0.6890,3.1610,2980.37,move_early
184.870368,10.4960,0.7210,2.9310,2981.06,move_early
184.879519,9.1510,0.6190,2.9290,2981.73,move_early
184.895793,16.2740,0.6800,2.9660,2982.39,move_early
184.918511,22.7180,0.6060,2.9670,2983.08,move_early
184.928865,10.3540,0.6470,2.9270,2983.86,move_early
184.944050,15.1850,0.6170,2.9370,2984.40,move_early
184.978826,34.7760,0.6190,3.1130,2985.02,move_early
184.989695,10.8690,0.6290,2.9410,2985.75,move_early
185.005753,16.0580,0.7110,2.9170,2986.42,move_early
185.025796,20.0430,0.6350,3.1830,2987.08,move_early
185.046800,21.0040,0.6760,4.2990,2987.75,move_early
185.063950,17.1500,0.6130,2.9590,2988.47,move_early
185.077377,13.4270,0.7500,2.9250,2989.15,move_early
185.088723,11.3460,0.7960,3.8580,2989.87,move_early
185.098113,9.3900,0.5780,3.1790,2990.54,move_early
185.107602,9.4890,0.6100,2.9370,2991.17,move_early
185.120540,12.9380,0.6180,3.2060,2991.56,move_early
185.131969,11.4290,0.6040,2.9430,2992.07,move_early
185.143691,11.7220,0.5720,2.9320,2992.53,move_early
185.165950,22.2590,0.5660,2.9280,2992.99,move_early
185.179401,13.4510,0.5740,2.9450,2993.49,move_early
185.189600,10.1990,0.6130,2.9180,2993.99,move_early
185.259910,70.3100,0.6040,2.9190,2994.49,move_early
185.284321,24.4110,0.5810,3.1230,2997.06,move_early
185.357903,73.5820,0.8990,2.9420,2998.30,move_early
185.375535,17.6320,0.7580,4.9610,3001.06,move_early
185.385946,10.4110,0.9930,3.1600,3002.29,move_early
185.397789,11.8430,0.7600,3.1450,3002.39,move_early
185.411324,13.5350,0.5310,2.9570,3003.06,move_early
185.423255,11.9310,0.6090,2.9330,3003.73,move_early
185.440204,16.9490,0.9110,3.1000,3004.19,move_early
185.458481,18.2770,0.6810,2.9330,3004.86,move_early
185.473433,14.9520,0.6820,2.9620,3005.52,move_early
185.485993,12.5600,0.6110,3.1410,3006.18,move_early
185.498513,12.5200,0.6190,3.1690,3006.69,move_early
185.510889,12.3760,0.7880,2.9240,3007.19,move_early
185.524589,13.7000,0.5980,2.9760,3007.68,move_early
185.535503,10.9140,0.5730,2.9750,3008.23,move_early
185.548219,12.7160,0.5670,2.9370,3008.66,move_early
185.565673,17.4540,0.6160,4.2900,3009.18,move_early
185.582753,17.0800,0.6540,2.9390,3009.73,move_early
185.598689,15.9360,0.6430,2.9410,3010.39,move_early
185.614311,15.6220,0.6990,2.9270,3010.95,move_early
185.631229,16.9180,0.6270,3.2010,3011.51,move_early
185.645625,14.3960,0.7710,2.9640,3012.08,move_early
185.712665,67.0400,0.6430,2.9410,3012.65,move_early
185.730210,17.5450,0.6470,2.9280,3015.47,move_early
185.740340,10.1300,0.9590,2.9700,3016.39,move_early
185.751823,11.4830,0.6940,2.9340,3016.52,move_early
185.763252,11.4290,0.5590,2.9870,3016.98,move_early
185.780643,17.3910,0.5710,3.1590,3017.45,move_early
185.790015,9.3720,0.5620,2.9200,3017.89,move_early
185.801908,11.8930,0.6130,2.9210,3018.29,move_early
185.819470,17.5620,0.5830,2.9490,3018.69,move_early
185.828684,9.2140,0.6140,2.9630,3019.36,move_early
185.837955,9.2710,0.6780,2.9300,3019.73,move_early
185.854180,16.2250,0.5690,4.3310,3020.14,move_early
185.867673,13.4930,0.6330,2.9450,3020.74,move_early
185.916369,48.6960,0.6000,3.1460,3021.29,move_early
185.928451,12.0820,0.6990,2.9320,3023.63,move_early
185.941305,12.8540,0.9800,2.9200,3024.39,move_early
185.952184,10.8790,0.8030,2.9360,3024.57,move_early
185.968576,16.3920,0.6410,2.9630,3025.00,move_early
185.997338,28.7620,0.6060,2.9320,3025.67,move_early
186.016574,19.2360,0.7080,2.9430,3026.50,move_early
186.028973,12.3990,0.7690,2.9480,3027.25,move_early
186.044876,15.9030,0.6580,2.9270,3027.91,move_early
186.065274,20.3980,0.6110,3.2200,3028.58,move_early
186.075606,10.3320,0.6830,2.9240,3029.25,move_early
186.091408,15.8020,0.6850,2.9120,3029.91,move_early
186.151515,60.1070,0.6340,2.9640,3030.58,move_early
186.177472,25.9570,0.6410,4.9830,3032.99,move_early
186.194724,17.2520,0.7500,2.9610,3034.03,move_early
186.213686,18.9620,0.7210,2.9500,3035.04,move_early
186.227128,13.4420,0.5840,3.1880,3035.80,move_early
186.240269,13.1410,0.6110,2.9590,3036.00,move_early
186.251299,11.0300,0.5630,2.9650,3036.67,move_early
186.267991,16.6920,0.5410,2.9250,3036.97,move_early
186.282140,14.1490,0.6020,3.1530,3037.41,move_early
186.297978,15.8380,0.5880,2.9590,3037.86,move_early
186.311970,13.9920,0.5930,2.9590,3038.50,move_early
186.325146,13.1760,0.5700,2.9520,3039.07,move_early
186.336516,11.3700,0.6770,2.9310,3039.59,move_early
186.351944,15.4280,0.6070,2.9510,3040.09,move_early
186.363473,11.5290,0.5900,2.9140,3040.66,move_early
186.382374,18.9010,0.6240,2.9300,3041.18,move_early
186.448816,66.4420,0.6130,3.1620,3041.87,move_early
186.472919,24.1030,0.6250,4.2460,3044.94,move_early
186.489036,16.1170,1.1540,2.9270,3045.86,move_early
186.508084,19.0480,0.7710,3.1830,3046.82,move_early
186.528449,20.3650,0.7020,3.6860,3047.25,move_early
186.600688,72.2390,0.7280,3.1180,3048.39,move_early
186.616076,15.3880,0.8580,3.2130,3051.01,move_early
186.630841,14.7650,1.1000,2.9560,3051.96,move_early
186.644402,13.5610,1.3460,2.9340,3052.53,move_early
186.667424,23.0220,1.0170,4.2930,3052.72,move_early
186.678100,10.6760,0.8970,2.9460,3053.39,move_early
186.690421,12.3210,1.2770,3.1560,3054.05,move_early
186.702753,12.3320,0.5710,2.8970,3054.72,move_early
186.766513,63.7600,0.7220,3.7070,3055.37,move_early
186.798217,31.7040,0.7290,2.9120,3057.68,move_early
186.849535,51.3180,1.4590,2.9680,3058.92,move_early
186.867720,18.1850,1.1910,3.1540,3060.94,move_early
186.885011,17.2910,0.9630,2.9160,3061.98,move_early
186.896939,11.9280,0.7430,2.9390,3062.67,move_early
186.906178,9.2390,0.7450,2.9160,3063.06,move_early
186.915383,9.2050,0.5800,2.8990,3063.50,move_early
186.930148,14.7650,0.6030,4.1220,3063.86,move_early
186.945428,15.2800,0.6000,2.9280,3064.45,move_early
186.956392,10.9640,0.5600,2.9260,3065.06,move_early
186.971553,15.1610,0.5920,2.9130,3065.50,move_early
186.988222,16.6690,0.6630,3.7060,3066.00,move_early
187.006530,18.3080,0.6170,2.9250,3066.52,move_early
187.024454,17.9240,0.6000,2.9100,3067.06,move_early
187.034171,9.7170,0.6060,2.9370,3067.73,move_early
187.050524,16.3530,0.6450,3.7900,3068.26,move_early
187.110431,59.9070,0.5480,2.9240,3068.79,move_early
187.132176,21.7450,0.6250,3.1300,3071.06,move_early
187.152864,20.6880,0.8660,2.9400,3072.30,move_early
187.177593,24.7290,1.0070,2.9030,3073.37,move_early
187.193870,16.2770,0.6600,2.9300,3074.36,move_early
187.213055,19.1850,0.6390,3.1850,3075.01,move_early
187.263956,50.9010,0.6510,4.0460,3075.79,move_early
187.280243,16.2870,0.8830,2.9620,3077.19,move_early
187.290775,10.5320,1.0140,2.9110,3078.24,move_early
187.304740,13.9650,0.7560,3.4170,3078.89,move_early
187.318570,13.8300,0.6920,2.9680,3079.46,move_early
187.334846,16.2760,0.6680,2.9220,3080.00,move_early
187.344862,10.0160,0.7930,2.9460,3080.65,move_early
187.359650,14.7880,0.6360,2.8990,3081.04,move_early
187.372726,13.0760,0.5640,3.3910,3081.63,move_early
187.393883,21.1570,0.6640,2.9310,3082.16,move_early
187.404028,10.1450,0.6450,4.0270,3082.82,move_early
187.469854,65.8260,0.7380,2.9710,3083.41,move_early
187.498426,28.5720,0.6140,2.9240,3085.73,move_early
187.509578,11.1520,1.7630,2.9540,3086.90,move_early
187.525272,15.6940,0.9520,4.0270,3087.64,move_early
187.540702,15.4300,0.7020,3.2320,3088.30,move_early
187.558105,17.4030,0.6750,3.9530,3088.90,move_early
187.581634,23.5290,0.7950,2.9530,3089.61,move_early
187.596996,15.3620,0.9130,3.6170,3090.41,move_early
187.607887,10.8910,0.8420,2.9440,3091.15,move_early
187.622755,14.8680,0.6840,2.9350,3091.57,move_early
187.635308,12.5530,0.6610,2.9240,3092.16,move_early
187.647732,12.4240,0.6410,2.9000,3092.66,move_early
187.659489,11.7570,0.6160,3.4640,3093.16,move_early
187.672312,12.8230,0.6050,3.3250,3093.63,move_early
187.685874,13.5620,0.5960,2.9550,3094.13,move_early
187.702018,16.1440,0.5480,2.9210,3094.63,move_early
187.714366,12.3480,0.6140,2.9300,3095.14,move_early
187.734055,19.6890,0.7830,2.9440,3095.73,move_early
187.756705,22.6500,0.7320,2.9320,3096.26,move_early
187.828233,71.5280,0.7130,2.9180,3096.87,move_early
187.842041,13.8080,0.7820,4.4340,3100.08,move_early
187.853943,11.9020,0.8170,3.7220,3100.62,move_early
187.865592,11.6490,0.7380,3.1890,3101.08,move_early
187.874696,9.1040,0.6330,3.1580,3101.73,move_early
187.887758,13.0620,0.5710,2.9160,3102.23,move_early
187.902126,14.3680,0.5580,2.9540,3102.76,move_early
187.914442,12.3160,0.6550,2.9490,3103.32,move_early
187.925024,10.5820,0.5610,2.9260,3103.84,move_early
187.937930,12.9060,0.5920,2.9240,3104.25,move_early
187.949151,11.2210,0.6240,3.1930,3104.77,move_early
187.966454,17.3030,0.6960,2.9460,3105.22,move_early
187.980878,14.4240,0.6780,2.8910,3105.75,move_early
187.995377,14.4990,0.6380,2.9520,3106.39,move_early
188.007702,12.3250,0.5900,3.2120,3106.91,move_early
188.022189,14.4870,0.6060,3.1730,3107.43,move_early
188.036701,14.5120,0.6490,2.9530,3107.95,move_early
188.050353,13.6520,0.6180,4.9910,3108.47,move_early
188.116198,65.8450,0.6460,3.9560,3108.99,move_early
188.134406,18.2080,0.6050,3.2270,3111.61,move_early
188.150791,16.3850,0.9100,2.9220,3112.39,move_early
188.172782,21.9910,0.6990,3.9350,3113.06,move_early
188.189428,16.6460,0.6650,2.9190,3113.85,move_early
188.201629,12.2010,0.6490,2.9380,3114.68,move_early
188.213219,11.5900,0.5980,3.1810,3115.32,move_early
188.224814,11.5950,0.6030,2.9510,3115.77,move_early
188.234207,9.3930,0.5970,2.9140,3116.24,move_early
188.290473,56.2660,0.6320,3.1580,3116.62,move_early
188.301263,10.7900,0.8420,3.6590,3118.26,move_early
188.316785,15.5220,0.8970,2.9460,3118.92,move_early
188.329253,12.4680,0.7920,5.3650,3119.59,move_early
188.344609,15.3560,0.6410,3.6000,3120.26,move_early
188.357183,12.5740,0.5960,4.0460,3120.92,move_early
188.375785,18.6020,0.7470,3.5130,3121.53,move_early
188.388459,12.6740,0.5510,3.9630,3122.20,move_early
188.402292,13.8330,0.6340,2.9640,3122.82,move_early
188.419821,17.5290,0.8190,3.4200,3123.35,move_early
188.431148,11.3270,0.6250,3.4130,3124.02,move_early
188.443743,12.5950,0.7130,4.0180,3124.51,move_early
188.467266,23.5230,0.6950,2.9770,3125.01,move_early
188.477708,10.4420,0.6650,2.9280,3125.62,move_early
188.495688,17.9800,0.6220,2.9490,3126.23,move_early
188.529272,33.5840,0.6640,2.9150,3126.84,move_early
188.544008,14.7360,0.7010,3.5660,3127.81,move_early
188.560657,16.6490,1.0080,3.2100,3128.48,move_early
188.634272,73.6150,0.9630,3.6190,3129.14,move_early
188.713499,79.2270,0.8370,2.9490,3132.35,move_early
188.727341,13.8420,1.1510,4.9760,3135.52,move_early
188.745324,17.9830,1.0790,2.9000,3136.02,move_early
188.757364,12.0400,0.6690,2.9010,3136.74,move_early
188.779898,22.5340,0.6360,2.9320,3137.23,move_early
188.848366,68.4680,0.7640,2.9460,3138.06,move_early
188.908305,59.9390,0.7460,2.9470,3140.90,move_early
188.930218,21.9130,1.0480,2.9250,3143.31,move_early
188.952155,21.9370,1.1690,3.9670,3144.39,move_early
188.970222,18.0670,0.7890,2.9340,3145.06,move_early
188.982101,11.8790,0.8010,2.9450,3145.75,move_early
188.992558,10.4570,0.7570,3.8110,3146.53,move_early
189.002866,10.3080,0.5510,3.3190,3146.96,move_early
189.023755,20.8890,0.7380,2.9030,3147.36,move_early
189.044477,20.7220,0.5560,2.9430,3148.02,move_early
189.056428,11.9510,0.8220,3.7560,3148.69,move_early
189.065848,9.4200,0.6630,3.6460,3149.36,move_early
189.074968,9.1200,0.6610,3.4090,3149.88,move_early
189.088175,13.2070,0.5730,3.8390,3150.25,move_early
189.102531,14.3560,0.5970,3.3550,3150.78,move_early
189.151251,48.7200,0.7840,4.1390,3151.34,move_early
189.217878,66.6270,0.9190,2.9120,3152.67,move_early
189.232173,14.2950,0.9090,4.0000,3155.69,move_early
189.245586,13.4130,1.0610,3.7010,3156.39,move_early
189.255725,10.1390,0.7060,3.3000,3157.06,move_early
189.308025,52.3000,0.6470,2.9230,3157.15,move_early
189.325033,17.0080,0.6690,3.7240,3159.06,move_early
189.342738,17.7050,0.8620,2.9420,3159.93,move_early
189.357109,14.3710,0.7000,3.7250,3160.93,move_early
189.375953,18.8440,0.5700,2.9410,3161.54,move_early
189.385551,9.5980,0.6100,2.9300,3162.30,move_early
189.394993,9.4420,0.6660,2.9390,3162.67,move_early
189.438638,43.6450,0.5670,5.1270,3163.05,move_early
189.459968,21.3300,0.5810,2.9050,3164.16,move_early
189.482591,22.6230,0.8140,2.9230,3165.33,move_early
189.492471,9.8800,0.7470,2.9460,3166.23,move_early
189.515543,23.0720,0.6670,3.1490,3166.95,move_early
189.527809,12.2660,0.5900,2.9110,3167.88,move_early
189.539592,11.7830,0.7610,2.9430,3168.35,move_early
189.550424,10.8320,0.5220,2.9230,3168.83,move_early
189.562841,12.4170,0.6330,3.1550,3168.93,move_early
189.584607,21.7660,0.5890,2.9470,3169.37,move_early
189.599380,14.7730,0.5890,2.9050,3169.98,move_early
189.615307,15.9270,0.6740,2.9290,3170.56,move_early
189.626807,11.5000,0.5960,2.9440,3171.20,move_early
189.694474,67.6670,0.5870,3.1550,3171.70,move_early
189.727994,33.5200,0.5710,2.9430,3174.76,move_early
189.753001,25.0070,1.0260,3.4480,3176.39,move_early
189.763619,10.6180,1.0080,4.9960,3177.07,move_early
189.779688,16.0690,0.7530,3.4200,3177.73,move_early
189.789611,9.9230,0.7290,3.2230,3178.39,move_early
189.799635,10.0240,0.7000,2.9360,3178.84,move_early
189.814159,14.5240,0.5750,2.9220,3179.23,move_early
189.836098,21.9390,0.5800,2.9300,3179.79,move_early
189.845929,9.8310,0.5510,2.9230,3180.39,move_early
189.855740,9.8110,0.6290,2.9260,3181.06,move_early
189.907993,52.2530,0.5680,3.1390,3181.48,move_early
189.973039,65.0460,0.5770,2.9480,3182.90,move_early
190.004725,31.6860,0.6110,3.1580,3185.73,move_early
190.019814,15.0890,1.0440,2.9530,3187.12,move_early
190.086916,67.1020,0.8230,5.0090,3187.73,move_early
190.110997,24.0810,0.7420,3.1870,3190.11,move_early
190.124021,13.0240,0.8510,3.1370,3191.61,move_early
190.193516,69.4950,0.7450,3.1120,3192.22,move_early
190.208211,14.6950,0.6240,3.8950,3194.37,move_early
190.220502,12.2910,0.8650,3.9320,3195.59,move_early
190.232474,11.9720,0.7230,3.1760,3196.09,move_early
190.244300,11.8260,0.7300,4.1630,3196.39,move_early
190.263120,18.8200,0.5680,4.0550,3197.02,move_early
190.278410,15.2900,0.5740,2.9160,3197.69,move_early
190.347181,68.7710,0.5630,3.1740,3198.35,move_early
190.358889,11.7080,0.7030,2.9180,3200.87,move_early
190.376873,17.9840,0.9770,3.7160,3201.28,move_early
190.393489,16.6160,0.6950,2.9240,3202.03,move_early
190.463270,69.7810,1.0390,3.3480,3202.68,move_early
190.482257,18.9870,0.7300,2.9410,3205.51,move_early
190.500585,18.3280,0.9900,3.1820,3206.39,move_early
190.514880,14.2950,0.6670,2.9270,3207.28,move_early
190.537748,22.8680,0.7280,4.2620,3207.73,move_early
190.548064,10.3160,0.5790,3.1500,3208.56,move_early
190.558210,10.1460,0.6450,2.9210,3209.16,move_early
190.571754,13.5440,0.5680,3.1810,3209.58,move_early
190.592813,21.0590,0.6470,2.9280,3210.12,move_early
190.642252,49.4390,0.6150,2.9440,3210.79,move_early
190.658043,15.7910,0.6710,2.9210,3212.31,move_early
190.670317,12.2740,0.7810,2.9130,3212.97,move_early
190.681668,11.3510,0.5820,2.9470,3213.64,move_early
190.698101,16.4330,0.5640,2.9690,3214.31,move_early
190.711617,13.5160,0.5360,3.1270,3214.97,move_early
190.721584,9.9670,0.5630,2.9350,3215.64,move_early
190.763207,41.6230,0.5600,2.9390,3216.11,move_early
190.781954,18.7470,0.5800,3.1230,3217.12,move_early
190.796237,14.2830,0.7210,3.1250,3217.90,move_early
190.842379,46.1420,0.8120,4.2630,3218.67,move_early
190.858563,16.1840,0.6780,2.9540,3220.32,move_early
190.908022,49.4590,0.8830,2.9430,3221.06,move_early
190.918807,10.7850,0.6720,2.9390,3223.06,move_early
190.935391,16.5840,0.7630,2.9000,3224.00,move_early
190.958466,23.0750,0.6050,2.9070,3224.39,move_early
190.980679,22.2130,0.7690,2.9310,3225.26,move_early
191.002318,21.6390,0.6730,3.8640,3226.10,move_early
191.014052,11.7340,0.6370,3.1150,3226.90,move_early
191.024964,10.9120,0.6820,2.9030,3227.56,move_early
191.045573,20.6090,0.5610,3.1180,3228.23,move_early
191.059756,14.1830,0.5570,2.9300,3228.90,move_early
191.071038,11.2820,0.6580,4.0080,3229.56,move_early
191.141883,70.8450,0.5720,2.9270,3230.09,move_early
191.210253,68.3700,0.5640,3.1320,3232.39,move_early
191.229913,19.6600,1.0020,2.9390,3235.06,move_early
191.243524,13.6110,0.9460,2.9080,3236.39,move_early
191.260362,16.8380,0.8160,3.5010,3236.69,move_early
191.271123,10.7610,0.7520,3.6000,3237.35,move_early
191.285917,14.7940,0.7280,2.9210,3237.77,move_early
191.299434,13.5170,0.6790,4.1920,3238.27,move_early
191.309393,9.9590,0.9610,3.8960,3238.77,move_early
191.323051,13.6580,0.6170,3.7610,3239.27,move_early
191.333470,10.4190,0.6140,2.9330,3239.77,move_early
191.352835,19.3650,0.5750,4.0320,3240.26,move_early
191.362910,10.0750,0.7580,4.1730,3240.76,move_early
191.380604,17.6940,0.6440,2.9310,3241.26,move_early
191.399819,19.2150,0.5740,2.8990,3241.81,move_early
191.410346,10.5270,0.6440,3.1300,3242.59,move_early
191.427600,17.2540,0.6590,2.9190,3243.06,move_early
191.446198,18.5980,0.5880,4.0210,3243.69,move_early
191.456527,10.3290,0.6570,2.9340,3244.45,move_early
191.472187,15.6600,0.7430,3.7000,3245.12,move_early
191.482838,10.6510,0.5530,2.9320,3245.78,move_early
191.497627,14.7890,0.5700,3.1660,3246.45,move_early
191.510576,12.9490,0.5640,2.9020,3247.12,move_early
191.522180,11.6040,0.5920,2.9190,3247.67,move_early
191.532461,10.2810,0.5400,2.9020,3248.13,move_early
191.598567,66.1060,0.4980,3.1490,3248.54,move_early
191.616722,18.1550,0.5930,2.9110,3250.91,move_early
191.631703,14.9810,0.9100,2.8950,3251.73,move_early
191.702285,70.5820,0.8290,4.2860,3252.55,move_early
191.715277,12.9920,0.7500,3.0920,3254.74,move_early
191.729254,13.9770,0.9740,2.8960,3255.87,move_early
191.742877,13.6230,0.6620,3.1700,3256.42,move_early
191.756889,14.0120,0.5560,3.1030,3256.66,move_early
191.768815,11.9260,0.6020,3.2140,3257.32,move_early
191.783264,14.4490,0.5710,3.1910,3257.99,move_early
191.808942,25.6780,0.5250,2.9060,3258.58,move_early
191.826772,17.8300,0.6010,3.1280,3259.24,move_early
191.841744,14.9720,0.8150,2.9370,3259.91,move_early
191.867175,25.4310,0.5300,3.2290,3260.58,move_early
191.876981,9.8060,0.6140,3.9960,3261.27,move_early
191.886517,9.5360,0.5960,2.9190,3261.94,move_early
191.903423,16.9060,0.5810,5.0490,3262.61,move_early
191.912741,9.3180,0.6010,2.9200,3263.22,move_early
191.922651,9.9100,0.5960,3.9020,3263.75,move_early
191.935514,12.8630,0.5810,2.8950,3264.15,move_early
191.949950,14.4360,0.5650,2.9360,3264.66,move_early
192.014837,64.8870,0.5280,2.9310,3265.25,move_early
192.088896,74.0590,0.6000,2.9170,3267.56,move_early
192.116270,27.3740,0.9730,3.1320,3270.39,move_early
192.132656,16.3860,1.1110,3.2230,3271.73,move_early
192.148667,16.0110,0.7320,3.1190,3272.39,move_early
192.165389,16.7220,0.6390,3.9520,3273.06,move_early
192.183865,18.4760,0.6370,4.8520,3273.73,move_early
192.193414,9.5490,0.5810,2.9280,3274.39,move_early
192.242419,49.0050,0.6410,2.8870,3274.93,move_early
192.265784,23.3650,0.5400,2.9130,3276.31,move_early
192.276180,10.3960,0.7590,2.9080,3277.57,move_early
192.285351,9.1710,0.7600,3.9640,3277.95,move_early
192.298500,13.1490,0.5100,2.9280,3278.65,move_early
192.314154,15.6540,0.5340,3.3030,3279.18,move_early
192.333464,19.3100,0.4990,2.9200,3279.81,move_early
192.347605,14.1410,0.5880,4.0600,3280.59,move_early
192.367628,20.0230,0.6080,2.9160,3281.15,move_early
192.380572,12.9440,0.5690,3.2340,3281.90,move_early
192.442371,61.7990,0.6060,2.9190,3282.47,move_early
192.454401,12.0300,0.5850,2.9300,3284.32,move_early
192.468973,14.5720,0.8550,3.1730,3285.06,move_early
192.481681,12.7080,0.7780,3.9020,3285.73,move_early
192.492787,11.1060,0.7340,2.8810,3286.39,move_early
192.527448,34.6610,0.6170,3.9610,3286.95,move_early
192.540247,12.7990,0.5540,2.9080,3287.70,move_early
192.553435,13.1880,0.7170,2.9390,3288.39,move_early
192.571489,18.0540,0.7040,2.9390,3289.06,move_early
192.590277,18.7880,0.8540,3.1250,3289.81,move_early
192.601462,11.1850,0.9890,3.3520,3290.55,move_early
192.618974,17.5120,0.7200,2.9090,3291.29,move_early
192.638174,19.2000,0.6290,2.8840,3292.02,move_early
192.648000,9.8260,0.6430,3.5840,3292.76,move_early
192.714710,66.7100,0.6060,2.9330,3293.16,move_early
192.733927,19.2170,0.5590,3.1800,3295.54,move_early
192.744031,10.1040,0.8260,2.9260,3296.39,move_early
192.759965,15.9340,0.9460,4.0180,3296.68,move_early
192.779827,19.8620,0.5210,2.9280,3297.31,move_early
192.789618,9.7910,0.5870,3.6140,3297.98,move_early
192.802535,12.9170,0.6020,3.1400,3298.64,move_early
192.815082,12.5470,0.6180,2.9100,3299.06,move_early
192.827286,12.2040,0.6580,3.9350,3299.56,move_early
192.841948,14.6620,0.5950,3.4900,3300.06,move_early
192.853216,11.2680,0.5460,2.9290,3300.59,move_early
192.867972,14.7560,0.5720,3.1200,3301.06,move_early
192.924344,56.3720,0.5760,2.9110,3301.58,move_early
192.943917,19.5730,0.6370,2.9320,3303.73,move_early
192.954827,10.9100,0.9100,2.9010,3304.70,move_early
192.964355,9.5280,0.7510,2.9260,3305.45,move_early
192.987548,23.1930,0.6280,3.4350,3305.83,move_early
192.997420,9.8720,0.5940,3.9980,3306.66,move_early
193.006810,9.3900,0.5930,2.9310,3307.14,move_early
193.016428,9.6180,0.5250,3.2950,3307.52,move_early
193.034686,18.2580,0.5340,2.9220,3307.90,move_early
193.044685,9.9990,0.5640,3.1730,3308.57,move_early
193.053958,9.2730,0.6300,2.9050,3309.03,move_early
193.067651,13.6930,0.5190,3.1280,3309.40,move_early
193.081282,13.6310,0.5160,2.8950,3309.90,move_early
193.096017,14.7350,0.7150,2.9020,3310.40,move_early
193.110411,14.3940,0.7450,2.8860,3310.90,move_early
193.122254,11.8430,0.5840,2.8900,3311.40,move_early
193.133893,11.6390,0.6020,2.9230,3311.90,move_early
193.144485,10.5920,0.5870,3.9850,3312.40,move_early
193.156445,11.9600,0.5620,2.8860,3312.88,move_early
193.176697,20.2520,0.8060,4.4220,3313.37,move_early
193.245526,68.8290,0.6750,3.7280,3313.87,move_early
193.257603,12.0770,0.7050,3.1600,3316.80,move_early
193.273040,15.4370,0.9410,3.1410,3317.25,move_early
193.286204,13.1640,0.6740,4.0150,3317.84,move_early
193.299154,12.9500,0.6520,2.8960,3318.39,move_early
193.310922,11.7680,0.5220,2.9110,3319.06,move_early
193.323548,12.6260,0.5620,2.9300,3319.59,move_early
193.335404,11.8560,0.5630,3.6550,3320.15,move_early
193.344913,9.5090,0.6290,3.1550,3320.66,move_early
193.357725,12.8120,0.5830,2.9330,3321.04,move_early
193.378106,20.3810,0.5510,3.8210,3321.54,move_early
193.398500,20.3940,0.6080,3.1540,3322.04,move_early
193.410044,11.5440,0.5990,3.1610,3322.54,move_early
193.429815,19.7710,0.5800,3.1100,3323.04,move_early
193.456903,27.0880,0.5550,2.9190,3323.78,move_early
193.467526,10.6230,0.5660,2.8810,3325.20,move_early
193.488471,20.9450,0.6100,2.8960,3325.73,move_early
193.505960,17.4890,0.5450,2.9170,3326.62,move_early
193.517362,11.4020,0.6890,2.9010,3327.45,move_early
193.564063,46.7010,0.5880,2.8930,3327.95,move_early
193.592674,28.6110,0.6120,4.2080,3329.19,move_early
193.609426,16.7520,0.9220,2.8920,3330.31,move_early
193.625003,15.5770,0.7610,2.9060,3331.06,move_early
193.647310,22.3070,0.8530,3.7170,3331.73,move_early
193.665536,18.2260,0.7420,2.9280,3332.56,move_early
193.689270,23.7340,0.7480,2.9250,3333.39,move_early
193.702305,13.0350,0.8590,2.8750,3334.23,move_early
193.717965,15.6600,0.7880,2.9110,3335.04,move_early
193.733825,15.8600,0.5320,2.9050,3335.73,move_early
193.743286,9.4610,0.6210,2.8970,3336.54,move_early
193.758401,15.1150,0.5840,3.1010,3336.98,move_early
193.770962,12.5610,0.5460,2.9200,3337.57,move_early
193.793644,22.6820,0.4750,2.9040,3338.18,move_early
193.803894,10.2500,1.2820,3.1720,3338.84,move_early
193.813366,9.4720,0.7560,4.2340,3339.41,move_early
193.874119,60.7530,0.5810,3.0740,3339.73,move_early
193.893891,19.7720,0.5190,2.8920,3341.73,move_early
193.905143,11.2520,0.7780,2.8830,3342.69,move_early
193.920980,15.8370,0.7060,3.1300,3343.13,move_early
193.931816,10.8360,0.5340,2.9300,3344.09,move_early
193.941114,9.2980,0.5450,3.1580,3344.53,move_early
193.950337,9.2230,0.6680,2.9100,3344.89,move_early
193.972342,22.0050,0.5450,3.1050,3345.26,move_early
193.984938,12.5960,0.5620,3.7200,3345.92,move_early
194.011563,26.6250,0.5670,2.8670,3346.59,move_early
194.033788,22.2250,0.7760,2.8880,3347.26,move_early
194.054517,20.7290,0.6510,3.8340,3347.99,move_early
194.065070,10.5530,1.0480,2.9160,3348.80,move_early
194.081342,16.2720,1.2490,2.8790,3349.47,move_early
194.100921,19.5790,0.7230,2.9050,3350.14,move_early
194.112625,11.7040,0.8650,5.1720,3350.80,move_early
194.122039,9.4140,0.8500,3.2710,3351.43,move_early
194.141968,19.9290,0.6340,2.8920,3352.04,move_early
194.161273,19.3050,0.6040,4.1280,3352.65,move_early
194.172578,11.3050,0.7410,4.0820,3353.32,move_early
194.191739,19.1610,0.8060,2.9450,3353.93,move_early
194.202776,11.0370,0.7260,2.8840,3354.60,move_early
194.212142,9.3660,0.6700,3.8160,3355.06,move_early
194.227021,14.8790,0.6060,2.9010,3355.67,move_early
194.239659,12.6380,0.6620,4.3090,3356.28,move_early
194.308203,68.5440,1.3320,3.4600,3356.89,move_early
194.319582,11.3790,1.1490,3.9830,3359.06,move_early
194.330710,11.1280,0.8890,3.2830,3359.73,move_early
194.346472,15.7620,0.7230,2.9200,3360.50,move_early
194.373807,27.3350,0.7870,3.1490,3361.13,move_early
194.389204,15.3970,0.7760,3.9630,3361.97,move_early
194.400743,11.5390,0.8830,2.8910,3362.77,move_early
194.418189,17.4460,0.7360,2.9330,3363.30,move_early
194.493986,75.7970,0.7740,3.8520,3363.98,move_early
194.514516,20.5300,0.6670,2.9200,3366.39,move_early
194.523879,9.3630,0.9140,2.9150,3367.51,move_early
194.593321,69.4420,0.6680,2.9160,3368.20,move_early
194.618694,25.3730,0.5560,3.3210,3370.39,move_early
194.631969,13.2750,1.0110,3.5040,3371.72,move_early
194.645590,13.6210,1.0050,2.9000,3372.56,move_early
194.658034,12.4440,0.7360,4.0190,3373.09,move_early
194.670259,12.2250,0.6770,3.0720,3373.25,move_early
194.690560,20.3010,0.6410,3.6740,3373.91,move_early
194.711465,20.9050,0.6830,3.2470,3374.58,move_early
194.726459,14.9940,0.7430,3.3650,3375.25,move_early
194.778408,51.9490,0.7500,3.0890,3375.91,move_early
194.801832,23.4240,0.6750,3.1910,3378.11,move_early
194.818507,16.6750,1.0150,2.9110,3379.06,move_early
194.828801,10.2940,0.8480,3.1140,3380.02,move_early
194.879649,50.8480,0.7680,2.8800,3380.44,move_early
194.956085,76.4360,0.7260,2.9230,3381.84,move_early
194.976778,20.6930,1.0210,3.2270,3385.06,move_early
194.989083,12.3050,1.1910,3.7610,3386.03,move_early
195.006271,17.1880,0.8080,4.9540,3386.50,move_early
195.018854,12.5830,0.7750,2.7810,3387.20,move_early
195.031897,13.0430,0.7800,3.1160,3388.02,move_early
195.042084,10.1870,0.6800,4.1510,3388.54,move_early
195.065617,23.5330,0.6090,3.0890,3388.93,move_early
195.076875,11.2580,0.6290,2.7490,3389.60,move_early
195.086420,9.5450,0.7930,2.7840,3390.27,move_early
195.152402,65.9820,0.5120,2.7540,3390.70,move_early
195.178751,26.3490,0.5570,2.7590,3393.05,move_early
195.200503,21.7520,0.7640,2.7410,3394.13,move_early
195.216509,16.0060,0.6480,3.5540,3395.29,move_early
195.231309,14.8000,0.7310,3.0760,3395.93,move_early
195.248840,17.5310,0.6950,2.7450,3396.51,move_early
195.259515,10.6750,0.6620,2.7530,3397.21,move_early
195.271463,11.9480,0.6820,2.9200,3397.63,move_early
195.317668,46.2050,0.6190,2.7770,3398.10,move_early
195.334372,16.7040,0.5620,2.7460,3399.31,move_early
195.344254,9.8820,0.7230,2.9350,3399.98,move_early
195.366725,22.4710,0.6060,2.7590,3400.64,move_early
195.375986,9.2610,0.5010,2.7550,3401.38,move_early
195.385856,9.8700,0.6630,2.7480,3402.11,move_early
195.405534,19.6780,0.5160,2.7410,3402.67,move_early
195.422748,17.2140,0.4850,2.7440,3403.34,move_early
195.432278,9.5300,0.5140,2.7540,3404.01,move_early
195.441921,9.6430,0.5690,2.9550,3404.53,move_early
195.478636,36.7150,0.5040,2.7750,3404.92,move_early
195.494092,15.4560,0.5670,3.9920,3405.73,move_early
195.508716,14.6240,0.5720,2.9450,3406.39,move_early
195.524820,16.1040,0.5700,2.7440,3407.06,move_early
195.536538,11.7180,0.5380,2.7460,3407.73,move_early
195.554452,17.9140,0.5850,2.7770,3408.37,move_early
195.574335,19.8830,0.5220,2.7600,3409.04,move_early
195.590855,16.5200,0.6540,2.7710,3409.70,move_early
195.606146,15.2910,0.5120,2.7490,3410.37,move_early
195.617926,11.7800,0.5960,2.7500,3411.04,move_early
195.629987,12.0610,0.5830,2.7550,3411.65,move_early
195.641495,11.5080,0.5180,2.7500,3412.26,move_early
195.656240,14.7450,0.5620,2.7610,3412.87,move_early
195.665713,9.4730,0.4760,2.7370,3413.48,move_early
195.679979,14.2660,0.5390,2.7430,3413.73,move_early
195.692723,12.7440,0.5850,2.7600,3414.34,move_early
195.712577,19.8540,0.5060,2.7440,3414.95,move_early
195.729340,16.7630,0.5760,2.7380,3415.56,move_early
195.739077,9.7370,0.7020,2.7710,3416.17,move_early
195.801072,61.9950,0.5410,3.7880,3416.78,move_early
195.823243,22.1710,0.5290,2.7530,3418.99,move_early
195.834276,11.0330,0.7910,2.9350,3419.85,move_early
195.852897,18.6210,0.5840,2.7410,3420.62,move_early
195.870650,17.7530,0.4940,2.7570,3421.37,move_early
195.886440,15.7900,0.5960,2.7430,3422.08,move_early
195.904405,17.9650,0.5920,2.7390,3422.71,move_early
195.918469,14.0640,0.5980,2.7430,3423.43,move_early
195.931065,12.5960,0.6260,2.7420,3423.99,move_early
195.942622,11.5570,0.5500,2.7500,3424.49,move_early
195.956117,13.4950,0.5030,2.7480,3424.95,move_early
195.974356,18.2390,0.5950,2.9680,3425.49,move_early
195.988635,14.2790,0.5240,2.7630,3426.16,move_early
196.003188,14.5530,0.5450,2.7440,3426.79,move_early
196.017906,14.7180,0.5740,3.8310,3427.38,move_early
196.031504,13.5980,0.5790,2.7470,3427.97,move_early
196.045640,14.1360,0.6980,2.7750,3428.50,move_early
196.056574,10.9340,0.4990,2.7760,3429.07,move_early
196.070307,13.7330,0.5190,2.7370,3429.51,move_early
196.084642,14.3350,0.6220,2.7490,3430.06,move_early
196.096689,12.0470,0.6090,2.7450,3430.63,move_early
196.112733,16.0440,0.5590,2.7440,3431.12,move_early
196.122669,9.9360,0.6150,2.7390,3431.73,move_early
196.137472,14.8030,0.5490,2.7520,3432.15,move_early
196.150648,13.1760,0.4860,2.7460,3432.70,move_early
196.168611,17.9630,0.5130,2.7480,3433.26,move_early
196.178483,9.8720,0.5720,2.7420,3433.81,move_early
196.226978,48.4950,0.5320,2.7570,3434.33,move_early
196.245877,18.8990,0.5140,2.7380,3435.68,move_early
196.312961,67.0840,0.7070,2.7380,3436.75,move_early
196.335252,22.2910,0.6010,2.7420,3439.49,move_early
196.357096,21.8440,0.8880,2.7560,3440.67,move_early
196.377173,20.0770,0.6010,3.7830,3441.21,move_early
196.388233,11.0600,0.6360,2.7390,3442.00,move_early
196.404718,16.4850,0.5640,2.7400,3442.77,move_early
196.421378,16.6600,0.5340,2.7390,3443.44,move_early
196.434282,12.9040,0.6020,2.7470,3444.10,move_early
196.446207,11.9250,0.5930,2.7820,3444.61,move_early
196.457876,11.6690,0.5400,2.7360,3445.09,move_early
196.470794,12.9180,0.5410,2.7480,3445.55,move_early
196.483029,12.2350,0.5100,2.7410,3446.07,move_early
196.495084,12.0550,0.5160,2.7430,3446.56,move_early
196.509633,14.5490,0.5270,2.7310,3447.05,move_early
196.524604,14.9710,0.4990,2.7420,3447.55,move_early
196.534018,9.4140,0.5210,2.7450,3448.05,move_early
196.546145,12.1270,0.4920,2.7730,3448.55,move_early
196.558415,12.2700,0.5290,3.7650,3449.05,move_early
196.582444,24.0290,0.5250,2.7520,3449.55,move_early
196.592006,9.5620,0.5070,2.7280,3450.05,move_early
196.661305,69.2990,0.5000,2.7310,3450.55,move_early
196.683507,22.2020,0.4830,2.7490,3453.41,move_early
196.694022,10.5150,0.9050,2.7440,3454.39,move_early
196.703281,9.2590,0.6850,2.7390,3454.67,move_early
196.748252,44.9710,0.5620,2.7270,3455.06,move_early
196.761231,12.9790,0.5260,2.7310,3456.85,move_early
196.839995,78.7640,0.7080,2.7330,3457.36,move_early
196.850880,10.8850,0.5740,2.7610,3460.39,move_early
196.864773,13.8930,0.8360,2.7360,3461.29,move_early
196.878192,13.4190,0.6030,3.7760,3461.73,move_early
196.928755,50.5630,0.5990,2.7430,3462.04,move_early
196.947710,18.9550,0.4950,2.7380,3464.11,move_early
196.997542,49.8320,0.8960,2.7390,3465.06,move_early
197.013506,15.9640,0.5700,2.7320,3466.82,move_early
197.026634,13.1280,0.5570,2.7270,3467.79,move_early
197.039589,12.9550,0.5720,2.9480,3467.98,move_early
197.051628,12.0390,0.5440,2.7890,3468.49,move_early
197.061897,10.2690,0.4910,2.7700,3468.98,move_early
197.084412,22.5150,0.5530,2.7420,3469.39,move_early
197.096199,11.7870,0.5840,2.7550,3469.99,move_early
197.107800,11.6010,0.7370,3.2590,3470.49,move_early
197.177183,69.3830,0.5930,2.8970,3470.96,move_early
197.253913,76.7300,0.6650,3.9940,3474.06,move_early
197.271537,17.6240,0.9410,2.9060,3477.14,move_early
197.284678,13.1410,0.8880,2.9160,3477.80,move_early
197.295887,11.2090,0.7760,3.3540,3478.39,move_early
197.308515,12.6280,0.5710,3.1420,3479.06,move_early
197.323956,15.4410,0.5290,2.8810,3479.56,move_early
197.336360,12.4040,0.5830,2.8970,3480.09,move_early
197.348031,11.6710,0.6140,2.9170,3480.65,move_early
197.402322,54.2910,0.5200,2.8710,3481.17,move_early
197.424426,22.1040,0.4890,3.2490,3482.68,move_early
197.445671,21.2450,0.6540,4.4990,3483.58,move_early
197.457657,11.9860,0.6980,3.5320,3484.47,move_early
197.476831,19.1740,0.5310,3.2640,3485.36,move_early
197.486633,9.8020,0.4910,2.8770,3486.25,move_early
197.498113,11.4800,0.5090,2.8640,3486.74,move_early
197.512688,14.5750,0.5130,3.1050,3487.17,move_early
197.563124,50.4360,0.5220,2.9080,3487.75,move_early
197.582541,19.4170,0.5330,2.8990,3489.13,move_early
197.595870,13.3290,0.6290,2.8730,3489.93,move_early
197.610593,14.7230,0.6000,2.8680,3490.73,move_early
197.623539,12.9460,0.5440,2.8770,3491.53,move_early
197.635593,12.0540,0.5790,2.8590,3492.19,move_early
197.645428,9.8350,0.5260,2.8640,3492.68,move_early
197.656653,11.2250,0.5820,4.0240,3493.06,move_early
197.666246,9.5930,0.5230,2.8760,3493.51,move_early
197.678248,12.0020,0.5120,2.8660,3493.89,move_early
197.689174,10.9260,0.4840,2.8690,3494.37,move_early
197.701603,12.4290,0.4930,2.8930,3494.81,move_early
197.712098,10.4950,0.4910,2.8830,3495.30,move_early
197.727220,15.1220,0.4780,2.8750,3495.73,move_early
197.744308,17.0880,0.5200,2.8770,3496.19,move_early
197.761366,17.0580,0.5740,3.0530,3496.67,move_early
197.771619,10.2530,0.6510,2.8740,3497.14,move_early
197.789594,17.9750,0.5130,4.0000,3497.62,move_early
197.798975,9.3810,0.5650,2.8720,3498.17,move_early
197.814794,15.8190,0.5900,2.8720,3498.64,move_early
197.833063,18.2690,0.5220,2.8720,3499.18,move_early
197.850037,16.9740,0.5840,2.8750,3499.91,move_early
197.859188,9.1510,0.5740,2.9110,3500.58,move_early
197.878424,19.2360,0.5370,2.8680,3501.06,move_early
197.890425,12.0010,0.5190,2.8630,3501.72,move_early
197.899708,9.2830,0.5330,2.8700,3502.26,move_early
197.912688,12.9800,0.5260,2.8850,3502.79,move_early
197.924226,11.5380,0.7090,2.8810,3503.33,move_early
197.935147,10.9210,0.5210,2.8560,3503.73,move_early
197.949695,14.5480,0.5310,3.9920,3504.27,move_early
197.961583,11.8880,0.5410,2.8690,3504.82,move_early
197.984239,22.6560,0.5950,2.8730,3505.36,move_early
197.997285,13.0460,0.4880,2.8750,3505.95,move_early
198.011257,13.9720,0.5600,2.8760,3506.50,move_early
198.025640,14.3830,0.5420,2.8830,3507.04,move_early
198.041589,15.9490,0.5320,4.0990,3507.63,move_early
198.056933,15.3440,0.6510,2.8750,3508.26,move_early
198.111327,54.3940,0.6200,2.8810,3508.86,move_early
198.127063,15.7360,0.5710,3.2820,3511.43,move_early
198.148510,21.4470,0.8540,3.2920,3512.02,move_early
198.158669,10.1590,0.7120,3.9010,3512.86,move_early
198.173654,14.9850,0.6080,3.5890,3513.26,move_early
198.257617,83.9630,0.5500,2.9100,3513.93,move_early
198.287608,29.9910,0.7450,2.8910,3517.06,move_early
198.302958,15.3500,0.9830,3.7800,3518.46,move_early
198.315908,12.9500,0.7950,4.5370,3519.06,move_early
198.327079,11.1710,0.6290,2.9000,3519.73,move_early
198.337554,10.4750,0.6190,3.5810,3520.00,move_early
198.353530,15.9760,0.5410,2.9400,3520.50,move_early
198.380130,26.6000,0.5240,3.4130,3521.06,move_early
198.400498,20.3680,0.5690,2.9180,3521.83,move_early
198.413332,12.8340,0.6290,2.9110,3522.65,move_early
198.428391,15.0590,0.7610,2.8820,3523.32,move_early
198.444330,15.9390,0.7330,2.8780,3523.98,move_early
198.462631,18.3010,0.7620,2.8820,3524.65,move_early
198.530969,68.3380,1.0610,2.8890,3525.32,move_early
198.612100,81.1310,0.7340,2.8790,3528.22,move_early
198.630555,18.4550,1.1810,3.9610,3531.47,move_early
198.655136,24.5810,0.9410,2.9020,3532.39,move_early
198.667742,12.6060,0.7100,2.8800,3533.14,move_early
198.678975,11.2330,0.6170,3.2810,3533.73,move_early
198.698202,19.2270,0.5210,2.8940,3534.40,move_early
198.709596,11.3940,0.5310,2.8680,3535.19,move_early
198.781309,71.7130,0.5280,2.9100,3535.63,move_early
198.799674,18.3650,0.6610,2.7850,3538.23,move_early
198.818773,19.0990,0.9960,3.0850,3539.06,move_early
198.835966,17.1930,0.6540,3.7990,3539.73,move_early
198.851942,15.9760,0.6260,2.7530,3540.39,move_early
198.868205,16.2630,0.6310,2.7970,3541.23,move_early
198.879449,11.2440,0.6740,3.2470,3541.99,move_early
198.997051,117.6020,0.6400,2.7820,3542.43,move_early
199.017252,20.2010,0.6760,3.1050,3546.85,move_early
199.028807,11.5550,0.9720,3.4890,3547.73,move_early
199.045184,16.3770,0.9250,2.9830,3548.39,move_early
199.055981,10.7970,0.6440,3.8260,3549.06,move_early
199.067028,11.0470,0.6000,2.9810,3549.50,move_early
199.135856,68.8280,0.6400,2.7980,3549.93,move_early
199.159310,23.4540,0.5800,3.5370,3552.39,move_early
199.179304,19.9940,0.9910,3.1000,3553.34,move_early
199.190689,11.3850,0.9150,3.1580,3554.45,move_early
199.210625,19.9360,0.7530,4.4000,3554.56,move_early
199.228976,18.3510,0.6850,3.0980,3555.36,move_early
199.250736,21.7600,0.6130,2.7760,3556.03,move_early
199.261685,10.9490,0.8770,3.0870,3556.70,move_early
199.279563,17.8780,0.6960,2.7970,3557.36,move_early
199.296290,16.7270,0.7440,3.0980,3558.03,move_early
199.306988,10.6980,0.9370,2.7970,3558.70,move_early
199.322893,15.9050,0.6820,3.2840,3559.36,move_early
199.335580,12.6870,0.5460,3.8380,3560.03,move_early
199.354434,18.8540,0.5670,2.7780,3560.39,move_early
199.365061,10.6270,0.5780,2.7870,3560.99,move_early
199.375232,10.1710,0.6090,2.7650,3561.59,move_early
199.403469,28.2370,0.5000,2.7570,3562.18,move_early
199.423489,20.0200,0.5120,2.9770,3562.78,move_early
199.434347,10.8580,0.7370,2.7960,3563.54,move_early
199.444619,10.2720,0.6590,2.9870,3564.14,move_early
199.460539,15.9200,0.6550,2.7460,3564.73,move_early
199.475150,14.6110,0.5740,3.3680,3565.33,move_early
199.490843,15.6930,0.5680,2.8120,3565.93,move_early
199.504798,13.9550,0.7620,2.7750,3566.39,move_early
199.521169,16.3710,0.6780,2.7780,3566.99,move_early
199.533970,12.8010,0.6410,2.7620,3567.59,move_early
199.551888,17.9180,0.5830,3.2850,3568.19,move_early
199.566633,14.7450,0.6910,3.3900,3568.79,move_early
199.590192,23.5590,0.7000,2.7730,3569.39,move_early
199.609881,19.6890,0.6270,2.7460,3570.22,move_early
199.627517,17.6360,0.7830,4.8550,3570.99,move_early
199.698613,71.0960,0.7030,4.1880,3571.69,move_early
199.719696,21.0830,0.6580,2.7590,3574.91,move_early
199.736669,16.9730,0.9260,2.7530,3575.73,move_early
199.753633,16.9640,0.6800,2.7590,3576.42,move_early
199.824187,70.5540,0.6860,2.7730,3577.06,move_early
199.847300,23.1130,0.6100,2.7760,3579.73,move_early
199.862722,15.4220,0.9080,2.7460,3581.06,move_early
199.874889,12.1670,0.8700,2.7870,3581.78,move_early
199.887534,12.6450,0.7090,3.8060,3581.92,move_early
199.903016,15.4820,0.5450,3.2190,3582.42,move_early
199.922789,19.7730,0.5410,2.7400,3583.04,move_early
199.936695,13.9060,0.5920,3.2130,3583.50,move_early
199.949806,13.1110,0.5890,2.7520,3584.13,move_early
199.959553,9.7470,0.9510,3.5310,3584.63,move_early
199.973680,14.1270,0.6200,2.7330,3585.06,move_early
200.047126,73.4460,0.6110,2.7630,3585.54,move_early
200.059081,11.9550,0.6520,2.7720,3588.85,move_early
200.076151,17.0700,0.8540,2.7470,3589.31,move_early
200.090677,14.5260,0.8220,2.7310,3589.98,move_early
200.106342,15.6650,0.7400,3.2760,3590.56,move_early
200.118646,12.3040,0.7760,3.1890,3591.23,move_early
200.134199,15.5530,0.7540,2.9350,3591.90,move_early
200.148494,14.2950,0.5580,4.2430,3592.56,move_early
200.162301,13.8070,0.6180,2.7680,3593.19,move_early
200.172158,9.8570,0.5820,2.7600,3593.75,move_early
200.185796,13.6380,0.5190,2.7670,3594.13,move_early
200.256985,71.1890,0.5260,2.7400,3594.68,move_early
200.274941,17.9560,0.5880,2.8380,3597.06,move_early
200.290079,15.1380,0.9070,4.2830,3597.95,move_early
200.329886,39.8070,0.6570,3.0870,3598.86,move_early
200.559947,230.0610,0.6340,3.0870,3604.39,move_early
200.572947,13.0000,0.9650,3.5660,3607.37,move_early
200.583287,10.3400,0.9710,3.9160,3607.84,move_early
200.605328,22.0410,0.5570,2.7530,3608.39,move_early
200.620551,15.2230,0.5530,2.7340,3609.16,move_early
200.634998,14.4470,0.7980,4.0540,3609.83,move_early
200.648023,13.0250,1.0620,2.7540,3610.49,move_early
200.663479,15.4560,0.8660,2.9350,3611.16,move_early
200.686268,22.7890,0.8690,2.9870,3611.83,move_early
200.697630,11.3620,0.9010,2.7660,3612.49,move_early
200.765838,68.2080,0.7880,2.7370,3613.15,move_early
200.789799,23.9610,0.5770,3.2350,3615.60,move_early
200.801448,11.6490,0.8560,3.7810,3616.53,move_early
200.836799,35.3510,0.7500,2.7460,3617.30,move_early
200.851879,15.0800,0.4730,2.9270,3618.47,move_early
200.871792,19.9130,0.6610,3.0450,3619.36,move_early
200.888989,17.1970,0.6840,3.2850,3620.15,move_early
200.908136,19.1470,0.9370,2.7620,3620.82,move_early
200.924314,16.1780,0.6610,2.7300,3621.58,move_early
200.938892,14.5780,0.6080,2.7140,3622.24,move_early
201.002231,63.3390,0.6490,2.7300,3622.83,move_early
201.023060,20.8290,0.7370,3.4620,3625.04,move_early
201.039811,16.7510,0.8370,2.9250,3625.86,move_early
201.052174,12.3630,0.6990,4.0510,3626.86,move_early
201.063789,11.6150,0.6630,2.7500,3627.33,move_early
201.073013,9.2240,0.4850,2.7690,3627.79,move_early
201.087115,14.1020,0.4930,2.7310,3628.18,move_early
201.097163,10.0480,0.7230,2.7440,3628.73,move_early
201.107166,10.0030,0.5750,2.7720,3629.14,move_early
201.124737,17.5710,0.4840,2.7360,3629.53,move_early
201.136112,11.3750,0.6250,3.5540,3630.03,move_early
201.187223,51.1110,0.5540,2.7240,3630.53,move_early
201.199137,11.9140,0.6440,2.8970,3632.14,move_early
201.211538,12.4010,0.9560,2.7380,3632.81,move_early
201.234788,23.2500,0.7490,3.1700,3633.47,move_early
201.249727,14.9390,0.7880,4.0760,3634.14,move_early
201.262407,12.6800,0.8070,2.7270,3634.81,move_early
201.274385,11.9780,0.6070,2.7370,3635.47,move_early
201.290362,15.9770,0.5740,2.7520,3636.14,move_early
201.303424,13.0620,0.5610,4.8150,3636.81,move_early
201.315871,12.4470,0.5590,2.7460,3637.38,move_early
201.329829,13.9580,0.5420,3.6130,3637.87,move_early
201.344341,14.5120,0.4940,2.7570,3638.44,move_early
201.353956,9.6150,0.5270,3.7660,3639.02,move_early
201.368853,14.8970,0.5370,3.7550,3639.41,move_early
201.400780,31.9270,0.5150,2.7500,3640.01,move_early
201.412212,11.4320,0.7400,2.7460,3640.68,move_early
201.422273,10.0610,0.6890,2.7800,3641.34,move_early
201.441619,19.3460,0.6100,2.7400,3641.95,move_early
201.503268,61.6490,0.5470,2.7410,3642.61,move_early
201.517301,14.0330,0.6520,3.5870,3645.06,move_early
201.533304,16.0030,0.8290,3.1500,3645.73,move_early
201.553969,20.6650,0.6690,3.1680,3646.61,move_early
201.572289,18.3200,0.8840,2.7240,3647.44,move_early
201.655472,83.1830,1.0910,3.7930,3648.16,move_early
201.692400,36.9280,0.7430,2.7440,3651.06,move_early
201.726850,34.4500,2.2490,3.3130,3652.67,move_early
201.744190,17.3400,0.9480,2.8740,3654.03,move_early
201.755793,11.6030,0.7820,3.2360,3654.72,move_early
201.770911,15.1180,0.8610,2.7340,3655.17,move_early
201.835531,64.6200,0.6700,2.7590,3656.00,move_early
201.854359,18.8280,0.7640,2.7330,3658.39,move_early
201.865746,11.3870,0.8870,2.7280,3659.14,move_early
201.879848,14.1020,0.6980,3.7630,3659.88,move_early
201.901836,21.9880,0.4970,3.4510,3660.46,move_early
201.917985,16.1490,0.7940,3.5030,3661.29,move_early
201.929164,11.1790,0.9660,2.7290,3662.00,move_early
201.950053,20.8890,0.6850,2.7230,3662.43,move_early
201.962004,11.9510,0.6580,2.9950,3663.19,move_early
202.045379,83.3750,0.8560,2.7560,3663.74,move_early
202.065362,19.9830,0.6550,2.7280,3666.79,move_early
202.081914,16.5520,0.8690,3.1770,3667.73,move_early
202.096975,15.0610,0.6410,2.7210,3668.53,move_early
202.114781,17.8060,0.6010,3.3630,3669.06,move_early
202.135891,21.1100,0.7720,3.7600,3669.86,move_early
202.146604,10.7130,0.7190,2.9690,3670.66,move_early
202.157812,11.2080,0.7380,2.9800,3671.13,move_early
202.167892,10.0800,0.6150,2.7340,3671.57,move_early
202.182753,14.8610,0.5680,3.5720,3671.97,move_early
202.199535,16.7820,0.5350,2.7350,3672.56,move_early
202.209568,10.0330,0.5700,2.7190,3673.23,move_early
202.224884,15.3160,0.5760,3.3490,3673.62,move_early
202.243002,18.1180,0.4970,2.7460,3674.16,move_early
202.263042,20.0400,0.5190,2.7380,3674.69,move_early
202.272671,9.6290,0.6210,2.7180,3675.23,move_early
202.289844,17.1730,0.5640,3.3690,3675.76,move_early
202.324910,35.0660,0.5370,2.7340,3676.29,move_early
202.335241,10.3310,0.5540,3.3530,3677.59,move_early
202.344560,9.3190,0.5820,3.2420,3678.25,move_early
202.359458,14.8980,0.9740,2.7340,3678.92,move_early
202.372389,12.9310,0.4670,3.1910,3679.59,move_early
202.443898,71.5090,0.5580,3.4220,3680.14,move_early
202.473497,29.5990,0.5650,4.2720,3682.76,move_early
202.486002,12.5050,1.1530,3.7040,3683.90,move_early
202.502598,16.5960,0.8450,2.7250,3684.71,move_early
202.520110,17.5120,0.7170,2.7360,3685.06,move_early
202.535242,15.1320,0.9210,2.7310,3685.89,move_early
202.551857,16.6150,0.6580,3.0240,3686.68,move_early
202.565680,13.8230,0.6540,2.7340,3687.33,move_early
202.590215,24.5350,0.5820,2.7260,3687.89,move_early
202.610537,20.3220,0.6680,2.7210,3688.64,move_early
202.622098,11.5610,0.8330,2.7290,3689.38,move_early
202.672652,50.5540,0.8500,2.9370,3690.11,move_early
202.696330,23.6780,0.5630,2.7320,3691.55,move_early
202.711404,15.0740,0.9390,4.0160,3692.55,move_early
202.724546,13.1420,0.8050,2.7280,3693.55,move_early
202.736789,12.2430,0.6930,2.7280,3694.24,move_early
202.753807,17.0180,0.5490,2.7460,3694.74,move_early
202.772461,18.6540,0.5320,3.0150,3695.42,move_early
202.787567,15.1060,0.6970,2.7300,3696.18,move_early
202.810044,22.4770,0.7420,3.2130,3696.78,move_early
202.833208,23.1640,0.7880,3.2520,3697.53,move_early
202.847919,14.7110,0.7320,2.7540,3698.39,move_early
202.868898,20.9790,0.6230,3.0920,3699.14,move_early
202.889318,20.4200,0.7570,4.4460,3699.89,move_early
202.906141,16.8230,0.6550,4.6400,3700.64,move_early
202.922467,16.3260,1.0080,4.5840,3701.39,move_early
202.988907,66.4400,0.6210,2.8700,3702.14,move_early
203.076109,87.2020,0.7250,5.6940,3704.39,move_early
203.091487,15.3780,0.8930,2.8730,3707.73,move_early
203.105549,14.0620,0.9520,3.5830,3708.59,move_early
203.118281,12.7320,0.6140,3.1830,3709.15,move_early
203.131828,13.5470,0.5310,3.1720,3709.73,move_early
203.142465,10.6370,0.4910,3.6220,3710.52,move_early
203.157399,14.9340,0.4740,3.1010,3710.94,move_early
203.174006,16.6070,0.4900,2.8420,3711.54,move_early
203.184899,10.8930,0.5390,2.8450,3712.20,move_early
203.239055,54.1560,0.4350,3.5850,3712.64,move_early
203.280490,41.4350,0.4910,3.9680,3714.16,move_early
203.293448,12.9580,0.6990,2.8490,3716.16,move_early
203.314468,21.0200,0.6980,2.8440,3716.69,move_early
203.385076,70.6080,0.5030,2.8510,3717.50,move_early
203.403094,18.0180,0.5930,3.1500,3720.35,move_early
203.417256,14.1620,0.7340,2.8540,3721.07,move_early
203.429548,12.2920,0.7730,3.1550,3721.95,move_early
203.440512,10.9640,0.6000,3.0850,3722.39,move_early
203.450636,10.1240,0.4780,3.0880,3722.86,move_early
203.467535,16.8990,0.4960,2.8520,3723.28,move_early
203.480104,12.5690,0.5650,2.8840,3723.94,move_early
203.490605,10.5010,0.7070,3.9850,3724.46,move_early
203.507752,17.1470,0.5140,3.1050,3724.87,move_early
203.589410,81.6580,0.5330,2.8670,3725.37,move_early
203.606708,17.2980,0.6470,3.6670,3728.39,move_early
203.624679,17.9710,0.8550,3.1370,3729.21,move_early
203.642736,18.0570,0.6470,2.8510,3730.25,move_early
203.656395,13.6590,0.6110,2.9020,3730.63,move_early
203.670172,13.7770,0.5910,2.8570,3731.46,move_early
203.687327,17.1550,0.5120,2.8540,3732.07,move_early
203.698873,11.5460,0.6250,2.8800,3732.75,move_early
203.713917,15.0440,0.6380,3.1150,3733.21,move_early
203.724680,10.7630,0.6150,2.8590,3733.82,move_early
203.743515,18.8350,0.6020,2.8630,3734.23,move_early
203.766578,23.0630,0.4880,2.8500,3734.90,move_early
203.787119,20.5410,0.5480,4.2180,3735.56,move_early
203.797295,10.1760,0.6560,3.0850,3736.23,move_early
203.818282,20.9870,0.5720,3.3420,3736.84,move_early
203.830450,12.1680,0.4730,2.8530,3737.51,move_early
203.842598,12.1480,0.5610,2.8530,3738.15,move_early
203.864997,22.3990,0.4650,3.0730,3738.76,move_early
203.880965,15.9680,0.6370,2.8570,3739.43,move_early
203.894628,13.6630,0.5530,3.0810,3740.09,move_early
203.913202,18.5740,0.5420,2.8590,3740.70,move_early
203.929352,16.1500,0.5230,3.0700,3741.37,move_early
203.994688,65.3360,0.5780,2.8770,3742.04,move_early
204.028342,33.6540,0.5030,2.8470,3744.78,move_early
204.050861,22.5190,0.9310,2.8610,3746.39,move_early
204.062786,11.9250,0.7480,3.2750,3747.06,move_early
204.078279,15.4930,0.8140,4.0350,3747.73,move_early
204.090990,12.7110,0.5450,2.8810,3748.04,move_early
204.102577,11.5870,0.5310,3.1310,3748.54,move_early
204.121727,19.1500,0.4650,2.8930,3749.08,move_early
204.136500,14.7730,0.6720,2.8640,3749.74,move_early
204.150650,14.1500,0.5720,2.8590,3750.39,move_early
204.165610,14.9600,0.6040,2.8670,3751.06,move_early
204.174701,9.0910,0.5250,2.8670,3751.73,move_early
204.191273,16.5720,0.4940,2.8840,3752.23,move_early
204.243681,52.4080,0.4460,2.9020,3752.80,move_early
204.263571,19.8900,0.5430,3.4990,3754.35,move_early
204.282821,19.2500,0.6580,2.8930,3755.47,move_early
204.351915,69.0940,0.5850,2.8970,3756.39,move_early
204.373265,21.3500,0.5070,2.8570,3759.03,move_early
204.387885,14.6200,0.7040,3.9580,3759.88,move_early
204.398319,10.4340,0.7380,2.8660,3760.80,move_early
204.415687,17.3680,0.7300,2.8700,3761.06,move_early
204.435828,20.1410,0.5910,4.4250,3761.89,move_early
204.453914,18.0860,0.8690,3.7990,3762.69,move_early
204.472305,18.3910,1.0020,2.8790,3763.45,move_early
204.492702,20.3970,0.8230,3.3800,3764.19,move_early
204.515838,23.1360,1.1310,3.1730,3764.94,move_early
204.528509,12.6710,1.1870,3.4420,3765.73,move_early
204.539905,11.3960,0.8870,3.1680,3766.44,move_early
204.555831,15.9260,0.9430,3.1840,3766.87,move_early
204.587940,32.1090,0.7290,2.8590,3767.52,move_early
204.613888,25.9480,0.7310,2.9030,3768.18,move_early
204.633193,19.3050,0.9450,3.9640,3769.18,move_early
204.645983,12.7900,0.7710,3.1930,3769.93,move_early
204.658524,12.5410,0.6840,3.1120,3770.66,move_early
204.676015,17.4910,0.5940,2.9010,3771.32,move_early
204.689930,13.9150,0.8100,2.8720,3771.99,move_early
204.702868,12.9380,0.6910,3.5270,3772.66,move_early
204.714306,11.4380,0.6130,3.5070,3773.32,move_early
204.724220,9.9140,0.6250,3.1490,3773.83,move_early
204.740800,16.5800,0.5560,2.8780,3774.22,move_early
204.755255,14.4550,0.5470,3.1100,3774.88,move_early
204.772066,16.8110,0.5290,2.8730,3775.46,move_early
204.789429,17.3630,0.5350,2.8940,3776.07,move_early
204.806456,17.0270,0.7790,3.8890,3776.68,move_early
204.834311,27.8550,0.5620,2.8790,3777.29,move_early
204.849013,14.7020,0.7090,2.8840,3777.97,move_early
204.860739,11.7260,0.6590,2.9090,3778.64,move_early
204.874502,13.7630,0.5070,3.1260,3779.31,move_early
204.887633,13.1310,0.6030,3.9960,3779.92,move_early
204.902646,15.0130,0.6270,2.8730,3780.53,move_early
204.922490,19.8440,0.5700,2.8910,3781.14,move_early
204.940728,18.2380,1.1010,2.9110,3781.81,move_early
205.012015,71.2870,0.8680,3.7020,3782.47,move_early
205.076036,64.0210,0.8080,3.2900,3785.46,move_early
205.094500,18.4640,0.9020,2.9040,3788.00,move_early
205.108027,13.5270,0.8300,2.8810,3788.70,move_early
205.121528,13.5010,0.5760,2.8670,3789.24,move_early
205.137363,15.8350,0.4910,3.3840,3789.82,move_early
205.150479,13.1160,0.9200,3.9700,3790.49,move_early
205.163584,13.1050,0.5680,2.8810,3791.16,move_early
205.173714,10.1300,0.6530,3.7690,3791.79,move_early
205.182966,9.2520,0.4900,3.1850,3792.19,move_early
205.252206,69.2400,0.4670,2.8780,3792.56,move_early
205.277667,25.4610,0.4920,3.1720,3795.02,move_early
205.297386,19.7190,0.6470,3.1360,3796.04,move_early
205.309193,11.8070,0.7300,2.8640,3797.15,move_early
205.326448,17.2550,0.5560,2.8570,3797.29,move_early
205.339365,12.9170,0.5930,4.5460,3797.97,move_early
205.349307,9.9420,0.4870,2.8910,3798.64,move_early
205.362299,12.9920,0.4710,2.9000,3799.06,move_early
205.382047,19.7480,0.4910,3.3440,3799.51,move_early
205.391488,9.4410,0.5380,2.9080,3800.01,move_early
205.407984,16.4960,0.5690,2.8890,3800.51,move_early
205.417616,9.6320,0.4510,3.1370,3801.01,move_early
205.440208,22.5920,0.4780,3.9870,3801.51,move_early
205.454184,13.9760,0.5040,2.8770,3802.22,move_early
205.464485,10.3010,0.7710,3.6290,3802.75,move_early
205.477738,13.2530,0.5720,3.1300,3803.27,move_early
205.490150,12.4120,0.5590,2.8960,3803.73,move_early
205.501752,11.6020,0.6350,2.8820,3804.25,move_early
205.511145,9.3930,0.5120,3.8970,3804.76,move_early
205.528274,17.1290,0.4670,2.9150,3805.28,move_early
205.597224,68.9500,0.5080,3.9640,3805.82,move_early
205.609592,12.3680,0.6640,2.8900,3808.84,move_early
205.637727,28.1350,0.7580,2.8960,3809.30,move_early
205.653904,16.1770,0.5330,3.1320,3810.63,move_early
205.667340,13.4360,0.7320,2.8820,3811.07,move_early
205.687935,20.5950,0.5180,2.8820,3811.96,move_early
205.705941,18.0060,0.7330,2.8810,3812.79,move_early
205.718246,12.3050,0.7060,4.0050,3813.51,move_early
205.736921,18.6750,0.6590,3.6580,3813.99,move_early
205.752361,15.4400,0.6290,2.8940,3814.73,move_early
205.767670,15.3090,0.5880,2.8710,3815.34,move_early
205.783773,16.1030,0.5120,2.9020,3815.96,move_early
205.794634,10.8610,0.5460,2.9030,3816.62,move_early
205.813816,19.1820,0.6140,2.8900,3817.04,move_early
205.891086,77.2700,0.5850,3.4860,3817.70,move_early
205.909910,18.8240,0.5690,2.8810,3820.39,move_early
205.927736,17.8260,0.8290,2.9280,3821.33,move_early
205.977172,49.4360,0.6530,2.8860,3822.37,move_early
205.991159,13.9870,0.5600,3.1470,3823.71,move_early
206.004209,13.0500,0.7200,4.5790,3824.90,move_early
206.023395,19.1860,0.5820,3.3170,3825.40,move_early
206.037521,14.1260,0.4580,2.9090,3826.17,move_early
206.049935,12.4140,0.4530,2.9090,3826.75,move_early
206.119793,69.8580,0.5610,2.9050,3827.24,move_early
206.150854,31.0610,0.5150,2.8750,3829.73,move_early
206.163958,13.1040,0.8120,2.8910,3831.00,move_early
206.178618,14.6600,0.7670,3.1430,3831.80,move_early
206.192369,13.7510,0.5600,2.9010,3832.05,move_early
206.202356,9.9870,0.4160,3.1470,3832.61,move_early
206.212745,10.3890,0.4860,3.1500,3833.01,move_early
206.226187,13.4420,0.4580,2.8480,3833.42,move_early
206.277429,51.2420,0.5260,2.8870,3833.86,move_early
206.310435,33.0060,0.6580,4.1760,3835.70,move_early
206.332162,21.7270,0.6700,2.8780,3837.04,move_early
206.343336,11.1740,0.7570,3.5050,3838.20,move_early
206.354584,11.2480,0.6270,3.4000,3838.98,move_early
206.370321,15.7370,0.6160,3.1920,3839.43,move_early
206.387442,17.1210,0.4730,2.9130,3840.06,move_early
206.401754,14.3120,0.4730,2.8890,3840.74,move_early
206.421484,19.7300,0.5050,3.1500,3841.31,move_early
206.434332,12.8480,0.4840,3.1090,3842.07,move_early
206.446531,12.1990,0.4720,2.9340,3842.63,move_early
206.459294,12.7630,0.5440,2.9110,3843.17,move_early
206.476469,17.1750,0.6150,2.9280,3843.65,move_early
206.494015,17.5460,0.7880,2.8750,3844.32,move_early
206.511322,17.3070,0.7440,3.1420,3844.98,move_early
206.527520,16.1980,0.8200,4.0170,3845.60,move_early
206.570628,43.1080,0.6360,2.9170,3846.21,move_early
206.586416,15.7880,0.5640,3.3860,3847.42,move_early
206.595847,9.4310,0.6050,2.8890,3848.08,move_early
206.606215,10.3680,0.5370,2.9180,3848.75,move_early
206.623806,17.5910,0.5030,3.3660,3849.42,move_early
206.632756,8.9500,0.5170,2.8750,3850.08,move_early
206.649296,16.5400,0.4880,3.3800,3850.54,move_early
206.667982,18.6860,0.4330,3.2120,3851.21,move_early
206.680737,12.7550,0.5150,2.9140,3851.87,move_early
206.690090,9.3530,0.5330,2.8960,3852.47,move_early
206.705322,15.2320,0.5020,3.3450,3852.85,move_early
206.721716,16.3940,0.4680,2.8850,3853.49,move_early
206.731884,10.1680,0.5870,2.8910,3854.11,move_early
206.744932,13.0480,0.5310,3.3270,3854.52,move_early
206.758316,13.3840,0.5290,2.8710,3855.05,move_early
206.770757,12.4410,0.5440,3.0880,3855.58,move_early
206.786260,15.5030,0.5060,2.8820,3856.07,move_early
206.800577,14.3170,0.5310,4.4340,3856.61,move_early
206.823580,23.0030,0.5850,2.8890,3857.14,move_early
206.846681,23.1010,0.4670,2.8900,3857.67,move_early
206.918797,72.1160,0.5110,2.9180,3858.44,move_early
206.934061,15.2640,0.5360,3.3690,3861.70,move_early
206.944552,10.4910,0.7150,2.8850,3862.39,move_early
206.963605,19.0530,0.5570,2.9150,3862.69,move_early
206.979797,16.1920,0.4670,3.6080,3863.46,move_early
206.990039,10.2420,0.5590,2.9140,3864.13,move_early
206.999493,9.4540,0.5360,3.1700,3864.79,move_early
207.009008,9.5150,0.4480,2.9040,3865.06,move_early
207.086917,77.9090,0.5120,3.1310,3865.56,move_early
207.104102,17.1850,0.5730,2.9000,3868.39,move_early
207.129777,25.6750,0.8520,2.9030,3869.09,move_early
207.143050,13.2730,0.5960,4.4570,3870.39,move_early
207.153673,10.6230,0.5570,2.9220,3870.63,move_early
207.162488,8.8150,0.4930,2.8920,3871.05,move_early
207.229595,67.1070,0.4530,3.1210,3871.40,move_early
207.245803,16.2080,0.4250,2.8860,3874.12,move_early
207.265544,19.7410,0.6770,3.1200,3875.06,move_early
207.280786,15.2420,0.4820,2.8920,3875.87,move_early
207.290013,9.2270,0.5880,3.1580,3876.39,move_early
207.303250,13.2370,0.5590,2.8890,3876.84,move_early
207.315929,12.6790,0.5180,2.9090,3877.37,move_early
207.330056,14.1270,0.4850,2.9240,3877.88,move_early
207.403434,73.3780,0.5030,3.8860,3878.44,move_early
207.421696,18.2620,0.4560,2.8850,3881.06,move_early
207.434283,12.5870,0.5930,2.8800,3881.79,move_early
207.445416,11.1330,0.6010,2.9230,3882.62,move_early
207.457529,12.1130,0.5070,2.8690,3882.72,move_early
207.468928,11.3990,0.4880,3.5310,3883.39,move_early
207.484889,15.9610,0.4330,2.9060,3884.00,move_early
207.550199,65.3100,0.4720,2.8860,3884.63,move_early
207.603100,52.9010,0.5090,2.9200,3886.94,move_early
207.620554,17.4540,0.6420,2.9180,3889.06,move_early
207.640560,20.0060,0.7200,3.1640,3890.08,move_early
207.653057,12.4970,0.7030,3.8330,3890.53,move_early
207.700850,47.7930,0.5250,3.5040,3891.06,move_early
207.718253,17.4030,0.5210,3.1290,3892.63,move_early
207.730910,12.6570,0.6680,3.1040,3893.52,move_early
207.740744,9.8340,0.5940,2.8920,3894.35,move_early
207.755415,14.6710,0.5200,2.9040,3894.87,move_early
207.769478,14.0630,0.5500,3.4000,3895.46,move_early
207.781957,12.4790,0.4750,2.9170,3896.02,move_early
207.795786,13.8290,0.4820,2.9210,3896.52,move_early
207.808939,13.1530,0.5260,2.9010,3897.07,move_early
207.822129,13.1900,0.4720,2.9070,3897.60,move_early
207.838293,16.1640,0.4950,2.8970,3898.14,move_early
207.848283,9.9900,0.6640,3.1160,3898.78,move_early
207.862361,14.0780,0.5080,2.9280,3899.17,move_early
207.881333,18.9720,0.4620,3.0940,3899.75,move_early
207.891041,9.7080,0.5690,4.2440,3900.39,move_early
207.908140,17.0990,0.5640,2.9140,3900.89,move_early
207.922281,14.1410,0.4600,2.8930,3901.44,move_early
207.941892,19.6110,0.6230,2.9370,3902.00,move_early
207.952809,10.9170,0.5340,2.9370,3902.57,move_early
207.963400,10.5910,0.4810,2.8950,3903.12,move_early
207.976513,13.1130,0.4880,3.1200,3903.73,move_early
207.992865,16.3520,0.4510,2.9180,3904.28,move_early
208.062693,69.8280,0.5150,3.1190,3904.84,move_early
208.124024,61.3310,0.5570,3.1300,3907.48,move_early
208.155972,31.9480,0.9620,3.1330,3909.93,move_early
208.179662,23.6900,0.9010,3.1120,3911.20,move_early
208.198973,19.3110,0.9140,2.9080,3912.39,move_early
208.210288,11.3150,0.7430,4.1610,3913.06,move_early
208.228742,18.4540,0.6270,2.9210,3913.33,move_early
208.254971,26.2290,0.5540,3.0940,3914.00,move_early
208.266803,11.8320,0.6970,2.9250,3914.81,move_early
208.283502,16.6990,0.7030,3.1490,3915.47,move_early
208.292800,9.2980,0.5920,2.9060,3916.14,move_early
208.302523,9.7230,0.5660,2.9160,3916.81,move_early
208.319250,16.7270,0.4400,3.1130,3917.34,move_early
208.336483,17.2330,0.4580,2.9020,3918.01,move_early
208.390654,54.1710,0.4500,2.9370,3918.67,move_early
208.399776,9.1220,0.6020,3.3190,3920.21,move_early
208.414651,14.8750,0.4980,3.1180,3920.90,move_early
208.438552,23.9010,0.4620,2.9160,3921.56,move_early
208.447644,9.0920,0.5080,3.1020,3922.28,move_early
208.506440,58.7960,0.4980,4.2240,3922.95,move_early
208.520345,13.9050,0.5670,2.9000,3925.06,move_early
208.534473,14.1280,0.6090,2.9520,3925.73,move_early
208.546025,11.5520,0.5030,2.9410,3926.63,move_early
208.562041,16.0160,0.6690,2.9440,3927.10,move_early
208.578547,16.5060,0.6120,2.9100,3927.78,move_early
208.597732,19.1850,0.6030,2.9330,3928.41,move_early
208.612283,14.5510,0.6740,3.3410,3929.18,move_early
208.625218,12.9350,0.6390,2.9410,3929.74,move_early
208.640172,14.9540,0.5340,3.1170,3930.26,move_early
208.660882,20.7100,0.5800,2.9220,3930.86,move_early
208.671465,10.5830,0.5510,3.1220,3931.52,move_early
208.693181,21.7160,0.5570,3.4150,3932.11,move_early
208.702559,9.3780,0.4560,2.8980,3932.78,move_early
208.713197,10.6380,0.5670,2.9340,3933.34,move_early
208.740828,27.6310,0.4830,4.2620,3933.77,move_early
208.768521,27.6930,0.4710,2.9110,3934.43,move_early
208.779957,11.4360,0.5990,2.9120,3935.33,move_early
208.789387,9.4300,0.6060,2.9160,3936.00,move_early
208.798463,9.0760,0.4980,3.1340,3936.61,move_early
208.862023,63.5600,0.4420,2.9020,3937.18,move_early
208.882251,20.2280,0.5710,2.9460,3939.46,move_early
208.899126,16.8750,1.1010,3.1410,3940.39,move_early
208.912925,13.7990,0.7550,2.9360,3941.25,move_early
208.928769,15.8440,0.8430,3.1740,3941.78,move_early
208.939732,10.9630,0.6400,3.1680,3942.42,move_early
208.957183,17.4510,0.5840,2.9240,3942.85,move_early
208.973317,16.1340,0.7550,3.1510,3943.52,move_early
208.998029,24.7120,0.6720,2.9410,3944.19,move_early
209.017557,19.5280,0.6940,4.2190,3944.85,move_early
209.032500,14.9430,0.5510,2.9550,3945.52,move_early
209.081692,49.1920,0.5680,3.2680,3946.19,move_early
209.105292,23.6000,0.6040,2.9370,3948.22,move_early
209.119303,14.0110,0.7680,2.9210,3949.13,move_early
209.132654,13.3510,0.5560,2.9210,3950.02,move_early
209.144210,11.5560,0.5630,2.9450,3950.55,move_early
209.152976,8.7660,0.4880,2.9600,3951.01,move_early
209.161875,8.8990,0.4410,2.9130,3951.35,move_early
209.211219,49.3440,0.4580,2.9610,3951.71,move_early
209.232167,20.9480,0.5220,3.1500,3953.42,move_early
209.243147,10.9800,0.8730,2.9230,3954.39,move_early
209.260091,16.9440,0.7970,3.1470,3954.65,move_early
209.275283,15.1920,0.5400,4.0530,3955.32,move_early
209.292690,17.4070,0.5320,3.3480,3955.98,move_early
209.304642,11.9520,0.6320,2.9100,3956.65,move_early
209.317936,13.2940,0.4780,2.9540,3957.32,move_early
209.331780,13.8440,0.4830,2.9240,3957.73,move_early
209.346258,14.4780,0.5170,2.9160,3958.26,move_early
209.361810,15.5520,0.4760,2.9430,3958.79,move_early
209.419260,57.4500,0.6600,3.1490,3959.35,move_early
209.449722,30.4620,0.7110,2.9760,3961.73,move_early
209.464312,14.5900,0.8080,3.3570,3962.94,move_early
209.474571,10.2590,0.6360,2.9300,3963.82,move_early
209.485768,11.1970,0.5100,2.9160,3963.89,move_early
209.495576,9.8080,0.4920,2.9840,3964.34,move_early
209.512233,16.6570,0.4680,2.9340,3964.73,move_early
209.582851,70.6180,0.4760,3.1400,3965.18,move_early
209.594596,11.7450,0.5550,2.9430,3968.28,move_early
209.610618,16.0220,0.8330,3.1100,3968.72,move_early
209.631452,20.8340,0.7180,4.0440,3969.35,move_early
209.645063,13.6110,0.6050,2.9280,3970.18,move_early
209.660162,15.0990,0.6090,2.9150,3970.85,move_early
209.674461,14.2990,0.5950,2.9220,3971.52,move_early
209.688568,14.1070,0.5770,2.9520,3972.18,move_early
209.738217,49.6490,0.5200,2.9630,3972.79,move_early
209.748881,10.6640,0.5400,2.9250,3974.13,move_early
209.759000,10.1190,0.6480,2.9830,3974.88,move_early
209.770334,11.3340,0.4910,2.9370,3975.61,move_early
209.786598,16.2640,0.5190,2.9540,3976.06,move_early
209.802945,16.3470,0.5680,2.9350,3976.71,move_early
209.812956,10.0110,0.6070,2.9610,3977.37,move_early
209.823536,10.5800,0.5770,4.2200,3977.76,move_early
209.873911,50.3750,0.5150,2.9680,3978.19,move_early
209.887297,13.3860,0.5730,3.3490,3979.56,move_early
209.899243,11.9460,0.6830,2.9360,3980.41,move_early
209.910383,11.1400,0.5820,2.9320,3981.06,move_early
209.960222,49.8390,0.4940,3.1110,3981.65,move_early
209.978244,18.0220,0.4750,2.9560,3983.02,move_early
210.001607,23.3630,0.7540,2.9310,3984.06,move_early
210.014264,12.6570,0.5820,2.9120,3984.98,move_early
210.064979,50.7150,0.5330,2.9450,3985.81,move_early
210.075647,10.6680,0.5260,2.9130,3987.22,move_early
210.091410,15.7630,0.7160,3.1180,3988.29,move_early
210.105152,13.7420,0.6290,4.0760,3988.91,move_early
210.120263,15.1110,0.5820,2.9530,3989.45,move_early
210.136306,16.0430,0.5200,2.9320,3990.06,move_early
210.149649,13.3430,0.6890,2.9400,3990.70,move_early
210.165434,15.7850,0.5670,3.1120,3991.23,move_early
210.175911,10.4770,0.4920,3.1610,3991.86,move_early
210.191081,15.1700,0.5760,2.9430,3992.27,move_early
210.209273,18.1920,0.4860,2.9510,3992.89,move_early
210.225128,15.8550,0.5250,3.1580,3993.55,move_early
210.237710,12.5820,0.5110,2.9520,3994.22,move_early
210.271636,33.9260,0.5040,2.9510,3994.79,move_early
210.288751,17.1150,0.5990,2.9570,3995.50,move_early
210.302973,14.2220,0.8360,2.9480,3996.16,move_early
210.315544,12.5710,0.6590,3.6670,3996.83,move_early
210.328261,12.7170,0.6380,4.1870,3997.50,move_early
210.340717,12.4560,0.5880,3.1790,3998.11,move_early
210.410194,69.4770,0.6450,2.9770,3998.72,move_early
210.472415,62.2210,0.6430,2.9230,4001.06,move_early
210.494288,21.8730,0.8810,4.0610,4003.73,move_early
210.507035,12.7470,0.9440,2.9700,4005.06,move_early
210.581211,74.1760,0.8590,2.9580,4005.24,move_early
210.594072,12.8610,0.7660,2.9240,4008.22,move_early
210.606374,12.3020,0.8710,3.6480,4009.03,move_early
210.624708,18.3340,0.6960,3.1800,4009.20,move_early
210.654103,29.3950,0.7380,2.9450,4009.95,move_early
210.670034,15.9310,0.9240,4.0470,4011.06,move_early
210.684178,14.1440,0.9240,2.9820,4011.89,move_early
210.697201,13.0230,0.7480,3.4300,4012.63,move_early
210.707683,10.4820,0.6530,3.3820,4013.15,move_early
210.723864,16.1810,0.5920,2.9320,4013.56,move_early
210.737778,13.9140,0.6560,3.2750,4014.21,move_early
210.758462,20.6840,0.5880,2.9590,4014.78,move_early
210.780648,22.1860,0.6490,2.9560,4015.44,move_early
210.791577,10.9290,0.6950,2.9520,4016.11,move_early
210.801568,9.9910,0.6880,3.2030,4016.78,move_early
210.829233,27.6650,0.6160,2.9500,4017.31,move_early
210.846002,16.7690,0.4920,2.9610,4017.98,move_early
210.863736,17.7340,0.8930,2.9930,4018.64,move_early
210.880543,16.8070,0.7190,2.9550,4019.31,move_early
210.903335,22.7920,0.7300,2.9560,4019.98,move_early
210.921458,18.1230,0.8440,3.6450,4020.76,move_early
210.933157,11.6990,0.8130,2.9470,4021.46,move_early
210.950424,17.2670,0.7250,4.5460,4022.13,move_early
210.965603,15.1790,0.6450,2.9880,4022.79,move_early
210.988002,22.3990,0.7060,2.9490,4023.46,move_early
211.005920,17.9180,0.6150,2.9410,4024.14,move_early
211.018595,12.6750,0.7440,2.9670,4024.84,move_early
211.030383,11.7880,0.6480,2.9540,4025.51,move_early
211.042798,12.4150,0.6540,3.1690,4026.13,move_early
211.093062,50.2640,0.5340,2.9900,4026.74,move_early
211.106861,13.7990,0.5270,2.9310,4028.33,move_early
211.119064,12.2030,0.7010,3.1950,4029.05,move_early
211.128530,9.4660,0.6090,2.9920,4029.72,move_early
211.146806,18.2760,0.4270,2.9500,4030.38,move_early
211.158857,12.0510,0.4640,2.9640,4031.05,move_early
211.176640,17.7830,0.6390,2.9510,4031.61,move_early
211.194906,18.2660,0.4880,2.9730,4032.28,move_early
211.205133,10.2270,0.5560,4.2740,4032.95,move_early
211.229631,24.4980,0.4790,2.9690,4033.45,move_early
211.300208,70.5770,0.5160,2.9540,4034.11,move_early
211.315653,15.4450,0.5270,2.9380,4036.95,move_early
211.333247,17.5940,0.6360,3.2130,4037.73,move_early
211.346839,13.5920,0.5490,2.9730,4038.58,move_early
211.371566,24.7270,0.5120,2.9510,4039.06,move_early
211.381796,10.2300,0.5690,3.1700,4039.89,move_early
211.447285,65.4890,0.6230,2.9800,4040.52,move_early
211.482414,35.1290,0.5430,3.8330,4042.84,move_early
211.494025,11.6110,0.7340,2.9640,4044.27,move_early
211.511343,17.3180,0.8000,4.2050,4045.01,move_early
211.524544,13.2010,0.5050,2.9720,4045.70,move_early
211.534372,9.8280,0.4750,2.9690,4046.22,move_early
211.546797,12.4250,0.4160,2.9690,4046.62,move_early
211.557814,11.0170,0.4570,3.1760,4047.11,move_early
211.571868,14.0540,0.4740,3.2500,4047.56,move_early
211.584565,12.6970,0.5370,2.9490,4048.11,move_early
211.597758,13.1930,0.4890,2.9540,4048.63,move_early
211.611564,13.8060,0.5720,2.9530,4049.15,move_early
211.630136,18.5720,0.5580,2.9720,4049.69,move_early
211.643851,13.7150,0.5750,2.9550,4050.22,move_early
211.660707,16.8560,0.4790,3.2030,4050.75,move_early
211.673493,12.7860,0.6160,3.4840,4051.29,move_early
211.685961,12.4680,0.5580,2.9390,4051.82,move_early
211.698885,12.9240,0.4700,3.4740,4052.34,move_early
211.715429,16.5440,0.4490,3.4870,4052.88,move_early
211.731576,16.1470,0.6790,3.2160,4053.41,move_early
211.800022,68.4460,0.5850,3.3220,4053.94,move_early
211.816185,16.1630,0.6050,4.0920,4056.97,move_early
211.833218,17.0330,0.8580,2.9480,4057.73,move_early
211.843673,10.4550,0.7320,2.9780,4058.60,move_early
211.852762,9.0890,0.6330,3.2950,4058.65,move_early
211.897498,44.7360,0.4680,2.9700,4059.32,move_early
211.917663,20.1650,0.5330,3.2320,4060.51,move_early
211.932400,14.7370,0.7820,2.9450,4061.31,move_early
211.992518,60.1180,0.6390,2.9470,4062.09,move_early
212.020132,27.6140,0.5560,2.9430,4064.39,move_early
212.044220,24.0880,0.6270,3.4420,4065.74,move_early
212.056649,12.4290,0.8000,4.4670,4067.03,move_early
212.067570,10.9210,0.6650,2.9410,4067.19,move_early
212.134159,66.5890,0.6240,2.9510,4067.73,move_early
212.154048,19.8890,0.4740,2.9780,4070.37,move_early
212.166602,12.5540,1.0860,2.9930,4071.13,move_early
212.185953,19.3510,1.0730,2.9530,4071.95,move_early
212.198775,12.8220,0.8620,3.1500,4072.74,move_early
212.210768,11.9930,1.0510,4.7290,4073.23,move_early
212.234951,24.1830,0.8490,3.9630,4073.71,move_early
212.259269,24.3180,0.7560,3.6700,4074.38,move_early
212.298108,38.8390,1.1590,2.9380,4075.05,move_early
212.325591,27.4830,0.9870,3.8170,4076.90,move_early
212.341586,15.9950,1.0700,5.3330,4077.99,move_early
212.353594,12.0080,0.9330,4.0300,4078.95,move_early
212.421821,68.2270,0.7750,2.9410,4079.42,move_early
212.487605,65.7840,0.7530,2.9360,4081.73,move_early
212.503704,16.0990,0.9670,3.3050,4084.39,move_early
212.523800,20.0960,0.9220,2.9560,4085.11,move_early
212.535557,11.7570,0.8600,3.2420,4085.91,move_early
212.551763,16.2060,0.7920,2.9530,4086.39,move_early
212.573721,21.9580,0.7470,2.9520,4087.23,move_early
212.592771,19.0500,1.0860,4.3210,4088.03,move_early
212.610939,18.1680,0.8010,3.1920,4088.81,move_early
212.630602,19.6630,0.7610,2.9460,4089.57,move_early
212.641890,11.2880,0.8640,2.9590,4090.39,move_early
212.661426,19.5360,0.8630,2.9960,4090.95,move_early
212.689311,27.8850,0.6160,2.9420,4091.61,move_early
212.705984,16.6730,1.0780,2.9430,4092.28,move_early
212.721829,15.8450,0.9020,2.9600,4092.95,move_early
212.736350,14.5210,0.9270,4.1300,4093.61,move_early
212.762351,26.0010,0.8500,2.9580,4094.28,move_early
212.780206,17.8550,0.7570,2.9700,4095.13,move_early
212.805236,25.0300,0.7710,3.6860,4095.85,move_early
212.820140,14.9040,0.7790,3.1860,4096.85,move_early
212.843806,23.6660,0.8710,2.9620,4097.57,move_early
212.913141,69.3350,0.8750,3.2810,4097.57,move_early
212.936404,23.2630,0.8680,2.9830,4097.57,move_early
212.949369,12.9650,0.8800,2.9850,4097.57,move_early
212.963586,14.2170,0.8580,3.8340,4097.57,move_early
212.982951,19.3650,0.8790,3.3460,4097.57,move_early
212.996005,13.0540,0.8980,2.9680,4097.57,move_early
213.013126,17.1210,0.7420,2.9820,4097.57,move_early
213.028863,15.7370,0.7460,2.9620,4097.57,move_early
213.039147,10.2840,0.6840,3.5910,4097.57,move_early
213.101296,62.1490,0.6840,2.9730,4097.57,move_early
213.112966,11.6700,0.7780,2.9870,4097.57,move_early
213.122421,9.4550,0.9290,2.9870,4097.57,move_early
213.136674,14.2530,0.6480,2.9420,4097.57,move_early
213.145807,9.1330,0.5170,2.9690,4097.57,move_early
213.191523,45.7160,0.5540,3.2480,4097.57,move_early
213.240157,48.6340,0.5460,3.6110,4097.57,move_early
213.254026,13.8690,0.7980,3.0030,4097.57,move_early
213.269410,15.3840,0.8250,3.0040,4097.57,move_early
213.279133,9.7230,0.6500,2.9770,4097.57,move_early
213.300492,21.3590,0.6090,3.0120,4097.57,move_early
213.368475,67.9830,0.6270,2.9790,4097.57,move_early
213.386579,18.1040,0.8180,2.9700,4097.57,move_early
213.399560,12.9810,0.9780,2.9720,4097.57,move_early
213.416284,16.7240,0.8140,2.9630,4097.57,move_early
213.434976,18.6920,0.7330,2.9790,4097.57,move_early
213.452866,17.8900,0.8670,3.6740,4097.57,move_early
213.463877,11.0110,0.8320,2.9820,4097.57,move_early
213.486157,22.2800,0.8240,2.9580,4097.57,move_early
213.505476,19.3190,0.6480,3.0190,4097.57,move_early
213.517320,11.8440,0.7500,3.9930,4097.57,move_early
213.588398,71.0780,0.7300,3.5880,4097.57,move_early
213.600478,12.0800,0.7410,2.9610,4097.57,move_early
213.611409,10.9310,0.8470,3.0290,4097.57,move_early
213.624150,12.7410,0.7050,2.9640,4097.57,move_early
213.638729,14.5790,0.5770,3.2380,4097.57,move_early
213.652010,13.2810,0.5770,2.9950,4097.57,move_early
213.665276,13.2660,0.5260,3.2580,4097.57,move_early
213.677100,11.8240,0.4890,3.0130,4097.57,move_early
213.692567,15.4670,0.4940,3.0210,4097.57,move_early
213.746933,54.3660,0.5300,2.9790,4097.57,move_early
213.760776,13.8430,0.5360,2.9640,4097.57,move_early
213.776609,15.8330,0.7620,2.9850,4097.57,move_early
213.787886,11.2770,0.5510,2.9740,4097.57,move_early
213.797431,9.5450,0.6580,2.9700,4097.57,move_early
213.807270,9.8390,0.5200,3.1850,4097.57,move_early
213.820571,13.3010,0.4740,2.9980,4097.57,move_early
213.882939,62.3680,0.4820,2.9890,4097.57,move_early
213.900290,17.3510,0.5530,3.9700,4097.57,move_early
213.911503,11.2130,0.8280,2.9610,4097.57,move_early
213.926252,14.7490,0.6680,2.9790,4097.57,move_early
213.944170,17.9180,0.9510,2.9820,4097.57,move_early
213.963283,19.1130,0.5320,2.9920,4097.57,move_early
213.979928,16.6450,0.9520,3.4560,4097.57,move_early
213.997072,17.1440,0.7970,3.0150,4097.57,move_early
214.059339,62.2670,0.5500,3.2510,4097.57,move_early
214.077472,18.1330,0.6270,2.9690,4097.57,move_early
214.088344,10.8720,0.8380,2.9540,4097.57,move_early
214.103393,15.0490,0.7190,3.3490,4097.57,move_early
214.116553,13.1600,0.5620,2.9850,4097.57,move_early
214.193024,76.4710,0.6150,2.9910,4097.57,move_early
214.217544,24.5200,0.6480,2.9810,4097.57,move_early
214.285125,67.5810,0.8870,2.9950,4097.57,move_early
214.303783,18.6580,0.7950,2.9830,4097.57,move_early
214.323966,20.1830,0.7980,4.0330,4097.57,move_early
214.334369,10.4030,0.7130,3.4120,4097.57,move_early
214.349691,15.3220,0.6460,2.9720,4097.57,move_early
214.364319,14.6280,0.5620,3.4960,4097.57,move_early
214.429091,64.7720,0.6620,3.3100,4097.57,move_early
214.442428,13.3370,0.5520,2.9860,4097.57,move_early
214.509618,67.1900,0.6710,2.9840,4097.57,move_early
214.527182,17.5640,0.5810,2.9780,4097.57,move_early
214.579893,52.7110,0.7040,3.5130,4097.57,move_early
214.597391,17.4980,0.5830,3.0090,4097.57,move_early
214.612034,14.6430,0.8180,2.9670,4097.57,move_early
214.627304,15.2700,0.6380,3.0000,4097.57,move_early
214.637253,9.9490,0.6350,2.9720,4097.57,move_early
214.703823,66.5700,0.6370,3.7230,4097.57,move_early
214.721422,17.5990,0.7270,2.9710,4097.57,move_early
214.788212,66.7900,0.9200,3.6850,4097.57,move_early
214.849890,61.6780,0.5950,2.9920,4097.57,move_early
214.862919,13.0290,0.8280,3.3270,4097.57,move_early
214.925829,62.9100,0.8490,3.2100,4097.57,move_early
214.936505,10.6760,0.7500,3.2000,4097.57,move_early
214.950537,14.0320,0.7140,3.2300,4097.57,move_early
214.965327,14.7900,0.6490,2.9680,4097.57,move_early
214.975966,10.6390,0.5330,2.9690,4097.57,move_early
214.985474,9.5080,0.4890,3.0190,4097.57,move_early
215.048367,62.8930,0.4630,3.1500,4097.57,move_early
215.070099,21.7320,0.5810,3.0110,4097.57,move_early
215.087566,17.4670,0.8710,2.9930,4097.57,move_early
215.110231,22.6650,0.6330,3.0130,4097.57,move_early
215.179591,69.3600,0.5700,3.8950,4097.57,move_early
215.190489,10.8980,0.6120,2.9930,4097.57,move_early
215.205731,15.2420,0.8360,2.9810,4097.57,move_early
215.219231,13.5000,0.6160,3.2460,4097.57,move_early
215.284155,64.9240,0.6120,2.9750,4097.57,move_early
215.349762,65.6070,0.6000,3.2170,4097.57,move_early
215.365166,15.4040,0.8120,2.9760,4097.57,move_early
215.379969,14.8030,0.7560,3.2650,4097.57,move_early
215.393042,13.0730,0.7490,3.2560,4097.57,move_early
215.445337,52.2950,0.6020,2.9780,4097.57,move_early
215.464271,18.9340,0.6750,3.2400,4097.57,move_early
215.484893,20.6220,0.9370,3.0240,4097.57,move_early
215.500452,15.5590,0.7380,2.9700,4097.57,move_early
215.523204,22.7520,0.7480,2.9720,4097.57,move_early
215.535154,11.9500,0.4900,3.0030,4097.57,move_early
215.544784,9.6300,0.6350,3.2650,4097.57,move_early
215.554754,9.9700,0.5760,3.0040,4097.57,move_early
215.573835,19.0810,0.6030,3.2620,4097.57,move_early
215.586268,12.4330,0.5520,3.0010,4097.57,move_early
215.637545,51.2770,0.5610,3.2610,4097.57,move_early
215.652429,14.8840,0.5330,3.0060,4097.57,move_early
215.665213,12.7840,0.7200,2.9750,4097.57,move_early
215.731096,65.8830,0.5660,2.9750,4097.57,move_early
215.795757,64.6610,0.5260,3.3230,4097.57,move_early
215.811577,15.8200,0.7500,3.0260,4097.57,move_early
215.880897,69.3200,0.8660,3.4650,4097.57,move_early
215.897757,16.8600,0.7550,2.9730,4097.57,move_early
215.911233,13.4760,0.9390,2.9990,4097.57,move_early
215.989552,78.3190,0.6780,3.0210,4097.57,move_early
216.000945,11.3930,0.6290,2.9960,4097.57,move_early
216.011666,10.7210,0.9340,3.3600,4097.57,move_early
216.076935,65.2690,0.6030,3.0110,4097.57,move_early
216.143004,66.0690,0.8400,4.0460,4097.57,move_early
216.161448,18.4440,0.9100,3.0400,4097.57,move_early
216.181767,20.3190,0.8860,3.6440,4097.57,move_early
216.195939,14.1720,0.7410,3.0240,4097.57,move_early
216.264318,68.3790,0.7010,2.9740,4097.57,move_early
216.289377,25.0590,0.7290,3.0140,4097.57,move_early
216.299661,10.2840,0.8610,3.2210,4097.57,move_early
216.309836,10.1750,0.6810,3.8250,4097.57,move_early
216.328425,18.5890,0.5280,2.9850,4097.57,move_early
216.345608,17.1830,0.7510,3.3060,4097.57,move_early
216.354821,9.2130,0.5300,3.0270,4097.57,move_early
216.371934,17.1130,0.6990,3.4070,4097.57,move_early
216.388965,17.0310,0.5550,3.0070,4097.57,move_early
216.404383,15.4180,0.6110,3.0450,4097.57,move_early
216.413044,8.6610,0.5990,3.0000,4097.57,move_early
216.431030,17.9860,0.5550,2.9780,4097.57,move_early
216.447674,16.6440,0.5130,3.0340,4097.57,move_early
216.497302,49.6280,0.5570,3.0030,4097.57,move_early
216.510919,13.6170,0.5990,3.0220,4097.57,move_early
216.575693,64.7740,0.5850,3.2780,4097.57,move_early
216.591803,16.1100,0.6130,3.0140,4097.57,move_early
216.603312,11.5090,0.7360,3.0090,4097.57,move_early
216.613057,9.7450,0.5280,2.9880,4097.57,move_early
216.685284,72.2270,0.5720,3.3190,4097.57,move_early
216.750929,65.6450,0.5210,3.0030,4097.57,move_early
216.766867,15.9380,0.9660,3.1900,4097.57,move_early
216.779329,12.4620,0.7950,2.9930,4097.57,move_early
216.793808,14.4790,0.5830,3.0050,4097.57,move_early
216.845727,51.9190,0.6800,3.2050,4097.57,move_early
216.864401,18.6740,0.6650,3.0070,4097.57,move_early
216.879722,15.3210,0.9340,3.2420,4097.57,move_early
216.943387,63.6650,0.6630,3.0490,4097.57,move_early
217.015927,72.5400,0.5590,3.2600,4097.57,move_early
217.032498,16.5710,0.9530,3.4360,4097.57,move_early
217.048500,16.0020,0.8360,3.0520,4097.57,move_early
217.123010,74.5100,0.6300,3.2850,4097.57,move_early
217.195693,72.6830,0.6660,2.9940,4097.57,move_early
217.208061,12.3680,0.7150,3.2270,4097.57,move_early
217.221163,13.1020,0.6800,2.9950,4097.57,move_early
217.284567,63.4040,0.6410,3.4850,4097.57,move_early
217.298303,13.7360,0.5370,3.2830,4097.57,move_early
217.314478,16.1750,0.6930,3.4940,4097.57,move_early
217.372885,58.4070,0.4820,3.5640,4097.57,move_early
217.422787,49.9020,0.5730,3.0130,4097.57,move_early
217.488612,65.8250,0.7310,3.3960,4097.57,move_early
217.557586,68.9740,0.8590,4.0590,4097.57,move_early
217.579027,21.4410,0.8910,3.0330,4097.57,move_early
217.595540,16.5130,0.9000,3.0370,4097.57,move_early
217.658767,63.2270,0.6550,2.9950,4097.57,move_early
217.679599,20.8320,0.5810,3.0170,4097.57,move_early
217.694062,14.4630,0.8870,3.6670,4097.57,move_early
217.705047,10.9850,0.7200,3.1940,4097.57,move_early
217.720682,15.6350,0.5350,3.3560,4097.57,move_early
217.734313,13.6310,0.4970,3.0200,4097.57,move_early
217.798689,64.3760,0.5230,3.0090,4097.57,move_early
217.816559,17.8700,0.5120,3.0410,4097.57,move_early
217.831354,14.7950,0.6530,3.1940,4097.57,move_early
217.850328,18.9740,0.7270,3.2280,4097.57,move_early
217.865906,15.5780,0.6380,3.0220,4097.57,move_early
217.876094,10.1880,0.5670,3.0070,4097.57,move_early
217.885127,9.0330,0.6220,3.0310,4097.57,move_early
217.904534,19.4070,0.5670,3.2510,4097.57,move_early
217.918770,14.2360,0.5080,2.9940,4097.57,move_early
217.929917,11.1470,0.4810,3.2570,4097.57,move_early
217.957206,27.2890,0.5310,3.0050,4097.57,move_early
217.970294,13.0880,0.5530,3.2420,4097.57,move_early
217.983205,12.9110,0.5980,3.0290,4097.57,move_early
218.046242,63.0370,0.5420,3.0470,4097.57,move_early
218.060583,14.3410,0.5310,3.0180,4097.57,move_early
218.123435,62.8520,0.7480,3.0630,4097.57,move_early
218.134815,11.3800,0.5730,3.0430,4097.57,move_early
218.151349,16.5340,0.6720,3.0250,4097.57,move_early
218.165090,13.7410,0.6060,3.0110,4097.57,move_early
218.185680,20.5900,0.5740,3.0430,4097.57,move_early
218.236648,50.9680,0.5110,3.0270,4097.57,move_early
218.252359,15.7110,0.5770,3.0250,4097.57,move_early
218.264681,12.3220,0.6720,3.1880,4097.57,move_early
218.333047,68.3660,0.5380,3.0260,4097.57,move_early
218.399385,66.3380,0.5260,3.2570,4097.57,move_early
218.415015,15.6300,0.6480,3.0090,4097.57,move_early
218.478974,63.9590,0.8720,2.9960,4097.57,move_early
218.492941,13.9670,0.6430,3.0370,4097.57,move_early
218.505840,12.8990,0.6830,3.0140,4097.57,move_early
218.565128,59.2880,0.5840,3.0330,4097.57,move_early
218.632963,67.8350,0.4860,3.0250,4097.57,move_early
218.704705,71.7420,0.6280,3.0130,4097.57,move_early
218.767787,63.0820,0.8570,3.2610,4097.57,move_early
218.831207,63.4200,0.9110,2.9940,4097.57,move_early
218.841784,10.5770,0.7700,2.9880,4097.57,move_early
218.903778,61.9940,0.7980,3.0340,4097.57,move_early
218.918894,15.1160,0.6210,3.1890,4097.57,move_early
218.931201,12.3070,0.7940,3.2530,4097.57,move_early
218.941385,10.1840,0.5300,3.1960,4097.57,move_early
218.989357,47.9720,0.5300,3.0330,4097.57,move_early
219.002217,12.8600,0.5430,3.0050,4097.57,move_early
219.020866,18.6490,0.5210,2.9960,4097.57,move_early
219.038461,17.5950,0.6670,3.2050,4097.57,move_early
219.055293,16.8320,0.5890,3.0030,4097.57,move_early
219.065600,10.3070,0.5120,3.0020,4097.57,move_early
219.079676,14.0760,0.5340,3.0290,4097.57,move_early
219.153215,73.5390,0.4960,3.2550,4097.57,move_early
219.166811,13.5960,0.5250,3.2000,4097.57,move_early
219.178720,11.9090,0.6870,3.0070,4097.57,move_early
219.189180,10.4600,0.5060,3.0400,4097.57,move_early
219.202088,12.9080,0.5140,2.9940,4097.57,move_early
219.211690,9.6020,0.4890,3.2600,4097.57,move_early
219.231473,19.7830,0.5360,3.0050,4097.57,move_early
219.252457,20.9840,0.5730,3.1790,4097.57,move_early
219.268617,16.1600,0.5350,3.2450,4097.57,move_early
219.281416,12.7990,0.7300,3.5750,4097.57,move_early
219.293785,12.3690,0.5000,3.0030,4097.57,move_early
219.306462,12.6770,0.4680,3.1890,4097.57,move_early
219.320560,14.0980,0.5480,3.5730,4097.57,move_early
219.329916,9.3560,0.5280,3.0400,4097.57,move_early
219.344444,14.5280,0.5580,3.0190,4097.57,move_early
219.364835,20.3910,0.5110,3.2250,4097.57,move_early
219.374503,9.6680,0.5490,3.0010,4097.57,move_early
219.387179,12.6760,0.5180,3.1930,4097.57,move_early
219.397901,10.7220,0.5600,3.2590,4097.57,move_early
219.458189,60.2880,0.5700,3.0060,4097.57,move_early
219.509840,51.6510,0.5390,3.2250,4097.57,move_early
219.525393,15.5530,0.6620,3.0250,4097.57,move_early
219.592762,67.3690,0.6560,3.2520,4097.57,move_early
219.612251,19.4890,0.6820,3.0090,4097.57,move_early
219.627890,15.6390,0.8040,3.2510,4097.57,move_early
219.690267,62.3770,0.6800,3.0300,4097.57,move_early
219.754390,64.1230,0.5440,3.2350,4097.57,move_early
219.770032,15.6420,0.7600,3.2070,4097.57,move_early
219.841174,71.1420,0.9880,3.0150,4097.57,move_early
219.906212,65.0380,0.7020,3.0480,4097.57,move_early
219.977213,71.0010,0.6890,3.0210,4097.57,move_early
219.990279,13.0660,0.9280,3.3820,4097.57,move_early
220.001113,10.8340,0.9540,3.0230,4097.57,move_early
220.017012,15.8990,0.7740,3.2580,4097.57,move_early
220.081420,64.4080,0.6750,3.0100,4097.57,move_early
220.099586,18.1660,0.7320,3.1900,4097.57,move_early
220.115095,15.5090,0.9610,3.0170,4097.57,move_early
220.128741,13.6460,0.7660,3.0430,4097.57,move_early
220.139902,11.1610,0.9300,3.2570,4097.57,move_early
220.188115,48.2130,0.6670,3.2010,4097.57,move_early
220.202270,14.1550,0.6380,3.0190,4097.57,move_early
220.217217,14.9470,0.8520,3.2590,4097.57,move_early
220.226996,9.7790,0.6140,3.0470,4097.57,move_early
220.246661,19.6650,0.5820,3.0230,4097.57,move_early
220.261742,15.0810,0.5590,3.2600,4097.57,move_early
220.278816,17.0740,0.8230,3.2110,4097.57,move_early
220.349400,70.5840,0.6400,3.1910,4097.57,move_early
220.546045,196.6450,0.6430,3.1910,4097.57,move_early
220.560958,14.9130,0.7030,3.0170,4097.57,steady
220.573369,12.4110,0.9020,3.2670,4097.57,steady
220.584594,11.2250,0.7200,3.2040,4097.57,steady
220.600955,16.3610,0.5220,3.0040,4097.57,steady
220.610495,9.5400,0.4950,3.0500,4097.57,steady
220.621058,10.5630,0.5640,3.0150,4097.57,steady
220.638238,17.1800,0.5310,3.2040,4097.57,steady
220.665072,26.8340,0.5570,3.2670,4097.57,steady
220.684459,19.3870,0.5370,3.2450,4097.57,steady
220.706635,22.1760,0.5810,3.3810,4097.57,steady
220.721344,14.7090,0.5450,3.0040,4097.57,steady
220.733650,12.3060,0.6060,3.2480,4097.57,steady
220.749397,15.7470,0.7400,3.2010,4097.57,steady
220.759429,10.0320,0.5510,3.1990,4097.57,steady
220.772855,13.4260,0.5390,3.6660,4097.57,steady
220.787021,14.1660,0.5380,3.0150,4097.57,steady
220.798658,11.6370,0.7450,3.0220,4097.57,steady
220.812237,13.5790,0.6040,3.0460,4097.57,steady
220.829028,16.7910,0.5650,3.0210,4097.57,steady
220.840526,11.4980,0.5380,3.0400,4097.57,steady
220.856115,15.5890,0.5150,3.0340,4097.57,steady
220.917143,61.0280,0.5020,3.0070,4097.57,steady
220.984114,66.9710,0.5850,3.0260,4097.57,steady
220.999421,15.3070,0.7510,3.0450,4097.57,steady
221.063586,64.1650,0.8470,3.3660,4097.57,steady
221.075344,11.7580,0.5290,3.2360,4097.57,steady
221.142914,67.5700,0.7130,3.2520,4097.57,steady
221.215178,72.2640,0.6720,3.2660,4097.57,steady
221.275976,60.7980,0.9650,3.5840,4097.57,steady
221.339067,63.0910,1.0030,3.0040,4097.57,steady
221.398239,59.1720,0.9450,3.2480,4097.57,steady
221.408842,10.6030,0.9030,3.3950,4097.57,steady
221.428048,19.2060,0.7160,3.0410,4097.57,steady
221.437074,9.0260,0.5420,3.1880,4097.57,steady
221.447781,10.7070,0.5520,3.0350,4097.57,steady
221.457497,9.7160,0.5360,3.2500,4097.57,steady
221.469087,11.5900,0.5300,3.0260,4097.57,steady
221.480860,11.7730,0.4840,3.1920,4097.57,steady
221.492147,11.2870,0.6850,3.0230,4097.57,steady
221.501119,8.9720,0.5520,3.0530,4097.57,steady
221.510774,9.6550,0.5240,3.1810,4097.57,steady
221.521221,10.4470,0.4740,3.3770,4097.57,steady
221.540096,18.8750,0.5320,3.0480,4097.57,steady
221.549409,9.3130,0.6640,3.1940,4097.57,steady
221.559425,10.0160,0.5370,3.0020,4097.57,steady
221.575703,16.2780,0.4640,3.0150,4097.57,steady
221.586659,10.9560,0.4950,3.0160,4097.57,steady
221.649364,62.7050,0.5150,3.1930,4097.57,steady
221.662885,13.5210,0.5120,3.0380,4097.57,steady
221.674325,11.4400,0.7860,3.0520,4097.57,steady
221.686032,11.7070,0.5700,3.0360,4097.57,steady
221.737423,51.3910,0.5130,3.2360,4097.57,steady
221.817331,79.9080,0.5190,3.0120,4097.57,steady
221.831427,14.0960,0.7040,3.2520,4097.57,steady
221.894261,62.8340,0.7490,3.2640,4097.57,steady
221.910002,15.7410,0.6070,3.0300,4097.57,steady
221.925190,15.1880,0.9220,3.2020,4097.57,steady
221.941157,15.9670,0.6850,3.2670,4097.57,steady
222.010118,68.9610,0.7340,3.0370,4097.57,steady
222.089078,78.9600,0.7870,3.4530,4097.57,steady
222.103408,14.3300,0.8900,3.0320,4097.57,steady
222.116558,13.1500,0.8430,3.1870,4097.57,steady
222.177421,60.8630,0.5360,3.1870,4097.57,steady
222.190098,12.6770,0.5130,3.0340,4097.57,steady
222.250059,59.9610,0.6880,3.0140,4097.57,steady
222.267833,17.7740,0.5580,3.0120,4097.57,steady
222.278146,10.3130,0.6300,3.1890,4097.57,steady
222.294075,15.9290,0.5390,3.0180,4097.57,steady
222.307761,13.6860,0.6050,3.2440,4097.57,steady
222.351662,43.9010,0.6400,3.0060,4097.57,steady
222.402470,50.8080,0.6420,2.9980,4097.57,steady
222.413150,10.6800,0.6420,3.0510,4097.57,steady
222.424149,10.9990,0.7640,3.1950,4097.57,steady
222.438133,13.9840,0.5130,3.0440,4097.57,steady
222.500181,62.0480,0.5120,3.1990,4097.57,steady
222.512971,12.7900,0.5270,3.2700,4097.57,steady
222.526071,13.1000,0.6230,3.3480,4097.57,steady
222.585194,59.1230,0.4740,3.0290,4097.57,steady
222.601037,15.8430,0.5440,3.0320,4097.57,steady
222.663691,62.6540,0.8820,3.0250,4097.57,steady
222.677802,14.1110,0.6140,3.0380,4097.57,steady
222.689174,11.3720,0.8900,3.0320,4097.57,steady
222.755395,66.2210,0.7090,3.0520,4097.57,steady
222.769711,14.3160,0.7400,3.2150,4097.57,steady
222.783665,13.9540,1.0760,3.2080,4097.57,steady
222.803346,19.6810,0.8020,2.9950,4097.57,steady
222.818671,15.3250,0.8030,3.0430,4097.57,steady
222.833487,14.8160,0.6930,3.0260,4097.57,steady
222.847410,13.9230,0.5510,3.0440,4097.57,steady
222.861213,13.8030,0.5350,2.9940,4097.57,steady
222.873633,12.4200,0.5350,3.0090,4097.57,steady
222.890292,16.6590,0.5960,3.2280,4097.57,steady
222.906552,16.2600,0.5010,3.0350,4097.57,steady
222.917330,10.7780,0.8270,3.6690,4097.57,steady
222.936833,19.5030,0.6410,3.0320,4097.57,steady
222.953734,16.9010,0.5120,3.3400,4097.57,steady
222.967260,13.5260,0.5950,3.2790,4097.57,steady
222.986647,19.3870,1.0160,3.0630,4097.57,steady
222.997798,11.1510,0.7650,3.4320,4097.57,steady
223.047977,50.1790,0.6620,3.3420,4097.57,steady
223.064957,16.9800,0.6540,3.0490,4097.57,steady
223.082835,17.8780,0.9920,3.6290,4097.57,steady
223.095438,12.6030,0.6280,3.3910,4097.57,steady
223.168067,72.6290,0.5650,3.0540,4097.57,steady
223.186022,17.9550,0.6080,3.2920,4097.57,steady
223.200013,13.9910,0.9040,3.7280,4097.57,steady
223.270905,70.8920,0.6280,3.0210,4097.57,steady
223.284205,13.3000,0.6540,3.0350,4097.57,steady
223.295933,11.7280,0.8160,3.3720,4097.57,steady
223.364230,68.2970,0.5370,3.0380,4097.57,steady
223.433047,68.8170,0.6500,3.5030,4097.57,steady
223.447024,13.9770,0.7570,3.0030,4097.57,steady
223.508284,61.2600,0.8470,3.0130,4097.57,steady
223.573002,64.7180,0.6690,3.6820,4097.57,steady
223.638109,65.1070,0.7550,3.6460,4097.57,steady
223.650739,12.6300,0.7300,3.0130,4097.57,steady
223.664242,13.5030,0.7530,3.0470,4097.57,steady
223.702130,37.8880,0.6450,3.0520,4097.57,steady
223.766813,64.6830,0.7360,3.0300,4097.57,steady
223.784274,17.4610,0.7120,3.0160,4097.57,steady
223.794229,9.9550,0.9940,3.0540,4097.57,steady
223.817787,23.5580,0.5730,3.0460,4097.57,steady
223.829025,11.2380,0.5660,3.2490,4097.57,steady
223.838885,9.8600,0.7080,3.0400,4097.57,steady
223.854011,15.1260,0.5420,3.3650,4097.57,steady
223.868127,14.1160,0.5410,3.0470,4097.57,steady
223.879977,11.8500,0.5890,3.0240,4097.57,steady
223.893670,13.6930,0.5320,3.0340,4097.57,steady
223.961198,67.5280,0.5260,3.0220,4097.57,steady
223.977486,16.2880,0.6090,3.0190,4097.57,steady
223.991471,13.9850,0.8900,3.0110,4097.57,steady
224.005519,14.0480,0.5490,3.2320,4097.57,steady
224.018579,13.0600,0.5140,3.0400,4097.57,steady
224.042034,23.4550,0.5360,3.0160,4097.57,steady
224.053421,11.3870,0.5810,3.7950,4097.57,steady
224.065331,11.9100,0.9060,3.0200,4097.57,steady
224.083372,18.0410,0.5860,3.0230,4097.57,steady
224.098280,14.9080,0.6100,3.6410,4097.57,steady
224.108798,10.5180,0.5090,3.0440,4097.57,steady
224.125519,16.7210,0.4920,3.0510,4097.57,steady
224.143255,17.7360,0.5900,3.0000,4097.57,steady
224.161422,18.1670,0.8060,3.0430,4097.57,steady
224.177788,16.3660,0.7790,3.3160,4097.57,steady
224.193011,15.2230,0.7860,3.3850,4097.57,steady
224.203938,10.9270,0.7110,3.1990,4097.57,steady
224.225587,21.6490,0.6060,3.0300,4097.57,steady
224.276042,50.4550,0.6320,3.1840,4097.57,steady
224.296210,20.1680,0.7140,3.5660,4097.57,steady
224.363347,67.1370,0.7560,3.0440,4097.57,steady
224.379224,15.8770,0.7140,3.0250,4097.57,steady
224.396912,17.6880,0.9490,3.3330,4097.57,steady
224.420225,23.3130,0.7070,3.0100,4097.57,steady
224.487359,67.1340,0.7130,3.3110,4097.57,steady
224.505491,18.1320,0.8310,3.7350,4097.57,steady
224.571702,66.2110,0.8540,3.3710,4097.57,steady
224.638254,66.5520,0.8600,3.0350,4097.57,steady
224.653455,15.2010,0.9850,3.1970,4097.57,steady
224.666528,13.0730,0.8880,3.0270,4097.57,steady
224.735055,68.5270,0.5400,3.0290,4097.57,steady
224.794658,59.6030,0.5870,3.0280,4097.57,steady
224.807901,13.2430,0.8100,3.0420,4097.57,steady
224.817858,9.9570,0.7160,3.0210,4097.57,steady
224.875375,57.5170,0.7830,3.1980,4097.57,steady
224.886015,10.6400,0.5690,3.0150,4097.57,steady
224.899524,13.5090,0.6620,3.0580,4097.57,steady
224.917088,17.5640,0.5960,3.7250,4097.57,steady
224.931694,14.6060,0.5960,3.3380,4097.57,steady
224.941737,10.0430,0.7540,3.0280,4097.57,steady
224.953282,11.5450,0.7760,3.0460,4097.57,steady
224.974323,21.0410,0.6780,3.0390,4097.57,steady
225.019950,45.6270,0.6490,3.3240,4097.57,steady
225.034691,14.7410,0.6850,3.2600,4097.57,steady
225.050722,16.0310,0.7280,3.0540,4097.57,steady
225.110933,60.2110,0.6190,3.0460,4097.57,steady
225.123417,12.4840,0.5500,3.0440,4097.57,steady
225.139320,15.9030,0.7900,3.0530,4097.57,steady
225.153438,14.1180,0.6230,2.9990,4097.57,steady
225.171403,17.9650,0.5410,3.0560,4097.57,steady
225.184719,13.3160,0.5100,3.0340,4097.57,steady
225.197793,13.0740,0.7580,3.0060,4097.57,steady
225.210990,13.1970,0.5080,3.6490,4097.57,steady
225.225810,14.8200,0.5100,3.2950,4097.57,steady
225.241613,15.8030,0.5790,3.2540,4097.57,steady
225.254742,13.1290,0.5450,3.6510,4097.57,steady
225.277483,22.7410,0.5370,3.0380,4097.57,steady
225.291796,14.3130,0.5340,3.0280,4097.57,steady
225.300970,9.1740,0.5970,3.0260,4097.57,steady
225.312063,11.0930,0.5280,3.0640,4097.57,steady
225.325177,13.1140,0.5210,3.0360,4097.57,steady
225.338622,13.4450,0.5650,3.0290,4097.57,steady
225.349875,11.2530,0.5250,3.0070,4097.57,steady
225.395025,45.1500,0.5660,3.0380,4097.57,steady
225.448740,53.7150,0.5050,3.0580,4097.57,steady
225.463406,14.6660,0.7020,3.0370,4097.57,steady
225.475889,12.4830,0.6660,3.2300,4097.57,steady
225.485534,9.6450,0.6060,3.0420,4097.57,steady
225.552548,67.0140,0.5180,3.2960,4097.57,steady
225.571411,18.8630,0.5610,3.0220,4097.57,steady
225.584579,13.1680,0.7830,3.7970,4097.57,steady
225.647667,63.0880,0.6180,3.0430,4097.57,steady
225.663388,15.7210,0.6380,3.2490,4097.57,steady
225.725862,62.4740,0.8670,3.0550,4097.57,steady
225.791372,65.5100,0.6710,3.4710,4097.57,steady
225.805405,14.0330,0.8510,3.2280,4097.57,steady
225.818421,13.0160,0.8630,3.0390,4097.57,steady
225.881215,62.7940,0.5610,3.0330,4097.57,steady
225.946512,65.2970,0.5260,3.7310,4097.57,steady
225.959542,13.0300,0.8030,3.0430,4097.57,steady
225.968654,9.1120,0.7440,3.0370,4097.57,steady
226.028177,59.5230,0.5710,3.0470,4097.57,steady
226.043267,15.0900,0.5650,3.0210,4097.57,steady
226.057247,13.9800,0.8420,3.0900,4097.57,steady
226.066636,9.3890,0.6290,3.0440,4097.57,steady
226.079161,12.5250,0.5120,3.0700,4097.57,steady
226.137617,58.4560,0.5660,3.0290,4097.57,steady
226.153478,15.8610,0.5450,3.0320,4097.57,steady
226.163267,9.7890,0.7470,3.2340,4097.57,steady
226.181303,18.0360,0.6050,3.0630,4097.57,steady
226.192756,11.4530,0.5750,3.0430,4097.57,steady
226.205579,12.8230,0.5720,3.2530,4097.57,steady
226.261092,55.5130,0.5420,3.3000,4097.57,steady
226.315845,54.7530,0.5550,3.0510,4097.57,steady
226.339087,23.2420,0.7820,3.2240,4097.57,steady
226.357060,17.9730,0.8400,3.0440,4097.57,steady
226.423864,66.8040,0.6830,3.4780,4097.57,steady
226.440069,16.2050,0.6570,3.0380,4097.57,steady
226.454281,14.2120,0.8580,3.0170,4097.57,steady
226.467901,13.6200,0.6820,3.0610,4097.57,steady
226.530448,62.5470,0.5090,3.0680,4097.57,steady
226.543037,12.5890,0.5580,3.0670,4097.57,steady
226.556307,13.2700,0.8170,3.0530,4097.57,steady
226.568995,12.6880,0.5760,3.0590,4097.57,steady
226.576928,7.9330,0.5170,3.7550,4097.57,steady
226.580410,3.4820,0.4910,3.3750,4097.57,steady
226.590062,9.6520,0.5110,3.0390,4097.57,steady
226.600843,10.7810,0.4910,3.0700,4097.57,steady
226.611637,10.7940,0.5060,3.3180,4097.57,steady
226.625014,13.3770,0.5530,3.0610,4097.57,steady
226.645121,20.1070,0.5470,3.0310,4097.57,steady
226.656138,11.0170,0.5610,3.3610,4097.57,steady
226.665104,8.9660,0.5540,3.2060,4097.57,steady
226.677994,12.8900,0.5470,3.0440,4097.57,steady
226.725786,47.7920,0.4930,3.3280,4097.57,steady
226.747922,22.1360,0.6320,3.0600,4097.57,steady
226.760290,12.3680,0.7460,3.0490,4097.57,steady
226.821828,61.5380,0.5940,3.0410,4097.57,steady
226.841311,19.4830,0.5300,3.0460,4097.57,steady
226.856282,14.9710,0.7280,3.0340,4097.57,steady
226.918696,62.4140,0.5710,3.0250,4097.57,steady
226.983179,64.4830,0.5170,3.0420,4097.57,steady
227.005807,22.6280,0.7420,3.0670,4097.57,steady
227.068679,62.8720,0.8190,3.0470,4097.57,steady
227.127771,59.0920,0.7340,3.2420,4097.57,steady
227.147495,19.7240,0.7980,3.3150,4097.57,steady
227.157784,10.2890,0.7540,3.0500,4097.57,steady
227.192439,34.6550,0.7000,3.0760,4097.57,steady
227.251581,59.1420,0.5410,3.0270,4097.57,steady
227.313198,61.6170,0.6520,3.0360,4097.57,steady
227.377373,64.1750,0.8430,3.0310,4097.57,steady
227.390864,13.4910,0.8970,3.0370,4097.57,steady
227.409873,19.0090,0.8220,3.0470,4097.57,steady
227.423681,13.8080,0.6450,3.0240,4097.57,steady
227.438307,14.6260,0.5360,3.2280,4097.57,steady
227.451067,12.7600,0.5440,3.3920,4097.57,steady
227.466027,14.9600,0.5760,3.2880,4097.57,steady
227.474799,8.7720,0.5880,3.2380,4097.57,steady
227.484569,9.7700,0.5010,3.3030,4097.57,steady
227.499557,14.9880,0.5350,3.0310,4097.57,steady
227.513681,14.1240,0.5780,3.0160,4097.57,steady
227.528723,15.0420,0.8700,3.3810,4097.57,steady
227.540220,11.4970,0.5600,3.3080,4097.57,steady
227.557329,17.1090,0.7570,3.2340,4097.57,steady
227.567443,10.1140,0.6640,3.0540,4097.57,steady
227.581687,14.2440,0.5270,3.7440,4097.57,steady
227.601073,19.3860,0.5220,3.0620,4097.57,steady
227.613124,12.0510,0.5780,3.0610,4097.57,steady
227.624514,11.3900,0.5480,3.0580,4097.57,steady
227.691603,67.0890,0.5440,3.0270,4097.57,steady
227.709146,17.5430,0.5190,3.2530,4097.57,steady
227.723341,14.1950,0.6980,3.0370,4097.57,steady
227.736250,12.9090,0.6390,3.3230,4097.57,steady
227.799318,63.0680,0.5960,3.2410,4097.57,steady
227.818357,19.0390,0.5510,3.2060,4097.57,steady
227.832680,14.3230,0.8570,3.2460,4097.57,steady
227.892228,59.5480,0.5780,3.0580,4097.57,steady
227.906696,14.4680,0.5520,3.0410,4097.57,steady
227.968476,61.7800,0.6600,3.0400,4097.57,steady
228.040338,71.8620,0.6120,3.0570,4097.57,steady
228.056154,15.8160,0.8600,3.0890,4097.57,steady
228.118069,61.9150,0.8050,3.0660,4097.57,steady
228.178327,60.2580,0.6330,3.2400,4097.57,steady
228.191168,12.8410,0.7100,3.2270,4097.57,steady
228.207684,16.5160,0.7320,3.0810,4097.57,steady
228.225072,17.3880,0.4910,3.0680,4097.57,steady
228.288240,63.1680,0.5470,3.0550,4097.57,steady
228.302477,14.2370,0.5380,3.2440,4097.57,steady
228.312273,9.7960,0.6690,3.0420,4097.57,steady
228.322444,10.1710,0.6530,3.0410,4097.57,steady
228.374098,51.6540,0.5430,3.0260,4097.57,steady
228.426418,52.3200,0.6150,3.0340,4097.57,steady
228.443643,17.2250,0.8480,3.0310,4097.57,steady
228.457723,14.0800,0.9380,3.0440,4097.57,steady
228.518915,61.1920,0.6890,3.0380,4097.57,steady
228.533454,14.5390,0.6420,3.0740,4097.57,steady
228.548152,14.6980,0.7590,3.0290,4097.57,steady
228.565265,17.1130,0.5150,3.0500,4097.57,steady
228.578635,13.3700,0.5170,3.5040,4097.57,steady
228.593715,15.0800,0.5830,3.0300,4097.57,steady
228.603065,9.3500,0.6980,3.4060,4097.57,steady
228.619257,16.1920,0.5270,3.0460,4097.57,steady
228.633110,13.8530,0.5020,3.0380,4097.57,steady
228.646290,13.1800,0.5170,3.2480,4097.57,steady
228.661159,14.8690,0.5120,3.2630,4097.57,steady
228.672318,11.1590,0.5230,3.0430,4097.57,steady
228.695110,22.7920,0.5640,3.2420,4097.57,steady
228.712482,17.3720,0.5210,3.0740,4097.57,steady
228.732058,19.5760,0.5550,3.0260,4097.57,steady
228.741712,9.6540,0.6290,3.0530,4097.57,steady
228.758107,16.3950,0.6220,3.2280,4097.57,steady
228.768976,10.8690,0.5160,3.0590,4097.57,steady
228.783331,14.3550,0.6320,3.2880,4097.57,steady
228.796140,12.8090,0.5640,3.0630,4097.57,steady
228.807878,11.7380,0.5400,3.2920,4097.57,steady
228.823407,15.5290,0.5480,3.0480,4097.57,steady
228.883930,60.5230,0.6230,3.2500,4097.57,steady
228.899017,15.0870,0.6370,3.5890,4097.57,steady
228.918933,19.9160,0.9030,3.0440,4097.57,steady
228.988768,69.8350,0.6120,3.2270,4097.57,steady
229.008006,19.2380,0.6910,3.3060,4097.57,steady
229.025352,17.3460,0.8770,3.2690,4097.57,steady
229.090806,65.4540,0.6690,3.2560,4097.57,steady
229.104591,13.7850,0.6370,3.2800,4097.57,steady
229.122460,17.8690,0.8280,3.0470,4097.57,steady
229.135382,12.9220,0.5640,3.2550,4097.57,steady
229.149838,14.4560,0.5970,3.0630,4097.57,steady
229.211502,61.6640,0.5400,3.3950,4097.57,steady
229.226937,15.4350,0.5360,3.4510,4097.57,steady
229.295092,68.1550,0.6310,3.3970,4097.57,steady
229.380044,84.9520,0.6660,3.0170,4097.57,steady
229.396240,16.1960,1.2380,5.3850,4097.57,steady
229.461638,65.3980,1.0130,3.9430,4097.57,steady
229.525093,63.4550,0.8600,4.3480,4097.57,steady
229.540051,14.9580,0.9570,4.8470,4097.57,steady
229.550787,10.7360,1.0910,2.9430,4097.57,steady
229.597781,46.9940,0.7230,2.9250,4097.57,steady
229.658648,60.8670,0.5860,5.0130,4097.57,steady
229.709407,50.7590,0.7240,2.9140,4097.57,steady
229.734231,24.8240,0.8220,2.9140,4097.57,steady
229.791443,57.2120,0.8290,4.1270,4097.57,steady
229.805937,14.4940,0.7490,3.2770,4097.57,steady
229.869438,63.5010,0.7990,2.8900,4097.57,steady
229.927243,57.8050,0.7150,2.8980,4097.57,steady
229.939613,12.3700,0.8240,4.3280,4097.57,steady
229.949814,10.2010,0.9670,2.8880,4097.57,steady
229.969976,20.1620,0.6890,4.1170,4097.57,steady
229.982944,12.9680,0.6560,3.1280,4097.57,steady
229.996764,13.8200,0.6540,3.5360,4097.57,steady
230.008313,11.5490,0.8200,3.5270,4097.57,steady
230.023718,15.4050,0.6010,4.7800,4097.57,steady
230.033368,9.6500,0.6250,2.8990,4097.57,steady
230.044880,11.5120,0.6570,5.0030,4097.57,steady
230.060131,15.2510,0.6620,3.2290,4097.57,steady
230.078634,18.5030,0.6100,4.8470,4097.57,steady
230.093944,15.3100,0.5750,3.5810,4097.57,steady
230.108043,14.0990,0.7240,4.1060,4097.57,steady
230.123004,14.9610,0.6440,4.8150,4097.57,steady
230.134883,11.8790,0.6260,5.0130,4097.57,steady
230.148095,13.2120,0.6140,3.5920,4097.57,steady
230.159332,11.2370,0.5930,4.8430,4097.57,steady
230.170431,11.0990,0.5640,4.3570,4097.57,steady
230.228422,57.9910,0.5470,2.9210,4097.57,steady
230.248035,19.6130,0.5990,4.8670,4097.57,steady
230.302097,54.0620,0.9400,2.9270,4097.57,steady
230.319125,17.0280,0.7690,3.2230,4097.57,steady
230.392679,73.5540,0.9710,3.7420,4097.57,steady
230.407419,14.7400,0.8540,2.9190,4097.57,steady
230.462472,55.0530,0.8630,3.5100,4097.57,steady
230.482401,19.9290,0.5660,3.5050,4097.57,steady
230.497761,15.3600,0.8890,4.4070,4097.57,steady
230.558139,60.3780,0.7390,4.8210,4097.57,steady
230.612926,54.7870,0.6170,3.5500,4097.57,steady
230.676680,63.7540,0.7140,4.1140,4097.57,steady
230.694104,17.4240,0.8650,4.2570,4097.57,steady
230.708865,14.7610,1.0270,4.7820,4097.57,steady
230.784370,75.5050,0.7660,2.9200,4097.57,steady
230.802396,18.0260,0.7470,2.9230,4097.57,steady
230.865985,63.5890,0.8670,2.9550,4097.57,steady
230.933248,67.2630,0.5470,4.7980,4097.57,steady
230.946981,13.7330,0.6380,3.5780,4097.57,steady
230.961106,14.1250,0.8210,4.1310,4097.57,steady
231.023241,62.1350,0.6850,2.8910,4097.57,steady
231.033259,10.0180,0.7170,4.1490,4097.57,steady
231.048741,15.4820,0.7490,2.9450,4097.57,steady
231.066403,17.6620,0.6660,3.4970,4097.57,steady
231.080407,14.0040,0.7160,2.9050,4097.57,steady
231.090662,10.2550,0.6450,4.1370,4097.57,steady
231.100993,10.3310,0.5610,4.1260,4097.57,steady
231.116821,15.8280,0.6640,2.8950,4097.57,steady
231.130502,13.6810,0.6580,4.2960,4097.57,steady
231.142319,11.8170,0.5510,3.5170,4097.57,steady
231.156007,13.6880,0.5600,3.5640,4097.57,steady
231.216975,60.9680,0.5210,4.1530,4097.57,steady
231.280917,63.9420,0.5430,2.9460,4097.57,steady
231.343078,62.1610,0.7780,2.9290,4097.57,steady
231.356451,13.3730,0.8250,4.1190,4097.57,steady
231.422453,66.0020,0.7830,2.9380,4097.57,steady
231.441098,18.6450,0.6260,2.9220,4097.57,steady
231.453975,12.8770,0.8190,3.4940,4097.57,steady
231.511420,57.4450,0.6450,4.1540,4097.57,steady
231.527886,16.4660,0.6210,2.9530,4097.57,steady
231.587077,59.1910,0.8130,4.7490,4097.57,steady
231.600876,13.7990,0.5820,3.2320,4097.57,steady
231.619328,18.4520,0.8910,4.1270,4097.57,steady
231.634967,15.6390,0.7260,4.1360,4097.57,steady
231.649820,14.8530,0.7140,2.9270,4097.57,steady
231.664049,14.2290,0.6350,2.9060,4097.57,steady
231.675860,11.8110,0.6890,4.1300,4097.57,steady
231.691035,15.1750,0.5720,2.9090,4097.57,steady
231.702850,11.8150,0.5630,2.9190,4097.57,steady
231.717786,14.9360,0.6150,4.5060,4097.57,steady
231.730755,12.9690,0.5950,3.1090,4097.57,steady
231.743399,12.6440,0.5670,2.9200,4097.57,steady
231.753287,9.8880,0.5310,2.8970,4097.57,steady
231.811472,58.1850,0.5780,3.3580,4097.57,steady
231.878591,67.1190,0.5800,2.9270,4097.57,steady
231.934557,55.9660,0.9020,2.9070,4097.57,steady
231.946336,11.7790,0.9390,2.8840,4097.57,steady
231.963951,17.6150,0.8730,2.9060,4097.57,steady
231.981378,17.4270,0.7170,4.1510,4097.57,steady
231.995585,14.2070,0.6920,2.8960,4097.57,steady
232.007637,12.0520,0.6080,2.8980,4097.57,steady
232.021344,13.7070,0.6380,2.9230,4097.57,steady
232.082404,61.0600,0.5580,2.9050,4097.57,steady
232.096773,14.3690,0.5430,4.4800,4097.57,steady
232.113679,16.9060,0.7420,3.0410,4097.57,steady
232.124512,10.8330,0.5890,3.0460,4097.57,steady
232.135184,10.6720,0.6910,3.0420,4097.57,steady
232.148338,13.1540,0.5840,3.0190,4097.57,steady
232.160557,12.2190,0.5070,3.0610,4097.57,steady
232.215748,55.1910,0.5510,3.5060,4097.57,steady
232.232387,16.6390,0.5700,3.9100,4097.57,steady
232.246255,13.8680,0.7490,3.0270,4097.57,steady
232.314972,68.7170,0.6280,3.0740,4097.57,steady
232.331723,16.7510,0.6080,3.0760,4097.57,steady
232.352366,20.6430,0.8620,3.0700,4097.57,steady
232.367601,15.2350,0.5690,3.0390,4097.57,steady
232.380278,12.6770,0.6430,4.2770,4097.57,steady
232.443446,63.1680,0.5800,3.0540,4097.57,steady
232.507535,64.0890,0.5350,3.0680,4097.57,steady
232.569934,62.3990,0.8940,4.9260,4097.57,steady
232.628692,58.7580,0.8190,3.0600,4097.57,steady
232.642523,13.8310,0.8290,3.0410,4097.57,steady
232.705790,63.2670,0.7520,3.0680,4097.57,steady
232.765900,60.1100,0.6350,3.0590,4097.57,steady
232.778376,12.4760,0.7780,3.0620,4097.57,steady
232.790369,11.9930,0.7800,3.0610,4097.57,steady
232.849987,59.6180,0.6700,3.2600,4097.57,steady
232.864929,14.9420,0.5540,3.0660,4097.57,steady
232.881600,16.6710,0.8780,3.3790,4097.57,steady
232.896448,14.8480,0.6620,3.0660,4097.57,steady
232.915975,19.5270,0.5540,4.2910,4097.57,steady
232.935947,19.9720,0.6280,3.0470,4097.57,steady
232.989607,53.6600,1.2780,4.0760,4097.57,steady
233.001473,11.8660,1.1750,6.1010,4097.57,steady
233.021871,20.3980,0.9560,3.0480,4097.57,steady
233.034963,13.0920,0.6920,4.3670,4097.57,steady
233.045981,11.0180,0.8030,4.6480,4097.57,steady
233.061854,15.8730,0.6550,5.3960,4097.57,steady
233.078784,16.9300,0.6860,3.0690,4097.57,steady
233.092490,13.7060,0.7660,4.2980,4097.57,steady
233.104095,11.6050,0.6870,2.9030,4097.57,steady
233.128450,24.3550,0.6780,3.8790,4097.57,steady
233.159553,31.1030,0.7360,4.8440,4097.57,steady
233.226996,67.4430,0.8250,2.9440,4097.57,steady
233.242308,15.3120,0.8150,4.0090,4097.57,steady
233.253019,10.7110,0.8310,2.9230,4097.57,steady
233.272355,19.3360,0.6110,3.6870,4097.57,steady
233.285332,12.9770,0.5660,2.9260,4097.57,steady
233.301482,16.1500,0.7460,2.9050,4097.57,steady
233.311356,9.8740,0.5730,3.7570,4097.57,steady
233.325177,13.8210,0.5830,2.9110,4097.57,steady
233.382920,57.7430,0.5760,2.9380,4097.57,steady
233.399034,16.1140,0.6140,2.9320,4097.57,steady
233.425377,26.3430,0.9580,2.9000,4097.57,steady
233.495856,70.4790,0.6090,2.9130,4097.57,steady
233.512485,16.6290,0.7330,2.9050,4097.57,steady
233.534281,21.7960,1.1000,2.9180,4097.57,steady
233.552839,18.5580,0.7690,2.9300,4097.57,steady
233.569172,16.3330,0.6730,3.6760,4097.57,steady
233.581777,12.6050,0.6210,2.9190,4097.57,steady
233.599966,18.1890,0.5240,3.5580,4097.57,steady
233.616469,16.5030,0.6570,2.9330,4097.57,steady
233.673387,56.9180,0.5850,2.8930,4097.57,steady
233.690569,17.1820,0.5920,3.3790,4097.57,steady
233.704918,14.3490,0.9050,3.5870,4097.57,steady
233.776908,71.9900,0.6330,2.9030,4097.57,steady
233.844004,67.0960,0.5730,2.9090,4097.57,steady
233.910306,66.3020,0.8800,3.5550,4097.57,steady
233.976431,66.1250,0.8560,2.9230,4097.57,steady
233.997142,20.7110,0.8220,3.5740,4097.57,steady
234.011996,14.8540,0.8990,2.9290,4097.57,steady
234.025109,13.1130,0.6050,2.9070,4097.57,steady
234.041412,16.3030,0.5690,2.9330,4097.57,steady
234.057858,16.4460,0.5890,2.9090,4097.57,steady
234.070815,12.9570,0.5480,2.9160,4097.57,steady
234.088589,17.7740,0.5750,3.4700,4097.57,steady
234.152470,63.8810,0.5620,3.1450,4097.57,steady
234.204681,52.2110,0.5480,2.9380,4097.57,steady
234.215746,11.0650,0.8080,3.1500,4097.57,steady
234.229209,13.4630,0.6730,2.9030,4097.57,steady
234.241089,11.8800,0.8460,3.5010,4097.57,steady
234.259251,18.1620,0.7420,3.1510,4097.57,steady
234.270859,11.6080,0.6530,2.9500,4097.57,steady
234.291485,20.6260,0.6090,3.3110,4097.57,steady
234.310549,19.0640,0.5740,2.9300,4097.57,steady
234.322618,12.0690,0.6470,2.9340,4097.57,steady
234.336072,13.4540,0.7960,2.9330,4097.57,steady
234.349232,13.1600,0.7150,2.9030,4097.57,steady
234.397309,48.0770,0.5930,3.2140,4097.57,steady
234.448904,51.5950,0.6120,3.1450,4097.57,steady
234.460187,11.2830,0.8640,3.1370,4097.57,steady
234.477747,17.5600,0.7740,2.9560,4097.57,steady
234.488113,10.3660,0.6260,3.1520,4097.57,steady
234.499999,11.8860,0.6390,2.9460,4097.57,steady
234.515138,15.1390,0.6460,3.0920,4097.57,steady
234.531354,16.2160,0.5750,3.3290,4097.57,steady
234.540871,9.5170,0.6610,3.1920,4097.57,steady
234.553176,12.3050,0.6280,2.9110,4097.57,steady
234.566873,13.6970,0.5560,2.9350,4097.57,steady
234.579854,12.9810,0.5650,2.9160,4097.57,steady
234.631232,51.3780,0.6270,2.9110,4097.57,steady
234.642683,11.4510,0.6940,3.2090,4097.57,steady
234.714182,71.4990,0.8550,2.9090,4097.57,steady
234.730871,16.6890,0.6640,2.9190,4097.57,steady
234.748365,17.4940,0.8660,2.9290,4097.57,steady
234.762280,13.9150,0.6570,3.1150,4097.57,steady
234.828386,66.1060,0.6100,2.9250,4097.57,steady
234.846116,17.7300,0.5690,2.9100,4097.57,steady
234.859798,13.6820,0.8940,3.7640,4097.57,steady
234.872297,12.4990,0.6440,2.9360,4097.57,steady
234.935555,63.2580,0.5270,2.9390,4097.57,steady
234.952572,17.0170,0.5520,2.9990,4097.57,steady
234.965293,12.7210,0.9170,3.0570,4097.57,steady
234.982370,17.0770,0.9260,3.3110,4097.57,steady
235.048061,65.6910,0.7480,3.0740,4097.57,steady
235.114650,66.5890,0.9650,3.3620,4097.57,steady
235.133398,18.7480,0.9740,3.0560,4097.57,steady
235.196284,62.8860,0.8400,3.2600,4097.57,steady
235.207745,11.4610,0.7130,3.2710,4097.57,steady
235.224055,16.3100,0.8460,3.2900,4097.57,steady
235.241315,17.2600,0.6440,3.0840,4097.57,steady
235.253351,12.0360,0.6090,3.2650,4097.57,steady
235.268851,15.5000,0.7330,3.0480,4097.57,steady
235.288408,19.5570,0.5590,3.3610,4097.57,steady
235.298728,10.3200,0.5780,3.0590,4097.57,steady
235.310998,12.2700,0.6320,3.0550,4097.57,steady
235.325062,14.0640,0.6410,3.0580,4097.57,steady
235.340413,15.3510,0.5680,3.0330,4097.57,steady
235.355764,15.3510,0.5980,3.0590,4097.57,steady
235.368895,13.1310,0.8060,3.0890,4097.57,steady
235.381009,12.1140,0.6290,3.0810,4097.57,steady
235.394526,13.5170,0.5800,3.0730,4097.57,steady
235.404235,9.7090,0.6090,3.0710,4097.57,steady
235.416494,12.2590,0.5590,3.0700,4097.57,steady
235.433645,17.1510,0.5400,3.0770,4097.57,steady
235.449067,15.4220,0.5870,3.0860,4097.57,steady
235.460197,11.1300,0.5810,4.0400,4097.57,steady
235.471153,10.9560,0.5930,3.0470,4097.57,steady
235.485939,14.7860,0.5130,3.2760,4097.57,steady
235.499989,14.0500,0.5110,3.0610,4097.57,steady
235.511863,11.8740,0.5660,3.0750,4097.57,steady
235.563153,51.2900,0.5460,3.0940,4097.57,steady
235.610727,47.5740,0.5750,3.0500,4097.57,steady
235.621800,11.0730,0.6710,3.0680,4097.57,steady
235.637043,15.2430,0.7140,3.0630,4097.57,steady
235.650983,13.9400,0.6340,3.4630,4097.57,steady
235.713322,62.3390,0.6260,3.0420,4097.57,steady
235.728326,15.0040,0.6070,3.0530,4097.57,steady
235.744343,16.0170,0.7940,3.0530,4097.57,steady
235.756830,12.4870,0.6160,3.0430,4097.57,steady
235.769734,12.9040,0.7030,3.0620,4097.57,steady
235.784286,14.5520,0.5590,3.0690,4097.57,steady
235.796427,12.1410,0.5840,3.0410,4097.57,steady
235.860492,64.0650,0.5890,3.0690,4097.57,steady
235.873436,12.9440,0.6240,3.0450,4097.57,steady
235.885238,11.8020,0.7270,3.3400,4097.57,steady
235.931676,46.4380,0.5660,3.0450,4097.57,steady
235.945514,13.8380,0.5290,3.3100,4097.57,steady
236.007318,61.8040,0.6440,3.0830,4097.57,steady
236.079539,72.2210,0.6390,3.2740,4097.57,steady
236.144012,64.4730,0.9080,3.0760,4097.57,steady
236.205095,61.0830,0.8400,3.2770,4097.57,steady
236.219704,14.6090,0.9720,3.0590,4097.57,steady
236.238592,18.8880,0.8180,3.3090,4097.57,steady
236.257078,18.4860,0.6220,3.2410,4097.57,steady
236.269052,11.9740,0.6490,3.0670,4097.57,steady
236.287961,18.9090,0.5790,3.0550,4097.57,steady
236.300106,12.1450,0.5720,3.0590,4097.57,steady
236.319127,19.0210,0.6520,3.2960,4097.57,steady
236.331824,12.6970,0.7630,3.3100,4097.57,steady
236.344521,12.6970,0.8850,3.0840,4097.57,steady
236.361415,16.8940,0.8360,3.2410,4097.57,steady
236.377251,15.8360,0.8220,3.2640,4097.57,steady
236.392673,15.4220,0.8330,3.0800,4097.57,steady
236.406832,14.1590,0.7490,3.0500,4097.57,steady
236.418393,11.5610,0.7340,3.3190,4097.57,steady
236.431235,12.8420,0.6190,3.2550,4097.57,steady
236.441823,10.5880,0.5400,3.0970,4097.57,steady
236.453282,11.4590,0.5580,3.0680,4097.57,steady
236.465029,11.7470,0.5720,3.4010,4097.57,steady
236.476276,11.2470,0.5510,3.0940,4097.57,steady
236.523559,47.2830,0.5980,3.3780,4097.57,steady
236.535962,12.4030,0.5640,3.0440,4097.57,steady
236.552672,16.7100,0.8070,3.0580,4097.57,steady
236.600018,47.3460,0.7450,3.0800,4097.57,steady
236.611421,11.4030,0.9800,3.3060,4097.57,steady
236.626737,15.3160,0.8590,3.0620,4097.57,steady
236.639529,12.7920,0.6660,3.0350,4097.57,steady
236.653025,13.4960,0.6230,3.0900,4097.57,steady
236.668689,15.6640,0.5770,3.0600,4097.57,steady
236.683846,15.1570,0.5930,3.0420,4097.57,steady
236.696918,13.0720,0.6060,3.0680,4097.57,steady
236.772006,75.0880,0.5860,3.0790,4097.57,steady
236.837696,65.6900,0.6460,3.0270,4097.57,steady
236.855580,17.8840,0.9750,3.0930,4097.57,steady
236.879569,23.9890,0.7730,3.4040,4097.57,steady
236.895507,15.9380,0.7080,3.0780,4097.57,steady
236.908441,12.9340,0.6890,3.3350,4097.57,steady
236.920602,12.1610,0.6410,3.2370,4097.57,steady
236.981831,61.2290,0.7250,3.4080,4097.57,steady
237.045305,63.4740,0.5600,3.0960,4097.57,steady
237.095234,49.9290,0.9590,3.2630,4097.57,steady
237.119815,24.5810,0.9780,3.4320,4097.57,steady
237.133927,14.1120,0.9410,3.0600,4097.57,steady
237.147495,13.5680,0.7430,3.0750,4097.57,steady
237.212810,65.3150,0.6450,3.0800,4097.57,steady
237.226286,13.4760,0.6420,3.0700,4097.57,steady
237.235790,9.5040,1.0150,3.0490,4097.57,steady
237.248551,12.7610,0.5780,3.0830,4097.57,steady
237.263951,15.4000,0.5940,3.0570,4097.57,steady
237.277275,13.3240,0.6100,3.0570,4097.57,steady
237.287662,10.3870,0.6420,3.4990,4097.57,steady
237.298197,10.5350,0.5780,3.0490,4097.57,steady
237.361719,63.5220,0.6130,3.0820,4097.57,steady
237.381959,20.2400,0.6370,3.2890,4097.57,steady
237.394634,12.6750,0.7580,3.3250,4097.57,steady
237.412669,18.0350,0.7140,3.0510,4097.57,steady
237.467505,54.8360,0.6590,3.0440,4097.57,steady
237.482856,15.3510,0.7030,3.0860,4097.57,steady
237.493745,10.8890,0.7720,3.0920,4097.57,steady
237.507001,13.2560,0.5390,3.0780,4097.57,steady
237.552581,45.5800,0.5680,3.2700,4097.57,steady
237.571894,19.3130,0.5770,3.0440,4097.57,steady
237.586339,14.4450,0.7520,3.0870,4097.57,steady
237.596760,10.4210,0.7000,3.0700,4097.57,steady
237.613783,17.0230,0.6080,3.0620,4097.57,steady
237.623819,10.0360,0.5590,3.0520,4097.57,steady
237.637999,14.1800,0.6200,3.0840,4097.57,steady
237.653139,15.1400,0.5690,3.0440,4097.57,steady
237.666672,13.5330,0.6180,3.0480,4097.57,steady
237.677199,10.5270,0.6500,3.0440,4097.57,steady
237.689430,12.2310,0.7420,3.0670,4097.57,steady
237.701164,11.7340,0.5630,3.0710,4097.57,steady
237.711002,9.8380,0.5260,3.2610,4097.57,steady
237.723685,12.6830,0.6110,3.6380,4097.57,steady
237.737749,14.0640,0.6190,3.0990,4097.57,steady
237.751528,13.7790,0.5890,3.4040,4097.57,steady
237.761962,10.4340,0.5390,3.5050,4097.57,steady
237.776671,14.7090,0.6080,3.3270,4097.57,steady
237.789631,12.9600,0.5950,3.0700,4097.57,steady
237.850912,61.2810,0.5770,3.0430,4097.57,steady
237.924363,73.4510,0.5780,3.0990,4097.57,steady
237.978898,54.5350,0.6320,3.0590,4097.57,steady
237.997406,18.5080,0.9060,3.3950,4097.57,steady
238.012941,15.5350,1.0180,3.0560,4097.57,steady
238.027783,14.8420,0.6710,3.0830,4097.57,steady
238.092454,64.6710,0.6970,3.0450,4097.57,steady
238.153888,61.4340,0.6330,3.0540,4097.57,steady
238.217708,63.8200,0.7990,3.3070,4097.57,steady
238.238804,21.0960,0.6870,3.0590,4097.57,steady
238.301339,62.5350,0.9570,3.4280,4097.57,steady
238.364730,63.3910,0.7380,3.3700,4097.57,steady
238.382184,17.4540,0.8540,3.4490,4097.57,steady
238.398049,15.8650,0.7490,3.0840,4097.57,steady
238.414315,16.2660,0.6940,3.0560,4097.57,steady
238.433060,18.7450,0.6060,3.0350,4097.57,steady
238.450911,17.8510,0.6470,3.0790,4097.57,steady
238.462621,11.7100,0.6010,3.0640,4097.57,steady
238.473665,11.0440,0.5980,3.0490,4097.57,steady
238.487263,13.5980,0.5430,3.0740,4097.57,steady
238.536189,48.9260,0.5460,3.0550,4097.57,steady
238.554263,18.0740,0.6040,3.0760,4097.57,steady
238.569638,15.3750,0.8300,3.2990,4097.57,steady
238.583121,13.4830,0.7860,3.0660,4097.57,steady
238.597181,14.0600,0.6960,3.0460,4097.57,steady
238.606795,9.6140,0.8350,3.0680,4097.57,steady
238.618092,11.2970,0.5490,3.0500,4097.57,steady
238.626508,8.4160,0.5640,3.0520,4097.57,steady
238.639413,12.9050,0.6000,3.0620,4097.57,steady
238.651906,12.4930,0.6120,3.0480,4097.57,steady
238.664881,12.9750,0.5700,3.0510,4097.57,steady
238.719543,54.6620,0.5730,3.0850,4097.57,steady
238.732584,13.0410,0.6380,3.0450,4097.57,steady
238.744902,12.3180,0.9020,3.0760,4097.57,steady
238.759441,14.5390,0.7290,3.2900,4097.57,steady
238.768523,9.0820,0.6320,3.0740,4097.57,steady
238.782744,14.2210,0.6350,3.0510,4097.57,steady
238.798484,15.7400,0.5550,3.0880,4097.57,steady
238.812178,13.6940,0.6140,3.3210,4097.57,steady
238.830229,18.0510,0.6090,3.0510,4097.57,steady
238.844997,14.7680,0.6000,3.0600,4097.57,steady
238.858750,13.7530,0.5930,3.3480,4097.57,steady
238.873566,14.8160,0.6010,3.0830,4097.57,steady
238.888164,14.5980,0.5980,3.4170,4097.57,steady
238.951980,63.8160,0.5980,3.0670,4097.57,steady
238.968014,16.0340,0.6070,3.0610,4097.57,steady
238.984875,16.8610,0.8990,3.0560,4097.57,steady
239.000698,15.8230,0.6660,3.0810,4097.57,steady
239.067291,66.5930,0.7110,3.0810,4097.57,steady
239.132583,65.2920,0.7070,3.0480,4097.57,steady
239.154984,22.4010,0.8690,3.3170,4097.57,steady
239.168916,13.9320,0.8520,3.0720,4097.57,steady
239.184808,15.8920,0.7140,3.0650,4097.57,steady
239.249061,64.2530,0.6090,3.0470,4097.57,steady
239.310146,61.0850,0.6240,3.0800,4097.57,steady
239.324145,13.9990,0.8300,3.0740,4097.57,steady
239.343004,18.8590,0.8100,3.3650,4097.57,steady
239.358321,15.3170,0.6220,3.2750,4097.57,steady
239.371105,12.7840,0.6280,3.0530,4097.57,steady
239.387629,16.5240,0.5440,3.0480,4097.57,steady
239.402649,15.0200,0.5580,3.0500,4097.57,steady
239.472051,69.4020,0.6120,3.3390,4097.57,steady
239.493225,21.1740,0.6370,3.0690,4097.57,steady
239.512848,19.6230,0.9320,3.0370,4097.57,steady
239.527200,14.3520,0.7980,3.3280,4097.57,steady
239.537915,10.7150,0.7520,3.3270,4097.57,steady
239.550442,12.5270,0.6260,3.0750,4097.57,steady
239.564200,13.7580,0.6810,3.0560,4097.57,steady
239.575772,11.5720,0.7040,3.0660,4097.57,steady
239.587314,11.5420,0.6300,3.0720,4097.57,steady
239.640604,53.2900,0.6500,3.5480,4097.57,steady
239.692120,51.5160,0.6060,3.4720,4097.57,steady
239.712767,20.6470,0.9520,3.0550,4097.57,steady
239.728708,15.9410,0.9160,3.4330,4097.57,steady
239.741121,12.4130,0.8320,3.4410,4097.57,steady
239.760978,19.8570,0.7960,3.4570,4097.57,steady
239.781741,20.7630,0.7380,3.6140,4097.57,steady
239.796336,14.5950,0.8710,3.0570,4097.57,steady
239.811894,15.5580,0.9220,3.0460,4097.57,steady
239.829541,17.6470,0.8540,3.5250,4097.57,steady
239.843964,14.4230,0.6790,4.3370,4097.57,steady
239.863280,19.3160,0.6830,3.0610,4097.57,steady
239.878714,15.4340,0.6730,3.0500,4097.57,steady
239.893992,15.2780,0.7470,3.0360,4097.57,steady
239.908065,14.0730,0.6400,3.0450,4097.57,steady
239.960712,52.6470,0.6550,3.1080,4097.57,steady
239.978226,17.5140,0.7100,3.4940,4097.57,steady
240.043987,65.7610,0.9720,3.0590,4097.57,steady
240.061338,17.3510,0.7580,4.1430,4097.57,steady
240.125575,64.2370,0.9050,3.0510,4097.57,steady
240.177377,51.8020,0.7840,3.7200,4097.57,steady
240.251726,74.3490,0.9570,3.0570,4097.57,steady
240.268987,17.2610,0.8280,3.0310,4097.57,steady
240.283017,14.0300,0.9960,3.0760,4097.57,steady
240.355968,72.9510,0.6710,3.0390,4097.57,steady
240.426715,70.7470,0.7200,3.0610,4097.57,steady
240.445748,19.0330,1.1130,3.0410,4097.57,steady
240.459352,13.6040,0.8900,3.0220,4097.57,steady
240.530962,71.6100,0.7180,3.5870,4097.57,steady
240.597489,66.5270,0.6650,3.4990,4097.57,steady
240.618412,20.9230,1.0050,3.0340,4097.57,steady
240.639069,20.6570,0.8310,3.4820,4097.57,steady
240.649603,10.5340,0.7830,3.4060,4097.57,steady
240.666971,17.3680,0.7550,3.3630,4097.57,steady
240.684289,17.3180,0.6130,3.0430,4097.57,steady
240.699841,15.5520,0.6410,3.3600,4097.57,steady
240.716610,16.7690,0.5850,3.0420,4097.57,steady
240.726795,10.1850,0.6630,3.0720,4097.57,steady
240.736332,9.5370,0.7300,3.3260,4097.57,steady
240.746630,10.2980,0.5980,3.0590,4097.57,steady
240.756480,9.8500,0.5850,3.0790,4097.57,steady
240.771230,14.7500,0.5320,3.0650,4097.57,steady
240.782466,11.2360,0.5880,3.0600,4097.57,steady
240.794812,12.3460,0.6070,3.2860,4097.57,steady
240.807321,12.5090,0.5140,3.0370,4097.57,steady
240.823460,16.1390,0.7050,3.0460,4097.57,steady
240.869367,45.9070,0.5350,3.8900,4097.57,steady
240.937693,68.3260,0.5170,3.0550,4097.57,steady
240.950115,12.4220,0.7420,3.2940,4097.57,steady
240.964402,14.2870,0.9240,3.5180,4097.57,steady
240.976883,12.4810,0.8110,3.0410,4097.57,steady
240.988036,11.1530,0.7690,3.0720,4097.57,steady
240.999176,11.1400,0.7270,3.0680,4097.57,steady
241.013219,14.0430,0.6530,3.7290,4097.57,steady
241.021778,8.5590,0.5680,3.0460,4097.57,steady
241.030525,8.7470,0.5320,3.0540,4097.57,steady
241.041532,11.0070,0.5780,3.3360,4097.57,steady
241.053661,12.1290,0.5170,3.5470,4097.57,steady
241.112817,59.1560,0.5250,3.0910,4097.57,steady
241.172078,59.2610,0.5750,3.0580,4097.57,steady
241.227846,55.7680,0.9170,3.6190,4097.57,steady
241.239085,11.2390,0.8710,3.0680,4097.57,steady
241.248594,9.5090,0.9290,3.5570,4097.57,steady
241.257423,8.8290,0.8220,3.0520,4097.57,steady
241.271886,14.4630,0.6150,3.0780,4097.57,steady
241.284720,12.8340,0.5490,3.0690,4097.57,steady
241.298338,13.6180,0.6010,3.0840,4097.57,steady
241.312705,14.3670,0.7620,3.0770,4097.57,steady
241.327915,15.2100,0.6490,3.0670,4097.57,steady
241.344348,16.4330,0.7240,3.0600,4097.57,steady
241.357700,13.3520,0.6670,3.6040,4097.57,steady
241.371342,13.6420,0.6780,3.0670,4097.57,steady
241.383934,12.5920,0.7570,3.0400,4097.57,steady
241.432243,48.3090,0.5980,3.5260,4097.57,steady
241.488444,56.2010,0.5760,3.4560,4097.57,steady
241.535152,46.7080,0.6600,3.3420,4097.57,steady
241.579478,44.3260,0.8320,3.3130,4097.57,steady
241.641384,61.9060,0.8520,3.2950,4097.57,steady
241.700906,59.5220,0.6670,3.5110,4097.57,steady
241.756927,56.0210,0.8410,3.3470,4097.57,steady
241.767080,10.1530,0.7970,3.0680,4097.57,steady
241.776374,9.2940,0.7700,3.0790,4097.57,steady
241.784991,8.6170,0.5900,3.3130,4097.57,steady
241.793698,8.7070,0.5280,3.0470,4097.57,steady
241.807942,14.2440,0.5700,3.0700,4097.57,steady
241.820099,12.1570,0.6040,3.3540,4097.57,steady
241.831943,11.8440,0.5260,3.3100,4097.57,steady
241.844587,12.6440,0.5170,3.3400,4097.57,steady
241.856981,12.3940,0.5370,3.0440,4097.57,steady
241.869596,12.6150,0.5790,3.0450,4097.57,steady
241.881789,12.1930,0.5200,3.3090,4097.57,steady
241.894483,12.6940,0.5120,3.0910,4097.57,steady
241.906456,11.9730,0.5200,3.0470,4097.57,steady
241.947166,40.7100,0.5640,3.0730,4097.57,steady
241.985646,38.4800,0.5520,3.3390,4097.57,steady
242.024006,38.3600,0.6300,3.0860,4097.57,steady
242.061311,37.3050,0.7150,3.0620,4097.57,steady
242.104311,43.0000,0.7520,3.3830,4097.57,steady
242.116182,11.8710,1.0080,3.0380,4097.57,steady
242.152510,36.3280,0.8110,3.3360,4097.57,steady
242.188042,35.5320,0.6710,3.3180,4097.57,steady
242.246173,58.1310,0.7790,3.0630,4097.57,steady
242.307968,61.7950,0.6870,3.0560,4097.57,steady
242.368787,60.8190,0.9200,3.3490,4097.57,steady
242.384864,16.0770,0.8110,3.0640,4097.57,steady
242.394833,9.9690,0.7350,3.0530,4097.57,steady
242.404175,9.3420,0.6690,3.0870,4097.57,steady
242.413625,9.4500,0.6620,3.3380,4097.57,steady
242.464871,51.2460,0.6390,3.0370,4097.57,steady
242.485714,20.8430,0.5360,3.3500,4097.57,steady
242.498821,13.1070,0.8440,3.0600,4097.57,steady
242.511745,12.9240,0.7540,3.0500,4097.57,steady
242.524381,12.6360,0.5750,3.6240,4097.57,steady
242.536210,11.8290,0.5400,3.5410,4097.57,steady
242.552877,16.6670,0.5470,3.0610,4097.57,steady
242.568066,15.1890,0.5240,3.0600,4097.57,steady
242.581250,13.1840,0.6300,3.3630,4097.57,steady
242.592454,11.2040,0.6790,3.3120,4097.57,steady
242.636181,43.7270,0.5960,3.2740,4097.57,steady
242.675896,39.7150,0.7860,3.1300,4097.57,steady
242.712196,36.3000,0.9740,3.5050,4097.57,steady
242.747858,35.6620,0.7730,3.0930,4097.57,steady
242.763782,15.9240,0.7680,3.3750,4097.57,steady
242.805827,42.0450,0.9140,3.3500,4097.57,steady
242.842192,36.3650,0.7120,3.0600,4097.57,steady
242.860211,18.0190,0.8110,3.0630,4097.57,steady
242.895688,35.4770,0.6570,3.1060,4097.57,steady
242.936891,41.2030,0.6900,3.3530,4097.57,steady
242.975269,38.3780,0.6820,3.0870,4097.57,steady
243.015836,40.5670,0.7350,3.5180,4097.57,steady
243.077156,61.3200,0.7870,3.0890,4097.57,steady
243.140949,63.7930,0.8300,3.0960,4097.57,steady
243.198674,57.7250,1.0790,3.0590,4097.57,steady
243.210191,11.5170,0.9670,3.0950,4097.57,steady
243.220506,10.3150,0.8820,3.3790,4097.57,steady
243.229661,9.1550,0.7990,3.0740,4097.57,steady
243.238850,9.1890,0.6240,3.3870,4097.57,steady
243.254026,15.1760,0.5920,4.0040,4097.57,steady
243.267605,13.5790,0.6220,3.0810,4097.57,steady
243.282212,14.6070,0.6630,3.0840,4097.57,steady
243.297137,14.9250,0.6360,3.0880,4097.57,steady
243.311595,14.4580,0.7160,3.0890,4097.57,steady
243.326419,14.8240,0.6060,3.5690,4097.57,steady
243.339630,13.2110,0.7090,4.0910,4097.57,steady
243.353046,13.4160,0.6780,4.1910,4097.57,steady
243.366675,13.6290,0.6060,4.5570,4097.57,steady
243.417186,50.5110,0.6520,3.4220,4097.57,steady
243.455029,37.8430,0.6640,3.4230,4097.57,steady
243.498691,43.6620,0.8850,3.7240,4097.57,steady
243.536813,38.1220,0.8080,3.1010,4097.57,steady
243.574726,37.9130,0.8110,3.7840,4097.57,steady
243.613890,39.1640,0.7860,3.0690,4097.57,steady
243.652334,38.4440,0.8930,4.4790,4097.57,steady
243.693543,41.2090,0.8840,3.0830,4097.57,steady
243.748258,54.7150,0.8250,3.0660,4097.57,steady
243.790160,41.9020,0.8440,4.1220,4097.57,steady
243.828308,38.1480,0.8930,4.0890,4097.57,steady
243.866352,38.0440,0.9300,4.1100,4097.57,steady
243.906261,39.9090,0.9120,3.0790,4097.57,steady
243.947947,41.6860,0.8510,3.4470,4097.57,steady
243.994766,46.8190,0.8350,3.0890,4097.57,steady
244.010656,15.8900,0.9590,3.0900,4097.57,steady
244.024764,14.1080,1.2550,3.0750,4097.57,steady
244.036304,11.5400,0.7080,3.0740,4097.57,steady
244.046576,10.2720,0.7200,3.1050,4097.57,steady
244.055799,9.2230,0.5970,3.0680,4097.57,steady
244.065275,9.4760,0.5350,3.0890,4097.57,steady
244.074495,9.2200,0.5500,3.4840,4097.57,steady
244.084000,9.5050,0.5760,3.0790,4097.57,steady
244.093013,9.0130,0.5430,3.1260,4097.57,steady
244.130323,37.3100,0.5610,3.3130,4097.57,steady
244.174140,43.8170,0.5650,3.0980,4097.57,steady
244.211983,37.8430,0.9220,3.3580,4097.57,steady
244.251179,39.1960,1.0120,3.7160,4097.57,steady
244.293389,42.2100,0.7320,3.1090,4097.57,steady
244.331675,38.2860,1.0520,3.0960,4097.57,steady
244.369423,37.7480,0.9780,3.0660,4097.57,steady
244.407784,38.3610,0.8180,3.0860,4097.57,steady
244.449605,41.8210,1.0530,3.0740,4097.57,steady
244.487937,38.3320,0.7790,3.1250,4097.57,steady
244.526627,38.6900,0.7730,3.0940,4097.57,steady
244.566945,40.3180,0.7810,3.0470,4097.57,steady
244.609215,42.2700,0.7510,3.0970,4097.57,steady
244.646877,37.6620,0.9040,3.0950,4097.57,steady
244.684370,37.4930,0.7440,3.1020,4097.57,steady
244.723017,38.6470,0.7610,3.2520,4097.57,steady
244.735579,12.5620,0.7560,3.0810,4097.57,steady
244.746568,10.9890,0.7160,3.3000,4097.57,steady
244.756605,10.0370,0.6230,3.0930,4097.57,steady
244.765558,8.9530,0.5130,3.0580,4097.57,steady
244.807383,41.8250,0.5440,3.1000,4097.57,steady
244.849125,41.7420,0.5400,3.2670,4097.57,steady
244.884142,35.0170,1.0530,3.0760,4097.57,steady
244.917944,33.8020,0.6610,3.0540,4097.57,steady
244.956904,38.9600,0.6620,3.0550,4097.57,steady
244.995848,38.9440,0.6900,3.3380,4097.57,steady
245.035768,39.9200,0.8320,3.0940,4097.57,steady
245.072894,37.1260,0.8080,3.0900,4097.57,steady
245.111706,38.8120,0.8360,3.2640,4097.57,steady
245.146654,34.9480,0.7490,3.0590,4097.57,steady
245.185077,38.4230,0.7360,3.3890,4097.57,steady
245.220063,34.9860,0.7180,3.3540,4097.57,steady
245.259370,39.3070,0.7300,3.0690,4097.57,steady
245.273154,13.7840,0.7730,3.0640,4097.57,steady
245.311509,38.3550,0.6950,4.0230,4097.57,steady
245.357307,45.7980,0.6550,3.3240,4097.57,steady
245.392327,35.0200,0.7770,3.0920,4097.57,steady
245.430857,38.5300,0.9970,3.0420,4097.57,steady
245.490602,59.7450,0.6880,3.3410,4097.57,steady
245.525700,35.0980,0.8010,3.0850,4097.57,steady
245.592375,66.6750,0.9420,3.0740,4097.57,steady
245.640307,47.9320,1.0630,3.0760,4097.57,steady
245.682529,42.2220,0.9770,3.0540,4097.57,steady
245.727877,45.3480,0.9640,3.2870,4097.57,steady
245.745082,17.2050,0.8720,3.3130,4097.57,steady
245.788921,43.8390,1.0590,3.0820,4097.57,steady
245.806760,17.8390,0.8050,3.5390,4097.57,steady
245.847405,40.6450,0.8660,3.0890,4097.57,steady
245.900235,52.8300,0.7760,3.3510,4097.57,steady
245.949804,49.5690,0.7630,3.0870,4097.57,steady
245.966714,16.9100,0.8720,3.0580,4097.57,steady
245.980189,13.4750,0.8380,3.1080,4097.57,steady
246.017815,37.6260,0.6880,3.1000,4097.57,steady
246.060986,43.1710,0.6200,3.0620,4097.57,steady
246.096958,35.9720,0.7860,3.4150,4097.57,steady
246.136391,39.4330,0.7640,3.0700,4097.57,steady
246.175506,39.1150,0.7260,3.0950,4097.57,steady
246.215098,39.5920,0.9620,3.0600,4097.57,steady
246.266892,51.7940,0.7060,3.3780,4097.57,steady
246.313045,46.1530,0.8030,3.0940,4097.57,steady
246.329124,16.0790,0.9120,3.7480,4097.57,steady
246.370498,41.3740,0.9470,3.0940,4097.57,steady
246.436427,65.9290,0.7610,3.6470,4097.57,steady
246.494566,58.1390,0.8510,3.5260,4097.57,steady
246.505702,11.1360,0.8280,3.0820,4097.57,steady
246.523146,17.4440,0.8790,3.0840,4097.57,steady
246.531947,8.8010,0.7250,3.0610,4097.57,steady
246.550112,18.1650,0.5510,3.0860,4097.57,steady
246.559914,9.8020,0.5870,3.6690,4097.57,steady
246.577547,17.6330,0.5900,3.1020,4097.57,steady
246.597649,20.1020,0.6030,3.3100,4097.57,steady
246.615893,18.2440,0.5700,3.0750,4097.57,steady
246.671732,55.8390,0.6760,3.0670,4097.57,steady
246.689895,18.1630,0.6850,3.4970,4097.57,steady
246.703559,13.6640,0.8200,3.0460,4097.57,steady
246.720030,16.4710,0.6430,3.0990,4097.57,steady
246.730180,10.1500,0.6480,3.0970,4097.57,steady
246.740134,9.9540,0.6050,3.9650,4097.57,steady
246.750616,10.4820,0.5710,3.1250,4097.57,steady
246.765228,14.6120,0.6590,3.6070,4097.57,steady
246.783760,18.5320,0.6090,3.0980,4097.57,steady
246.802831,19.0710,0.5760,3.0880,4097.57,steady
246.817970,15.1390,0.6610,3.0720,4097.57,steady
246.832929,14.9590,0.6620,3.3310,4097.57,steady
246.885454,52.5250,0.7460,3.0700,4097.57,steady
246.903164,17.7100,0.6000,3.0750,4097.57,steady
246.918700,15.5360,0.8370,3.2470,4097.57,steady
246.928880,10.1800,0.6950,3.1000,4097.57,steady
246.939785,10.9050,0.6750,3.0810,4097.57,steady
246.954744,14.9590,0.5580,3.3360,4097.57,steady
247.021236,66.4920,0.6610,3.0640,4097.57,steady
247.089134,67.8980,0.8300,3.3350,4097.57,steady
247.107192,18.0580,1.0960,3.0950,4097.57,steady
247.138734,31.5420,1.0360,3.0940,4097.57,steady
247.207696,68.9620,0.8980,3.3320,4097.57,steady
247.225534,17.8380,0.7990,3.3240,4097.57,steady
247.241885,16.3510,1.0060,3.0630,4097.57,steady
247.259464,17.5790,0.8150,3.3830,4097.57,steady
247.274636,15.1720,0.8260,3.0720,4097.57,steady
247.336971,62.3350,0.7360,3.3500,4097.57,steady
247.405099,68.1280,0.6530,3.3830,4097.57,steady
247.468811,63.7120,0.9500,3.3590,4097.57,steady
247.480352,11.5410,0.9090,3.0810,4097.57,steady
247.497390,17.0380,0.8950,3.0640,4097.57,steady
247.513012,15.6220,0.7270,3.0960,4097.57,steady
247.531265,18.2530,0.6260,3.0480,4097.57,steady
247.541571,10.3060,0.6650,3.5310,4097.57,steady
247.558544,16.9730,0.6380,3.0770,4097.57,steady
247.570794,12.2500,0.6260,3.5330,4097.57,steady
247.584374,13.5800,0.6670,3.0690,4097.57,steady
247.655755,71.3810,0.6090,3.0960,4097.57,steady
247.668259,12.5040,0.6680,3.3400,4097.57,steady
247.682455,14.1960,0.9190,3.1010,4097.57,steady
247.692880,10.4250,0.7060,3.0910,4097.57,steady
247.711557,18.6770,0.6140,3.0890,4097.57,steady
247.727103,15.5460,0.5910,3.2820,4097.57,steady
247.789501,62.3980,0.7040,3.0810,4097.57,steady
247.804690,15.1890,0.6650,3.0590,4097.57,steady
247.815021,10.3310,0.9110,3.3480,4097.57,steady
247.824331,9.3100,0.7110,3.3420,4097.57,steady
247.833555,9.2240,0.5600,3.1290,4097.57,steady
247.842434,8.8790,0.5290,3.1140,4097.57,steady
247.852752,10.3180,0.5210,3.3240,4097.57,steady
247.917864,65.1120,0.5180,3.0850,4097.57,steady
247.936233,18.3690,0.5840,3.3370,4097.57,steady
247.949987,13.7540,0.9490,3.1130,4097.57,steady
247.965700,15.7130,0.9160,3.3460,4097.57,steady
247.977734,12.0340,0.6690,3.3480,4097.57,steady
247.987052,9.3180,0.7710,3.5120,4097.57,steady
247.996974,9.9220,0.6470,3.3340,4097.57,steady
248.005951,8.9770,0.5390,3.5250,4097.57,steady
248.016714,10.7630,0.5490,3.1140,4097.57,steady
248.025686,8.9720,0.5820,3.3680,4097.57,steady
248.036420,10.7340,0.5890,3.0900,4097.57,steady
248.046865,10.4450,0.5900,3.0860,4097.57,steady
248.058611,11.7460,0.5890,3.0770,4097.57,steady
248.097517,38.9060,0.5570,3.0710,4097.57,steady
248.136020,38.5030,0.6130,3.0970,4097.57,steady
248.205945,69.9250,0.8670,3.6810,4097.57,steady
248.273768,67.8230,0.8080,3.0960,4097.57,steady
248.291615,17.8470,0.9470,3.0660,4097.57,steady
248.305502,13.8870,1.0790,3.0810,4097.57,steady
248.315454,9.9520,0.7300,3.5270,4097.57,steady
248.325594,10.1400,0.6510,3.3320,4097.57,steady
248.335736,10.1420,0.6870,3.0820,4097.57,steady
248.344871,9.1350,0.6840,3.4710,4097.57,steady
248.354395,9.5240,0.6090,3.1000,4097.57,steady
248.363198,8.8030,0.5580,3.0810,4097.57,steady
248.372848,9.6500,0.5600,3.3370,4097.57,steady
248.382739,9.8910,0.7520,3.0640,4097.57,steady
248.392673,9.9340,0.5680,3.0770,4097.57,steady
248.436692,44.0190,0.6150,3.5370,4097.57,steady
248.447923,11.2310,0.5900,3.1030,4097.57,steady
248.489945,42.0220,0.8760,3.2610,4097.57,steady
248.530850,40.9050,0.8520,3.0750,4097.57,steady
248.582632,51.7820,0.8470,3.1050,4097.57,steady
248.620600,37.9680,0.8350,3.1010,4097.57,steady
248.656138,35.5380,0.7480,3.3660,4097.57,steady
248.669309,13.1710,0.7730,3.0990,4097.57,steady
248.743722,74.4130,0.7110,3.3650,4097.57,steady
248.802981,59.2590,0.8570,3.0950,4097.57,steady
248.818418,15.4370,1.0650,3.0750,4097.57,steady
248.829513,11.0950,1.0730,3.0940,4097.57,steady
248.838971,9.4580,0.8500,3.0710,4097.57,steady
248.849449,10.4780,0.6140,3.0810,4097.57,steady
248.858055,8.6060,0.5440,3.0920,4097.57,steady
248.869026,10.9710,0.4990,3.0740,4097.57,steady
248.879633,10.6070,0.5800,3.5420,4097.57,steady
248.888609,8.9760,0.5670,3.3460,4097.57,steady
248.930606,41.9970,0.5230,3.1170,4097.57,steady
248.964972,34.3660,0.5450,3.0730,4097.57,steady
249.003350,38.3780,0.7260,3.2790,4097.57,steady
249.041449,38.0990,0.8330,3.2750,4097.57,steady
249.079972,38.5230,0.7670,3.0940,4097.57,steady
249.119542,39.5700,0.9170,3.2740,4097.57,steady
249.155887,36.3450,0.7740,3.1050,4097.57,steady
249.191308,35.4210,0.7760,3.2400,4097.57,steady
249.227848,36.5400,0.7520,3.1230,4097.57,steady
249.265020,37.1720,0.8020,3.0940,4097.57,steady
249.304821,39.8010,0.7870,3.0760,4097.57,steady
249.342496,37.6750,0.8310,3.3440,4097.57,steady
249.382410,39.9140,0.7750,3.0940,4097.57,steady
249.443527,61.1170,0.8820,3.0720,4097.57,steady
249.492667,49.1400,0.8030,3.3630,4097.57,steady
249.510305,17.6380,0.9990,3.0780,4097.57,steady
249.592350,82.0450,0.8110,3.0610,4097.57,steady
249.605958,13.6080,0.7130,3.0730,4097.57,steady
249.614910,8.9520,1.0290,3.0630,4097.57,steady
249.624602,9.6920,0.5580,3.2700,4097.57,steady
249.633767,9.1650,0.5750,3.0690,4097.57,steady
249.642357,8.5900,0.6160,3.0860,4097.57,steady
249.651554,9.1970,0.5430,3.3370,4097.57,steady
249.665512,13.9580,0.5170,3.0410,4097.57,steady
249.674810,9.2980,0.5430,3.0950,4097.57,steady
249.685813,11.0030,0.5580,3.0820,4097.57,steady
249.724911,39.0980,0.5410,3.3410,4097.57,steady
249.760188,35.2770,0.5470,3.0800,4097.57,steady
249.794777,34.5890,0.7380,3.3100,4097.57,steady
249.830375,35.5980,0.6740,3.0620,4097.57,steady
249.869834,39.4590,0.8180,3.0790,4097.57,steady
249.945858,76.0240,0.7980,3.0990,4097.57,steady
249.964286,18.4280,0.8790,3.5120,4097.57,steady
249.980571,16.2850,0.9690,3.3390,4097.57,steady
250.023944,43.3730,0.8140,3.0980,4097.57,steady
250.068561,44.6170,0.6160,3.2890,4097.57,steady
250.078979,10.4180,0.7440,3.4640,4097.57,steady
250.116276,37.2970,0.8210,3.0850,4097.57,steady
250.154796,38.5200,0.6010,3.3390,4097.57,steady
250.191021,36.2250,0.7090,3.0900,4097.57,steady
250.230727,39.7060,0.6630,3.5030,4097.57,steady
250.275343,44.6160,0.8760,3.0690,4097.57,steady
250.293001,17.6580,0.7290,3.3510,4097.57,steady
250.303071,10.0700,0.8320,3.0900,4097.57,steady
250.371661,68.5900,0.7260,3.0500,4097.57,steady
250.386391,14.7300,0.6360,3.0570,4097.57,steady
250.397338,10.9470,0.9740,3.0620,4097.57,steady
250.408205,10.8670,0.6700,3.0860,4097.57,steady
250.419462,11.2570,0.6960,3.3000,4097.57,steady
250.430087,10.6250,0.6440,3.0870,4097.57,steady
250.442381,12.2940,0.6340,3.2630,4097.57,steady
250.455208,12.8270,0.6430,3.0600,4097.57,steady
250.466443,11.2350,0.7310,3.0630,4097.57,steady
250.478105,11.6620,0.6180,3.2790,4097.57,steady
250.488550,10.4450,0.5910,3.0420,4097.57,steady
250.527499,38.9490,0.5740,3.0890,4097.57,steady
250.568520,41.0210,0.5900,3.3280,4097.57,steady
250.605795,37.2750,0.7380,3.0620,4097.57,steady
250.623820,18.0250,0.7900,3.0810,4097.57,steady
250.662925,39.1050,0.8580,3.3100,4097.57,steady
250.677584,14.6590,0.7210,3.0740,4097.57,steady
250.713709,36.1250,0.7750,3.7640,4097.57,steady
250.751454,37.7450,0.7060,3.7450,4097.57,steady
250.786395,34.9410,0.8520,3.0740,4097.57,steady
250.821941,35.5460,0.7270,3.0700,4097.57,steady
250.858037,36.0960,0.8840,3.3440,4097.57,steady
250.929013,70.9760,0.7590,3.5890,4097.57,steady
250.943948,14.9350,1.0540,3.0440,4097.57,steady
250.984618,40.6700,0.9680,3.0850,4097.57,steady
251.027436,42.8180,0.6900,3.0810,4097.57,steady
251.041795,14.3590,0.8500,3.3140,4097.57,steady
251.053743,11.9480,0.9560,3.0680,4097.57,steady
251.063160,9.4170,0.7320,3.0820,4097.57,steady
251.073230,10.0700,0.5780,3.6470,4097.57,steady
251.082423,9.1930,0.5640,3.0860,4097.57,steady
251.092079,9.6560,0.5830,3.9100,4097.57,steady
251.102019,9.9400,0.5920,3.3020,4097.57,steady
251.113112,11.0930,0.6440,3.1000,4097.57,steady
251.126534,13.4220,0.7020,4.3810,4097.57,steady
251.148335,21.8010,0.6600,3.6290,4097.57,steady
251.186024,37.6890,0.6860,3.3200,4097.57,steady
251.226397,40.3730,0.6630,3.3280,4097.57,steady
251.264196,37.7990,1.0160,3.3140,4097.57,steady
251.314444,50.2480,0.8910,3.6870,4097.57,steady
251.355958,41.5140,0.7550,3.1230,4097.57,steady
251.398597,42.6390,1.0260,3.3550,4097.57,steady
251.416826,18.2290,0.9910,3.0690,4097.57,steady
251.459489,42.6630,0.9270,3.3570,4097.57,steady
251.499675,40.1860,0.8960,3.1040,4097.57,steady
251.540860,41.1850,0.8140,3.0780,4097.57,steady
251.579084,38.2240,0.9320,3.1020,4097.57,steady
251.629315,50.2310,1.0250,3.0820,4097.57,steady
251.668666,39.3510,0.8380,3.3540,4097.57,steady
251.709854,41.1880,0.9330,3.8980,4097.57,steady
251.730734,20.8800,0.8360,3.0620,4097.57,steady
251.748036,17.3020,0.8960,3.1140,4097.57,steady
251.767479,19.4430,0.8350,3.1010,4097.57,steady
251.782759,15.2800,0.7920,3.5350,4097.57,steady
251.797232,14.4730,0.6320,3.0870,4097.57,steady
251.839215,41.9830,0.7410,3.7020,4097.57,steady
251.884093,44.8780,0.6610,3.2960,4097.57,steady
251.960171,76.0780,0.9030,3.0850,4097.57,steady
252.008913,48.7420,1.0040,3.0990,4097.57,steady
252.046999,38.0860,0.9830,3.0710,4097.57,steady
252.066375,19.3760,0.9370,3.0920,4097.57,steady
252.077594,11.2190,0.8920,3.7240,4097.57,steady
252.116950,39.3560,0.8180,3.3790,4097.57,steady
252.155020,38.0700,0.7610,3.0980,4097.57,steady
252.194562,39.5420,0.7120,3.2570,4097.57,steady
252.239680,45.1180,0.7740,3.1130,4097.57,steady
252.290527,50.8470,0.9380,3.0830,4097.57,steady
252.328476,37.9490,1.2460,3.2640,4097.57,steady
252.370360,41.8840,0.8600,3.0400,4097.57,steady
252.412679,42.3190,0.7930,3.0690,4097.57,steady
252.452358,39.6790,0.9110,3.0940,4097.57,steady
252.466097,13.7390,0.8790,3.0790,4097.57,steady
252.507130,41.0330,0.8060,3.1040,4097.57,steady
252.549380,42.2500,0.8840,3.0840,4097.57,steady
252.589052,39.6720,0.9390,3.1150,4097.57,steady
252.625994,36.9420,0.8940,3.0820,4097.57,steady
252.664319,38.3250,0.8080,3.3670,4097.57,steady
252.705065,40.7460,0.7330,3.0800,4097.57,steady
252.740472,35.4070,0.7700,3.3450,4097.57,steady
252.776305,35.8330,0.7510,3.0990,4097.57,steady
252.819552,43.2470,0.7680,3.0420,4097.57,steady
252.832233,12.6810,0.7190,3.2440,4097.57,steady
252.841916,9.6830,0.7630,3.3050,4097.57,steady
252.880447,38.5310,0.6510,3.5200,4097.57,steady
252.893018,12.5710,0.6390,3.0860,4097.57,steady
252.903797,10.7790,0.6720,3.3360,4097.57,steady
252.914897,11.1000,0.6070,3.0730,4097.57,steady
252.953241,38.3440,0.6020,3.6750,4097.57,steady
252.990939,37.6980,0.5850,3.0960,4097.57,steady
253.005284,14.3450,0.8150,3.0960,4097.57,steady
253.051896,46.6120,0.7650,3.3330,4097.57,steady
253.098360,46.4640,0.7000,3.3420,4097.57,steady
253.110104,11.7440,0.8100,3.1160,4097.57,steady
253.151981,41.8770,0.7560,3.0670,4097.57,steady
253.163379,11.3980,0.6990,3.5380,4097.57,steady
253.215577,52.1980,1.2490,3.3370,4097.57,steady
253.234227,18.6500,2.3140,3.3200,4097.57,steady
253.281018,46.7910,0.9950,3.0730,4097.57,steady
253.342911,61.8930,0.9880,3.4100,4097.57,steady
253.381778,38.8670,1.0130,3.0930,4097.57,steady
253.392614,10.8360,3.1040,3.3800,4097.57,steady
253.439162,46.5480,0.9600,3.3490,4097.57,steady
253.512692,73.5300,0.7310,3.0980,4097.57,steady
253.538227,25.5350,0.9740,3.1100,4097.57,steady
253.551951,13.7240,1.0860,3.4910,4097.57,steady
253.570536,18.5850,0.6790,3.0890,4097.57,steady
253.585144,14.6080,0.5900,3.0650,4097.57,steady
253.599645,14.5010,0.6050,3.3230,4097.57,steady
253.658587,58.9420,0.6230,3.0680,4097.57,steady
253.681155,22.5680,0.6470,3.0660,4097.57,steady
253.697926,16.7710,0.9440,3.3490,4097.57,steady
253.707151,9.2250,0.8340,3.2940,4097.57,steady
253.716925,9.7740,0.5740,3.0850,4097.57,steady
253.726882,9.9570,0.6670,3.0690,4097.57,steady
253.744837,17.9550,0.6580,3.7860,4097.57,steady
253.759150,14.3130,0.6320,3.0820,4097.57,steady
253.774741,15.5910,0.6360,3.0540,4097.57,steady
253.791991,17.2500,0.8380,3.1050,4097.57,steady
253.850875,58.8840,0.8290,3.0950,4097.57,steady
253.864764,13.8890,0.7390,3.5980,4097.57,steady
253.882829,18.0650,0.8460,3.0740,4097.57,steady
253.900262,17.4330,0.6890,3.0860,4097.57,steady
253.917339,17.0770,0.6290,3.3520,4097.57,steady
253.933292,15.9530,0.6800,3.0890,4097.57,steady
253.943897,10.6050,0.7780,3.9590,4097.57,steady
254.011770,67.8730,0.6390,3.0780,4097.57,steady
254.038020,26.2500,0.6320,3.1000,4097.57,steady
254.050791,12.7710,1.1690,3.0770,4097.57,steady
254.068890,18.0990,0.9020,3.0960,4097.57,steady
254.082971,14.0810,1.0770,3.0640,4097.57,steady
254.093524,10.5530,0.6900,3.0790,4097.57,steady
254.105718,12.1940,0.6910,3.0890,4097.57,steady
254.121870,16.1520,0.6740,3.1080,4097.57,steady
254.136363,14.4930,0.5750,4.1220,4097.57,steady
254.148779,12.4160,0.6670,3.1150,4097.57,steady
254.166075,17.2960,0.6030,3.1180,4097.57,steady
254.181140,15.0650,0.6390,3.1250,4097.57,steady
254.194711,13.5710,0.6090,3.0940,4097.57,steady
254.212982,18.2710,0.7530,3.8300,4097.57,steady
254.228605,15.6230,0.6580,3.7360,4097.57,steady
254.240734,12.1290,0.6940,3.1010,4097.57,steady
254.255724,14.9900,0.6880,3.0910,4097.57,steady
254.271664,15.9400,0.5830,3.1020,4097.57,steady
254.337631,65.9670,0.6460,3.1010,4097.57,steady
254.357159,19.5280,0.6910,3.6010,4097.57,steady
254.422027,64.8680,0.8550,3.1240,4097.57,steady
254.491100,69.0730,0.7770,3.0800,4097.57,steady
254.512619,21.5190,1.1730,3.0730,4097.57,steady
254.592583,79.9640,0.9150,3.1260,4097.57,steady
254.619192,26.6090,0.9070,3.3230,4097.57,steady
254.629476,10.2840,1.0470,3.1130,4097.57,steady
254.641961,12.4850,0.7530,4.1000,4097.57,steady
254.651937,9.9760,0.6740,3.1010,4097.57,steady
254.661575,9.6380,0.6080,4.1660,4097.57,steady
254.671599,10.0240,0.7110,3.1420,4097.57,steady
254.682207,10.6080,0.5300,4.0740,4097.57,steady
254.692580,10.3730,0.5680,3.1300,4097.57,steady
254.702818,10.2380,0.5510,3.4720,4097.57,steady
254.716286,13.4680,0.5350,3.0980,4097.57,steady
254.728277,11.9910,0.5330,3.3500,4097.57,steady
254.741408,13.1310,0.5970,3.3870,4097.57,steady
254.754151,12.7430,0.6410,3.0910,4097.57,steady
254.763673,9.5220,0.6280,3.0790,4097.57,steady
254.772804,9.1310,0.5600,3.0940,4097.57,steady
254.782457,9.6530,0.5250,3.1120,4097.57,steady
254.791804,9.3470,0.5460,3.3470,4097.57,steady
254.801414,9.6100,0.5410,3.1020,4097.57,steady
254.810047,8.6330,0.5710,3.0910,4097.57,steady
254.819842,9.7950,0.5160,3.9820,4097.57,steady
254.829869,10.0270,0.5550,3.1070,4097.57,steady
254.872271,42.4020,0.5470,3.0680,4097.57,steady
254.915936,43.6650,0.6640,3.8240,4097.57,steady
254.966321,50.3850,1.0390,3.1040,4097.57,steady
254.984024,17.7030,0.9360,3.0790,4097.57,steady
254.998148,14.1240,0.9460,3.9270,4097.57,steady
255.011545,13.3970,0.8100,3.0830,4097.57,steady
255.023413,11.8680,0.7220,3.0980,4097.57,steady
255.032522,9.1090,0.6230,3.1110,4097.57,steady
255.041549,9.0270,0.5690,3.7960,4097.57,steady
255.050911,9.3620,0.5320,3.1090,4097.57,steady
255.059974,9.0630,0.5270,3.5710,4097.57,steady
255.069775,9.8010,0.5480,3.8570,4097.57,steady
255.078560,8.7850,0.5490,3.0760,4097.57,steady
255.088059,9.4990,0.5370,3.1230,4097.57,steady
255.097653,9.5940,0.5340,3.7870,4097.57,steady
255.134556,36.9030,0.5750,3.1180,4097.57,steady
255.145746,11.1900,0.5360,3.1130,4097.57,steady
255.180530,34.7840,0.6670,3.3300,4097.57,steady
255.216716,36.1860,0.5960,3.0650,4097.57,steady
255.230880,14.1640,0.7580,3.1130,4097.57,steady
255.272202,41.3220,0.6660,3.3520,4097.57,steady
255.337731,65.5290,0.6340,3.3080,4097.57,steady
255.382203,44.4720,0.8770,3.5490,4097.57,steady
255.401227,19.0240,0.8600,3.0910,4097.57,steady
255.415411,14.1840,0.8380,3.1210,4097.57,steady
255.432601,17.1900,0.7550,3.0900,4097.57,steady
255.444086,11.4850,0.5860,3.1250,4097.57,steady
255.454156,10.0700,0.6660,3.2920,4097.57,steady
255.463138,8.9820,0.5930,3.0980,4097.57,steady
255.472788,9.6500,0.5420,3.3680,4097.57,steady
255.482229,9.4410,0.5650,3.0760,4097.57,steady
255.492761,10.5320,0.5240,3.0900,4097.57,steady
255.501982,9.2210,0.7070,3.9920,4097.57,steady
255.511862,9.8800,0.5350,3.1120,4097.57,steady
255.521220,9.3580,0.5520,3.2790,4097.57,steady
255.559053,37.8330,0.5540,3.1110,4097.57,steady
255.596922,37.8690,0.5450,3.1080,4097.57,steady
255.611159,14.2370,0.6980,3.8390,4097.57,steady
255.647692,36.5330,0.7510,3.1270,4097.57,steady
255.719139,71.4470,0.6580,3.1000,4097.57,steady
255.761150,42.0110,0.7650,3.3770,4097.57,steady
255.799672,38.5220,0.8960,3.0780,4097.57,steady
255.835922,36.2500,0.7940,3.1110,4097.57,steady
255.895405,59.4830,0.8650,3.0930,4097.57,steady
255.936987,41.5820,0.9030,3.0820,4097.57,steady
255.981570,44.5830,0.8750,3.1110,4097.57,steady
255.998856,17.2860,0.7460,3.1130,4097.57,steady
256.053418,54.5620,0.8890,3.0680,4097.57,steady
256.115095,61.6770,0.6700,3.1280,4097.57,steady
256.160338,45.2430,0.9340,3.4820,4097.57,steady
256.204844,44.5060,1.0490,3.6660,4097.57,steady
256.220219,15.3750,1.0360,3.1280,4097.57,steady
256.231918,11.6990,0.9260,3.0650,4097.57,steady
256.243045,11.1270,0.6060,3.6100,4097.57,steady
256.254766,11.7210,0.6930,3.0860,4097.57,steady
256.265715,10.9490,0.6690,3.1150,4097.57,steady
256.281503,15.7880,0.6080,3.6480,4097.57,steady
256.298401,16.8980,0.5740,3.0760,4097.57,steady
256.311166,12.7650,0.6130,3.0820,4097.57,steady
256.321897,10.7310,0.8030,3.1450,4097.57,steady
256.359692,37.7950,0.5810,4.1010,4097.57,steady
256.405242,45.5500,0.5530,3.0760,4097.57,steady
256.443050,37.8080,0.9800,3.1310,4097.57,steady
256.479656,36.6060,0.8910,3.0600,4097.57,steady
256.520246,40.5900,0.7630,4.0260,4097.57,steady
256.557595,37.3490,0.7550,3.1100,4097.57,steady
256.597439,39.8440,0.8090,3.0790,4097.57,steady
256.635630,38.1910,0.9250,3.0930,4097.57,steady
256.681780,46.1500,0.8530,3.1390,4097.57,steady
256.722041,40.2610,0.8870,3.0720,4097.57,steady
256.760543,38.5020,0.9370,3.1230,4097.57,steady
256.805070,44.5270,0.9060,3.1240,4097.57,steady
256.873619,68.5490,0.8500,3.2860,4097.57,steady
256.894753,21.1340,0.9700,3.1250,4097.57,steady
256.938152,43.3990,0.9920,4.0430,4097.57,steady
256.981153,43.0010,0.8080,3.3940,4097.57,steady
257.027853,46.7000,0.8970,3.0870,4097.57,steady
257.048397,20.5440,0.9080,3.0680,4097.57,steady
257.059620,11.2230,0.9370,3.1160,4097.57,steady
257.073267,13.6470,0.7980,3.0660,4097.57,steady
257.083590,10.3230,0.7500,3.3420,4097.57,steady
257.095028,11.4380,0.6220,3.3270,4097.57,steady
257.112390,17.3620,0.6000,3.0900,4097.57,steady
257.122706,10.3160,0.6380,3.8600,4097.57,steady
257.132816,10.1100,0.5980,3.0760,4097.57,steady
257.142119,9.3030,0.5450,4.0260,4097.57,steady
257.152147,10.0280,0.5430,3.0930,4097.57,steady
257.161313,9.1660,0.5620,3.0700,4097.57,steady
257.199597,38.2840,0.5570,3.6740,4097.57,steady
257.239616,40.0190,0.5500,3.0810,4097.57,steady
257.280945,41.3290,0.8810,3.5180,4097.57,steady
257.324416,43.4710,0.7860,3.0560,4097.57,steady
257.340317,15.9010,0.8130,3.0640,4097.57,steady
257.353717,13.4000,0.8070,3.0520,4097.57,steady
257.391753,38.0360,0.6820,3.5160,4097.57,steady
257.431990,40.2370,0.6520,3.5660,4097.57,steady
257.475169,43.1790,0.7010,3.1040,4097.57,steady
257.514820,39.6510,0.7050,3.0960,4097.57,steady
257.551550,36.7300,0.7760,3.1190,4097.57,steady
257.587565,36.0150,0.8860,3.0940,4097.57,steady
257.629660,42.0950,0.6940,3.0720,4097.57,steady
257.667276,37.6160,0.7320,3.0630,4097.57,steady
257.709316,42.0400,0.7920,3.0660,4097.57,steady
257.735345,26.0290,0.7490,3.1030,4097.57,steady
257.747847,12.5020,1.1080,3.0910,4097.57,steady
257.758895,11.0480,0.6740,3.0640,4097.57,steady
257.771169,12.2740,0.6470,3.0740,4097.57,steady
257.782344,11.1750,0.6950,3.0860,4097.57,steady
257.800006,17.6620,0.6020,3.9020,4097.57,steady
257.812940,12.9340,0.5750,3.0830,4097.57,steady
257.822721,9.7810,0.7880,3.1050,4097.57,steady
257.834571,11.8500,0.5880,3.6110,4097.57,steady
257.848012,13.4410,0.5280,3.0850,4097.57,steady
257.893266,45.2540,0.5340,3.0570,4097.57,steady
257.934099,40.8330,0.7300,3.3490,4097.57,steady
257.972715,38.6160,0.9690,3.0730,4097.57,steady
258.050224,77.5090,0.8060,3.1040,4097.57,steady
258.071091,20.8670,0.9550,3.8830,4097.57,steady
258.087671,16.5800,0.9780,3.1140,4097.57,steady
258.100892,13.2210,0.8280,3.0830,4097.57,steady
258.140971,40.0790,0.6400,3.2990,4097.57,steady
258.181854,40.8830,0.6240,3.0770,4097.57,steady
258.220231,38.3770,0.8300,3.1120,4097.57,steady
258.258014,37.7830,0.7340,3.3450,4097.57,steady
258.298732,40.7180,0.7650,3.2720,4097.57,steady
258.309086,10.3540,0.7150,3.3570,4097.57,steady
258.326909,17.8230,0.7790,3.3340,4097.57,steady
258.384140,57.2310,0.7100,3.0760,4097.57,steady
258.398977,14.8370,0.6900,3.7610,4097.57,steady
258.409883,10.9060,0.8820,3.1300,4097.57,steady
258.423375,13.4920,0.5960,3.1060,4097.57,steady
258.438175,14.8000,0.5870,3.2830,4097.57,steady
258.449129,10.9540,0.5500,3.0850,4097.57,steady
258.487304,38.1750,0.5530,3.2960,4097.57,steady
258.524664,37.3600,0.5970,3.1330,4097.57,steady
258.562918,38.2540,0.9900,3.2690,4097.57,steady
258.601464,38.5460,0.6330,3.1280,4097.57,steady
258.640150,38.6860,0.6600,3.2950,4097.57,steady
258.675321,35.1710,0.7480,3.0820,4097.57,steady
258.711311,35.9900,0.6540,3.2830,4097.57,steady
258.758863,47.5520,0.6450,3.2990,4097.57,steady
258.779560,20.6970,0.9670,3.0610,4097.57,steady
258.823457,43.8970,0.8520,3.9010,4097.57,steady
258.867304,43.8470,0.7860,3.6800,4097.57,steady
258.910622,43.3180,1.0090,3.6880,4097.57,steady
258.953283,42.6610,0.8330,3.3240,4097.57,steady
259.002010,48.7270,0.8840,4.5280,4097.57,steady
259.049278,47.2680,0.9330,3.0760,4097.57,steady
259.092097,42.8190,0.8520,3.7250,4097.57,steady
259.135278,43.1810,0.9550,3.8260,4097.57,steady
259.153565,18.2870,0.9770,3.3640,4097.57,steady
259.195098,41.5330,1.0340,3.1150,4097.57,steady
259.244678,49.5800,0.8630,3.0840,4097.57,steady
259.291636,46.9580,1.0770,3.8190,4097.57,steady
259.336734,45.0980,0.9550,3.8270,4097.57,steady
259.383606,46.8720,0.9190,3.0490,4097.57,steady
259.432803,49.1970,1.3590,3.0840,4097.57,steady
259.474948,42.1450,1.2730,3.7880,4097.57,steady
259.524341,49.3930,1.0230,3.7570,4097.57,steady
259.563718,39.3770,1.1580,3.1190,4097.57,steady
259.605227,41.5090,0.8780,3.0880,4097.57,steady
259.647113,41.8860,0.8110,3.3330,4097.57,steady
259.685748,38.6350,0.8690,3.0600,4097.57,steady
259.726759,41.0110,0.7730,3.0630,4097.57,steady
259.752715,25.9560,0.8210,3.0990,4097.57,steady
259.775118,22.4030,0.8290,3.1310,4097.57,steady
259.788397,13.2790,0.7680,3.5560,4097.57,steady
259.829157,40.7600,0.7460,3.0900,4097.57,steady
259.869749,40.5920,0.6990,3.1350,4097.57,steady
259.909068,39.3190,0.7100,3.5260,4097.57,steady
259.951072,42.0040,0.7590,3.0690,4097.57,steady
259.990240,39.1680,0.7310,3.1110,4097.57,steady
260.029158,38.9180,0.6860,3.1020,4097.57,steady
260.068696,39.5380,0.8900,3.0950,4097.57,steady
260.085732,17.0360,0.7150,3.0780,4097.57,steady
260.105763,20.0310,0.7760,3.1060,4097.57,steady
260.122742,16.9790,0.6520,3.0900,4097.57,steady
260.138478,15.7360,0.6240,3.0710,4097.57,steady
260.158185,19.7070,0.6630,3.0900,4097.57,steady
260.168142,9.9570,0.7310,3.1350,4097.57,steady
260.229762,61.6200,0.8340,3.1010,4097.57,steady
260.242000,12.2380,0.7120,3.0720,4097.57,steady
260.255433,13.4330,1.0700,3.0880,4097.57,steady
260.265518,10.0850,0.7550,3.0990,4097.57,steady
260.279677,14.1590,0.6850,3.1270,4097.57,steady
260.299612,19.9350,0.6400,3.0800,4097.57,steady
260.370385,70.7730,0.6200,3.0810,4097.57,steady
260.392155,21.7700,0.6590,3.0880,4097.57,steady
260.409515,17.3600,0.9570,3.6380,4097.57,steady
260.420673,11.1580,0.7370,3.6130,4097.57,steady
260.439728,19.0550,0.8360,3.1100,4097.57,steady
260.465182,25.4540,1.0520,3.4560,4097.57,steady
260.513254,48.0720,1.2880,3.4760,4097.57,steady
260.525118,11.8640,1.0500,3.0870,4097.57,steady
260.544033,18.9150,1.0370,3.0820,4097.57,steady
260.567642,23.6090,0.7500,3.4370,4097.57,steady
260.593393,25.7510,0.9120,3.0750,4097.57,steady
260.612094,18.7010,0.9270,3.1040,4097.57,steady
260.624919,12.8250,0.7670,3.6310,4097.57,steady
260.672685,47.7660,0.7290,3.0730,4097.57,steady
260.743570,70.8850,0.6080,3.1160,4097.57,steady
260.766785,23.2150,0.9470,3.3870,4097.57,steady
260.786779,19.9940,0.9710,3.1070,4097.57,steady
260.857800,71.0210,0.8250,3.0810,4097.57,steady
260.880285,22.4850,0.7670,3.0930,4097.57,steady
260.949082,68.7970,1.0340,3.4630,4097.57,steady
260.967582,18.5000,0.7110,3.1090,4097.57,steady
260.986680,19.0980,0.8910,3.3820,4097.57,steady
261.002018,15.3380,0.8050,3.0960,4097.57,steady
261.063924,61.9060,0.7230,3.1290,4097.57,steady
261.081184,17.2600,0.6330,3.2980,4097.57,steady
261.096144,14.9600,0.9670,3.3230,4097.57,steady
261.106578,10.4340,0.7780,3.3300,4097.57,steady
261.171540,64.9620,0.6090,3.3710,4097.57,steady
261.245461,73.9210,0.6650,3.1050,4097.57,steady
261.318154,72.6930,1.1610,3.0870,4097.57,steady
261.335601,17.4470,0.9930,3.0780,4097.57,steady
261.346294,10.6930,0.9930,3.1100,4097.57,steady
261.362543,16.2490,0.8890,3.0780,4097.57,steady
261.372130,9.5870,0.7550,3.1130,4097.57,steady
261.382867,10.7370,0.6350,3.0890,4097.57,steady
261.393262,10.3950,0.6860,3.0690,4097.57,steady
261.410174,16.9120,0.7280,3.1150,4097.57,steady
261.420110,9.9360,0.6700,3.5650,4097.57,steady
261.430197,10.0870,0.6330,3.0930,4097.57,steady
261.446791,16.5940,0.5950,3.0760,4097.57,steady
261.460796,14.0050,0.7990,3.1150,4097.57,steady
261.474671,13.8750,0.8200,3.0930,4097.57,steady
261.489227,14.5560,0.7400,3.0850,4097.57,steady
261.503890,14.6630,0.6930,3.0790,4097.57,steady
261.517619,13.7290,0.6050,3.0900,4097.57,steady
261.526847,9.2280,0.6400,3.0760,4097.57,steady
261.538598,11.7510,0.6120,3.0730,4097.57,steady
261.550176,11.5780,0.5420,3.3700,4097.57,steady
261.567486,17.3100,0.5240,3.0850,4097.57,steady
261.579666,12.1800,0.5140,3.0960,4097.57,steady
261.593910,14.2440,0.5920,3.3430,4097.57,steady
261.607074,13.1640,0.5500,3.0700,4097.57,steady
261.617911,10.8370,0.5970,3.0900,4097.57,steady
261.628286,10.3750,0.5330,3.0920,4097.57,steady
261.639233,10.9470,0.5810,3.1180,4097.57,steady
261.649487,10.2540,0.5520,3.0850,4097.57,steady
261.661397,11.9100,0.5250,3.1400,4097.57,steady
261.674563,13.1660,0.5100,3.0690,4097.57,steady
261.689398,14.8350,0.5090,3.1030,4097.57,steady
261.707619,18.2210,0.6000,3.0720,4097.57,steady
261.782857,75.2380,0.6610,3.0930,4097.57,steady
261.797825,14.9680,0.6500,3.3720,4097.57,steady
261.811305,13.4800,1.0650,3.3040,4097.57,steady
261.824087,12.7820,0.7900,3.1040,4097.57,steady
261.841208,17.1210,0.7530,3.2640,4097.57,steady
261.856896,15.6880,0.6900,3.0720,4097.57,steady
261.874229,17.3330,0.6520,3.0940,4097.57,steady
261.892463,18.2340,0.5650,3.0720,4097.57,steady
261.901254,8.7910,0.5840,3.5050,4097.57,steady
261.918987,17.7330,0.6050,3.0720,4097.57,steady
261.935003,16.0160,0.5860,3.2910,4097.57,steady
261.944182,9.1790,0.5780,3.1340,4097.57,steady
261.953856,9.6740,0.6000,3.0750,4097.57,steady
261.969574,15.7180,0.6370,3.1310,4097.57,steady
261.985623,16.0490,0.6310,3.0670,4097.57,steady
262.030156,44.5330,0.6170,3.0970,4097.57,steady
262.114345,84.1890,0.7290,3.1200,4097.57,steady
262.136001,21.6560,0.8170,3.1050,4097.57,steady
262.155646,19.6450,0.9890,3.1020,4097.57,steady
262.214456,58.8100,0.7240,3.1050,4097.57,steady
262.225462,11.0060,0.6680,3.0950,4097.57,steady
262.234637,9.1750,0.8010,3.1190,4097.57,steady
262.254032,19.3950,0.6420,3.0950,4097.57,steady
262.264167,10.1350,0.6370,3.0870,4097.57,steady
262.279201,15.0340,0.7280,3.0630,4097.57,steady
262.292908,13.7070,0.6950,3.0910,4097.57,steady
262.307657,14.7490,0.6080,3.0930,4097.57,steady
262.321651,13.9940,0.5930,3.1020,4097.57,steady
262.333514,11.8630,0.6220,3.1040,4097.57,steady
262.343679,10.1650,0.6190,3.1050,4097.57,steady
262.355275,11.5960,0.5560,3.0660,4097.57,steady
262.366499,11.2240,0.5540,3.0900,4097.57,steady
262.382003,15.5040,0.5470,3.1320,4097.57,steady
262.424805,42.8020,0.5240,3.0950,4097.57,steady
262.443040,18.2350,0.6280,3.5250,4097.57,steady
262.485882,42.8420,0.8680,3.1080,4097.57,steady
262.506924,21.0420,0.7750,3.7350,4097.57,steady
262.570855,63.9310,0.8010,3.5250,4097.57,steady
262.627967,57.1120,0.8700,3.5720,4097.57,steady
262.652239,24.2720,0.7910,3.1030,4097.57,steady
262.665121,12.8820,0.7870,3.1230,4097.57,steady
262.676040,10.9190,0.8210,3.8450,4097.57,steady
262.684694,8.6540,0.6200,3.0740,4097.57,steady
262.693497,8.8030,0.5320,3.1140,4097.57,steady
262.703473,9.9760,0.6940,3.0900,4097.57,steady
262.713660,10.1870,0.6060,3.0920,4097.57,steady
262.723974,10.3140,0.5930,3.0960,4097.57,steady
262.734296,10.3220,0.6450,3.0970,4097.57,steady
262.745253,10.9570,0.5920,3.1200,4097.57,steady
262.760144,14.8910,0.6100,3.0670,4097.57,steady
262.770416,10.2720,0.5870,3.1090,4097.57,steady
262.783757,13.3410,0.5580,3.5510,4097.57,steady
262.796606,12.8490,0.5570,3.4750,4097.57,steady
262.809399,12.7930,0.5770,3.1050,4097.57,steady
262.827999,18.6000,0.7240,3.0790,4097.57,steady
262.840226,12.2270,0.5680,3.0850,4097.57,steady
262.854397,14.1710,0.6590,3.1220,4097.57,steady
262.896961,42.5640,0.6110,3.3610,4097.57,steady
262.923714,26.7530,0.6290,3.3540,4097.57,steady
262.945861,22.1470,1.2200,3.4060,4097.57,steady
262.963290,17.4290,1.1100,3.1180,4097.57,steady
262.983626,20.3360,0.8850,3.1330,4097.57,steady
263.002834,19.2080,1.4850,3.3580,4097.57,steady
263.014489,11.6550,0.9570,3.1090,4097.57,steady
263.030032,15.5430,0.8470,3.1210,4097.57,steady
263.046244,16.2120,0.9520,3.1020,4097.57,steady
263.062102,15.8580,0.6830,3.1140,4097.57,steady
263.103283,41.1810,0.6370,3.0780,4097.57,steady
263.127885,24.6020,0.6370,3.0820,4097.57,steady
263.142212,14.3270,0.7920,3.0840,4097.57,steady
263.156908,14.6960,0.6460,3.1220,4097.57,steady
263.171632,14.7240,0.5730,3.1280,4097.57,steady
263.213970,42.3380,0.6490,3.1300,4097.57,steady
263.225130,11.1600,0.6130,3.0900,4097.57,steady
263.234399,9.2690,0.9450,3.1030,4097.57,steady
263.282706,48.3070,0.6820,3.1350,4097.57,steady
263.293799,11.0930,0.6300,3.1060,4097.57,steady
263.306316,12.5170,0.9020,3.1000,4097.57,steady
263.317721,11.4050,0.6090,3.1110,4097.57,steady
263.328485,10.7640,0.5960,3.7770,4097.57,steady
263.338547,10.0620,0.5530,3.0790,4097.57,steady
263.350352,11.8050,0.5580,3.1030,4097.57,steady
263.363672,13.3200,0.5640,3.0940,4097.57,steady
263.376896,13.2240,0.7140,3.3850,4097.57,steady
263.389115,12.2190,0.7540,3.1150,4097.57,steady
263.435408,46.2930,0.7160,3.1110,4097.57,steady
263.475141,39.7330,0.5970,3.7320,4097.57,steady
263.485413,10.2720,0.7620,3.0960,4097.57,steady
263.527739,42.3260,0.7580,3.0970,4097.57,steady
263.571033,43.2940,0.7210,3.1070,4097.57,steady
263.610143,39.1100,0.8220,3.6840,4097.57,steady
263.650065,39.9220,0.7820,3.1300,4097.57,steady
263.659734,9.6690,0.8070,3.1120,4097.57,steady
263.705668,45.9340,0.7110,3.1200,4097.57,steady
263.785170,79.5020,0.8140,3.1140,4097.57,steady
263.802361,17.1910,0.8200,3.1080,4097.57,steady
263.825332,22.9710,0.9260,3.7110,4097.57,steady
263.837777,12.4450,0.7880,3.0890,4097.57,steady
263.848513,10.7360,0.7250,3.0660,4097.57,steady
263.857321,8.8080,0.7870,3.0940,4097.57,steady
263.866153,8.8320,0.5800,3.6930,4097.57,steady
263.875913,9.7600,0.6180,3.1150,4097.57,steady
263.891099,15.1860,0.5930,3.1300,4097.57,steady
263.905278,14.1790,0.5730,3.7530,4097.57,steady
263.923410,18.1320,0.5460,3.7190,4097.57,steady
263.939709,16.2990,0.5790,3.5430,4097.57,steady
263.955760,16.0510,0.6560,3.0820,4097.57,steady
263.971037,15.2770,0.7170,3.8280,4097.57,steady
263.984038,13.0010,0.6440,3.1170,4097.57,steady
263.995467,11.4290,0.7630,3.0610,4097.57,steady
264.010038,14.5710,0.6430,3.1500,4097.57,steady
264.025909,15.8710,0.5730,3.5180,4097.57,steady
264.097749,71.8400,0.7130,3.1160,4097.57,steady
264.173267,75.5180,0.7270,3.1390,4097.57,steady
264.193715,20.4480,1.0230,3.6890,4097.57,steady
264.209727,16.0120,1.0180,3.1000,4097.57,steady
264.250387,40.6600,0.6840,3.1150,4097.57,steady
264.313317,62.9300,0.7230,3.7120,4097.57,steady
264.333229,19.9120,0.9030,3.0780,4097.57,steady
264.351195,17.9660,1.0710,3.3340,4097.57,steady
264.399945,48.7500,0.8470,3.0940,4097.57,steady
264.414867,14.9220,0.7200,3.1490,4097.57,steady
264.453770,38.9030,0.9610,3.0970,4097.57,steady
264.510996,57.2260,0.6580,3.0780,4097.57,steady
264.526562,15.5660,0.7490,3.3010,4097.57,steady
264.542960,16.3980,0.8310,3.1250,4097.57,steady
264.556184,13.2240,0.7450,3.1310,4097.57,steady
264.576530,20.3460,0.7030,3.1150,4097.57,steady
264.592635,16.1050,0.6640,3.0650,4097.57,steady
264.605135,12.5000,0.6690,3.0720,4097.57,steady
264.616232,11.0970,0.5960,3.3890,4097.57,steady
264.655019,38.7870,0.5860,3.0740,4097.57,steady
264.666641,11.6220,0.5590,3.1100,4097.57,steady
264.703975,37.3340,0.6530,3.2830,4097.57,steady
264.742222,38.2470,0.6180,3.1080,4097.57,steady
264.780872,38.6500,0.6210,3.5590,4097.57,steady
264.819152,38.2800,1.0610,3.0890,4097.57,steady
264.863208,44.0560,0.7570,3.3580,4097.57,steady
264.881990,18.7820,0.6710,3.1390,4097.57,steady
264.923255,41.2650,0.9110,3.8510,4097.57,steady
264.961957,38.7020,0.7510,3.0720,4097.57,steady
265.015776,53.8190,0.7490,3.0650,4097.57,steady
265.080535,64.7590,0.8310,3.1280,4097.57,steady
265.105320,24.7850,1.0520,3.3680,4097.57,steady
265.122659,17.3390,1.1960,3.1210,4097.57,steady
265.139783,17.1240,0.7610,3.0940,4097.57,steady
265.155274,15.4910,0.8240,3.1200,4097.57,steady
265.169523,14.2490,0.6720,3.3710,4097.57,steady
265.238543,69.0200,0.6320,3.0920,4097.57,steady
265.290109,51.5660,0.6570,3.3610,4097.57,steady
265.314225,24.1160,0.9850,3.5410,4097.57,steady
265.327796,13.5710,1.0880,3.1200,4097.57,steady
265.340662,12.8660,0.8090,3.1100,4097.57,steady
265.349865,9.2030,0.7850,3.0980,4097.57,steady
265.404445,54.5800,0.6710,3.1150,4097.57,steady
265.460814,56.3690,0.6030,3.0930,4097.57,steady
265.507010,46.1960,0.9740,3.0830,4097.57,steady
265.517926,10.9160,0.9410,3.5650,4097.57,steady
265.528479,10.5530,0.8660,3.0710,4097.57,steady
265.549917,21.4380,0.7520,3.1310,4097.57,steady
265.566543,16.6260,0.8610,3.1040,4097.57,steady
265.636987,70.4440,0.7910,3.0990,4097.57,steady
265.697667,60.6800,0.6230,3.5540,4097.57,steady
265.741367,43.7000,1.0070,3.0720,4097.57,steady
265.827243,85.8760,0.9930,3.6720,4097.57,steady
265.886915,59.6720,1.0240,3.4010,4097.57,steady
265.934895,47.9800,1.0210,3.1030,4097.57,steady
265.988225,53.3300,0.8810,3.1240,4097.57,steady
266.056515,68.2900,0.9480,4.0050,4097.57,steady
266.075648,19.1330,0.9640,3.0900,4097.57,steady
266.136294,60.6460,0.9630,3.5830,4097.57,steady
266.150622,14.3280,0.6670,3.1110,4097.57,steady
266.168718,18.0960,0.7080,3.9800,4097.57,steady
266.182587,13.8690,0.8070,3.3930,4097.57,steady
266.198376,15.7890,0.6560,3.0880,4097.57,steady
266.218592,20.2160,0.5570,3.0700,4097.57,steady
266.229867,11.2750,0.5950,3.1100,4097.57,steady
266.289640,59.7730,0.7270,3.0620,4097.57,steady
266.307752,18.1120,0.6650,3.1520,4097.57,steady
266.320854,13.1020,0.9750,3.1400,4097.57,steady
266.362026,41.1720,0.7990,3.1010,4097.57,steady
266.429357,67.3310,0.7230,3.0650,4097.57,steady
266.448445,19.0880,1.0470,3.1050,4097.57,steady
266.457822,9.3770,0.9330,3.1050,4097.57,steady
266.473896,16.0740,0.6500,3.2820,4097.57,steady
266.535383,61.4870,0.7270,3.0880,4097.57,steady
266.546602,11.2190,0.6500,3.1110,4097.57,steady
266.556036,9.4340,0.9260,3.1300,4097.57,steady
266.572821,16.7850,0.6650,3.6340,4097.57,steady
266.588164,15.3430,0.6370,3.0810,4097.57,steady
266.647743,59.5790,0.6200,3.1180,4097.57,steady
266.659160,11.4170,0.6050,3.3590,4097.57,steady
266.679457,20.2970,0.8570,3.1180,4097.57,steady
266.689725,10.2680,0.7010,3.0940,4097.57,steady
266.699310,9.5850,0.6510,3.1420,4097.57,steady
266.779811,80.5010,0.6260,3.0730,4097.57,steady
266.792973,13.1620,0.6330,3.5650,4097.57,steady
266.811951,18.9780,1.0990,3.0660,4097.57,steady
266.885269,73.3180,0.6460,3.1490,4097.57,steady
266.897505,12.2360,0.6230,3.1060,4097.57,steady
266.907934,10.4290,0.9610,3.0620,4097.57,steady
266.927537,19.6030,0.5880,3.1120,4097.57,steady
266.945776,18.2390,0.6120,3.5550,4097.57,steady
266.961199,15.4230,0.6170,3.0730,4097.57,steady
266.976918,15.7190,0.5750,3.1170,4097.57,steady
266.991749,14.8310,0.5870,3.1190,4097.57,steady
267.006604,14.8550,0.6400,3.3130,4097.57,steady
267.068617,62.0130,0.6850,3.3400,4097.57,steady
267.086441,17.8240,0.6210,4.0500,4097.57,steady
267.101103,14.6620,0.9890,3.1350,4097.57,steady
267.159616,58.5130,0.7240,3.0760,4097.57,steady
267.170820,11.2040,0.6630,3.1020,4097.57,steady
267.230269,59.4490,0.8740,3.1500,4097.57,steady
267.252245,21.9760,0.8290,3.0700,4097.57,steady
267.275457,23.2120,1.0130,3.1350,4097.57,steady
267.291711,16.2540,0.6640,3.0810,4097.57,steady
267.304989,13.2780,0.6690,3.0800,4097.57,steady
267.317059,12.0700,0.6760,3.0980,4097.57,steady
267.329814,12.7550,0.6480,3.7590,4097.57,steady
267.347268,17.4540,0.6030,3.0650,4097.57,steady
267.362122,14.8540,0.7160,3.1040,4097.57,steady
267.373211,11.0890,0.6780,3.4570,4097.57,steady
267.383026,9.8150,0.5660,3.1140,4097.57,steady
267.392583,9.5570,0.6710,3.0690,4097.57,steady
267.402692,10.1090,0.5300,3.1280,4097.57,steady
267.412433,9.7410,0.6410,3.0750,4097.57,steady
267.423670,11.2370,0.5440,4.0030,4097.57,steady
267.495292,71.6220,0.5450,3.1000,4097.57,steady
267.509745,14.4530,0.6990,3.1110,4097.57,steady
267.526128,16.3830,1.0540,3.0790,4097.57,steady
267.540988,14.8600,0.7890,3.0870,4097.57,steady
267.551238,10.2500,0.6820,3.0910,4097.57,steady
267.565482,14.2440,0.6380,3.3660,4097.57,steady
267.576409,10.9270,0.7230,3.0870,4097.57,steady
267.587132,10.7230,0.5970,3.0960,4097.57,steady
267.597251,10.1190,0.5620,3.2700,4097.57,steady
267.612026,14.7750,0.5680,3.3140,4097.57,steady
267.623413,11.3870,0.5450,3.3120,4097.57,steady
267.632892,9.4790,0.6180,3.1160,4097.57,steady
267.642701,9.8090,0.5290,3.0700,4097.57,steady
267.700575,57.8740,0.5730,3.1030,4097.57,steady
267.744785,44.2100,0.5870,3.0650,4097.57,steady
267.754772,9.9870,0.8740,3.0850,4097.57,steady
267.767905,13.1330,0.8010,3.0820,4097.57,steady
267.783465,15.5600,0.8300,3.1010,4097.57,steady
267.795623,12.1580,0.6230,3.0770,4097.57,steady
267.804982,9.3590,0.6060,3.3200,4097.57,steady
267.814276,9.2940,0.5760,3.0690,4097.57,steady
267.833472,19.1960,0.5360,3.9180,4097.57,steady
267.846597,13.1250,0.5720,3.0890,4097.57,steady
267.856930,10.3330,0.5550,3.3450,4097.57,steady
267.867956,11.0260,0.5680,3.5210,4097.57,steady
267.879925,11.9690,0.5800,3.1060,4097.57,steady
267.890050,10.1250,0.5790,3.9780,4097.57,steady
267.926126,36.0760,0.5760,3.1120,4097.57,steady
267.959632,33.5060,0.7940,3.1170,4097.57,steady
267.995240,35.6080,0.6220,3.0830,4097.57,steady
268.036089,40.8490,0.7500,3.0900,4097.57,steady
268.078923,42.8340,0.7870,3.1220,4097.57,steady
268.115821,36.8980,0.8950,3.0890,4097.57,steady
268.135693,19.8720,0.8280,3.1020,4097.57,steady
268.155059,19.3660,0.8060,3.0630,4097.57,steady
268.173674,18.6150,0.7800,3.0840,4097.57,steady
268.183693,10.0190,0.7360,3.0860,4097.57,steady
268.193586,9.8930,0.8890,3.8070,4097.57,steady
268.205897,12.3110,0.7030,3.1050,4097.57,steady
268.216200,10.3030,0.6090,3.0860,4097.57,steady
268.226666,10.4660,0.6220,3.0650,4097.57,steady
268.240874,14.2080,0.6400,3.4710,4097.57,steady
268.252657,11.7830,0.6540,3.1000,4097.57,steady
268.268851,16.1940,0.6470,3.0660,4097.57,steady
268.283256,14.4050,0.6720,3.1180,4097.57,steady
268.297276,14.0200,0.7070,3.0730,4097.57,steady
268.307997,10.7210,0.5900,3.0940,4097.57,steady
268.321073,13.0760,0.6310,3.0820,4097.57,steady
268.359337,38.2640,0.5730,3.1390,4097.57,steady
268.376705,17.3680,0.6690,3.1030,4097.57,steady
268.412755,36.0500,0.6890,3.0870,4097.57,steady
268.451553,38.7980,0.7070,3.1250,4097.57,steady
268.489558,38.0050,0.8060,3.1320,4097.57,steady
268.531494,41.9360,0.8250,3.6430,4097.57,steady
268.544702,13.2080,0.7990,3.1140,4097.57,steady
268.590579,45.8770,0.9680,3.0680,4097.57,steady
268.610873,20.2940,0.8400,3.0880,4097.57,steady
268.631143,20.2700,0.8560,3.3900,4097.57,steady
268.646570,15.4270,0.7090,3.0930,4097.57,steady
268.662093,15.5230,0.7070,3.1360,4097.57,steady
268.704519,42.4260,0.6620,3.2970,4097.57,steady
268.723394,18.8750,0.6380,3.1230,4097.57,steady
268.739273,15.8790,0.7060,3.1210,4097.57,steady
268.751905,12.6320,0.6640,3.2560,4097.57,steady
268.762088,10.1830,0.6440,3.1290,4097.57,steady
268.772530,10.4420,0.5940,3.1470,4097.57,steady
268.793545,21.0150,0.5680,3.1210,4097.57,steady
268.806795,13.2500,0.6130,3.1200,4097.57,steady
268.818913,12.1180,0.5980,3.1060,4097.57,steady
268.829149,10.2360,0.6240,3.2990,4097.57,steady
268.841355,12.2060,0.6180,3.3070,4097.57,steady
268.850750,9.3950,0.6760,3.1180,4097.57,steady
268.891657,40.9070,0.5560,3.3330,4097.57,steady
268.938203,46.5460,0.6140,3.1000,4097.57,steady
268.956690,18.4870,0.9440,3.1200,4097.57,steady
268.998611,41.9210,0.8420,3.2910,4097.57,steady
269.042828,44.2170,0.7510,3.1100,4097.57,steady
269.086604,43.7760,0.8950,3.1120,4097.57,steady
269.108022,21.4180,1.0110,3.1300,4097.57,steady
269.150566,42.5440,0.7810,3.1290,4097.57,steady
269.193584,43.0180,0.7040,3.1230,4097.57,steady
269.211170,17.5860,0.7700,3.1270,4097.57,steady
269.231460,20.2900,0.8480,3.1040,4097.57,steady
269.251460,20.0000,0.6520,3.1530,4097.57,steady
269.270952,19.4920,0.7730,3.1150,4097.57,steady
269.314074,43.1220,0.6820,3.6290,4097.57,steady
269.331196,17.1220,0.7030,3.1180,4097.57,steady
269.381890,50.6940,0.7520,3.6660,4097.57,steady
269.393974,12.0840,0.7020,3.1690,4097.57,steady
269.403083,9.1090,0.8280,3.1110,4097.57,steady
269.417032,13.9490,0.6120,3.1250,4097.57,steady
269.429252,12.2200,0.5730,3.1050,4097.57,steady
269.440559,11.3070,0.5730,3.0970,4097.57,steady
269.451035,10.4760,0.6220,3.0840,4097.57,steady
269.461705,10.6700,0.6810,3.1200,4097.57,steady
269.471886,10.1810,0.5620,3.1310,4097.57,steady
269.482533,10.6470,0.6040,3.4210,4097.57,steady
269.493127,10.5940,0.6160,3.0970,4097.57,steady
269.503394,10.2670,0.5580,3.1290,4097.57,steady
269.519680,16.2860,0.5720,3.1020,4097.57,steady
269.533293,13.6130,0.5990,3.4430,4097.57,steady
269.590268,56.9750,1.1110,3.1130,4097.57,steady
269.641737,51.4690,0.6600,3.1320,4097.57,steady
269.657120,15.3830,0.9640,3.0950,4097.57,steady
269.678160,21.0400,0.8390,3.1710,4097.57,steady
269.697151,18.9910,0.7020,3.1520,4097.57,steady
269.711720,14.5690,0.7010,3.1140,4097.57,steady
269.754714,42.9940,0.7160,3.4010,4097.57,steady
269.796547,41.8330,0.6520,3.1410,4097.57,steady
269.839315,42.7680,0.8090,3.1080,4097.57,steady
269.876762,37.4470,0.7260,3.0890,4097.57,steady
269.912539,35.7770,0.6680,3.1300,4097.57,steady
269.974925,62.3860,0.7000,3.3720,4097.57,steady
270.040118,65.1930,0.8410,3.1160,4097.57,steady
270.055980,15.8620,0.9680,3.1210,4097.57,steady
270.066480,10.5000,1.0440,3.0830,4097.57,steady
270.086274,19.7940,0.7770,3.0770,4097.57,steady
270.099615,13.3410,0.7460,3.1210,4097.57,steady
270.112687,13.0720,0.7430,3.2920,4097.57,steady
270.128164,15.4770,0.7870,3.7260,4097.57,steady
270.152218,24.0540,0.8300,3.3810,4097.57,steady
270.164818,12.6000,0.8300,3.1430,4097.57,steady
270.175554,10.7360,0.7070,3.1300,4097.57,steady
270.187159,11.6050,0.6260,3.1450,4097.57,steady
270.224180,37.0210,0.5560,3.2880,4097.57,steady
270.240017,15.8370,0.5940,3.1510,4097.57,steady
270.252630,12.6130,0.7550,3.3830,4097.57,steady
270.292086,39.4560,0.7060,3.1120,4097.57,steady
270.345459,53.3730,0.7050,3.2940,4097.57,steady
270.391677,46.2180,0.8330,3.1020,4097.57,steady
270.433244,41.5670,1.0530,3.1470,4097.57,steady
270.474906,41.6620,0.9780,3.3990,4097.57,steady
270.519653,44.7470,0.9080,3.5750,4097.57,steady
270.538012,18.3590,0.8930,3.5690,4097.57,steady
270.582276,44.2640,0.8820,3.1320,4097.57,steady
270.600658,18.3820,0.7710,3.7640,4097.57,steady
270.615812,15.1540,0.8240,3.1380,4097.57,steady
270.634979,19.1670,0.8770,3.4000,4097.57,steady
270.652141,17.1620,0.8770,3.1140,4097.57,steady
270.668827,16.6860,0.8000,3.3890,4097.57,steady
270.684805,15.9780,0.7390,3.1250,4097.57,steady
270.696862,12.0570,0.6590,3.0870,4097.57,steady
270.710563,13.7010,0.5660,3.5030,4097.57,steady
270.719994,9.4310,0.5900,3.1280,4097.57,steady
270.761571,41.5770,0.5890,3.1110,4097.57,steady
270.799840,38.2690,0.6400,3.1170,4097.57,steady
270.814823,14.9830,0.8790,3.1570,4097.57,steady
270.829859,15.0360,0.8210,3.1000,4097.57,steady
270.870300,40.4410,0.6100,3.1260,4097.57,steady
270.913554,43.2540,0.6440,3.8480,4097.57,steady
270.933788,20.2340,0.8310,3.1210,4097.57,steady
270.975688,41.9000,0.8270,3.1250,4097.57,steady
271.021704,46.0160,0.7620,3.4900,4097.57,steady
271.061085,39.3810,0.8390,3.7260,4097.57,steady
271.078497,17.4120,0.7950,3.0940,4097.57,steady
271.091151,12.6540,0.7760,3.1460,4097.57,steady
271.156472,65.3210,0.6200,3.1070,4097.57,steady
271.198789,42.3170,0.6840,3.1220,4097.57,steady
271.213807,15.0180,0.9910,3.1670,4097.57,steady
271.259383,45.5760,0.7750,3.7440,4097.57,steady
271.298570,39.1870,0.8370,3.1050,4097.57,steady
271.316581,18.0110,1.0270,3.3850,4097.57,steady
271.355819,39.2380,0.8560,3.1230,4097.57,steady
271.394140,38.3210,0.7230,3.7910,4097.57,steady
271.430178,36.0380,0.8590,3.3960,4097.57,steady
271.466394,36.2160,0.7490,3.1290,4097.57,steady
271.504415,38.0210,0.8400,3.1320,4097.57,steady
271.549089,44.6740,0.7450,3.3690,4097.57,steady
271.563433,14.3440,0.7430,3.6500,4097.57,steady
271.603587,40.1540,0.8660,3.1430,4097.57,steady
271.646108,42.5210,0.8550,3.1160,4097.57,steady
271.707140,61.0320,0.9050,3.0990,4097.57,steady
271.759821,52.6810,0.8700,3.1370,4097.57,steady
271.802999,43.1780,1.1450,3.1470,4097.57,steady
271.822038,19.0390,0.9750,3.1180,4097.57,steady
271.872280,50.2420,0.8880,3.8590,4097.57,steady
271.886354,14.0740,0.7870,3.0840,4097.57,steady
271.901690,15.3360,0.7970,3.5610,4097.57,steady
271.943950,42.2600,0.6410,3.3620,4097.57,steady
271.958384,14.4340,0.7030,3.1350,4097.57,steady
271.999315,40.9310,0.8120,3.1460,4097.57,steady
272.056299,56.9840,0.6750,3.1870,4097.57,steady
272.074868,18.5690,0.8880,3.1440,4097.57,steady
272.091661,16.7930,0.9710,3.1310,4097.57,steady
272.133918,42.2570,0.7810,3.1380,4097.57,steady
272.149110,15.1920,0.6630,3.1300,4097.57,steady
272.161064,11.9540,0.8620,3.1110,4097.57,steady
272.202378,41.3140,0.7040,3.1210,4097.57,steady
272.257014,54.6360,0.7360,3.1380,4097.57,steady
272.306033,49.0190,1.1210,3.1430,4097.57,steady
272.324829,18.7960,1.0730,3.1320,4097.57,steady
272.338902,14.0730,0.8300,3.4100,4097.57,steady
272.385432,46.5300,0.7430,3.9840,4097.57,steady
272.404288,18.8560,0.7280,3.9560,4097.57,steady
272.415101,10.8130,1.0060,3.6330,4097.57,steady
272.430424,15.3230,0.7910,3.1260,4097.57,steady
272.445464,15.0400,0.7070,3.8000,4097.57,steady
272.458033,12.5690,0.6160,3.4240,4097.57,steady
272.467475,9.4420,0.5680,3.1420,4097.57,steady
272.483017,15.5420,0.5590,3.5640,4097.57,steady
272.497878,14.8610,0.6250,3.3600,4097.57,steady
272.543470,45.5920,0.6270,3.1300,4097.57,steady
272.553596,10.1260,0.6530,3.1400,4097.57,steady
272.570030,16.4340,0.8230,3.3880,4097.57,steady
272.588279,18.2490,0.7320,3.1200,4097.57,steady
272.605259,16.9800,0.6500,3.1550,4097.57,steady
272.617889,12.6300,0.6910,3.1060,4097.57,steady
272.628109,10.2200,0.6320,3.1500,4097.57,steady
272.641479,13.3700,0.6480,3.4170,4097.57,steady
272.658704,17.2250,0.5810,3.1390,4097.57,steady
272.677345,18.6410,0.6300,3.1060,4097.57,steady
272.695925,18.5800,0.8060,3.8850,4097.57,steady
272.712949,17.0240,0.7990,3.1240,4097.57,steady
272.779462,66.5130,0.6380,3.1280,4097.57,steady
272.803802,24.3400,0.6780,3.1200,4097.57,steady
272.815843,12.0410,0.9520,3.1230,4097.57,steady
272.832253,16.4100,0.8740,3.3420,4097.57,steady
272.850568,18.3150,0.7120,3.1310,4097.57,steady
272.864349,13.7810,0.7030,3.3970,4097.57,steady
272.879209,14.8600,0.8470,3.1100,4097.57,steady
272.892557,13.3480,0.6290,3.1300,4097.57,steady
272.907047,14.4900,0.6240,3.1180,4097.57,steady
272.976275,69.2280,0.5740,3.1320,4097.57,steady
272.991547,15.2720,0.7150,3.1110,4097.57,steady
273.006315,14.7680,1.0140,3.1310,4097.57,steady
273.074350,68.0350,0.6740,3.3910,4097.57,steady
273.137143,62.7930,0.6430,3.3420,4097.57,steady
273.203158,66.0150,0.9690,3.1290,4097.57,steady
273.220340,17.1820,0.9870,3.1060,4097.57,steady
273.229865,9.5250,0.8800,3.1590,4097.57,steady
273.244923,15.0580,0.6380,3.1010,4097.57,steady
273.259687,14.7640,0.6390,3.4970,4097.57,steady
273.279746,20.0590,0.6800,3.1680,4097.57,steady
273.292585,12.8390,0.7250,3.1560,4097.57,steady
273.304907,12.3220,0.6670,3.1360,4097.57,steady
273.316825,11.9180,0.5880,3.4520,4097.57,steady
273.327720,10.8950,0.6960,3.1100,4097.57,steady
273.337880,10.1600,0.6640,3.1210,4097.57,steady
273.351847,13.9670,0.5440,3.1550,4097.57,steady
273.363850,12.0030,0.5480,3.1040,4097.57,steady
273.376804,12.9540,0.5900,3.1260,4097.57,steady
273.392112,15.3080,0.6860,3.1650,4097.57,steady
273.419769,27.6570,0.5830,3.1420,4097.57,steady
273.435708,15.9390,0.6510,3.1550,4097.57,steady
273.445835,10.1270,0.9790,3.1130,4097.57,steady
273.459299,13.4640,0.7640,3.1380,4097.57,steady
273.470438,11.1390,0.5660,3.4900,4097.57,steady
273.480775,10.3370,0.6240,3.4690,4097.57,steady
273.491120,10.3450,0.6440,3.1040,4097.57,steady
273.500319,9.1990,0.7440,3.1520,4097.57,steady
273.514173,13.8540,0.5950,3.1020,4097.57,steady
273.528800,14.6270,0.6570,3.6410,4097.57,steady
273.543350,14.5500,0.7000,3.6790,4097.57,steady
273.580311,36.9610,0.6300,3.4650,4097.57,steady
273.636550,56.2390,0.6150,3.3930,4097.57,steady
273.648208,11.6580,0.7540,3.1240,4097.57,steady
273.668039,19.8310,0.9670,3.1290,4097.57,steady
273.685153,17.1140,0.6840,3.1400,4097.57,steady
273.696349,11.1960,0.7150,3.4050,4097.57,steady
273.707793,11.4440,0.5990,3.1260,4097.57,steady
273.717330,9.5370,0.6710,3.1480,4097.57,steady
273.726934,9.6040,0.5620,3.1200,4097.57,steady
273.735824,8.8900,0.5480,3.1540,4097.57,steady
273.745585,9.7610,0.5590,3.1180,4097.57,steady
273.754885,9.3000,0.5680,3.1150,4097.57,steady
273.764719,9.8340,0.5350,3.1490,4097.57,steady
273.774286,9.5670,0.5690,3.1380,4097.57,steady
273.810853,36.5670,0.5430,3.5690,4097.57,steady
273.846563,35.7100,0.6070,3.1580,4097.57,steady
273.891844,45.2810,0.6960,3.0970,4097.57,steady
273.931940,40.0960,0.6500,3.1210,4097.57,steady
273.987790,55.8500,0.8400,3.1570,4097.57,steady
274.027838,40.0480,1.3100,3.1660,4097.57,steady
274.068469,40.6310,1.1440,3.1370,4097.57,steady
274.126853,58.3840,0.8940,3.3870,4097.57,steady
274.142105,15.2520,0.9750,3.1200,4097.57,steady
274.158273,16.1680,1.2460,3.1330,4097.57,steady
274.171922,13.6490,1.0390,3.9430,4097.57,steady
274.183366,11.4440,0.8590,3.1240,4097.57,steady
274.194647,11.2810,0.7580,3.1160,4097.57,steady
274.206018,11.3710,0.6790,3.8870,4097.57,steady
274.216630,10.6120,0.7060,3.1250,4097.57,steady
274.230790,14.1600,0.7210,3.1560,4097.57,steady
274.243151,12.3610,0.6740,4.0400,4097.57,steady
274.255648,12.4970,0.8500,3.1560,4097.57,steady
274.268031,12.3830,0.6990,3.1340,4097.57,steady
274.311104,43.0730,0.7760,3.1050,4097.57,steady
274.327386,16.2820,0.7200,3.1520,4097.57,steady
274.342197,14.8110,0.7730,3.1130,4097.57,steady
274.381475,39.2780,0.7470,3.6800,4097.57,steady
274.419070,37.5950,0.6590,4.1170,4097.57,steady
274.454562,35.4920,0.8390,3.4040,4097.57,steady
274.489654,35.0920,0.7710,3.1460,4097.57,steady
274.524639,34.9850,0.7040,3.4980,4097.57,steady
274.561474,36.8350,0.8180,3.1300,4097.57,steady
274.597821,36.3470,0.7640,3.1570,4097.57,steady
274.637015,39.1940,0.7650,3.1190,4097.57,steady
274.680172,43.1570,0.7430,3.4000,4097.57,steady
274.694189,14.0170,0.9870,3.1340,4097.57,steady
274.708633,14.4440,0.8350,3.1410,4097.57,steady
274.752651,44.0180,0.7590,3.1020,4097.57,steady
274.812440,59.7890,0.6560,3.1290,4097.57,steady
274.829263,16.8230,0.9050,3.4240,4097.57,steady
274.839658,10.3950,0.9710,3.8760,4097.57,steady
274.848538,8.8800,0.8850,3.1600,4097.57,steady
274.858388,9.8500,0.5450,3.1280,4097.57,steady
274.870132,11.7440,0.5440,3.3460,4097.57,steady
274.882212,12.0800,0.5500,3.1480,4097.57,steady
274.894015,11.8030,0.5750,3.3920,4097.57,steady
274.905831,11.8160,0.8570,3.1100,4097.57,steady
274.916745,10.9140,0.7550,3.1470,4097.57,steady
274.955210,38.4650,0.6640,3.7530,4097.57,steady
274.993392,38.1820,0.7350,3.1040,4097.57,steady
275.009912,16.5200,0.7120,3.7850,4097.57,steady
275.051181,41.2690,0.8750,3.1360,4097.57,steady
275.091049,39.8680,0.8150,4.7150,4097.57,steady
275.129740,38.6910,0.8830,4.5690,4097.57,steady
275.167969,38.2290,0.8990,3.8360,4097.57,steady
275.203001,35.0320,0.9940,3.1660,4097.57,steady
275.241490,38.4890,0.7450,3.1240,4097.57,steady
275.258871,17.3810,0.7660,4.3710,4097.57,steady
275.276830,17.9590,0.9190,3.4130,4097.57,steady
275.301986,25.1560,0.7940,3.4100,4097.57,steady
275.317355,15.3690,0.8030,3.4240,4097.57,steady
275.330384,13.0290,0.7400,3.1520,4097.57,steady
275.346035,15.6510,0.6590,3.1460,4097.57,steady
275.383575,37.5400,0.6790,3.1510,4097.57,steady
275.425054,41.4790,0.6740,3.1550,4097.57,steady
275.435727,10.6730,0.8410,3.3390,4097.57,steady
275.454278,18.5510,0.8790,3.7960,4097.57,steady
275.499666,45.3880,0.7110,3.5780,4097.57,steady
275.514675,15.0090,0.7750,3.2010,4097.57,steady
275.527368,12.6930,0.8730,3.9430,4097.57,steady
275.537780,10.4120,0.6750,3.3980,4097.57,steady
275.551442,13.6620,0.6000,3.4040,4097.57,steady
275.567298,15.8560,0.5950,3.1890,4097.57,steady
275.577486,10.1880,0.6710,3.8480,4097.57,steady
275.587832,10.3460,0.5950,3.1450,4097.57,steady
275.597978,10.1460,0.5800,3.4170,4097.57,steady
275.609059,11.0810,0.6360,3.1570,4097.57,steady
275.621024,11.9650,0.6070,3.4100,4097.57,steady
275.631211,10.1870,0.6040,3.1840,4097.57,steady
275.669223,38.0120,0.5620,3.8170,4097.57,steady
275.705115,35.8920,0.5980,3.1700,4097.57,steady
275.743158,38.0430,0.7710,3.3900,4097.57,steady
275.783387,40.2290,0.8080,3.1560,4097.57,steady
275.829097,45.7100,0.7360,3.4130,4097.57,steady
275.842787,13.6900,0.9200,3.1530,4097.57,steady
275.895259,52.4720,0.8550,3.1240,4097.57,steady
275.913881,18.6220,0.7670,3.5920,4097.57,steady
275.929314,15.4330,0.9210,3.4020,4097.57,steady
275.995114,65.8000,0.6790,3.1420,4097.57,steady
276.039695,44.5810,0.6700,3.4130,4097.57,steady
276.059948,20.2530,1.0750,3.7250,4097.57,steady
276.078113,18.1650,0.8880,3.1600,4097.57,steady
276.090378,12.2650,0.7290,3.1610,4097.57,steady
276.100000,9.6220,0.6300,3.4070,4097.57,steady
276.109406,9.4060,0.5520,3.1850,4097.57,steady
276.119077,9.6710,0.5940,3.4210,4097.57,steady
276.128030,8.9530,0.5420,3.1740,4097.57,steady
276.137895,9.8650,0.5700,3.1010,4097.57,steady
276.147351,9.4560,0.6330,3.5540,4097.57,steady
276.157219,9.8680,0.5880,3.1760,4097.57,steady
276.166701,9.4820,0.5820,3.4330,4097.57,steady
276.203428,36.7270,0.5740,3.1000,4097.57,steady
276.238971,35.5430,0.6220,3.1770,4097.57,steady
276.280196,41.2250,0.6610,3.3610,4097.57,steady
276.323759,43.5630,0.7830,3.5970,4097.57,steady
276.337203,13.4440,1.0350,3.6280,4097.57,steady
276.397773,60.5700,0.8010,3.1760,4097.57,steady
276.420057,22.2840,0.7720,3.1280,4097.57,steady
276.462590,42.5330,1.1140,3.5370,4097.57,steady
276.500158,37.5680,0.8170,3.7780,4097.57,steady
276.539686,39.5280,0.8450,3.1300,4097.57,steady
276.581425,41.7390,0.7430,3.1560,4097.57,steady
276.622622,41.1970,1.0350,3.1630,4097.57,steady
276.664983,42.3610,1.0330,3.1370,4097.57,steady
276.708347,43.3640,0.9720,3.1620,4097.57,steady
276.750410,42.0630,0.8760,3.3810,4097.57,steady
276.770281,19.8710,0.9130,3.1610,4097.57,steady
276.781682,11.4010,0.9540,3.4190,4097.57,steady
276.792737,11.0550,0.7280,3.1720,4097.57,steady
276.804148,11.4110,0.6980,3.6530,4097.57,steady
276.820628,16.4800,0.6490,3.4140,4097.57,steady
276.833736,13.1080,0.7190,3.1540,4097.57,steady
276.880219,46.4830,0.7290,3.4210,4097.57,steady
276.926878,46.6590,0.7040,3.1440,4097.57,steady
276.969386,42.5080,1.1580,3.1560,4097.57,steady
276.983762,14.3760,0.8940,3.5770,4097.57,steady
277.000241,16.4790,0.8820,3.1300,4097.57,steady
277.016215,15.9740,0.8440,3.4730,4097.57,steady
277.026924,10.7090,0.7320,3.1810,4097.57,steady
277.039955,13.0310,0.7140,3.4420,4097.57,steady
277.078087,38.1320,0.6560,3.1380,4097.57,steady
277.117782,39.6950,0.6820,3.1180,4097.57,steady
277.134166,16.3840,0.7430,3.1230,4097.57,steady
277.144605,10.4390,0.7970,3.1750,4097.57,steady
277.182750,38.1450,0.7540,3.1250,4097.57,steady
277.225626,42.8760,0.7140,4.0530,4097.57,steady
277.241373,15.7470,0.9310,3.6090,4097.57,steady
277.284057,42.6840,0.8060,3.4310,4097.57,steady
277.321200,37.1430,0.6600,3.3360,4097.57,steady
277.379139,57.9390,0.8560,3.1270,4097.57,steady
277.424507,45.3680,0.7460,3.7220,4097.57,steady
277.463466,38.9590,1.0470,3.1360,4097.57,steady
277.509968,46.5020,1.0130,3.4090,4097.57,steady
277.529403,19.4350,0.9820,3.5250,4097.57,steady
277.576842,47.4390,1.0690,3.6750,4097.57,steady
277.614964,38.1220,0.8830,3.3580,4097.57,steady
277.656426,41.4620,0.8340,3.1760,4097.57,steady
277.672488,16.0620,0.9320,3.4170,4097.57,steady
277.688479,15.9910,0.7220,3.3330,4097.57,steady
277.727379,38.9000,0.9440,3.1790,4097.57,steady
277.766890,39.5110,0.6860,3.1990,4097.57,steady
277.805170,38.2800,0.7040,3.3590,4097.57,steady
277.852918,47.7480,0.7130,3.1360,4097.57,steady
277.871707,18.7890,1.0680,3.1770,4097.57,steady
277.897861,26.1540,0.8790,3.1780,4097.57,steady
277.945180,47.3190,0.7420,3.4380,4097.57,steady
277.989275,44.0950,0.7440,3.1590,4097.57,steady
278.030465,41.1900,0.8620,3.4660,4097.57,steady
278.050107,19.6420,0.9190,3.4420,4097.57,steady
278.068067,17.9600,0.8060,3.6610,4097.57,steady
278.108256,40.1890,0.6450,3.1830,4097.57,steady
278.124592,16.3360,0.6710,3.5280,4097.57,steady
278.180392,55.8000,0.7640,3.4240,4097.57,steady
278.225070,44.6780,0.8020,3.1600,4097.57,steady
278.236458,11.3880,0.9800,3.1600,4097.57,steady
278.246242,9.7840,0.8180,3.4770,4097.57,steady
278.304367,58.1250,0.7110,3.1730,4097.57,steady
278.355072,50.7050,0.7280,3.3960,4097.57,steady
278.366542,11.4700,0.9900,3.9410,4097.57,steady
278.382830,16.2880,1.1030,3.1730,4097.57,steady
278.393732,10.9020,0.8880,3.3920,4097.57,steady
278.404658,10.9260,0.7800,3.1680,4097.57,steady
278.414098,9.4400,0.7140,3.9290,4097.57,steady
278.431285,17.1870,0.6510,3.1630,4097.57,steady
278.479865,48.5800,0.6500,3.4140,4097.57,steady
278.491406,11.5410,0.9490,3.1630,4097.57,steady
278.502045,10.6390,1.0130,3.1780,4097.57,steady
278.518851,16.8060,0.7910,3.3940,4097.57,steady
278.537802,18.9510,0.7010,3.1620,4097.57,steady
278.555186,17.3840,0.8080,3.5430,4097.57,steady
278.568539,13.3530,0.7390,3.4280,4097.57,steady
278.590362,21.8230,0.6350,3.6650,4097.57,steady
278.607802,17.4400,0.6510,3.7890,4097.57,steady
278.616798,8.9960,0.7510,3.1300,4097.57,steady
278.633890,17.0920,0.6030,3.5300,4097.57,steady
278.644299,10.4090,0.6170,3.9970,4097.57,steady
278.659887,15.5880,0.9250,3.1770,4097.57,steady
278.678362,18.4750,0.7760,3.7940,4097.57,steady
278.694554,16.1920,0.6970,3.6180,4097.57,steady
278.711149,16.5950,0.7240,3.4060,4097.57,steady
278.728216,17.0670,0.7250,3.1470,4097.57,steady
278.742874,14.6580,0.6800,3.1390,4097.57,steady
278.757181,14.3070,0.7600,3.8030,4097.57,steady
278.828111,70.9300,0.7160,3.4340,4097.57,steady
278.854961,26.8500,0.6250,3.1250,4097.57,steady
278.873476,18.5150,1.0650,3.1600,4097.57,steady
278.892597,19.1210,0.8370,3.1980,4097.57,steady
278.907350,14.7530,0.7250,3.4120,4097.57,steady
278.924707,17.3570,0.7320,3.4190,4097.57,steady
278.942555,17.8480,0.6390,3.5760,4097.57,steady
278.958087,15.5320,0.6150,3.1720,4097.57,steady
279.026814,68.7270,0.6330,3.3320,4097.57,steady
279.052920,26.1060,0.6840,3.4020,4097.57,steady
279.068031,15.1110,0.9610,3.4040,4097.57,steady
279.087005,18.9740,0.7980,3.3970,4097.57,steady
279.103422,16.4170,0.6000,3.5780,4097.57,steady
279.119427,16.0050,0.6460,3.1670,4097.57,steady
279.132731,13.3040,0.5900,3.6020,4097.57,steady
279.146679,13.9480,0.5990,3.1610,4097.57,steady
279.158532,11.8530,0.7470,3.1410,4097.57,steady
279.227560,69.0280,0.6320,3.4180,4097.57,steady
279.239079,11.5190,0.6160,3.3690,4097.57,steady
279.254672,15.5930,0.8980,3.5600,4097.57,steady
279.269360,14.6880,0.7400,3.1600,4097.57,steady
279.279519,10.1590,0.5980,3.4040,4097.57,steady
279.291482,11.9630,0.5880,3.4260,4097.57,steady
279.303161,11.6790,0.5660,3.1730,4097.57,steady
279.314144,10.9830,0.5760,3.8300,4097.57,steady
279.325581,11.4370,0.5770,3.4150,4097.57,steady
279.389944,64.3630,0.5730,3.1750,4097.57,steady
279.400792,10.8480,0.6430,3.3580,4097.57,steady
279.410230,9.4380,1.0830,3.1580,4097.57,steady
279.423031,12.8010,0.6590,3.1390,4097.57,steady
279.432873,9.8420,0.6060,3.8340,4097.57,steady
279.442440,9.5670,0.5540,3.3960,4097.57,steady
279.452812,10.3720,0.5840,3.1750,4097.57,steady
279.462994,10.1820,0.5730,3.3550,4097.57,steady
279.473200,10.2060,0.5980,3.1700,4097.57,steady
279.484205,11.0050,0.5880,3.4240,4097.57,steady
279.494244,10.0390,0.5470,3.1440,4097.57,steady
279.503809,9.5650,0.5380,3.3590,4097.57,steady
279.548792,44.9830,0.5640,3.6200,4097.57,steady
279.567169,18.3770,0.6050,3.6940,4097.57,steady
279.581400,14.2310,0.9150,3.3850,4097.57,steady
279.595473,14.0730,0.6360,3.3700,4097.57,steady
279.610579,15.1060,0.6620,3.3860,4097.57,steady
279.621480,10.9010,0.6610,3.4150,4097.57,steady
279.634023,12.5430,0.6650,3.8320,4097.57,steady
279.645088,11.0650,0.5890,3.1480,4097.57,steady
279.655287,10.1990,0.6600,3.1670,4097.57,steady
279.666457,11.1700,0.6060,3.3500,4097.57,steady
279.676183,9.7260,0.5820,3.1650,4097.57,steady
279.688482,12.2990,0.5520,3.4150,4097.57,steady
279.704814,16.3320,0.5580,3.1750,4097.57,steady
279.714676,9.8620,0.5510,3.3320,4097.57,steady
279.724565,9.8890,0.5650,3.1700,4097.57,steady
279.763678,39.1130,0.5780,3.3890,4097.57,steady
279.798151,34.4730,0.5460,3.1320,4097.57,steady
279.837114,38.9630,0.6590,3.3630,4097.57,steady
279.880069,42.9550,0.6820,3.3650,4097.57,steady
279.937886,57.8170,0.6980,3.2010,4097.57,steady
279.953844,15.9580,0.9870,3.3480,4097.57,steady
279.966671,12.8270,0.9020,3.5420,4097.57,steady
280.008349,41.6780,0.7760,3.1960,4097.57,steady
280.020026,11.6770,0.7010,3.1350,4097.57,steady
280.087263,67.2370,1.0100,3.1610,4097.57,steady
280.100013,12.7500,0.7540,3.4130,4097.57,steady
280.113484,13.4710,1.0470,3.1810,4097.57,steady
280.126585,13.1010,0.8430,3.1700,4097.57,steady
280.136271,9.6860,0.6020,3.1450,4097.57,steady
280.146784,10.5130,0.5560,3.3370,4097.57,steady
280.157280,10.4960,0.5690,3.1730,4097.57,steady
280.167327,10.0470,0.6980,3.4350,4097.57,steady
280.177008,9.6810,0.5670,3.1700,4097.57,steady
280.187201,10.1930,0.5390,3.3580,4097.57,steady
280.197690,10.4890,0.5880,3.1680,4097.57,steady
280.239133,41.4430,0.5930,3.4050,4097.57,steady
280.291242,52.1090,0.8050,3.1670,4097.57,steady
280.337058,45.8160,1.1290,3.1640,4097.57,steady
280.353408,16.3500,1.0060,3.3650,4097.57,steady
280.373394,19.9860,0.8960,3.1950,4097.57,steady
280.392489,19.0950,0.7580,3.4090,4097.57,steady
280.435333,42.8440,0.6900,3.1860,4097.57,steady
280.504267,68.9340,0.7790,3.1920,4097.57,steady
280.549065,44.7980,0.9060,3.1460,4097.57,steady
280.589058,39.9930,0.9460,3.1700,4097.57,steady
280.606921,17.8630,0.8430,3.5800,4097.57,steady
280.649498,42.5770,0.9560,3.4200,4097.57,steady
280.659799,10.3010,0.8210,3.1140,4097.57,steady
280.844631,184.8320,0.7980,3.1140,4097.57,steady
