t_s,frame_ms,cpu_ms,gpu_ms,dist_m,phase
0.000046,0.0460,0.6130,3.5390,0.00,move_early
0.010612,10.5660,0.5630,3.6930,0.00,move_early
0.014798,4.1860,0.9910,3.4430,0.12,move_early
0.017904,3.1060,0.8030,3.5950,0.12,move_early
0.021405,3.5010,0.5850,3.4340,0.13,move_early
0.025111,3.7060,0.6140,3.5810,0.17,move_early
0.028585,3.4740,0.5770,3.4330,0.25,move_early
0.032492,3.9070,0.6230,3.8310,0.29,move_early
0.036066,3.5740,0.6150,3.4480,0.32,move_early
0.039767,3.7010,0.5830,3.6570,0.35,move_early
0.043354,3.5870,0.5940,3.4680,0.38,move_early
0.048217,4.8630,0.5710,3.6880,0.41,move_early
0.054808,6.5910,0.7390,3.6590,0.44,move_early
0.058708,3.9000,0.6750,3.4700,0.47,move_early
0.063067,4.3590,0.6810,4.0490,0.50,move_early
0.067060,3.9930,0.6170,3.7100,0.53,move_early
0.070522,3.4620,0.6550,3.4990,0.56,move_early
0.074207,3.6850,0.7490,3.6680,0.59,move_early
0.077820,3.6130,0.6090,3.4670,0.62,move_early
0.081500,3.6800,0.6550,3.6470,0.65,move_early
0.085058,3.5580,0.5820,3.4400,0.68,move_early
0.088726,3.6680,0.6450,3.6130,0.71,move_early
0.092259,3.5330,0.6160,3.4730,0.74,move_early
0.096291,4.0320,0.6510,3.6680,0.77,move_early
0.103283,6.9920,0.5860,3.6590,0.80,move_early
0.107723,4.4400,0.6150,3.4760,0.82,move_early
0.111045,3.3220,0.6170,3.4630,0.85,move_early
0.114649,3.6040,0.5990,3.6410,0.88,move_early
0.118128,3.4790,0.6010,3.4820,0.91,move_early
0.121870,3.7420,0.6090,3.6340,0.94,move_early
0.125587,3.7170,0.5720,3.6210,0.97,move_early
0.129365,3.7780,0.5690,3.7500,1.00,move_early
0.132943,3.5780,0.5900,3.4550,1.03,move_early
0.136794,3.8510,0.6290,3.6720,1.06,move_early
0.140521,3.7270,0.5770,3.4730,1.09,move_early
0.144012,3.4910,0.5820,3.6810,1.12,move_early
0.147774,3.7620,0.5810,3.4760,1.15,move_early
0.152920,5.1460,0.5810,3.6390,1.18,move_early
0.158025,5.1050,0.6100,3.6730,1.21,move_early
0.161457,3.4320,0.5800,3.4820,1.25,move_early
0.165448,3.9910,0.6140,3.9300,1.28,move_early
0.169215,3.7670,0.5720,3.7410,1.31,move_early
0.172839,3.6240,0.6410,3.5010,1.34,move_early
0.176613,3.7740,0.5740,3.7140,1.37,move_early
0.180210,3.5970,0.5990,3.5060,1.40,move_early
0.184666,4.4560,0.6040,4.3590,1.44,move_early
0.188263,3.5970,0.6320,3.4890,1.47,move_early
0.192341,4.0780,0.5730,3.9860,1.50,move_early
0.195833,3.4920,0.5790,3.4750,1.53,move_early
0.199886,4.0530,0.5550,3.6980,1.56,move_early
0.203517,3.6310,0.7540,3.4750,1.59,move_early
0.207214,3.6970,0.6020,3.4580,1.62,move_early
0.210851,3.6370,0.5680,3.6910,1.65,move_early
0.214411,3.5600,0.6350,3.4410,1.68,move_early
0.218063,3.6520,0.5670,3.6420,1.71,move_early
0.221630,3.5670,0.6130,3.4630,1.74,move_early
0.225314,3.6840,0.5650,3.6480,1.77,move_early
0.229418,4.1040,0.7310,3.7050,1.80,move_early
0.233122,3.7040,0.5630,3.7160,1.83,move_early
0.237165,4.0430,0.5690,3.4960,1.86,move_early
0.240526,3.3610,0.5900,3.6840,1.89,move_early
0.244456,3.9300,0.5670,3.5000,1.92,move_early
0.247747,3.2910,0.5760,3.6400,1.94,move_early
0.251747,4.0000,0.6870,3.4980,1.97,move_early
0.255127,3.3800,0.6250,3.6700,2.00,move_early
0.266284,11.1570,0.5810,3.6840,2.03,move_early
0.273236,6.9520,0.6420,3.9110,2.07,move_early
0.277998,4.7620,0.7970,3.7170,2.11,move_early
0.283161,5.1630,0.7180,3.6980,2.15,move_early
0.286176,3.0150,0.6430,3.4840,2.19,move_early
0.289865,3.6890,0.6410,3.6370,2.22,move_early
0.293622,3.7570,0.5890,3.6550,2.25,move_early
0.298598,4.9760,0.5880,4.1780,2.29,move_early
0.303364,4.7660,0.5870,3.6660,2.32,move_early
0.308278,4.9140,0.7790,3.4480,2.35,move_early
0.312761,4.4830,0.6620,3.6480,2.39,move_early
0.315577,2.8160,0.6240,3.6280,2.43,move_early
0.319079,3.5020,0.6330,3.4480,2.46,move_early
0.322812,3.7330,0.5700,3.6150,2.50,move_early
0.326293,3.4810,0.6100,3.4450,2.53,move_early
0.330234,3.9410,0.5660,3.8410,2.57,move_early
0.333722,3.4880,0.6140,3.4560,2.61,move_early
0.337494,3.7720,0.5960,3.6620,2.64,move_early
0.341037,3.5430,0.5790,3.4430,2.68,move_early
0.344687,3.6500,0.5620,3.6410,2.72,move_early
0.348238,3.5510,0.5530,3.4270,2.75,move_early
0.353799,5.5610,0.5550,3.6050,2.78,move_early
0.358392,4.5930,0.5770,3.4460,2.82,move_early
0.362056,3.6640,0.6620,3.7670,2.85,move_early
0.365208,3.1520,0.7610,3.6730,2.89,move_early
0.368466,3.2580,0.5830,3.4600,2.92,move_early
0.372199,3.7330,0.5750,3.6650,2.95,move_early
0.375739,3.5400,0.6170,3.4730,2.99,move_early
0.379421,3.6820,0.5400,3.6320,3.02,move_early
0.382968,3.5470,0.5530,3.4590,3.05,move_early
0.386732,3.7640,0.5530,3.6220,3.09,move_early
0.390225,3.4930,0.5400,3.4470,3.12,move_early
0.394087,3.8620,0.6800,3.7800,3.15,move_early
0.397593,3.5060,0.5740,3.4540,3.19,move_early
0.401370,3.7770,0.5390,3.6770,3.22,move_early
0.405849,4.4790,0.5550,3.4940,3.25,move_early
0.409558,3.7090,0.5810,3.6540,3.29,move_early
0.415212,5.6540,0.5800,3.6510,3.32,move_early
0.422223,7.0110,0.6290,3.4530,3.35,move_early
0.425118,2.8950,0.5880,3.6340,3.39,move_early
0.428927,3.8090,0.5710,3.7910,3.42,move_early
0.432417,3.4900,0.5970,3.4530,3.45,move_early
0.436156,3.7390,0.5580,3.6770,3.49,move_early
0.439684,3.5280,0.5650,3.4880,3.52,move_early
0.443418,3.7340,0.5530,3.6510,3.55,move_early
0.447127,3.7090,0.5500,3.6130,3.59,move_early
0.450591,3.4640,0.6060,3.4280,3.62,move_early
0.454271,3.6800,0.5480,3.5810,3.65,move_early
0.457783,3.5120,0.5550,3.4220,3.69,move_early
0.461562,3.7790,0.5790,3.7420,3.72,move_early
0.465371,3.8090,0.5530,3.4440,3.75,move_early
0.468852,3.4810,0.5710,3.6680,3.78,move_early
0.472601,3.7490,0.5480,3.4490,3.81,move_early
0.476386,3.7850,0.5380,3.6360,3.84,move_early
0.479910,3.5240,0.7300,3.4420,3.87,move_early
0.483252,3.3420,0.5650,3.6200,3.90,move_early
0.486846,3.5940,0.5620,3.4560,3.93,move_early
0.490848,4.0020,0.5700,3.9090,3.96,move_early
0.494681,3.8330,0.5620,3.4600,3.99,move_early
0.498154,3.4730,0.5520,3.6670,4.02,move_early
0.501711,3.5570,0.5550,3.4440,4.04,move_early
0.505619,3.9080,0.5660,3.6480,4.07,move_early
0.508924,3.3050,0.6800,3.4620,4.10,move_early
0.512617,3.6930,0.5980,3.6020,4.13,move_early
0.516167,3.5500,0.5590,3.4600,4.16,move_early
0.519866,3.6990,0.5670,3.6180,4.19,move_early
0.523520,3.6540,0.5530,3.6240,4.22,move_early
0.527277,3.7570,0.5510,3.4480,4.25,move_early
0.531000,3.7230,0.5500,3.6660,4.28,move_early
0.534579,3.5790,0.5490,3.4460,4.31,move_early
0.538294,3.7150,0.6510,3.6720,4.34,move_early
0.541944,3.6500,0.5770,3.4390,4.37,move_early
0.545522,3.5780,0.5970,3.6020,4.40,move_early
0.549097,3.5750,0.5950,3.4740,4.42,move_early
0.552855,3.7580,0.6330,3.6200,4.45,move_early
0.556348,3.4930,0.5690,3.4550,4.48,move_early
0.560499,4.1510,0.5750,4.1090,4.51,move_early
0.564069,3.5700,0.5690,3.4730,4.54,move_early
0.567806,3.7370,0.7490,3.6850,4.57,move_early
0.571373,3.5670,0.5520,3.4580,4.60,move_early
0.575157,3.7840,0.5900,3.6490,4.63,move_early
0.578619,3.4620,0.5690,3.4430,4.66,move_early
0.582384,3.7650,0.5850,3.6080,4.69,move_early
0.586038,3.6540,0.5520,3.6320,4.72,move_early
0.589540,3.5020,0.5520,3.4090,4.75,move_early
0.593347,3.8070,0.5680,3.6120,4.78,move_early
0.597051,3.7040,0.5460,3.4450,4.81,move_early
0.600694,3.6430,0.5430,3.6280,4.84,move_early
0.604250,3.5560,0.6540,3.4310,4.87,move_early
0.607954,3.7040,0.5590,3.6410,4.89,move_early
0.611575,3.6210,0.6340,3.4400,4.92,move_early
0.615186,3.6110,0.5500,3.6090,4.95,move_early
0.618732,3.5460,0.5700,3.4400,4.98,move_early
0.622588,3.8560,0.6020,3.8110,5.01,move_early
0.626117,3.5290,0.5760,3.4640,5.04,move_early
0.629958,3.8410,0.5630,3.7580,5.07,move_early
0.633562,3.6040,0.5940,3.4400,5.10,move_early
0.637256,3.6940,0.7110,3.6490,5.13,move_early
0.640757,3.5010,0.5460,3.4300,5.16,move_early
0.644499,3.7420,0.5590,3.6710,5.19,move_early
0.648072,3.5730,0.5440,3.4670,5.22,move_early
0.651742,3.6700,0.6050,3.6290,5.25,move_early
0.655318,3.5760,0.5480,3.4820,5.27,move_early
0.659244,3.9260,0.5840,3.8160,5.30,move_early
0.663010,3.7660,0.5650,3.6920,5.33,move_early
0.666524,3.5140,0.9030,3.4720,5.36,move_early
0.676670,10.1460,0.5670,3.6730,5.39,move_early
0.680759,4.0890,0.5670,3.4830,5.42,move_early
0.683764,3.0050,0.5850,3.6630,5.45,move_early
0.687299,3.5350,0.7710,3.4710,5.48,move_early
0.691450,4.1510,0.5500,4.0740,5.51,move_early
0.695029,3.5790,0.5860,3.4840,5.54,move_early
0.698813,3.7840,0.5810,3.7000,5.57,move_early
0.702265,3.4520,0.5690,3.4250,5.60,move_early
0.705920,3.6550,0.6120,3.5980,5.63,move_early
0.709434,3.5140,0.5560,3.4140,5.66,move_early
0.713120,3.6860,0.5730,3.5670,5.69,move_early
0.716585,3.4650,0.5890,3.4130,5.72,move_early
0.720249,3.6640,0.5590,3.5530,5.75,move_early
0.724043,3.7940,0.8880,3.6510,5.78,move_early
0.727808,3.7650,0.6030,3.7680,5.81,move_early
0.731332,3.5240,0.5890,3.4590,5.84,move_early
0.735382,4.0500,0.5770,3.6720,5.87,move_early
0.738846,3.4640,0.5770,3.6960,5.90,move_early
0.742297,3.4510,0.5890,3.4260,5.93,move_early
0.746040,3.7430,0.5600,3.6460,5.96,move_early
0.749615,3.5750,0.5890,3.4390,5.99,move_early
0.753308,3.6930,0.5640,3.5940,6.02,move_early
0.756832,3.5240,0.5620,3.4400,6.05,move_early
0.760609,3.7770,0.5950,3.7630,6.08,move_early
0.764194,3.5850,0.5670,3.4530,6.11,move_early
0.767909,3.7150,0.5730,3.6630,6.14,move_early
0.772289,4.3800,0.5610,3.4270,6.17,move_early
0.781609,9.3200,0.5810,3.6720,6.19,move_early
0.785513,3.9040,0.6990,3.6200,6.23,move_early
0.789452,3.9390,0.5990,3.6300,6.26,move_early
0.793442,3.9900,0.7200,4.0480,6.29,move_early
0.797026,3.5840,0.5730,3.8410,6.33,move_early
0.800540,3.5140,0.5740,3.4510,6.36,move_early
0.804174,3.6340,0.5720,3.6050,6.39,move_early
0.813049,8.8750,0.6090,3.3940,6.42,move_early
0.816334,3.2850,0.7400,3.5790,6.46,move_early
0.819858,3.5240,0.5670,3.3890,6.49,move_early
0.823464,3.6060,0.7580,3.5260,6.52,move_early
0.827020,3.5560,0.6840,3.3750,6.56,move_early
0.830714,3.6940,0.5630,3.5720,6.59,move_early
0.834131,3.4170,0.5790,3.3810,6.62,move_early
0.837764,3.6330,0.5680,3.5710,6.66,move_early
0.841264,3.5000,0.5740,3.4130,6.69,move_early
0.844910,3.6460,0.5610,3.6070,6.72,move_early
0.848433,3.5230,0.5550,3.4490,6.75,move_early
0.852076,3.6430,0.5670,3.6070,6.78,move_early
0.855665,3.5890,0.5700,3.4400,6.81,move_early
0.860846,5.1810,0.5650,3.9390,6.84,move_early
0.864101,3.2550,0.7740,3.4480,6.87,move_early
0.867734,3.6330,0.6110,3.6570,6.90,move_early
0.871786,4.0520,0.5610,3.6910,6.93,move_early
0.876202,4.4160,0.6810,3.4270,6.97,move_early
0.879491,3.2890,0.9560,3.6230,7.00,move_early
0.882935,3.4440,0.5760,3.4450,7.03,move_early
0.886660,3.7250,0.5610,3.5960,7.06,move_early
0.890446,3.7860,0.5880,3.6640,7.09,move_early
0.894152,3.7060,0.6100,3.7490,7.12,move_early
0.897642,3.4900,0.6050,3.4420,7.15,move_early
0.901417,3.7750,0.5950,3.6570,7.18,move_early
0.904960,3.5430,0.5660,3.4440,7.21,move_early
0.908675,3.7150,0.5650,3.6200,7.23,move_early
0.912213,3.5380,0.6100,3.4340,7.26,move_early
0.915790,3.5770,0.5770,3.6010,7.29,move_early
0.919289,3.4990,0.6140,3.4270,7.32,move_early
0.923136,3.8470,0.5550,3.7870,7.35,move_early
0.927065,3.9290,0.5730,3.6500,7.38,move_early
0.930835,3.7700,0.5460,3.4620,7.41,move_early
0.934530,3.6950,0.5450,3.6390,7.44,move_early
0.938103,3.5730,0.5490,3.4350,7.47,move_early
0.941817,3.7140,0.5610,3.6570,7.50,move_early
0.945299,3.4820,0.5750,3.4430,7.53,move_early
0.949035,3.7360,0.5510,3.5970,7.56,move_early
0.952536,3.5010,0.5450,3.4510,7.59,move_early
0.956201,3.6650,0.5960,3.6100,7.62,move_early
0.959859,3.6580,0.5620,3.4400,7.65,move_early
0.963621,3.7620,0.5570,3.7690,7.68,move_early
0.972682,9.0610,0.5810,3.4510,7.71,move_early
0.976577,3.8950,0.5500,3.6280,7.74,move_early
0.979950,3.3730,0.5730,3.4210,7.78,move_early
0.983531,3.5810,0.5510,3.5980,7.81,move_early
0.987147,3.6160,0.5600,3.4480,7.84,move_early
0.991388,4.2410,0.5650,3.8570,7.88,move_early
0.995336,3.9480,0.6850,3.4340,7.91,move_early
0.998763,3.4270,0.6310,3.6430,7.94,move_early
1.002158,3.3950,0.5640,3.4200,7.98,move_early
1.005821,3.6630,0.5560,3.6170,8.01,move_early
1.009385,3.5640,0.5510,3.4320,8.04,move_early
1.013232,3.8470,0.5520,3.6020,8.07,move_early
1.017267,4.0350,0.5570,3.4230,8.09,move_early
1.020729,3.4620,0.5900,3.5960,8.12,move_early
1.024117,3.3880,0.5810,3.4230,8.15,move_early
1.027990,3.8730,0.5350,3.6640,8.18,move_early
1.038295,10.3050,0.5940,3.6680,8.21,move_early
1.043482,5.1870,0.5660,3.4100,8.25,move_early
1.047233,3.7510,0.6300,3.6390,8.29,move_early
1.050205,2.9720,0.7000,3.4520,8.32,move_early
1.053889,3.6840,0.5980,3.5980,8.35,move_early
1.057809,3.9200,0.5680,3.8850,8.39,move_early
1.062423,4.6140,0.5920,3.7530,8.42,move_early
1.065978,3.5550,0.5890,3.3960,8.45,move_early
1.069043,3.0650,0.6180,3.3950,8.49,move_early
1.072506,3.4630,0.5980,3.3910,8.52,move_early
1.076148,3.6420,0.5630,3.5990,8.55,move_early
1.079741,3.5930,0.5580,3.5940,8.59,move_early
1.083292,3.5510,0.5550,3.3940,8.62,move_early
1.086953,3.6610,0.6080,3.6210,8.65,move_early
1.090546,3.5930,0.5530,3.4360,8.69,move_early
1.094234,3.6880,0.5550,3.5930,8.72,move_early
1.097924,3.6900,0.8160,3.4590,8.75,move_early
1.101611,3.6870,0.5310,3.6440,8.78,move_early
1.105134,3.5230,0.5800,3.4450,8.81,move_early
1.108905,3.7710,0.5440,3.6330,8.84,move_early
1.112396,3.4910,0.7030,3.4360,8.87,move_early
1.116110,3.7140,0.5460,3.5990,8.90,move_early
1.119585,3.4750,0.6030,3.4320,8.92,move_early
1.123440,3.8550,0.7260,3.7810,8.95,move_early
1.126950,3.5100,0.5810,3.4360,8.98,move_early
1.130826,3.8760,0.5750,3.7630,9.01,move_early
1.134509,3.6830,0.5520,3.4340,9.04,move_early
1.138103,3.5940,0.5590,3.6240,9.07,move_early
1.141639,3.5360,0.5860,3.4390,9.10,move_early
1.145311,3.6720,0.5930,3.6390,9.13,move_early
1.148869,3.5580,0.5400,3.4360,9.16,move_early
1.152487,3.6180,0.5920,3.5920,9.19,move_early
1.155952,3.4650,0.5500,3.4420,9.22,move_early
1.159791,3.8390,0.5740,3.7360,9.25,move_early
1.163550,3.7590,0.5460,3.6790,9.28,move_early
1.167064,3.5140,0.5680,3.4450,9.31,move_early
1.170793,3.7290,0.6770,3.6470,9.34,move_early
1.175460,4.6670,0.5540,3.4430,9.37,move_early
1.178292,2.8320,0.5460,3.6130,9.40,move_early
1.181722,3.4300,0.5550,3.4320,9.43,move_early
1.185430,3.7080,0.5610,3.6530,9.46,move_early
1.188986,3.5560,0.5910,3.4460,9.49,move_early
1.192919,3.9330,0.5930,3.8730,9.52,move_early
1.196463,3.5440,0.7050,3.4550,9.55,move_early
1.200256,3.7930,0.5510,3.6450,9.58,move_early
1.203741,3.4850,0.5750,3.4240,9.61,move_early
1.207363,3.6220,0.5760,3.6220,9.64,move_early
1.210902,3.5390,0.5990,3.4280,9.67,move_early
1.214505,3.6030,0.6040,3.5800,9.70,move_early
1.218023,3.5180,0.5620,3.4230,9.72,move_early
1.221717,3.6940,0.5970,3.5820,9.75,move_early
1.230306,8.5890,0.5370,3.6490,9.78,move_early
1.233761,3.4550,0.5770,3.7520,9.82,move_early
1.237343,3.5820,0.5930,3.4420,9.85,move_early
1.240716,3.3730,0.5730,3.6510,9.89,move_early
1.243886,3.1700,0.5940,3.4200,9.92,move_early
1.247565,3.6790,0.5420,3.5830,9.95,move_early
1.251054,3.4890,0.5460,3.4270,9.98,move_early
1.254690,3.6360,0.5580,3.5740,10.01,move_early
1.258386,3.6960,0.5650,3.6290,10.04,move_early
1.262197,3.8110,0.5480,3.7400,10.07,move_early
1.265746,3.5490,0.5720,3.4590,10.09,move_early
1.269649,3.9030,0.5510,3.6780,10.12,move_early
1.273076,3.4270,0.5310,3.4520,10.15,move_early
1.276860,3.7840,0.5450,3.6650,10.18,move_early
1.280348,3.4880,0.5480,3.4600,10.21,move_early
1.284008,3.6600,0.5610,3.6020,10.24,move_early
1.287521,3.5130,0.5910,3.4480,10.27,move_early
1.291551,4.0300,0.5560,3.9260,10.30,move_early
1.295057,3.5060,0.5320,3.4420,10.33,move_early
1.298950,3.8930,0.5810,3.7900,10.36,move_early
1.302649,3.6990,0.5400,3.6560,10.39,move_early
1.306160,3.5110,0.5590,3.4450,10.42,move_early
1.309937,3.7770,0.5350,3.6850,10.45,move_early
1.313546,3.6090,0.7130,3.4350,10.48,move_early
1.317234,3.6880,0.5830,3.6150,10.51,move_early
1.320758,3.5240,0.6010,3.4450,10.54,move_early
1.324620,3.8620,0.5620,3.8730,10.57,move_early
1.328258,3.6380,0.5540,3.4560,10.60,move_early
1.331887,3.6290,0.5890,3.6590,10.63,move_early
1.335419,3.5320,0.5680,3.4550,10.66,move_early
1.339160,3.7410,0.5580,3.6670,10.69,move_early
1.342904,3.7440,0.5910,3.4360,10.72,move_early
1.346384,3.4800,0.5390,3.6160,10.75,move_early
1.349904,3.5200,0.5430,3.4420,10.78,move_early
1.353796,3.8920,0.5450,3.6090,10.81,move_early
1.357308,3.5120,0.5370,3.6430,10.84,move_early
1.361229,3.9210,0.5390,3.7720,10.87,move_early
1.364964,3.7350,0.5460,3.6740,10.89,move_early
1.368452,3.4880,0.5910,3.4550,10.92,move_early
1.372288,3.8360,0.5460,3.6420,10.95,move_early
1.375682,3.3940,0.5580,3.4550,10.98,move_early
1.379384,3.7020,0.5430,3.6140,11.01,move_early
1.382924,3.5400,0.7870,3.4400,11.04,move_early
1.386568,3.6440,0.5370,3.5910,11.07,move_early
1.390270,3.7020,0.6430,3.6340,11.10,move_early
1.394223,3.9530,0.5380,3.8280,11.13,move_early
1.397735,3.5120,0.5510,3.4370,11.16,move_early
1.401455,3.7200,0.5700,3.6590,11.19,move_early
1.404981,3.5260,0.5310,3.4330,11.22,move_early
1.408683,3.7020,0.5660,3.6460,11.25,move_early
1.412332,3.6490,0.5290,3.4800,11.28,move_early
1.415944,3.6120,0.5500,3.6050,11.31,move_early
1.419527,3.5830,0.5910,3.4350,11.34,move_early
1.423406,3.8790,0.6140,3.8310,11.37,move_early
1.428137,4.7310,0.5850,3.6710,11.40,move_early
1.434519,6.3820,0.5920,3.7140,11.43,move_early
1.437298,2.7790,0.5990,3.6710,11.46,move_early
1.440649,3.3510,0.5660,3.4480,11.49,move_early
1.444353,3.7040,0.5830,3.6390,11.52,move_early
1.447881,3.5280,0.5510,3.4400,11.55,move_early
1.451552,3.6710,0.5460,3.6120,11.58,move_early
1.455068,3.5160,0.6510,3.4250,11.61,move_early
1.458976,3.9080,0.5470,3.7890,11.64,move_early
1.464348,5.3720,0.5300,3.6360,11.67,move_early
1.468759,4.4110,0.5380,3.4340,11.70,move_early
1.471815,3.0560,0.5920,3.6220,11.74,move_early
1.475107,3.2920,0.5500,3.4040,11.77,move_early
1.478691,3.5840,0.5460,3.5770,11.79,move_early
1.482338,3.6470,0.5700,3.4240,11.82,move_early
1.485895,3.5570,0.5360,3.5630,11.85,move_early
1.489568,3.6730,0.5430,3.4150,11.88,move_early
1.493572,4.0040,0.6050,3.8560,11.91,move_early
1.496945,3.3730,0.5460,3.6480,11.94,move_early
1.500437,3.4920,0.5390,3.3950,11.97,move_early
1.504149,3.7120,0.5500,3.6410,12.00,move_early
1.507654,3.5050,0.5650,3.4140,12.03,move_early
1.511348,3.6940,0.5230,3.5850,12.06,move_early
1.515759,4.4110,0.7980,3.4300,12.09,move_early
1.518941,3.1820,0.5490,3.5700,12.12,move_early
1.521973,3.0320,0.5380,3.3970,12.15,move_early
1.525929,3.9560,0.5900,3.8700,12.18,move_early
1.529464,3.5350,0.8010,3.4250,12.21,move_early
1.533116,3.6520,0.5830,3.6380,12.24,move_early
1.536670,3.5540,0.5520,3.4290,12.27,move_early
1.540359,3.6890,0.5610,3.6210,12.30,move_early
1.543894,3.5350,0.5500,3.4270,12.33,move_early
1.547611,3.7170,0.6770,3.5900,12.36,move_early
1.551071,3.4600,0.5540,3.4150,12.39,move_early
1.554696,3.6250,0.5710,3.5590,12.42,move_early
1.558424,3.7280,0.5890,3.6280,12.45,move_early
1.562219,3.7950,0.5530,3.7360,12.48,move_early
1.565709,3.4900,0.5870,3.4150,12.51,move_early
1.569406,3.6970,0.5570,3.6330,12.54,move_early
1.572954,3.5480,0.5510,3.4330,12.57,move_early
1.576699,3.7450,0.6470,3.6240,12.59,move_early
1.580220,3.5210,0.5620,3.4170,12.62,move_early
1.583844,3.6240,0.5340,3.5630,12.65,move_early
1.587619,3.7750,0.5630,3.6190,12.68,move_early
1.591207,3.5880,0.5620,3.6360,12.71,move_early
1.595024,3.8170,0.5610,3.7400,12.74,move_early
1.598508,3.4840,0.6110,3.3880,12.77,move_early
1.602217,3.7090,0.5360,3.6320,12.80,move_early
1.605720,3.5030,0.5620,3.4220,12.83,move_early
1.609513,3.7930,0.5870,3.6280,12.86,move_early
1.612958,3.4450,0.5660,3.3960,12.89,move_early
1.616547,3.5890,0.5860,3.5590,12.92,move_early
1.620070,3.5230,0.5730,3.4030,12.95,move_early
1.623951,3.8810,0.5450,3.8510,12.98,move_early
1.627437,3.4860,0.6510,3.4230,13.01,move_early
1.631118,3.6810,0.5470,3.6250,13.04,move_early
1.634634,3.5160,0.5370,3.4150,13.07,move_early
1.638607,3.9730,0.5300,3.6330,13.10,move_early
1.641886,3.2790,0.5460,3.4250,13.13,move_early
1.645466,3.5800,0.5540,3.5870,13.16,move_early
1.648995,3.5290,0.5550,3.4100,13.19,move_early
1.652676,3.6810,0.5840,3.5780,13.22,move_early
1.656647,3.9710,0.5300,3.8270,13.25,move_early
1.660488,3.8410,0.5660,3.6330,13.28,move_early
1.664266,3.7780,0.5490,3.7120,13.31,move_early
1.667826,3.5600,0.6910,3.4370,13.34,move_early
1.671540,3.7140,0.5580,3.6750,13.37,move_early
1.675085,3.5450,0.6550,3.4660,13.39,move_early
1.679131,4.0460,0.5450,3.6170,13.42,move_early
1.684318,5.1870,0.5510,3.4610,13.45,move_early
1.687059,2.7410,0.6060,3.6490,13.48,move_early
1.691067,4.0080,0.5490,3.4580,13.51,move_early
1.694385,3.3180,0.5600,3.7870,13.54,move_early
1.699394,5.0090,0.5990,4.8360,13.57,move_early
1.703013,3.6190,0.5610,3.4550,13.60,move_early
1.706652,3.6390,0.5630,3.6430,13.63,move_early
1.710132,3.4800,0.6030,3.4440,13.66,move_early
1.717235,7.1030,0.6810,3.6000,13.69,move_early
1.720537,3.3020,0.5330,3.4050,13.72,move_early
1.724362,3.8250,0.7220,3.6640,13.76,move_early
1.727719,3.3570,0.5930,3.8320,13.79,move_early
1.731241,3.5220,0.6940,3.4610,13.82,move_early
1.734956,3.7150,0.5500,3.6450,13.85,move_early
1.738477,3.5210,0.5350,3.4480,13.88,move_early
1.742225,3.7480,0.7180,3.6190,13.91,move_early
1.745930,3.7050,0.5480,3.4230,13.94,move_early
1.749305,3.3750,0.5320,3.5700,13.96,move_early
1.752793,3.4880,0.5430,3.4120,13.99,move_early
1.756722,3.9290,0.5460,3.8560,14.02,move_early
1.760241,3.5190,0.5470,3.4250,14.05,move_early
1.763951,3.7100,0.5250,3.6420,14.08,move_early
1.767453,3.5020,0.5420,3.4530,14.11,move_early
1.771205,3.7520,0.5330,3.6320,14.14,move_early
1.774803,3.5980,0.5740,3.4430,14.17,move_early
1.778346,3.5430,0.5590,3.5780,14.20,move_early
1.782096,3.7500,0.5340,3.4320,14.23,move_early
1.785650,3.5540,0.5740,3.6590,14.26,move_early
1.789845,4.1950,0.5770,4.1340,14.29,move_early
1.793596,3.7510,0.5680,3.4440,14.32,move_early
1.797295,3.6990,0.5610,3.6560,14.35,move_early
1.800885,3.5900,0.5880,3.4530,14.38,move_early
1.804573,3.6880,0.5940,3.6380,14.41,move_early
1.808101,3.5280,0.5460,3.4570,14.44,move_early
1.811801,3.7000,0.5650,3.6000,14.47,move_early
1.815301,3.5000,0.5630,3.4410,14.50,move_early
1.818978,3.6770,0.5440,3.5950,14.53,move_early
1.822646,3.6680,0.5750,3.6280,14.56,move_early
1.826494,3.8480,0.5530,3.7690,14.59,move_early
1.830061,3.5670,0.5420,3.4490,14.62,move_early
1.833780,3.7190,0.7180,3.6470,14.65,move_early
1.837372,3.5920,0.5540,3.4670,14.68,move_early
1.841076,3.7040,0.5540,3.6370,14.71,move_early
1.848540,7.4640,0.5940,3.6010,14.74,move_early
1.854109,5.5690,0.5740,3.4370,14.77,move_early
1.857583,3.4740,0.7130,3.4280,14.80,move_early
1.861099,3.5160,0.6160,3.7590,14.84,move_early
1.864461,3.3620,0.5410,3.4300,14.87,move_early
1.868144,3.6830,0.5580,3.6450,14.90,move_early
1.871649,3.5050,0.5480,3.4050,14.94,move_early
1.875319,3.6700,0.5560,3.6060,14.97,move_early
1.878805,3.4860,0.5430,3.4220,15.00,move_early
1.890423,11.6180,0.6270,3.5790,15.02,move_early
1.893433,3.0100,0.5860,3.4320,15.06,move_early
1.897187,3.7540,0.5510,3.6410,15.09,move_early
1.901005,3.8180,0.5900,3.6360,15.12,move_early
1.904498,3.4930,0.5820,3.3850,15.16,move_early
1.908088,3.5900,0.5690,3.5770,15.19,move_early
1.911590,3.5020,0.8180,3.3650,15.22,move_early
1.915132,3.5420,0.5420,3.5390,15.26,move_early
1.918613,3.4810,0.6800,3.3750,15.29,move_early
1.922582,3.9690,0.5370,3.8010,15.32,move_early
1.926106,3.5240,0.5490,3.4450,15.36,move_early
1.929813,3.7070,0.6130,3.6500,15.39,move_early
1.933307,3.4940,0.5490,3.4400,15.42,move_early
1.936944,3.6370,0.5430,3.6430,15.46,move_early
1.940538,3.5940,0.5930,3.4350,15.49,move_early
1.944159,3.6210,0.5510,3.5970,15.52,move_early
1.947667,3.5080,0.5950,3.4530,15.55,move_early
1.956059,8.3920,0.5350,3.6020,15.58,move_early
1.960189,4.1300,0.5670,3.6770,15.61,move_early
1.963457,3.2680,0.5380,3.4430,15.64,move_early
1.966951,3.4940,0.5990,3.4300,15.68,move_early
1.970628,3.6770,0.5440,3.6420,15.71,move_early
1.974203,3.5750,0.7410,3.4360,15.74,move_early
1.977823,3.6200,0.5550,3.5930,15.78,move_early
1.981347,3.5240,0.5530,3.4390,15.81,move_early
1.985076,3.7290,0.5320,3.5830,15.84,move_early
1.988565,3.4890,0.5890,3.4290,15.87,move_early
1.992412,3.8470,0.5350,3.8120,15.90,move_early
1.995935,3.5230,0.7260,3.4190,15.93,move_early
1.999920,3.9850,0.5400,3.6060,15.96,move_early
2.003274,3.3540,0.5630,3.4260,15.99,move_early
2.007137,3.8630,0.5480,3.6300,16.02,move_early
2.010902,3.7650,0.5780,3.4230,16.05,move_early
2.014268,3.3660,0.5940,3.5910,16.08,move_early
2.018040,3.7720,0.5740,3.4330,16.11,move_early
2.022134,4.0940,0.5750,3.7930,16.14,move_early
2.025778,3.6440,0.5670,3.4430,16.17,move_early
2.029262,3.4840,0.5620,3.6460,16.20,move_early
2.032993,3.7310,0.5460,3.6740,16.23,move_early
2.036514,3.5210,0.5470,3.4280,16.25,move_early
2.040198,3.6840,0.5460,3.6300,16.28,move_early
2.043777,3.5790,0.5900,3.4260,16.31,move_early
2.047414,3.6370,0.5510,3.5830,16.34,move_early
2.050933,3.5190,0.5460,3.4240,16.37,move_early
2.054856,3.9230,0.5610,3.5980,16.40,move_early
2.058063,3.2070,0.5810,3.4220,16.43,move_early
2.062793,4.7300,0.5800,3.8260,16.46,move_early
2.065881,3.0880,0.6530,3.4350,16.49,move_early
2.069581,3.7000,0.5350,3.6390,16.52,move_early
2.073071,3.4900,0.5310,3.4300,16.55,move_early
2.076825,3.7540,0.5240,3.6360,16.58,move_early
2.080359,3.5340,0.5480,3.4350,16.61,move_early
2.083971,3.6120,0.5370,3.5770,16.64,move_early
2.087508,3.5370,0.5520,3.4320,16.67,move_early
2.091721,4.2130,0.5540,3.9580,16.70,move_early
2.095489,3.7680,0.5500,3.6960,16.73,move_early
2.105448,9.9590,0.5510,3.3910,16.76,move_early
2.111923,6.4750,0.6380,3.6390,16.79,move_early
2.115537,3.6140,0.6830,3.3890,16.82,move_early
2.118645,3.1080,0.6160,3.5940,16.86,move_early
2.122213,3.5680,0.6030,3.4000,16.89,move_early
2.125793,3.5800,0.5710,3.6800,16.92,move_early
2.129312,3.5190,0.5370,3.3830,16.96,move_early
2.132973,3.6610,0.5590,3.5820,16.99,move_early
2.136624,3.6510,0.5390,3.6210,17.02,move_early
2.140086,3.4620,0.6770,3.3560,17.06,move_early
2.144111,4.0250,0.5450,3.5870,17.09,move_early
2.147204,3.0930,0.5580,3.3680,17.12,move_early
2.150895,3.6910,0.5470,3.5990,17.16,move_early
2.154657,3.7620,0.5440,3.5860,17.19,move_early
2.158326,3.6690,0.6210,3.7010,17.22,move_early
2.161804,3.4780,0.5690,3.4160,17.26,move_early
2.165497,3.6930,0.5840,3.6420,17.29,move_early
2.169053,3.5560,0.5500,3.4230,17.32,move_early
2.172758,3.7050,0.5870,3.6460,17.35,move_early
2.176297,3.5390,0.5650,3.4350,17.38,move_early
2.179918,3.6210,0.5260,3.5860,17.41,move_early
2.183456,3.5380,0.5360,3.4210,17.44,move_early
2.187137,3.6810,0.5310,3.5800,17.47,move_early
2.190627,3.4900,0.5510,3.4220,17.49,move_early
2.194406,3.7790,0.5720,3.7200,17.52,move_early
2.197871,3.4650,0.5470,3.4080,17.55,move_early
2.201609,3.7380,0.5470,3.6260,17.58,move_early
2.206408,4.7990,0.5410,3.4160,17.61,move_early
2.211759,5.3510,0.5790,3.6130,17.64,move_early
2.218550,6.7910,0.6080,3.4290,17.68,move_early
2.221911,3.3610,0.5940,3.4590,17.71,move_early
2.225427,3.5160,0.6390,3.4240,17.74,move_early
2.229073,3.6460,0.5510,3.6140,17.78,move_early
2.232587,3.5140,0.5470,3.4220,17.81,move_early
2.236278,3.6910,0.5640,3.6290,17.84,move_early
2.239760,3.4820,0.5530,3.4130,17.88,move_early
2.243414,3.6540,0.5770,3.5550,17.91,move_early
2.246906,3.4920,0.5550,3.3990,17.94,move_early
2.250877,3.9710,0.5690,3.5490,17.97,move_early
2.257944,7.0670,0.5690,3.4110,18.00,move_early
2.261602,3.6580,0.6230,3.7080,18.03,move_early
2.264779,3.1770,0.6050,3.6230,18.07,move_early
2.269046,4.2670,0.5970,3.3920,18.10,move_early
2.272576,3.5300,0.6250,3.4000,18.13,move_early
2.276121,3.5450,0.6830,3.6070,18.17,move_early
2.279599,3.4780,0.5830,3.3940,18.20,move_early
2.283266,3.6670,0.5700,3.5620,18.23,move_early
2.286765,3.4990,0.6820,3.4010,18.26,move_early
2.290845,4.0800,0.5730,4.0100,18.29,move_early
2.294309,3.4640,0.5770,3.4050,18.32,move_early
2.298005,3.6960,0.5630,3.6100,18.35,move_early
2.301302,3.2970,0.5870,3.4250,18.38,move_early
2.305066,3.7640,0.6840,3.6220,18.41,move_early
2.308519,3.4530,0.6230,3.4280,18.44,move_early
2.312147,3.6280,0.5680,3.5920,18.47,move_early
2.315715,3.5680,0.5500,3.4410,18.50,move_early
2.322444,6.7290,0.5810,3.5960,18.53,move_early
2.325685,3.2410,0.5730,3.6410,18.56,move_early
2.329258,3.5730,0.7350,3.4420,18.59,move_early
2.332972,3.7140,0.5920,3.6490,18.63,move_early
2.336478,3.5060,0.7450,3.4270,18.66,move_early
2.340205,3.7270,0.5650,3.6240,18.69,move_early
2.343702,3.4970,0.6340,3.4270,18.72,move_early
2.347278,3.5760,0.5650,3.5710,18.74,move_early
2.350756,3.4780,0.5670,3.4020,18.77,move_early
2.354595,3.8390,0.5580,3.7610,18.80,move_early
2.358454,3.8590,0.5810,3.6190,18.83,move_early
2.363553,5.0990,0.5540,3.7200,18.86,move_early
2.366381,2.8280,0.5640,3.4270,18.89,move_early
2.369916,3.5350,0.5810,3.4340,18.92,move_early
2.373611,3.6950,0.6040,3.6250,18.95,move_early
2.377140,3.5290,0.5470,3.4130,18.98,move_early
2.380790,3.6500,0.5750,3.5790,19.01,move_early
2.384256,3.4660,0.5580,3.4160,19.04,move_early
2.388541,4.2850,0.5410,4.2130,19.07,move_early
2.392039,3.4980,0.6040,3.4210,19.10,move_early
2.396062,4.0230,0.5730,3.6310,19.13,move_early
2.399251,3.1890,0.5580,3.4190,19.16,move_early
2.402972,3.7210,0.5640,3.6370,19.19,move_early
2.406985,4.0130,0.5530,3.4240,19.22,move_early
2.410196,3.2110,0.6140,3.5840,19.25,move_early
2.413702,3.5060,0.7190,3.4420,19.28,move_early
2.417346,3.6440,0.5620,3.5770,19.31,move_early
2.420903,3.5570,0.5600,3.4220,19.34,move_early
2.424757,3.8540,0.5960,3.7920,19.37,move_early
2.428334,3.5770,0.6150,3.4390,19.40,move_early
2.432099,3.7650,0.5610,3.6280,19.43,move_early
2.435774,3.6750,0.5870,3.6410,19.46,move_early
2.439259,3.4850,0.5770,3.3970,19.49,move_early
2.442962,3.7030,0.5640,3.6160,19.52,move_early
2.446433,3.4710,0.5710,3.4410,19.55,move_early
2.450061,3.6280,0.5790,3.5690,19.58,move_early
2.453663,3.6020,0.6250,3.4210,19.61,move_early
2.457452,3.7890,0.5530,3.7930,19.64,move_early
2.461781,4.3290,0.7800,3.4370,19.66,move_early
2.465579,3.7980,0.5660,3.7550,19.69,move_early
2.471084,5.5050,0.6170,3.4340,19.72,move_early
2.475359,4.2750,0.5490,3.7130,19.76,move_early
2.478251,2.8920,0.6570,3.5960,19.79,move_early
2.481685,3.4340,0.6110,3.4290,19.82,move_early
2.485376,3.6910,0.5510,3.5840,19.85,move_early
2.489065,3.6890,0.7310,3.4260,19.88,move_early
2.492999,3.9340,0.5530,3.9400,19.91,move_early
2.496500,3.5010,0.6020,3.4190,19.94,move_early
2.500155,3.6550,0.6070,3.6260,19.97,move_early
2.504142,3.9870,0.5650,3.4280,20.00,move_early
2.513001,8.8590,0.5460,3.6170,20.03,move_early
2.519689,6.6880,0.7770,3.4320,20.06,move_early
2.525224,5.5350,0.8810,3.5830,20.09,move_early
2.529264,4.0400,0.7150,3.5700,20.13,move_early
2.533923,4.6590,0.6590,3.4400,20.16,move_early
2.538487,4.5640,0.8230,3.6250,20.19,move_early
2.542930,4.4430,0.6210,3.6190,20.23,move_early
2.545889,2.9590,0.6310,3.3610,20.26,move_early
2.549448,3.5590,0.6250,3.5140,20.30,move_early
2.552873,3.4250,0.5590,3.3590,20.33,move_early
2.556828,3.9550,0.5620,3.8070,20.36,move_early
2.560343,3.5150,0.6800,3.3540,20.40,move_early
2.563893,3.5500,0.5640,3.5760,20.43,move_early
2.567318,3.4250,0.5590,3.3710,20.46,move_early
2.574801,7.4830,0.5670,3.5540,20.50,move_early
2.579923,5.1220,0.5820,3.3650,20.53,move_early
2.582748,2.8250,0.6250,3.6000,20.56,move_early
2.586235,3.4870,0.6000,3.4130,20.60,move_early
2.590134,3.8990,0.5670,3.8550,20.63,move_early
2.593701,3.5670,0.6050,3.4280,20.66,move_early
2.597887,4.1860,0.5730,4.1650,20.70,move_early
2.601397,3.5100,0.5770,3.4080,20.73,move_early
2.605123,3.7260,0.5570,3.6090,20.76,move_early
2.608596,3.4730,0.5960,3.3940,20.80,move_early
2.612317,3.7210,0.6210,3.5900,20.83,move_early
2.615790,3.4730,0.5900,3.4020,20.86,move_early
2.619366,3.5760,0.6220,3.5610,20.90,move_early
2.623205,3.8390,0.5640,3.6290,20.93,move_early
2.626925,3.7200,0.5430,3.7680,20.96,move_early
2.630837,3.9120,0.5580,3.6570,21.00,move_early
2.634181,3.3440,0.5460,3.4230,21.03,move_early
2.637897,3.7160,0.5560,3.6170,21.06,move_early
2.641425,3.5280,0.5510,3.4440,21.10,move_early
2.645062,3.6370,0.7090,3.5670,21.13,move_early
2.648893,3.8310,0.6900,3.4160,21.15,move_early
2.652252,3.3590,0.5460,3.5760,21.18,move_early
2.656035,3.7830,0.5580,3.6160,21.21,move_early
2.660270,4.2350,0.5780,4.2010,21.25,move_early
2.663748,3.4780,0.5660,3.4180,21.28,move_early
2.668590,4.8420,0.5640,3.6480,21.31,move_early
2.681288,12.6980,0.5840,3.4320,21.33,move_early
2.685946,4.6580,0.5550,3.6240,21.37,move_early
2.689010,3.0640,0.5620,3.5470,21.41,move_early
2.692647,3.6370,0.5760,3.5900,21.44,move_early
2.696756,4.1090,0.6170,3.8670,21.47,move_early
2.700436,3.6800,0.5550,3.6190,21.51,move_early
2.703930,3.4940,0.7250,3.3660,21.54,move_early
2.707554,3.6240,0.5460,3.5550,21.57,move_early
2.711033,3.4790,0.5640,3.3560,21.61,move_early
2.714631,3.5980,0.5660,3.5330,21.64,move_early
2.718485,3.8540,0.7550,3.3580,21.67,move_early
2.724466,5.9810,0.5520,3.5340,21.71,move_early
2.727929,3.4630,0.6040,3.5840,21.74,move_early
2.732018,4.0890,0.5660,4.0100,21.77,move_early
2.735710,3.6920,0.5400,3.6080,21.81,move_early
2.739171,3.4610,0.5860,3.3910,21.84,move_early
2.742864,3.6930,0.5470,3.6160,21.87,move_early
2.746298,3.4340,0.5760,3.3680,21.91,move_early
2.749920,3.6220,0.5490,3.5570,21.94,move_early
2.753369,3.4490,0.5720,3.3790,21.97,move_early
2.757532,4.1630,0.7190,3.8090,22.01,move_early
2.760732,3.2000,0.5530,3.3780,22.04,move_early
2.772157,11.4250,0.5580,3.6000,22.07,move_early
2.777090,4.9330,0.5420,3.4080,22.11,move_early
2.780055,2.9650,0.7650,3.5510,22.14,move_early
2.783557,3.5020,0.5690,3.5860,22.17,move_early
2.786969,3.4120,0.6040,3.3360,22.21,move_early
2.790625,3.6560,0.5530,3.5340,22.24,move_early
2.794782,4.1570,0.5400,3.3930,22.27,move_early
2.798500,3.7180,0.6270,3.7280,22.31,move_early
2.801940,3.4400,0.5390,3.3680,22.34,move_early
2.805541,3.6010,0.5900,3.5750,22.37,move_early
2.810539,4.9980,0.5550,3.3640,22.41,move_early
2.813601,3.0620,0.6960,3.5440,22.44,move_early
2.816711,3.1100,0.5550,3.3780,22.47,move_early
2.820318,3.6070,0.5810,3.5450,22.51,move_early
2.823777,3.4590,0.5640,3.3860,22.54,move_early
2.827614,3.8370,0.5600,3.7530,22.57,move_early
2.831129,3.5150,0.5380,3.3670,22.61,move_early
2.834775,3.6460,0.5440,3.5830,22.64,move_early
2.838190,3.4150,0.5530,3.3750,22.67,move_early
2.841854,3.6640,0.5410,3.5710,22.70,move_early
2.846615,4.7610,0.5670,4.6890,22.73,move_early
2.850076,3.4610,0.5510,3.3710,22.76,move_early
2.853661,3.5850,0.5260,3.5480,22.79,move_early
2.857151,3.4900,0.5770,3.3700,22.82,move_early
2.861409,4.2580,0.5510,4.1600,22.85,move_early
2.865117,3.7080,0.5510,3.6140,22.88,move_early
2.868878,3.7610,0.7540,3.5990,22.91,move_early
2.873899,5.0210,0.5960,3.3830,22.94,move_early
2.877314,3.4150,0.5600,3.5810,22.98,move_early
2.880548,3.2340,0.5940,3.3860,23.01,move_early
2.884043,3.4950,0.5480,3.3610,23.04,move_early
2.887527,3.4840,0.5310,3.3880,23.07,move_early
2.891101,3.5740,0.5490,3.5230,23.10,move_early
2.894730,3.6290,0.5520,3.5530,23.13,move_early
2.898950,4.2200,0.7170,3.8610,23.15,move_early
2.902385,3.4350,0.5510,3.6100,23.18,move_early
2.905890,3.5050,0.5520,3.3890,23.21,move_early
2.910422,4.5320,0.5630,3.5970,23.25,move_early
2.913816,3.3940,2.0690,3.4000,23.28,move_early
2.917518,3.7020,0.7510,3.5540,23.30,move_early
2.922008,4.4900,0.5750,3.3820,23.33,move_early
2.932312,10.3040,0.5480,3.7550,23.36,move_early
2.939937,7.6250,0.5850,3.4010,23.40,move_early
2.943746,3.8090,0.6980,3.6180,23.44,move_early
2.946626,2.8800,0.6120,3.3410,23.47,move_early
2.950120,3.4940,0.5940,3.5530,23.51,move_early
2.953510,3.3900,0.7040,3.3380,23.54,move_early
2.957156,3.6460,0.5510,3.5400,23.57,move_early
2.960908,3.7520,0.7400,3.6170,23.61,move_early
2.964491,3.5830,0.5680,3.5530,23.64,move_early
2.968124,3.6330,0.5440,3.5110,23.67,move_early
2.971671,3.5470,0.5630,3.5140,23.71,move_early
2.975088,3.4170,0.5370,3.3230,23.74,move_early
2.978612,3.5240,0.5580,3.4810,23.77,move_early
2.982106,3.4940,0.5460,3.3750,23.81,move_early
2.985775,3.6690,0.5610,3.5610,23.84,move_early
2.989224,3.4490,0.6740,3.3850,23.87,move_early
2.993621,4.3970,0.5440,4.2820,23.91,move_early
2.997059,3.4380,0.5280,3.3800,23.94,move_early
3.000715,3.6560,0.5750,3.6040,23.97,move_early
3.004250,3.5350,0.5300,3.4040,24.00,move_early
3.008202,3.9520,0.5320,3.5920,24.03,move_early
3.011402,3.2000,0.6800,3.3890,24.06,move_early
3.015016,3.6140,0.5590,3.5650,24.09,move_early
3.018489,3.4730,0.5530,3.3960,24.12,move_early
3.022142,3.6530,0.5380,3.5560,24.15,move_early
3.025807,3.6650,0.5400,3.4000,24.18,move_early
3.030002,4.1950,0.5300,3.7500,24.21,move_early
3.033198,3.1960,0.6080,3.6440,24.24,move_early
3.037041,3.8430,0.5560,3.7770,24.27,move_early
3.040730,3.6890,0.5720,3.6330,24.30,move_early
3.044480,3.7500,0.5400,3.3610,24.33,move_early
3.047866,3.3860,0.5270,3.5480,24.36,move_early
3.051306,3.4400,0.5430,3.4000,24.39,move_early
3.054945,3.6390,0.5480,3.5500,24.41,move_early
3.058426,3.4810,0.5590,3.3870,24.44,move_early
3.062099,3.6730,0.5390,3.5540,24.47,move_early
3.066145,4.0460,0.5300,3.9900,24.50,move_early
3.069827,3.6820,0.5650,3.6280,24.53,move_early
3.073249,3.4220,0.7630,3.3790,24.56,move_early
3.076935,3.6860,0.5350,3.5970,24.59,move_early
3.080413,3.4780,0.5470,3.3910,24.62,move_early
3.084017,3.6040,0.5280,3.5450,24.65,move_early
3.087498,3.4810,0.5860,3.3990,24.68,move_early
3.091133,3.6350,0.5550,3.5480,24.71,move_early
3.094849,3.7160,0.5640,3.6060,24.74,move_early
3.098680,3.8310,0.6220,3.7580,24.77,move_early
3.102187,3.5070,0.5950,3.4110,24.80,move_early
3.105860,3.6730,0.5220,3.6010,24.83,move_early
3.109409,3.5490,0.5580,3.4020,24.86,move_early
3.113074,3.6650,0.5300,3.6150,24.89,move_early
3.116545,3.4710,0.5430,3.4060,24.92,move_early
3.120186,3.6410,0.5400,3.5530,24.95,move_early
3.127321,7.1350,0.5370,3.4150,24.98,move_early
3.134519,7.1980,0.5610,4.1310,25.01,move_early
3.138969,4.4500,0.6090,3.6260,25.04,move_early
3.142540,3.5710,0.6060,3.3650,25.07,move_early
3.145934,3.3940,0.6050,3.5640,25.11,move_early
3.149628,3.6940,0.5530,3.4060,25.14,move_early
3.152961,3.3330,0.5300,3.5680,25.17,move_early
3.156438,3.4770,0.5450,3.4020,25.21,move_early
3.162701,6.2630,0.5350,3.7450,25.24,move_early
3.167989,5.2880,0.5590,3.3670,25.27,move_early
3.171315,3.3260,0.5480,3.5360,25.31,move_early
3.174795,3.4800,0.5450,3.5620,25.34,move_early
3.178432,3.6370,0.5630,3.3660,25.37,move_early
3.181880,3.4480,0.5420,3.5030,25.41,move_early
3.185270,3.3900,0.5370,3.3460,25.44,move_early
3.188910,3.6400,0.5370,3.4950,25.47,move_early
3.192341,3.4310,0.5350,3.3400,25.50,move_early
3.196382,4.0410,0.5380,4.0120,25.53,move_early
3.199843,3.4610,0.6200,3.3550,25.56,move_early
3.203605,3.7620,0.5800,3.7340,25.59,move_early
3.207092,3.4870,0.5210,3.4080,25.62,move_early
3.210720,3.6280,0.5770,3.6160,25.65,move_early
3.214203,3.4830,0.5300,3.4230,25.68,move_early
3.217887,3.6840,0.5330,3.5720,25.71,move_early
3.221353,3.4660,0.5590,3.4100,25.74,move_early
3.224998,3.6450,0.5530,3.3860,25.77,move_early
3.228716,3.7180,0.5560,3.6190,25.80,move_early
3.232539,3.8230,0.5730,3.6600,25.83,move_early
3.236208,3.6690,0.5480,3.6140,25.86,move_early
3.239788,3.5800,0.5620,3.3920,25.89,move_early
3.243305,3.5170,0.5480,3.5990,25.92,move_early
3.246898,3.5930,0.7590,3.3970,25.95,move_early
3.250518,3.6200,0.5460,3.5650,25.98,move_early
3.253982,3.4640,0.5510,3.4080,26.01,move_early
3.257921,3.9390,0.5600,3.5730,26.04,move_early
3.261214,3.2930,0.5330,3.3860,26.06,move_early
3.265397,4.1830,0.5670,4.1600,26.09,move_early
3.268992,3.5950,0.5560,3.4480,26.12,move_early
3.275665,6.6730,0.5900,3.7720,26.15,move_early
3.279469,3.8040,0.5070,3.4040,26.19,move_early
3.282828,3.3590,0.5590,3.4190,26.22,move_early
3.286394,3.5660,0.5410,3.5690,26.25,move_early
3.289919,3.5250,0.5270,3.4120,26.28,move_early
3.293561,3.6420,0.6630,3.5630,26.31,move_early
3.297040,3.4790,0.5500,3.4080,26.34,move_early
3.300866,3.8260,0.5590,3.7400,26.37,move_early
3.304333,3.4670,0.7420,3.3540,26.40,move_early
3.307999,3.6660,0.5410,3.6050,26.43,move_early
3.311430,3.4310,0.5620,3.3950,26.46,move_early
3.315107,3.6770,0.5240,3.5810,26.49,move_early
3.318631,3.5240,0.5730,3.3630,26.52,move_early
3.322194,3.5630,0.5860,3.5560,26.55,move_early
3.325749,3.5550,0.5490,3.4110,26.58,move_early
3.329926,4.1770,0.5640,3.9700,26.61,move_early
3.333648,3.7220,0.5450,3.6550,26.64,move_early
3.337612,3.9640,0.5610,3.6080,26.66,move_early
3.341379,3.7670,0.5630,3.6280,26.69,move_early
3.344833,3.4540,0.6430,3.3870,26.72,move_early
3.348521,3.6880,0.5460,3.5820,26.75,move_early
3.351920,3.3990,0.5620,3.3890,26.78,move_early
3.355557,3.6370,0.5360,3.5320,26.81,move_early
3.359041,3.4840,0.5210,3.3810,26.84,move_early
3.362665,3.6240,0.5490,3.5430,26.87,move_early
3.366253,3.5880,0.5410,3.3760,26.90,move_early
3.369954,3.7010,0.5760,3.7480,26.93,move_early
3.373381,3.4270,0.5820,3.3970,26.96,move_early
3.377093,3.7120,0.5520,3.5900,26.99,move_early
3.380719,3.6260,0.5410,3.3880,27.02,move_early
3.393590,12.8710,0.5620,3.5950,27.05,move_early
3.401140,7.5500,0.5530,3.3720,27.08,move_early
3.404986,3.8460,0.6640,3.3900,27.13,move_early
3.407870,2.8840,0.5970,3.3910,27.16,move_early
3.411450,3.5800,0.5810,3.5880,27.20,move_early
3.414914,3.4640,0.5460,3.3810,27.23,move_early
3.419408,4.4940,0.5770,3.5380,27.26,move_early
3.422516,3.1080,0.5570,3.3440,27.30,move_early
3.425820,3.3040,0.5930,3.4870,27.33,move_early
3.429129,3.3090,0.5550,3.3400,27.36,move_early
3.432846,3.7170,0.5640,3.6680,27.40,move_early
3.436280,3.4340,0.5810,3.3510,27.43,move_early
3.439992,3.7120,0.5480,3.6530,27.47,move_early
3.443445,3.4530,0.5370,3.3970,27.50,move_early
3.447157,3.7120,0.5280,3.5810,27.54,move_early
3.450626,3.4690,0.5580,3.3750,27.57,move_early
3.454252,3.6260,0.5350,3.5350,27.61,move_early
3.457819,3.5670,0.5220,3.5580,27.64,move_early
3.461944,4.1250,0.7200,3.4070,27.67,move_early
3.466015,4.0710,0.5560,4.0030,27.71,move_early
3.469471,3.4560,0.7910,3.3900,27.74,move_early
3.473151,3.6800,0.6580,3.6090,27.77,move_early
3.476695,3.5440,0.7300,3.3990,27.81,move_early
3.480574,3.8790,0.5460,3.5840,27.84,move_early
3.483818,3.2440,0.5670,3.3910,27.87,move_early
3.489322,5.5040,0.5640,3.5280,27.91,move_early
3.492636,3.3140,0.5900,3.3900,27.94,move_early
3.496008,3.3720,0.6040,3.5530,27.97,move_early
3.499650,3.6420,0.5400,3.5710,28.01,move_early
3.503577,3.9270,0.5430,3.6470,28.04,move_early
3.507378,3.8010,0.5750,4.0080,28.07,move_early
3.510901,3.5230,0.5560,3.4030,28.11,move_early
3.514547,3.6460,0.6610,3.5980,28.14,move_early
3.518039,3.4920,0.5570,3.4050,28.17,move_early
3.521729,3.6900,0.5510,3.5580,28.20,move_early
3.530922,9.1930,0.6830,4.5310,28.24,move_early
3.535579,4.6570,0.5560,4.0860,28.27,move_early
3.538372,2.7930,0.6350,3.6530,28.30,move_early
3.542010,3.6380,0.5790,3.5880,28.34,move_early
3.545363,3.3530,0.7360,3.3460,28.37,move_early
3.549026,3.6630,0.6220,3.5820,28.40,move_early
3.552464,3.4380,0.5880,3.3630,28.44,move_early
3.556118,3.6540,0.5160,3.5290,28.47,move_early
3.559547,3.4290,0.5560,3.3470,28.50,move_early
3.563430,3.8830,0.5360,3.8060,28.54,move_early
3.567064,3.6340,0.5580,3.5340,28.57,move_early
3.570722,3.6580,0.5490,3.5700,28.60,move_early
3.574217,3.4950,0.5530,3.3660,28.62,move_early
3.577814,3.5970,0.7530,3.5910,28.65,move_early
3.581305,3.4910,0.5610,3.3940,28.68,move_early
3.584944,3.6390,0.5400,3.5660,28.71,move_early
3.588503,3.5590,0.5570,3.4110,28.74,move_early
3.592559,4.0560,0.5700,4.0660,28.77,move_early
3.596140,3.5810,0.5490,3.3950,28.80,move_early
3.599991,3.8510,0.5410,3.8970,28.83,move_early
3.603481,3.4900,0.5310,3.3920,28.86,move_early
3.607172,3.6910,0.5240,3.6180,28.89,move_early
3.610599,3.4270,0.5420,3.3900,28.92,move_early
3.614381,3.7820,0.5250,3.5970,28.95,move_early
3.618048,3.6670,0.5680,3.5700,28.98,move_early
3.621463,3.4150,0.5460,3.3870,29.00,move_early
3.625098,3.6350,0.5620,3.5510,29.03,move_early
3.628601,3.5030,0.5630,3.4030,29.06,move_early
3.632719,4.1180,0.5490,4.0320,29.09,move_early
3.636260,3.5410,0.5470,3.3990,29.12,move_early
3.639902,3.6420,0.5250,3.6120,29.15,move_early
3.643393,3.4910,0.6070,3.3950,29.18,move_early
3.647059,3.6660,0.5510,3.5900,29.21,move_early
3.650483,3.4240,0.5460,3.3880,29.24,move_early
3.654450,3.9670,0.5290,3.5530,29.26,move_early
3.657630,3.1800,0.5410,3.3990,29.29,move_early
3.661799,4.1690,0.5600,4.0780,29.32,move_early
3.665279,3.4800,0.6230,3.3930,29.35,move_early
3.669437,4.1580,0.5290,4.0130,29.38,move_early
3.672915,3.4780,0.5430,3.4190,29.41,move_early
3.676582,3.6670,0.5690,3.5990,29.44,move_early
3.680121,3.5390,0.5450,3.3990,29.47,move_early
3.683717,3.5960,0.5810,3.5800,29.50,move_early
3.687154,3.4370,0.5440,3.3970,29.53,move_early
3.690988,3.8340,0.5330,3.5550,29.56,move_early
3.694512,3.5240,0.5380,3.5830,29.58,move_early
3.698197,3.6850,0.5350,3.6070,29.61,move_early
3.701789,3.5920,0.5930,3.5510,29.64,move_early
3.705563,3.7740,0.5730,3.6730,29.66,move_early
3.709245,3.6820,0.5330,3.6010,29.69,move_early
3.712701,3.4560,0.5320,3.3780,29.72,move_early
3.716388,3.6870,0.5550,3.6080,29.74,move_early
3.719873,3.4850,0.5370,3.3990,29.77,move_early
3.723493,3.6200,0.5560,3.5680,29.80,move_early
3.726933,3.4400,0.5720,3.3840,29.82,move_early
3.731362,4.4290,0.5410,4.3510,29.85,move_early
3.735028,3.6660,0.5620,3.4020,29.88,move_early
3.742505,7.4770,0.5330,3.6090,29.90,move_early
3.745620,3.1150,0.5650,3.4010,29.93,move_early
3.749103,3.4830,0.5780,3.4130,29.96,move_early
3.752259,3.1560,0.5850,3.5820,29.98,move_early
3.755638,3.3790,0.5670,3.2970,30.01,move_early
3.759427,3.7890,0.5420,3.4610,30.04,move_early
3.762488,3.0610,0.5390,3.2820,30.07,move_early
3.766414,3.9260,0.7050,3.8280,30.10,move_early
3.769815,3.4010,0.5700,3.2640,30.12,move_early
3.773277,3.4620,0.5760,3.4790,30.15,move_early
3.776619,3.3420,0.5710,3.2380,30.18,move_early
3.780219,3.6000,0.6250,3.4860,30.21,move_early
3.783526,3.3070,0.6590,3.2650,30.23,move_early
3.789912,6.3860,0.5330,3.4550,30.26,move_early
3.793145,3.2330,0.5640,3.2920,30.29,move_early
3.797038,3.8930,0.5580,3.3030,30.32,move_early
3.800626,3.5880,0.6030,3.7180,30.35,move_early
3.803946,3.3200,0.6040,3.2840,30.39,move_early
3.807422,3.4760,0.5430,3.4870,30.42,move_early
3.810734,3.3120,0.5410,3.2690,30.45,move_early
3.814357,3.6230,0.5310,3.4920,30.48,move_early
3.817729,3.3720,0.5420,3.2810,30.51,move_early
3.821257,3.5280,0.5230,3.4400,30.53,move_early
3.824578,3.3210,0.5430,3.2740,30.56,move_early
3.828129,3.5510,0.5210,3.4390,30.59,move_early
3.831705,3.5760,0.5370,3.4910,30.62,move_early
3.835471,3.7660,0.5270,3.6460,30.65,move_early
3.838851,3.3800,0.5510,3.2820,30.67,move_early
3.842311,3.4600,0.5370,3.4870,30.70,move_early
3.845707,3.3960,0.5360,3.2830,30.73,move_early
3.849448,3.7410,0.7070,3.4830,30.76,move_early
3.852691,3.2430,0.5130,3.2760,30.79,move_early
3.856199,3.5080,0.5570,3.4670,30.81,move_early
3.859530,3.3310,0.5350,3.2550,30.84,move_early
3.863607,4.0770,0.5230,4.0000,30.87,move_early
3.867138,3.5310,0.5650,3.2710,30.90,move_early
3.870936,3.7980,0.5300,3.7080,30.93,move_early
3.874307,3.3710,0.5490,3.2540,30.96,move_early
3.877825,3.5180,0.5230,3.4880,30.99,move_early
3.889398,11.5730,0.5580,3.2520,31.01,move_early
3.893247,3.8490,0.5600,3.4510,31.04,move_early
3.896887,3.6400,0.7040,3.6210,31.07,move_early
3.900254,3.3670,0.5960,3.2600,31.10,move_early
3.903714,3.4600,0.7180,3.4140,31.13,move_early
3.907002,3.2880,0.5400,3.2040,31.16,move_early
3.910513,3.5110,0.5490,3.3930,31.19,move_early
3.913834,3.3210,0.7160,3.2050,31.22,move_early
3.917337,3.5030,0.5880,3.3620,31.25,move_early
3.920575,3.2380,0.6860,3.1860,31.28,move_early
3.924096,3.5210,0.5700,3.4140,31.31,move_early
3.927957,3.8610,0.5420,3.2460,31.34,move_early
3.931785,3.8280,0.5200,3.7520,31.37,move_early
3.935132,3.3470,0.5490,3.2280,31.40,move_early
3.938661,3.5290,0.5880,3.4420,31.43,move_early
3.941937,3.2760,0.6330,3.2140,31.46,move_early
3.945420,3.4830,0.5380,3.4210,31.49,move_early
3.948719,3.2990,0.5550,3.2310,31.52,move_early
3.952245,3.5260,0.5460,3.4070,31.55,move_early
3.955495,3.2500,0.5550,3.2190,31.58,move_early
3.958987,3.4920,0.5220,3.4170,31.61,move_early
3.962291,3.3040,0.5750,3.2090,31.64,move_early
3.965967,3.6760,0.5300,3.6310,31.67,move_early
3.969559,3.5920,0.5280,3.2490,31.69,move_early
3.973070,3.5110,0.5890,3.4430,31.72,move_early
3.976449,3.3790,0.5440,3.2480,31.75,move_early
3.979916,3.4670,0.5230,3.4240,31.78,move_early
3.983182,3.2660,0.5720,3.1950,31.81,move_early
3.986808,3.6260,0.5610,3.4120,31.84,move_early
3.989966,3.1580,0.5370,3.2100,31.87,move_early
3.993491,3.5250,0.6280,3.4310,31.90,move_early
3.997436,3.9450,0.5250,3.8480,31.93,move_early
4.001220,3.7840,0.5900,3.6550,31.96,move_early
4.004485,3.2650,0.7650,3.2300,31.99,move_early
4.007988,3.5030,0.5560,3.4470,32.02,move_early
4.011643,3.6550,0.5450,3.2280,32.05,move_early
4.015252,3.6090,0.5330,3.4100,32.08,move_early
4.018288,3.0360,0.5400,3.2440,32.11,move_early
4.021707,3.4190,0.5580,3.4080,32.14,move_early
4.025039,3.3320,0.5570,3.1970,32.16,move_early
4.028497,3.4580,0.5390,3.3980,32.19,move_early
4.032197,3.7000,0.5230,3.4500,32.22,move_early
4.035945,3.7480,0.5460,3.3800,32.25,move_early
4.047654,11.7090,0.5450,3.2350,32.27,move_early
4.052288,4.6340,0.5400,3.4350,32.30,move_early
4.055385,3.0970,0.5980,3.2440,32.34,move_early
4.058741,3.3560,0.6070,3.4020,32.37,move_early
4.062003,3.2620,0.5470,3.1830,32.40,move_early
4.066047,4.0440,0.5720,4.0320,32.43,move_early
4.069402,3.3550,0.5630,3.2440,32.46,move_early
4.072881,3.4790,0.5370,3.4190,32.49,move_early
4.076207,3.3260,0.5340,3.1980,32.52,move_early
4.079714,3.5070,0.5360,3.4190,32.55,move_early
4.083091,3.3770,0.5160,3.2310,32.58,move_early
4.086510,3.4190,0.5520,3.3780,32.61,move_early
4.089766,3.2560,0.5560,3.2160,32.64,move_early
4.093275,3.5090,0.5530,3.3970,32.66,move_early
4.096630,3.3550,0.5700,3.2270,32.69,move_early
4.100575,3.9450,0.5580,3.9700,32.72,move_early
4.103956,3.3810,0.5260,3.2420,32.75,move_early
4.107431,3.4750,0.5500,3.4470,32.78,move_early
4.110753,3.3220,0.5100,3.2210,32.81,move_early
4.114218,3.4650,0.7160,3.4250,32.84,move_early
4.117564,3.3460,0.5320,3.2410,32.87,move_early
4.121051,3.4870,0.5320,3.3870,32.90,move_early
4.124381,3.3300,0.6970,3.2480,32.93,move_early
4.128446,4.0650,0.5390,3.9580,32.96,move_early
4.131775,3.3290,0.5300,3.2700,32.99,move_early
4.137302,5.5270,0.5470,3.6680,33.02,move_early
4.140770,3.4680,0.5330,3.2540,33.05,move_early
4.143650,2.8800,0.5720,3.5040,33.08,move_early
4.146944,3.2940,0.5900,3.2200,33.11,move_early
4.150533,3.5890,0.5540,3.4780,33.14,move_early
4.153785,3.2520,0.5420,3.2270,33.17,move_early
4.157280,3.4950,0.5400,3.4300,33.20,move_early
4.160553,3.2730,0.5420,3.1960,33.23,move_early
4.164253,3.7000,0.5370,3.6370,33.26,move_early
4.167557,3.3040,0.5370,3.2090,33.29,move_early
4.171287,3.7300,0.5080,3.6350,33.32,move_early
4.174575,3.2880,0.5070,3.2020,33.35,move_early
4.178107,3.5320,0.5430,3.4870,33.38,move_early
4.181425,3.3180,0.5290,3.2100,33.41,move_early
4.184996,3.5710,0.5180,3.4790,33.44,move_early
4.188318,3.3220,0.5560,3.2190,33.46,move_early
4.191846,3.5280,0.5150,3.4230,33.49,move_early
4.195131,3.2850,0.6760,3.2190,33.52,move_early
4.199151,4.0200,0.5130,3.9580,33.55,move_early
4.202446,3.2950,0.5340,3.2050,33.58,move_early
4.206192,3.7460,0.5210,3.6810,33.61,move_early
4.209583,3.3910,0.5200,3.2250,33.64,move_early
4.213167,3.5840,0.5230,3.4770,33.67,move_early
4.216409,3.2420,0.5310,3.2130,33.69,move_early
4.219905,3.4960,0.5310,3.4690,33.72,move_early
4.223168,3.2630,0.6090,3.2170,33.75,move_early
4.226723,3.5550,0.5210,3.4420,33.78,move_early
4.230071,3.3480,0.5180,3.2100,33.80,move_early
4.233860,3.7890,0.6980,3.7330,33.83,move_early
4.237156,3.2960,0.5400,3.2210,33.86,move_early
4.240704,3.5480,0.5180,3.4830,33.89,move_early
4.244042,3.3380,0.5230,3.2130,33.92,move_early
4.247563,3.5210,0.5730,3.4930,33.94,move_early
4.251149,3.5860,0.5910,3.2290,33.97,move_early
4.254413,3.2640,0.5360,3.3990,34.00,move_early
4.257633,3.2200,0.5080,3.2280,34.02,move_early
4.261967,4.3340,0.5660,3.9990,34.05,move_early
4.265208,3.2410,0.5490,3.4340,34.08,move_early
4.269035,3.8270,0.5260,3.5480,34.11,move_early
4.272385,3.3500,0.5620,3.4540,34.14,move_early
4.275706,3.3210,0.5270,3.2360,34.17,move_early
4.278990,3.2840,0.5450,3.2130,34.20,move_early
4.282543,3.5530,0.5550,3.4800,34.23,move_early
4.285883,3.3400,0.5270,3.2460,34.25,move_early
4.289417,3.5340,0.5530,3.4420,34.28,move_early
4.292718,3.3010,0.5970,3.2120,34.31,move_early
4.299574,6.8560,0.6020,3.4300,34.33,move_early
4.304292,4.7180,0.5590,3.6200,34.36,move_early
4.307884,3.5920,0.5800,3.2730,34.39,move_early
4.310782,2.8980,0.8090,3.2540,34.42,move_early
4.314793,4.0110,0.7770,3.4490,34.45,move_early
4.318746,3.9530,0.6900,3.2620,34.48,move_early
4.321599,2.8530,0.5640,3.3920,34.51,move_early
4.324868,3.2690,0.5570,3.2210,34.54,move_early
4.328204,3.3360,0.5500,3.3660,34.57,move_early
4.332488,4.2840,0.5480,3.6940,34.60,move_early
4.336476,3.9880,0.6780,3.6570,34.63,move_early
4.339783,3.3070,0.5480,3.2300,34.66,move_early
4.343291,3.5080,0.5390,3.4570,34.69,move_early
4.346595,3.3040,0.5360,3.2530,34.72,move_early
4.350105,3.5100,0.6980,3.4300,34.75,move_early
4.353410,3.3050,0.5550,3.2320,34.78,move_early
4.356938,3.5280,0.5770,3.4020,34.81,move_early
4.360233,3.2950,0.5440,3.2480,34.84,move_early
4.364116,3.8830,0.5370,3.7390,34.87,move_early
4.367458,3.3420,0.5420,3.2730,34.90,move_early
4.371049,3.5910,0.5630,3.4920,34.93,move_early
4.374377,3.3280,0.5460,3.2760,34.96,move_early
4.377905,3.5280,0.5290,3.4500,34.99,move_early
4.381299,3.3940,0.5360,3.2610,35.02,move_early
4.384817,3.5180,0.5760,3.4180,35.04,move_early
4.388127,3.3100,0.6390,3.2490,35.07,move_early
4.392452,4.3250,0.5610,3.9380,35.10,move_early
4.395482,3.0300,0.6710,3.2560,35.13,move_early
4.399183,3.7010,0.5730,3.6630,35.16,move_early
4.402530,3.3470,0.5620,3.2660,35.19,move_early
4.406156,3.6260,0.5700,3.4870,35.21,move_early
4.409391,3.2350,0.5540,3.2390,35.24,move_early
4.412892,3.5010,0.5440,3.4360,35.27,move_early
4.416245,3.3530,0.6900,3.2720,35.30,move_early
4.419764,3.5190,0.7000,3.4070,35.32,move_early
4.423130,3.3660,0.5590,3.2500,35.35,move_early
4.426575,3.4450,0.5800,3.4160,35.38,move_early
4.430176,3.6010,0.5480,3.4700,35.41,move_early
4.433877,3.7010,0.5660,3.6120,35.44,move_early
4.437227,3.3500,0.6120,3.2500,35.46,move_early
4.440698,3.4710,0.5700,3.4660,35.49,move_early
4.444058,3.3600,0.8240,3.2670,35.52,move_early
4.447632,3.5740,0.5230,3.4480,35.55,move_early
4.450979,3.3470,0.5550,3.2670,35.57,move_early
4.454459,3.4800,0.5550,3.4150,35.60,move_early
4.458789,4.3300,0.5640,3.2690,35.63,move_early
4.461907,3.1180,0.5260,3.9360,35.66,move_early
4.465458,3.5510,0.5850,3.4570,35.69,move_early
4.469215,3.7570,0.5920,3.6990,35.72,move_early
4.472552,3.3370,0.5580,3.2600,35.75,move_early
4.476114,3.5620,0.5380,3.5090,35.77,move_early
4.479464,3.3500,0.5450,3.2510,35.80,move_early
4.483033,3.5690,0.5230,3.4770,35.83,move_early
4.486373,3.3400,0.5140,3.2570,35.86,move_early
4.489886,3.5130,0.5310,3.4420,35.88,move_early
4.493259,3.3730,0.5600,3.2530,35.91,move_early
4.496768,3.5090,0.5160,3.4410,35.94,move_early
4.500214,3.4460,0.5300,3.2750,35.97,move_early
4.503922,3.7080,0.5690,3.6500,36.00,move_early
4.507270,3.3480,0.5810,3.2770,36.02,move_early
4.510807,3.5370,0.5250,3.5030,36.05,move_early
4.514527,3.7200,0.5370,3.2680,36.08,move_early
4.517729,3.2020,0.5360,3.4850,36.11,move_early
4.521060,3.3310,0.5430,3.2430,36.13,move_early
4.524554,3.4940,0.5250,3.4300,36.16,move_early
4.528162,3.6080,0.5210,3.2540,36.19,move_early
4.532297,4.1350,0.5900,4.3050,36.22,move_early
4.535661,3.3640,0.5280,3.2240,36.25,move_early
4.539250,3.5890,0.7030,3.5360,36.28,move_early
4.542561,3.3110,0.6770,3.2380,36.31,move_early
4.546202,3.6410,0.5180,3.5150,36.33,move_early
4.549529,3.3270,0.5260,3.2440,36.36,move_early
4.553071,3.5420,0.6730,3.4190,36.39,move_early
4.556401,3.3300,0.5410,3.2380,36.42,move_early
4.559887,3.4860,0.5250,3.4430,36.44,move_early
4.563412,3.5250,0.5260,3.4380,36.47,move_early
4.567176,3.7640,0.5710,3.6760,36.50,move_early
4.572450,5.2740,0.5620,3.2400,36.53,move_early
4.576479,4.0290,0.5370,3.5000,36.56,move_early
4.579202,2.7230,0.5740,3.4530,36.59,move_early
4.582511,3.3090,0.6460,3.2660,36.62,move_early
4.586109,3.5980,0.5540,3.4090,36.65,move_early
4.589392,3.2830,0.8180,3.2690,36.68,move_early
4.593400,4.0080,0.5780,3.9410,36.71,move_early
4.596777,3.3770,0.5400,3.2440,36.74,move_early
4.600455,3.6780,0.5420,3.6530,36.77,move_early
4.603830,3.3750,0.5400,3.2590,36.80,move_early
4.607391,3.5610,0.5610,3.4480,36.82,move_early
4.610673,3.2820,0.8300,3.2510,36.85,move_early
4.614674,4.0010,0.5440,3.4550,36.88,move_early
4.619165,4.4910,0.8170,3.2540,36.91,move_early
4.621898,2.7330,0.5330,3.4330,36.94,move_early
4.625028,3.1300,0.5260,3.2430,36.97,move_early
4.628609,3.5810,0.5240,3.4130,36.99,move_early
4.632116,3.5070,0.5300,3.2680,37.02,move_early
4.635799,3.6830,0.5190,3.6310,37.05,move_early
4.639144,3.3450,0.5630,3.2540,37.08,move_early
4.642961,3.8170,0.5620,3.4820,37.11,move_early
4.645948,2.9870,0.5150,3.2530,37.13,move_early
4.649544,3.5960,0.5240,3.4870,37.16,move_early
4.652870,3.3260,0.5580,3.2390,37.19,move_early
4.656389,3.5190,0.5330,3.4310,37.22,move_early
4.659705,3.3160,0.5310,3.2290,37.24,move_early
4.663303,3.5980,0.5300,3.4750,37.27,move_early
4.667341,4.0380,0.5310,3.2650,37.30,move_early
4.670974,3.6330,0.5170,3.5000,37.33,move_early
4.674293,3.3190,0.5280,3.2440,37.36,move_early
4.677927,3.6340,0.5510,3.4990,37.39,move_early
4.681234,3.3070,0.5580,3.2730,37.42,move_early
4.684759,3.5250,0.5380,3.4420,37.44,move_early
4.688199,3.4400,0.5220,3.2390,37.47,move_early
4.691590,3.3910,0.5210,3.4440,37.50,move_early
4.694916,3.3260,0.5330,3.2780,37.52,move_early
4.698632,3.7160,0.6860,3.6320,37.55,move_early
4.702184,3.5520,0.5450,3.4630,37.58,move_early
4.705766,3.5820,0.5240,3.4910,37.61,move_early
4.709139,3.3730,0.5710,3.2640,37.64,move_early
4.712656,3.5170,0.6970,3.4740,37.67,move_early
4.715997,3.3410,0.5420,3.2530,37.69,move_early
4.719524,3.5270,0.5210,3.4440,37.72,move_early
4.722816,3.2920,0.5560,3.2480,37.75,move_early
4.726352,3.5360,0.6660,3.4440,37.78,move_early
4.729951,3.5990,0.5140,3.5150,37.80,move_early
4.733978,4.0270,0.5680,3.9870,37.83,move_early
4.737328,3.3500,0.5280,3.2040,37.86,move_early
4.740858,3.5300,0.5140,3.4840,37.89,move_early
4.744146,3.2880,0.5410,3.2000,37.92,move_early
4.747680,3.5340,0.5400,3.4740,37.95,move_early
4.750994,3.3140,0.5170,3.2460,37.97,move_early
4.754494,3.5000,0.5330,3.4330,38.00,move_early
4.757791,3.2970,0.5440,3.2180,38.03,move_early
4.761270,3.4790,0.6640,3.4270,38.06,move_early
4.765075,3.8050,0.5190,3.2490,38.08,move_early
4.768464,3.3890,0.5230,3.6210,38.11,move_early
4.771782,3.3180,0.5250,3.2250,38.14,move_early
4.775345,3.5630,0.5190,3.4740,38.17,move_early
4.778614,3.2690,0.5150,3.2410,38.19,move_early
4.782208,3.5940,0.5160,3.4600,38.22,move_early
4.785790,3.5820,0.5270,3.2390,38.25,move_early
4.789090,3.3000,0.5470,3.4220,38.28,move_early
4.792393,3.3030,0.5400,3.2400,38.30,move_early
4.796447,4.0540,0.5700,3.9390,38.33,move_early
4.799745,3.2980,0.6050,3.2260,38.36,move_early
4.803462,3.7170,0.5330,3.4860,38.39,move_early
4.806698,3.2360,0.5350,3.2600,38.42,move_early
4.810291,3.5930,0.5770,3.4870,38.45,move_early
4.813605,3.3140,0.5260,3.2550,38.47,move_early
4.817111,3.5060,0.5230,3.4380,38.50,move_early
4.820460,3.3490,0.5330,3.2400,38.53,move_early
4.823980,3.5200,0.5190,3.4260,38.56,move_early
4.827276,3.2960,0.5960,3.2360,38.58,move_early
4.831182,3.9060,0.5260,3.8270,38.61,move_early
4.834479,3.2970,0.5410,3.2240,38.64,move_early
4.838054,3.5750,0.5080,3.4780,38.67,move_early
4.841334,3.2800,0.5420,3.2340,38.70,move_early
4.844887,3.5530,0.5130,3.4590,38.72,move_early
4.848257,3.3700,0.5210,3.2330,38.75,move_early
4.851752,3.4950,0.5320,3.4310,38.78,move_early
4.855092,3.3400,0.5280,3.2360,38.81,move_early
4.858557,3.4650,0.5520,3.4280,38.83,move_early
4.862085,3.5280,0.5520,3.4310,38.86,move_early
4.866153,4.0680,0.6050,3.9830,38.89,move_early
4.873684,7.5310,0.7860,3.2050,38.92,move_early
4.881229,7.5450,0.5570,3.4870,38.95,move_early
4.884647,3.4180,0.5510,3.4630,38.98,move_early
4.887826,3.1790,0.6400,3.2470,39.01,move_early
4.891234,3.4080,0.5210,3.4020,39.04,move_early
4.894961,3.7270,0.5330,3.2550,39.07,move_early
4.898287,3.3260,0.5460,3.6200,39.10,move_early
4.902142,3.8550,0.5210,3.5210,39.13,move_early
4.907646,5.5040,0.5470,3.4420,39.16,move_early
4.911442,3.7960,0.5250,3.2170,39.19,move_early
4.915306,3.8640,0.5380,3.4460,39.22,move_early
4.918792,3.4860,0.5770,3.2130,39.25,move_early
4.922046,3.2540,0.5700,3.3970,39.28,move_early
4.925410,3.3640,0.5080,3.2300,39.31,move_early
4.929481,4.0710,0.5200,4.0800,39.34,move_early
4.933417,3.9360,0.5990,3.6570,39.37,move_early
4.937257,3.8400,0.5370,3.5080,39.40,move_early
4.940829,3.5720,0.5430,3.4470,39.42,move_early
4.944157,3.3280,0.5430,3.2260,39.45,move_early
4.947612,3.4550,0.5610,3.4510,39.48,move_early
4.951100,3.4880,0.6210,3.2340,39.51,move_early
4.954807,3.7070,0.6390,3.4030,39.54,move_early
4.958081,3.2740,0.7260,3.2480,39.57,move_early
4.961603,3.5220,0.5350,3.3870,39.60,move_early
4.965191,3.5880,0.6160,3.2530,39.63,move_early
4.968711,3.5200,0.5430,3.4450,39.66,move_early
4.971973,3.2620,0.6120,3.2380,39.69,move_early
4.975518,3.5450,0.5520,3.4530,39.72,move_early
4.978885,3.3670,0.6190,3.2510,39.75,move_early
4.982342,3.4570,0.5390,3.3850,39.78,move_early
4.985647,3.3050,0.5350,3.2140,39.81,move_early
4.989132,3.4850,0.5400,3.4040,39.84,move_early
4.992457,3.3250,0.5340,3.2320,39.87,move_early
4.995989,3.5320,0.5350,3.3810,39.90,move_early
5.000029,4.0400,0.5390,3.9800,39.93,move_early
5.003523,3.4940,0.5510,3.4540,39.96,move_early
5.006939,3.4160,0.5330,3.2420,39.99,move_early
5.010418,3.4790,0.5480,3.4460,40.02,move_early
5.013787,3.3690,0.5380,3.2400,40.05,move_early
5.017226,3.4390,0.5940,3.4050,40.08,move_early
5.020882,3.6560,0.5580,3.2350,40.11,move_early
5.024278,3.3960,0.5530,3.4160,40.14,move_early
5.027547,3.2690,0.5480,3.2440,40.17,move_early
5.031074,3.5270,0.5500,3.4090,40.20,move_early
5.034642,3.5680,0.7550,3.2670,40.22,move_early
5.038356,3.7140,0.5300,3.4610,40.25,move_early
5.042125,3.7690,0.5450,3.2700,40.28,move_early
5.045519,3.3940,0.5540,3.4550,40.31,move_early
5.048861,3.3420,0.5730,3.2600,40.34,move_early
5.052323,3.4620,0.5240,3.4170,40.37,move_early
5.055622,3.2990,0.5400,3.2430,40.40,move_early
5.059603,3.9810,0.5420,3.9280,40.43,move_early
5.063390,3.7870,0.5530,3.6780,40.46,move_early
5.067146,3.7560,0.5010,3.6490,40.49,move_early
5.070526,3.3800,0.5430,3.2530,40.52,move_early
5.074012,3.4860,0.5400,3.4520,40.55,move_early
5.077498,3.4860,0.5190,3.2530,40.58,move_early
5.080943,3.4450,0.6120,3.4480,40.61,move_early
5.084281,3.3380,0.5860,3.2400,40.63,move_early
5.087748,3.4670,0.5410,3.3820,40.66,move_early
5.091129,3.3810,0.5580,3.2240,40.69,move_early
5.095156,4.0270,0.5420,3.6060,40.72,move_early
5.098567,3.4110,0.6620,3.2580,40.75,move_early
5.102148,3.5810,0.5840,3.4300,40.78,move_early
5.105652,3.5040,0.5410,3.2420,40.80,move_early
5.109091,3.4390,0.5510,3.4540,40.83,move_early
5.112424,3.3330,0.5310,3.2170,40.86,move_early
5.115912,3.4880,0.5270,3.4390,40.89,move_early
5.119249,3.3370,0.5290,3.2730,40.91,move_early
5.127671,8.4220,0.5170,3.4230,40.94,move_early
5.135601,7.9300,0.5330,3.2500,40.97,move_early
5.139569,3.9680,0.5570,3.2310,41.00,move_early
5.142521,2.9520,0.5770,3.4550,41.04,move_early
5.146837,4.3160,0.5960,4.3390,41.07,move_early
5.150371,3.5340,0.5390,3.4110,41.10,move_early
5.153597,3.2260,0.5300,3.2020,41.13,move_early
5.159834,6.2370,0.5720,3.3780,41.16,move_early
5.165979,6.1450,0.5600,3.2290,41.20,move_early
5.170942,4.9630,0.5610,3.5130,41.25,move_early
5.174465,3.5230,0.5710,3.4880,41.29,move_early
5.177065,2.6000,0.5660,3.4300,41.32,move_early
5.180364,3.2990,0.5590,3.2250,41.35,move_early
5.183837,3.4730,0.5100,3.3640,41.39,move_early
5.187225,3.3880,0.5220,3.2300,41.42,move_early
5.190594,3.3690,0.5240,3.3500,41.45,move_early
5.193833,3.2390,1.0050,3.1990,41.49,move_early
5.197348,3.5150,0.5470,3.3700,41.52,move_early
5.201579,4.2310,0.5230,3.4560,41.55,move_early
5.205495,3.9160,0.5290,3.4680,41.59,move_early
5.210671,5.1760,0.5420,3.2420,41.62,move_early
5.214367,3.6960,0.5540,3.4320,41.65,move_early
5.217656,3.2890,0.5530,3.2330,41.69,move_early
5.220984,3.3280,0.6000,3.4120,41.72,move_early
5.224252,3.2680,0.5290,3.2250,41.75,move_early
5.227674,3.4220,0.5200,3.4270,41.78,move_early
5.231158,3.4840,0.5400,3.2430,41.81,move_early
5.234679,3.5210,0.5160,3.6320,41.84,move_early
5.238016,3.3370,0.5610,3.2340,41.87,move_early
5.241779,3.7630,0.5160,3.4640,41.90,move_early
5.244865,3.0860,0.5100,3.2460,41.93,move_early
5.248396,3.5310,0.5200,3.4620,41.96,move_early
5.251667,3.2710,0.5430,3.2400,41.99,move_early
5.255259,3.5920,0.5110,3.4220,42.02,move_early
5.258494,3.2350,0.5210,3.2420,42.05,move_early
5.262577,4.0830,0.5140,4.0480,42.08,move_early
5.265946,3.3690,0.5270,3.2400,42.11,move_early
5.269838,3.8920,0.5300,3.4850,42.14,move_early
5.272887,3.0490,0.5040,3.2440,42.17,move_early
5.276435,3.5480,0.5250,3.4650,42.19,move_early
5.279753,3.3180,0.5090,3.2140,42.22,move_early
5.283245,3.4920,0.5160,3.4070,42.25,move_early
5.286572,3.3270,0.5210,3.2140,42.28,move_early
5.290119,3.5470,0.5180,3.4270,42.31,move_early
5.293422,3.3030,0.5520,3.2620,42.34,move_early
5.297084,3.6620,0.5270,3.6220,42.37,move_early
5.300407,3.3230,0.5920,3.2250,42.40,move_early
5.304117,3.7100,0.5230,3.4920,42.43,move_early
5.307296,3.1790,0.5280,3.2780,42.46,move_early
5.310888,3.5920,0.5540,3.4870,42.49,move_early
5.314194,3.3060,0.5440,3.2620,42.52,move_early
5.319044,4.8500,0.5070,3.4270,42.55,move_early
5.322074,3.0300,0.4990,3.2540,42.58,move_early
5.325510,3.4360,0.5240,3.4580,42.61,move_early
5.329017,3.5070,0.5190,3.4400,42.64,move_early
5.333032,4.0150,0.5160,3.9560,42.67,move_early
5.336605,3.5730,0.5180,3.4690,42.70,move_early
5.340028,3.4230,0.5310,3.2570,42.73,move_early
5.343466,3.4380,0.5600,3.4710,42.76,move_early
5.346823,3.3570,0.5340,3.2390,42.79,move_early
5.350276,3.4530,0.5240,3.4100,42.82,move_early
5.353683,3.4070,0.5110,3.2490,42.85,move_early
5.357285,3.6020,0.5320,3.4160,42.88,move_early
5.362001,4.7160,0.7050,4.6320,42.91,move_early
5.365792,3.7910,0.5420,3.6550,42.94,move_early
5.369154,3.3620,0.5770,3.2950,42.97,move_early
5.372703,3.5490,0.5430,3.5060,42.99,move_early
5.376093,3.3900,0.5500,3.2850,43.02,move_early
5.379635,3.5420,0.5580,3.4960,43.05,move_early
5.382995,3.3600,0.5720,3.2680,43.08,move_early
5.386539,3.5440,0.5410,3.4540,43.11,move_early
5.389943,3.4040,0.6880,3.2710,43.14,move_early
5.393555,3.6120,0.5520,3.4640,43.17,move_early
5.397463,3.9080,0.5610,3.2990,43.20,move_early
5.401435,3.9720,0.5500,3.9390,43.23,move_early
5.404850,3.4150,0.5180,3.2740,43.26,move_early
5.408774,3.9240,0.5340,3.7950,43.29,move_early
5.412111,3.3370,0.6730,3.3170,43.32,move_early
5.416003,3.8920,0.6630,3.8100,43.35,move_early
5.419437,3.4340,0.5390,3.2790,43.38,move_early
5.423202,3.7650,0.5360,3.4940,43.41,move_early
5.426282,3.0800,0.5410,3.2590,43.44,move_early
5.430404,4.1220,0.5630,4.0770,43.47,move_early
5.434003,3.5990,0.5600,3.5190,43.50,move_early
5.437401,3.3980,0.5290,3.2950,43.53,move_early
5.440944,3.5430,0.5190,3.5000,43.56,move_early
5.444397,3.4530,0.6110,3.3120,43.58,move_early
5.447956,3.5590,0.5340,3.4430,43.61,move_early
5.451324,3.3680,0.5310,3.2880,43.64,move_early
5.454816,3.4920,0.5280,3.4530,43.67,move_early
5.458194,3.3780,0.5370,3.2890,43.69,move_early
5.471744,13.5500,0.5340,3.4590,43.72,move_early
5.477589,5.8450,0.5730,3.9060,43.76,move_early
5.481140,3.5510,0.5960,3.5590,43.79,move_early
5.483825,2.6850,0.5920,3.4410,43.82,move_early
5.487125,3.3000,0.5950,3.2490,43.86,move_early
5.490571,3.4460,0.5350,3.4270,43.89,move_early
5.494068,3.4970,0.7890,3.4380,43.92,move_early
5.497549,3.4810,0.5390,3.4200,43.95,move_early
5.501133,3.5840,0.5420,3.2470,43.98,move_early
5.504789,3.6560,0.5130,3.4780,44.01,move_early
5.507973,3.1840,0.5620,3.2060,44.04,move_early
5.511476,3.5030,0.5120,3.4460,44.07,move_early
5.514799,3.3230,0.5300,3.2030,44.10,move_early
5.518204,3.4050,0.5340,3.3780,44.13,move_early
5.521869,3.6650,0.7840,3.2660,44.16,move_early
5.525144,3.2750,0.5250,3.4540,44.19,move_early
5.528469,3.3250,0.6900,3.2920,44.22,move_early
5.532006,3.5370,0.5200,3.4370,44.24,move_early
5.538692,6.6860,0.5330,3.2940,44.27,move_early
5.542986,4.2940,0.6680,3.5340,44.30,move_early
5.546513,3.5270,0.5170,3.5350,44.33,move_early
5.549580,3.0670,0.5280,3.3210,44.36,move_early
5.553065,3.4850,0.5320,3.4940,44.39,move_early
5.556408,3.3430,0.5430,3.3220,44.42,move_early
5.561183,4.7750,0.5050,3.4530,44.45,move_early
5.564176,2.9930,0.5430,3.5200,44.48,move_early
5.567828,3.6520,0.5250,3.6140,44.51,move_early
5.571175,3.3470,0.6180,3.2500,44.54,move_early
5.574720,3.5450,0.5360,3.4790,44.57,move_early
5.578016,3.2960,0.5300,3.2420,44.60,move_early
5.581573,3.5570,0.5370,3.4990,44.63,move_early
5.584923,3.3500,0.5500,3.2490,44.66,move_early
5.588414,3.4910,0.7110,3.4030,44.69,move_early
5.591762,3.3480,0.5100,3.2530,44.72,move_early
5.595948,4.1860,0.5220,3.9380,44.75,move_early
5.599203,3.2550,0.6850,3.2730,44.78,move_early
5.602702,3.4990,0.5990,3.5090,44.81,move_early
5.606280,3.5780,0.5090,3.4500,44.84,move_early
5.609939,3.6590,0.5170,3.5160,44.87,move_early
5.613252,3.3130,0.5290,3.2790,44.90,move_early
5.616790,3.5380,0.5270,3.4430,44.93,move_early
5.620202,3.4120,0.5380,3.2730,44.96,move_early
5.623761,3.5590,0.5160,3.4460,44.99,move_early
5.627196,3.4350,0.5810,3.2710,45.02,move_early
5.631027,3.8310,0.5250,3.8410,45.04,move_early
5.634425,3.3980,0.5200,3.2740,45.07,move_early
5.637982,3.5570,0.5340,3.4870,45.10,move_early
5.641339,3.3570,0.6800,3.2450,45.13,move_early
5.644882,3.5430,0.5270,3.4750,45.16,move_early
5.648211,3.3290,0.5740,3.2530,45.19,move_early
5.651766,3.5550,0.5470,3.4540,45.22,move_early
5.655178,3.4120,0.5390,3.2980,45.25,move_early
5.658737,3.5590,0.5400,3.4400,45.28,move_early
5.662121,3.3840,0.5760,3.2910,45.31,move_early
5.666361,4.2400,0.5610,3.4650,45.34,move_early
5.669678,3.3170,0.5750,3.2520,45.37,move_early
5.673634,3.9560,0.5450,3.5180,45.40,move_early
5.679107,5.4730,0.5350,3.2320,45.43,move_early
5.682168,3.0610,0.5590,3.2860,45.46,move_early
5.685633,3.4650,0.5210,3.4570,45.49,move_early
5.689076,3.4430,0.5300,3.2760,45.52,move_early
5.692834,3.7580,0.5250,3.6670,45.55,move_early
5.696553,3.7190,0.5470,3.5270,45.58,move_early
5.700747,4.1940,0.5730,3.6980,45.61,move_early
5.704001,3.2540,0.5330,3.2400,45.64,move_early
5.707841,3.8400,0.5230,3.6830,45.67,move_early
5.711481,3.6400,0.5920,3.2340,45.70,move_early
5.715191,3.7100,0.7070,3.6900,45.73,move_early
5.718507,3.3160,0.5260,3.2220,45.76,move_early
5.722259,3.7520,0.5640,3.2340,45.79,move_early
5.725906,3.6470,0.5540,3.6010,45.82,move_early
5.729815,3.9090,0.5180,3.8460,45.84,move_early
5.733574,3.7590,0.5160,3.6390,45.87,move_early
5.737174,3.6000,0.5160,3.2680,45.90,move_early
5.740954,3.7800,0.5170,3.6340,45.93,move_early
5.744253,3.2990,0.5720,3.2580,45.96,move_early
5.747991,3.7380,0.5260,3.6230,45.99,move_early
5.751285,3.2940,0.7750,3.2420,46.02,move_early
5.755080,3.7950,0.5490,3.6120,46.05,move_early
5.758361,3.2810,0.5600,3.2220,46.08,move_early
5.762057,3.6960,0.5480,3.6290,46.11,move_early
5.765748,3.6910,0.6800,3.2340,46.14,move_early
5.769784,4.0360,0.5440,3.6210,46.17,move_early
5.773291,3.5070,0.5980,3.1990,46.20,move_early
5.776641,3.3500,0.5200,3.6500,46.23,move_early
5.779909,3.2680,0.5320,3.2460,46.26,move_early
5.783610,3.7010,0.5100,3.6240,46.29,move_early
5.794917,11.3070,0.5070,3.2320,46.32,move_early
5.802328,7.4110,0.6060,3.6270,46.35,move_early
5.806299,3.9710,0.6550,3.2200,46.39,move_early
5.809416,3.1170,0.6120,3.2100,46.42,move_early
5.812772,3.3560,0.6830,3.2240,46.45,move_early
5.816350,3.5780,0.5470,3.5840,46.49,move_early
5.819653,3.3030,0.5380,3.2250,46.52,move_early
5.823332,3.6790,0.5390,3.5520,46.55,move_early
5.826561,3.2290,0.5450,3.2200,46.58,move_early
5.831969,5.4080,0.5510,3.7660,46.61,move_early
5.835421,3.4520,0.5280,3.4600,46.64,move_early
5.838738,3.3170,0.5360,3.6110,46.67,move_early
5.841940,3.2020,0.5570,3.2270,46.70,move_early
5.845650,3.7100,0.5300,3.6390,46.73,move_early
5.848908,3.2580,0.5300,3.2060,46.76,move_early
5.852644,3.7360,0.5290,3.6980,46.79,move_early
5.855956,3.3120,0.5190,3.2150,46.82,move_early
5.860315,4.3590,0.6120,4.2630,46.85,move_early
5.864264,3.9490,0.5160,3.8720,46.88,move_early
5.867899,3.6350,0.5440,3.5070,46.91,move_early
5.871617,3.7180,0.5610,3.6620,46.94,move_early
5.874867,3.2500,0.5700,3.2130,46.97,move_early
5.878566,3.6990,0.5480,3.6180,47.00,move_early
5.887138,8.5720,0.5350,3.2140,47.03,move_early
5.890434,3.2960,0.5340,3.5900,47.06,move_early
5.894046,3.6120,0.5530,3.5320,47.09,move_early
5.897909,3.8630,0.6160,3.4840,47.13,move_early
5.901551,3.6420,0.5240,3.6330,47.16,move_early
5.904896,3.3450,0.6860,3.2090,47.19,move_early
5.908587,3.6910,0.5480,3.6170,47.23,move_early
5.911912,3.3250,0.5670,3.2190,47.26,move_early
5.915639,3.7270,0.5370,3.5980,47.29,move_early
5.918958,3.3190,0.5600,3.2270,47.32,move_early
5.922676,3.7180,0.5370,3.6360,47.35,move_early
5.926101,3.4250,0.5410,3.2160,47.38,move_early
5.930337,4.2360,0.5260,4.2380,47.41,move_early
5.934096,3.7590,0.5630,3.7270,47.43,move_early
5.938034,3.9380,0.5610,3.2510,47.47,move_early
5.941858,3.8240,0.5180,3.6530,47.50,move_early
5.945099,3.2410,0.5620,3.2370,47.52,move_early
5.948746,3.6470,0.5290,3.5800,47.55,move_early
5.952161,3.4150,0.5290,3.2320,47.58,move_early
5.955826,3.6650,0.5550,3.5920,47.61,move_early
5.959111,3.2850,0.7220,3.2330,47.64,move_early
5.962894,3.7830,0.5520,3.6150,47.67,move_early
5.966469,3.5750,0.5370,3.2420,47.70,move_early
5.970159,3.6900,0.5180,3.6560,47.73,move_early
5.973545,3.3860,0.5620,3.2340,47.76,move_early
5.977184,3.6390,0.6250,3.6450,47.79,move_early
5.980581,3.3970,0.5610,3.2530,47.82,move_early
5.984484,3.9030,0.5380,3.6810,47.85,move_early
5.987736,3.2520,0.5910,3.2470,47.88,move_early
5.991405,3.6690,0.6360,3.6330,47.91,move_early
5.995115,3.7100,0.5220,3.4560,47.94,move_early
5.999327,4.2120,0.5650,4.2650,47.97,move_early
6.002801,3.4740,0.6240,3.2690,48.00,move_early
6.006691,3.8900,0.5630,3.6620,48.03,move_early
6.010417,3.7260,0.5830,3.7040,48.06,move_early
6.013703,3.2860,0.5320,3.2330,48.09,move_early
6.017475,3.7720,0.5340,3.6550,48.12,move_early
6.020805,3.3300,0.5310,3.2230,48.15,move_early
6.024871,4.0660,0.5350,3.6670,48.18,move_early
6.028149,3.2780,0.5330,3.2940,48.21,move_early
6.031833,3.6840,0.5690,3.6670,48.24,move_early
6.035512,3.6790,0.5370,3.2850,48.27,move_early
6.039241,3.7290,0.5770,3.7000,48.30,move_early
6.042791,3.5500,0.5700,3.2830,48.32,move_early
6.046921,4.1300,0.5780,3.6970,48.35,move_early
6.050297,3.3760,0.5510,3.2910,48.38,move_early
6.054101,3.8040,0.5270,3.6810,48.41,move_early
6.057482,3.3810,0.5430,3.2880,48.44,move_early
6.063516,6.0340,0.5720,3.6870,48.47,move_early
6.069376,5.8600,0.5660,3.3060,48.50,move_early
6.074274,4.8980,0.5690,3.2840,48.54,move_early
6.087116,12.8420,0.7400,3.2800,48.57,move_early
6.097130,10.0140,0.7830,3.6860,48.62,move_early
6.106684,9.5540,0.5970,3.6520,48.70,move_early
6.114941,8.2570,0.6330,3.1700,48.78,move_early
6.122378,7.4370,0.6450,3.2200,48.84,move_early
6.128372,5.9940,0.6370,3.5770,48.90,move_early
6.135192,6.8200,0.5950,3.3720,48.95,move_early
6.141328,6.1360,0.5620,3.6160,49.01,move_early
6.147276,5.9480,0.6140,3.1590,49.05,move_early
6.152994,5.7180,0.6510,3.1510,49.11,move_early
6.158348,5.3540,0.6180,3.1670,49.16,move_early
6.163214,4.8660,1.1540,3.1380,49.22,move_early
6.166789,3.5750,0.5720,3.8540,49.27,move_early
6.170292,3.5030,0.5850,3.5920,49.32,move_early
6.173335,3.0430,0.5950,3.1480,49.37,move_early
6.176962,3.6270,0.5730,3.5910,49.43,move_early
6.180238,3.2760,0.5860,3.1660,49.47,move_early
6.183909,3.6710,0.5280,3.5880,49.50,move_early
6.187215,3.3060,0.5290,3.1800,49.53,move_early
6.190921,3.7060,0.5710,3.6300,49.56,move_early
6.195083,4.1620,0.5410,4.0850,49.59,move_early
6.198980,3.8970,0.5110,3.6510,49.62,move_early
6.202602,3.6220,0.5820,3.2650,49.65,move_early
6.206374,3.7720,0.5590,3.7080,49.68,move_early
6.209781,3.4070,0.5460,3.2680,49.71,move_early
6.213520,3.7390,0.6220,3.6710,49.74,move_early
6.216878,3.3580,0.5160,3.2570,49.76,move_early
6.221170,4.2920,0.5270,3.6450,49.79,move_early
6.224130,2.9600,0.4880,3.2710,49.82,move_early
6.227790,3.6600,0.5440,3.6550,49.85,move_early
6.231377,3.5870,0.5580,3.2440,49.88,move_early
6.235133,3.7560,0.5190,3.6660,49.90,move_early
6.238491,3.3580,0.5120,3.2360,49.93,move_early
6.242231,3.7400,0.5190,3.6730,49.96,move_early
6.245557,3.3260,0.5170,3.2160,49.98,move_early
6.249249,3.6920,0.5450,3.6270,50.01,move_early
6.252688,3.4390,0.5170,3.2490,50.04,move_early
6.256310,3.6220,0.5200,3.6310,50.06,move_early
6.259859,3.5490,0.5270,3.4750,50.09,move_early
6.264229,4.3700,0.5940,4.2780,50.12,move_early
6.268010,3.7810,0.5190,3.6800,50.14,move_early
6.271397,3.3870,0.5300,3.2420,50.17,move_early
6.275347,3.9500,0.5060,3.6610,50.20,move_early
6.278761,3.4140,0.5440,3.2550,50.22,move_early
6.282481,3.7200,0.7280,3.6610,50.25,move_early
6.285850,3.3690,0.5750,3.2500,50.28,move_early
6.289540,3.6900,0.5250,3.6600,50.30,move_early
6.292822,3.2820,0.5060,3.2520,50.33,move_early
6.296993,4.1710,0.5100,3.6350,50.36,move_early
6.301189,4.1960,0.5070,3.2490,50.38,move_early
6.305341,4.1520,0.5490,3.6900,50.41,move_early
6.309186,3.8450,0.6110,3.2620,50.44,move_early
6.312878,3.6920,0.5500,3.6680,50.46,move_early
6.317587,4.7090,0.5590,3.6330,50.49,move_early
6.321485,3.8980,0.5690,3.2300,50.52,move_early
6.325243,3.7580,1.2810,3.6540,50.55,move_early
6.328710,3.4670,0.7680,3.2600,50.58,move_early
6.332290,3.5800,0.7990,3.6630,50.61,move_early
6.338027,5.7370,0.5310,3.2700,50.64,move_early
6.343034,5.0070,0.5500,3.6800,50.67,move_early
6.346285,3.2510,0.5890,3.6330,50.70,move_early
6.349119,2.8340,0.5690,3.2450,50.73,move_early
6.352834,3.7150,0.5990,3.6420,50.76,move_early
6.356140,3.3060,0.5460,3.2250,50.79,move_early
6.360055,3.9150,0.5310,3.8640,50.82,move_early
6.363314,3.2590,0.5090,3.1990,50.85,move_early
6.367366,4.0520,0.5570,3.9640,50.88,move_early
6.370713,3.3470,0.5730,3.2570,50.91,move_early
6.374436,3.7230,0.5370,3.6780,50.94,move_early
6.378041,3.6050,0.5470,3.2330,50.97,move_early
6.383150,5.1090,0.5250,3.6690,51.00,move_early
6.387488,4.3380,0.5270,3.2480,51.03,move_early
6.391357,3.8690,0.5860,3.2760,51.06,move_early
6.394780,3.4230,0.5580,3.6480,51.08,move_early
6.399050,4.2700,0.5880,3.8730,51.11,move_early
6.402173,3.1230,0.5340,3.6360,51.14,move_early
6.405419,3.2460,0.5770,3.2270,51.17,move_early
6.408882,3.4630,0.5230,3.4800,51.20,move_early
6.412436,3.5540,0.5320,3.2620,51.23,move_early
6.415774,3.3380,0.5140,3.4320,51.26,move_early
6.422457,6.6830,0.5380,3.2340,51.29,move_early
6.426809,4.3520,0.6470,3.4200,51.32,move_early
6.429990,3.1810,0.6980,3.8180,51.35,move_early
6.433332,3.3420,0.6610,3.2440,51.38,move_early
6.436882,3.5500,0.5720,3.4990,51.41,move_early
6.440170,3.2880,0.5260,3.2590,51.44,move_early
6.443647,3.4770,0.5070,3.4500,51.47,move_early
6.446932,3.2850,0.5350,3.2360,51.50,move_early
6.450487,3.5550,0.5380,3.4270,51.53,move_early
6.453987,3.5000,0.5060,3.2300,51.56,move_early
6.464875,10.8880,0.5240,3.4080,51.59,move_early
6.472129,7.2540,0.5420,3.2400,51.64,move_early
6.475782,3.6530,0.7740,3.9660,51.70,move_early
6.479920,4.1380,0.6650,4.1820,51.73,move_early
6.483568,3.6480,0.5720,3.6000,51.77,move_early
6.487136,3.5680,0.5900,3.6470,51.80,move_early
6.491089,3.9530,0.5310,3.8480,51.83,move_early
6.494618,3.5290,0.5080,3.4630,51.87,move_early
6.498223,3.6050,0.6040,3.5670,51.91,move_early
6.502018,3.7950,0.5530,3.2610,51.94,move_early
6.505860,3.8420,0.5410,3.7150,51.98,move_early
6.509149,3.2890,0.5790,3.2510,52.02,move_early
6.512916,3.7670,0.5020,3.5410,52.05,move_early
6.517643,4.7270,0.6140,4.3360,52.09,move_early
6.521594,3.9510,0.5750,3.5830,52.12,move_early
6.525120,3.5260,0.7920,3.4550,52.16,move_early
6.531915,6.7950,0.5380,3.8910,52.20,move_early
6.537401,5.4860,0.6040,3.9970,52.23,move_early
6.540514,3.1130,0.6370,3.2490,52.27,move_early
6.543911,3.3970,0.5670,3.2630,52.30,move_early
6.547659,3.7480,0.5390,3.7090,52.34,move_early
6.551017,3.3580,0.5280,3.2530,52.37,move_early
6.554637,3.6200,0.5470,3.4760,52.41,move_early
6.558135,3.4980,0.5780,3.2610,52.44,move_early
6.562088,3.9530,0.5260,3.7190,52.47,move_early
6.565654,3.5660,0.6350,3.4840,52.51,move_early
6.569300,3.6460,0.5350,3.6990,52.54,move_early
6.577379,8.0790,0.5240,3.2460,52.57,move_early
6.581733,4.3540,0.5450,3.6820,52.61,move_early
6.586153,4.4200,1.3820,3.2520,52.65,move_early
6.589609,3.4560,0.9240,3.7790,52.68,move_early
6.592894,3.2850,0.7290,3.2270,52.71,move_early
6.597011,4.1170,0.5320,4.1050,52.75,move_early
6.600254,3.2430,0.5290,3.2340,52.78,move_early
6.604122,3.8680,0.5310,3.7000,52.81,move_early
6.607385,3.2630,0.5740,3.2410,52.85,move_early
6.611121,3.7360,0.5510,3.7010,52.88,move_early
6.614491,3.3700,0.5320,3.2530,52.91,move_early
6.618369,3.8780,0.5180,3.6590,52.95,move_early
6.622308,3.9390,0.6580,3.5580,52.98,move_early
6.625838,3.5300,0.7170,3.7580,53.01,move_early
6.629637,3.7990,0.5640,3.6950,53.05,move_early
6.635964,6.3270,0.5270,3.2300,53.08,move_early
6.642638,6.6740,0.5180,3.8410,53.11,move_early
6.646581,3.9430,0.5490,3.2360,53.15,move_early
6.649323,2.7420,0.6070,3.2480,53.18,move_early
6.652999,3.6760,0.5630,3.5400,53.21,move_early
6.656475,3.4760,0.5390,3.4410,53.25,move_early
6.660430,3.9550,0.5420,3.2240,53.28,move_early
6.664159,3.7290,0.5420,3.6610,53.31,move_early
6.667456,3.2970,0.5500,3.2260,53.35,move_early
6.673208,5.7520,0.5490,3.9560,53.38,move_early
6.677010,3.8020,0.5420,3.2230,53.41,move_early
6.679929,2.9190,0.5610,3.7190,53.45,move_early
6.683227,3.2980,0.6150,3.2400,53.48,move_early
6.686992,3.7650,0.5070,3.7380,53.51,move_early
6.690361,3.3690,0.5210,3.2370,53.55,move_early
6.694380,4.0190,0.5150,3.9550,53.58,move_early
6.697706,3.3260,0.5450,3.2430,53.61,move_early
6.701452,3.7460,0.5250,3.6800,53.64,move_early
6.704782,3.3300,0.5640,3.2350,53.67,move_early
6.708471,3.6890,0.5630,3.6680,53.70,move_early
6.711816,3.3450,0.5290,3.2300,53.73,move_early
6.715685,3.8690,0.5110,3.6790,53.76,move_early
6.719176,3.4910,0.6340,3.4550,53.78,move_early
6.722709,3.5330,0.5590,3.2430,53.81,move_early
6.726227,3.5180,0.5320,3.4460,53.84,move_early
6.730294,4.0670,0.5430,3.2380,53.87,move_early
6.733802,3.5080,0.5040,3.4930,53.90,move_early
6.737364,3.5620,0.5510,3.2360,53.93,move_early
6.740993,3.6290,0.5670,3.4860,53.96,move_early
6.744557,3.5640,0.5140,3.2460,53.99,move_early
6.748370,3.8130,0.6420,3.7010,54.02,move_early
6.751732,3.3620,0.5750,3.2710,54.05,move_early
6.755669,3.9370,0.5310,3.7030,54.08,move_early
6.758947,3.2780,0.5510,3.2600,54.10,move_early
6.762819,3.8720,0.5210,3.8260,54.13,move_early
6.766134,3.3150,0.5630,3.2650,54.16,move_early
6.769994,3.8600,0.5290,3.6890,54.19,move_early
6.773577,3.5830,0.5390,3.2430,54.22,move_early
6.777072,3.4950,0.5060,3.6870,54.24,move_early
6.782663,5.5910,0.5660,3.2640,54.27,move_early
6.788884,6.2210,0.5260,3.7460,54.30,move_early
6.792950,4.0660,0.5910,3.6990,54.32,move_early
6.796270,3.3200,0.5550,3.2650,54.35,move_early
6.800029,3.7590,0.5710,3.8960,54.38,move_early
6.803580,3.5510,0.5720,3.7100,54.40,move_early
6.806910,3.3300,0.5600,3.2700,54.43,move_early
6.810496,3.5860,0.5620,3.5110,54.46,move_early
6.814146,3.6500,0.5290,3.2790,54.48,move_early
6.817773,3.6270,0.5130,3.5010,54.51,move_early
6.822507,4.7340,0.5970,3.2660,54.54,move_early
6.826495,3.9880,0.5310,3.7310,54.57,move_early
6.829296,2.8010,0.5740,3.4840,54.60,move_early
6.833526,4.2300,0.5990,4.0440,54.63,move_early
6.836756,3.2300,0.5290,3.2720,54.66,move_early
6.840519,3.7630,0.5360,3.7130,54.69,move_early
6.843859,3.3400,0.5220,3.2890,54.71,move_early
6.847783,3.9240,0.5370,3.7190,54.74,move_early
6.851309,3.5260,0.9870,3.4920,54.77,move_early
6.855106,3.7970,0.5360,3.7840,54.80,move_early
6.859230,4.1240,0.5240,4.0230,54.83,move_early
6.862786,3.5560,0.5170,3.4970,54.86,move_early
6.866430,3.6440,0.5500,3.4700,54.89,move_early
6.870311,3.8810,0.5380,3.2900,54.92,move_early
6.874262,3.9510,0.5510,3.8800,54.95,move_early
6.877665,3.4030,0.5270,3.2580,54.98,move_early
6.881658,3.9930,0.5750,3.8740,55.01,move_early
6.884977,3.3190,0.5410,3.2800,55.04,move_early
6.888918,3.9410,0.5640,3.8610,55.07,move_early
6.892289,3.3710,0.5310,3.2640,55.10,move_early
6.896682,4.3930,0.5120,3.8560,55.13,move_early
6.899964,3.2820,0.5350,3.5060,55.16,move_early
6.903829,3.8650,0.5330,3.2710,55.19,move_early
6.907678,3.8490,0.5420,3.8610,55.22,move_early
6.911051,3.3730,0.5110,3.2760,55.25,move_early
6.914660,3.6090,0.5240,3.5150,55.28,move_early
6.918476,3.8160,0.5500,3.2760,55.31,move_early
6.922191,3.7150,0.4920,3.5180,55.34,move_early
6.925963,3.7720,0.5890,3.2680,55.37,move_early
6.931094,5.1310,0.6540,3.8430,55.40,move_early
6.935568,4.4740,0.5580,3.2890,55.43,move_early
6.939336,3.7680,0.6260,3.8450,55.46,move_early
6.942584,3.2480,0.5330,3.2790,55.48,move_early
6.946299,3.7150,0.5790,3.2800,55.51,move_early
6.950379,4.0800,0.5120,3.8500,55.54,move_early
6.953765,3.3860,0.5020,3.2900,55.57,move_early
6.957527,3.7620,0.5680,3.4940,55.60,move_early
6.961146,3.6190,0.5820,3.2750,55.63,move_early
6.965142,3.9960,0.5250,3.9770,55.66,move_early
6.968643,3.5010,0.6030,3.2560,55.69,move_early
6.972311,3.6680,0.6800,3.6810,55.72,move_early
6.975686,3.3750,0.5260,3.2740,55.75,move_early
6.979243,3.5570,0.5240,3.5080,55.78,move_early
6.982591,3.3480,0.6000,3.2850,55.81,move_early
6.986183,3.5920,0.5170,3.4850,55.84,move_early
6.989502,3.3190,0.5270,3.2470,55.87,move_early
6.993610,4.1080,0.5090,3.9380,55.90,move_early
6.997398,3.7880,0.5370,3.2680,55.93,move_early
7.001041,3.6430,0.5240,4.1010,55.96,move_early
7.004771,3.7300,0.5510,3.4980,55.99,move_early
7.008149,3.3780,0.6070,3.2210,56.02,move_early
7.011696,3.5470,0.5640,3.4840,56.05,move_early
7.014983,3.2870,0.5080,3.2210,56.08,move_early
7.018566,3.5830,0.5130,3.4480,56.11,move_early
7.021829,3.2630,0.5260,3.2320,56.13,move_early
7.025295,3.4660,0.5190,3.4070,56.16,move_early
7.028840,3.5450,0.5320,3.4180,56.19,move_early
7.032690,3.8500,0.5290,3.4470,56.22,move_early
7.036072,3.3820,0.5290,3.5020,56.25,move_early
7.041518,5.4460,0.5130,3.4930,56.28,move_early
7.049380,7.8620,0.5030,3.2100,56.31,move_early
7.054442,5.0620,0.5520,3.4650,56.34,move_early
7.057706,3.2640,0.6130,3.2320,56.37,move_early
7.061425,3.7190,0.5630,3.5460,56.40,move_early
7.065057,3.6320,0.5600,3.2540,56.42,move_early
7.069147,4.0900,0.5820,3.9430,56.45,move_early
7.072370,3.2230,0.5860,3.2210,56.48,move_early
7.075939,3.5690,0.6200,3.4680,56.51,move_early
7.079291,3.3520,0.5310,3.2440,56.54,move_early
7.082767,3.4760,0.5150,3.4700,56.57,move_early
7.086094,3.3270,0.5440,3.2240,56.60,move_early
7.091345,5.2510,0.5030,3.4080,56.63,move_early
7.094615,3.2700,0.5650,3.4190,56.66,move_early
7.098388,3.7730,0.5440,3.7170,56.69,move_early
7.101591,3.2030,0.5030,3.2340,56.72,move_early
7.105074,3.4830,0.5280,3.4570,56.75,move_early
7.108406,3.3320,0.5180,3.2560,56.78,move_early
7.111881,3.4750,0.5260,3.2180,56.81,move_early
7.115241,3.3600,0.5320,3.2720,56.84,move_early
7.118705,3.4640,0.5220,3.2230,56.87,move_early
7.122059,3.3540,0.5150,3.2450,56.90,move_early
7.125612,3.5530,0.5040,3.4140,56.93,move_early
7.129067,3.4550,0.5510,3.4310,56.96,move_early
7.133201,4.1340,0.5190,4.0270,56.99,move_early
7.136451,3.2500,0.5450,3.2580,57.02,move_early
7.140637,4.1860,0.5190,3.8300,57.05,move_early
7.144113,3.4760,0.5630,3.4550,57.08,move_early
7.147814,3.7010,0.5140,3.2380,57.11,move_early
7.151000,3.1860,0.5290,3.4490,57.14,move_early
7.154330,3.3300,0.5220,3.2400,57.17,move_early
7.157797,3.4670,0.5110,3.3880,57.20,move_early
7.161433,3.6360,0.5460,3.4740,57.22,move_early
7.164883,3.4500,0.5290,3.2110,57.25,move_early
7.168597,3.7140,0.5270,3.5330,57.28,move_early
7.171925,3.3280,0.5520,3.2230,57.31,move_early
7.175895,3.9700,0.5220,3.7140,57.34,move_early
7.179454,3.5590,0.5580,3.4870,57.37,move_early
7.189550,10.0960,0.5580,3.6770,57.40,move_early
7.195924,6.3740,0.5480,3.4840,57.44,move_early
7.199559,3.6350,0.7160,3.4700,57.49,move_early
7.202861,3.3020,0.6140,3.8510,57.52,move_early
7.206769,3.9080,0.5540,3.8270,57.55,move_early
7.211211,4.4420,0.5780,4.2830,57.59,move_early
7.214759,3.5480,0.7140,3.5480,57.62,move_early
7.218842,4.0830,0.5940,3.2500,57.65,move_early
7.222679,3.8370,0.5430,3.7390,57.69,move_early
7.226704,4.0250,0.6130,3.2430,57.72,move_early
7.230521,3.8170,0.7070,4.1800,57.76,move_early
7.233977,3.4560,0.6950,3.4210,57.80,move_early
7.237301,3.3240,0.5530,3.1750,57.83,move_early
7.240739,3.4380,0.6870,3.4270,57.87,move_early
7.244499,3.7600,0.5330,3.6910,57.91,move_early
7.248103,3.6040,0.5330,3.4710,57.94,move_early
7.251371,3.2680,0.5410,3.2470,57.98,move_early
7.254983,3.6120,0.5960,3.4570,58.01,move_early
7.258559,3.5760,0.5220,3.2660,58.04,move_early
7.262023,3.4640,0.5020,3.4710,58.08,move_early
7.266036,4.0130,0.5150,3.2770,58.11,move_early
7.269566,3.5300,0.5330,3.4760,58.14,move_early
7.272913,3.3470,0.5320,3.2730,58.18,move_early
7.276437,3.5240,0.6630,3.4870,58.21,move_early
7.280167,3.7300,0.5130,3.2830,58.24,move_early
7.283337,3.1700,0.5330,3.4190,58.28,move_early
7.286669,3.3320,0.5720,3.2590,58.31,move_early
7.290163,3.4940,0.5640,3.4230,58.34,move_early
7.293631,3.4680,0.6600,3.2850,58.38,move_early
7.297291,3.6600,0.5040,3.6380,58.41,move_early
7.300949,3.6580,0.5020,3.2690,58.44,move_early
7.304554,3.6050,0.5580,3.4730,58.47,move_early
7.307837,3.2830,0.5080,3.2750,58.49,move_early
7.311404,3.5670,0.5600,3.4710,58.52,move_early
7.314810,3.4060,0.5360,3.2600,58.55,move_early
7.318313,3.5030,0.5790,3.4290,58.58,move_early
7.321598,3.2850,0.5260,3.2590,58.60,move_early
7.325092,3.4940,0.5600,3.4360,58.63,move_early
7.329138,4.0460,0.5220,3.8910,58.66,move_early
7.332725,3.5870,0.5370,3.5060,58.69,move_early
7.336679,3.9540,0.6890,3.2690,58.72,move_early
7.339890,3.2110,0.5210,3.4990,58.75,move_early
7.345220,5.3300,0.5260,3.2940,58.78,move_early
7.347818,2.5980,0.7080,3.4910,58.80,move_early
7.351680,3.8620,0.5280,3.2850,58.83,move_early
7.354602,2.9220,0.6240,3.2610,58.86,move_early
7.359787,5.1850,0.5400,3.2950,58.88,move_early
7.363490,3.7030,0.5420,3.9700,58.91,move_early
7.366239,2.7490,0.5400,3.4750,58.94,move_early
7.369442,3.2030,0.5310,3.2690,58.96,move_early
7.372952,3.5100,0.5270,3.4570,58.99,move_early
7.376303,3.3510,0.5510,3.2530,59.02,move_early
7.380242,3.9390,0.5420,3.4260,59.04,move_early
7.383173,2.9310,0.5370,3.2420,59.07,move_early
7.386662,3.4890,0.5180,3.4590,59.10,move_early
7.390018,3.3560,0.5580,3.2550,59.12,move_early
7.393542,3.5240,0.5690,3.4510,59.15,move_early
7.397994,4.4520,0.5700,4.0680,59.18,move_early
7.401902,3.9080,0.5330,3.5720,59.20,move_early
7.405121,3.2190,0.5430,3.2670,59.23,move_early
7.408678,3.5570,0.5190,3.5670,59.26,move_early
7.412014,3.3360,0.5190,3.2310,59.28,move_early
7.415560,3.5460,0.5080,3.4590,59.31,move_early
7.418968,3.4080,0.5250,3.2370,59.34,move_early
7.422364,3.3960,0.5130,3.4180,59.36,move_early
7.425736,3.3720,0.6790,3.2620,59.39,move_early
7.429507,3.7710,0.5390,3.6480,59.42,move_early
7.433131,3.6240,0.6900,3.2350,59.44,move_early
7.436655,3.5240,0.5850,3.4690,59.47,move_early
7.439967,3.3120,0.6790,3.2350,59.50,move_early
7.443497,3.5300,0.5420,3.4610,59.52,move_early
7.446824,3.3270,0.5280,3.2340,59.55,move_early
7.450279,3.4550,0.5510,3.4230,59.58,move_early
7.453661,3.3820,0.5220,3.2380,59.60,move_early
7.457093,3.4320,0.5200,3.4220,59.63,move_early
7.460402,3.3090,0.5460,3.2370,59.66,move_early
7.463995,3.5930,0.6950,3.4290,59.68,move_early
7.467466,3.4710,0.5570,3.2380,59.71,move_early
7.471014,3.5480,0.5240,3.4700,59.74,move_early
7.474314,3.3000,0.5290,3.2400,59.76,move_early
7.478436,4.1220,0.5240,3.4970,59.79,move_early
7.481881,3.4450,0.5980,3.2410,59.82,move_early
7.485895,4.0140,0.5540,3.4250,59.84,move_early
7.488705,2.8100,0.5810,3.2430,59.87,move_early
7.492166,3.4610,0.7080,3.4470,59.90,move_early
7.495943,3.7770,0.5440,3.4450,59.93,move_early
7.499391,3.4480,0.5210,3.4190,59.96,move_early
7.502943,3.5520,0.5340,3.2570,59.99,move_early
7.506468,3.5250,0.5330,3.4660,60.02,move_early
7.509810,3.3420,0.5170,3.2520,60.04,move_early
7.513406,3.5960,0.5360,3.4760,60.07,move_early
7.516858,3.4520,0.5090,3.2300,60.10,move_early
7.520328,3.4700,0.5250,3.4050,60.13,move_early
7.523551,3.2230,0.5020,3.2340,60.15,move_early
7.527296,3.7450,0.5310,3.5770,60.18,move_early
7.530544,3.2480,0.6900,3.2310,60.21,move_early
7.534062,3.5180,0.5470,3.4760,60.24,move_early
7.537674,3.6120,0.5980,3.2130,60.26,move_early
7.540943,3.2690,0.5210,3.4290,60.29,move_early
7.544270,3.3270,0.5670,3.2000,60.32,move_early
7.547698,3.4280,0.5010,3.3940,60.35,move_early
7.551037,3.3390,0.5310,3.2120,60.37,move_early
7.554444,3.4070,0.5070,3.3820,60.40,move_early
7.557739,3.2950,0.5050,3.2100,60.43,move_early
7.561489,3.7500,0.6790,3.6010,60.46,move_early
7.564974,3.4850,0.6630,3.2350,60.48,move_early
7.568483,3.5090,0.5330,3.4480,60.51,move_early
7.571797,3.3140,0.5040,3.2000,60.54,move_early
7.575311,3.5140,0.5260,3.4220,60.57,move_early
7.578603,3.2920,0.5500,3.2110,60.59,move_early
7.582106,3.5030,0.5160,3.4080,60.62,move_early
7.585451,3.3450,0.5430,3.2070,60.65,move_early
7.588888,3.4370,0.5300,3.3880,60.68,move_early
7.592186,3.2980,0.5230,3.2130,60.70,move_early
7.595803,3.6170,0.5090,3.5190,60.73,move_early
7.599166,3.3630,0.6760,3.2400,60.76,move_early
7.602649,3.4830,0.4970,3.4560,60.79,move_early
7.606037,3.3880,0.5120,3.2720,60.81,move_early
7.610989,4.9520,0.5110,3.4750,60.84,move_early
7.613523,2.5340,0.4950,3.2480,60.87,move_early
7.617674,4.1510,0.5430,3.4610,60.90,move_early
7.620394,2.7200,0.5690,3.2570,60.93,move_early
7.623916,3.5220,0.6630,3.4440,60.96,move_early
7.627427,3.5110,0.5240,3.4420,60.99,move_early
7.630919,3.4920,0.5100,3.4210,61.01,move_early
7.634501,3.5820,0.5410,3.2460,61.04,move_early
7.638152,3.6510,0.5040,3.4800,61.07,move_early
7.641410,3.2580,0.5290,3.2390,61.10,move_early
7.645766,4.3560,0.5130,3.4560,61.13,move_early
7.651937,6.1710,0.5370,3.2400,61.15,move_early
7.655788,3.8510,0.5280,3.4100,61.19,move_early
7.659406,3.6180,0.5320,3.5180,61.22,move_early
7.662614,3.2080,0.5440,3.2480,61.25,move_early
7.666048,3.4340,0.5740,3.4690,61.28,move_early
7.669370,3.3220,0.5040,3.2410,61.31,move_early
7.672915,3.5450,0.5160,3.4960,61.34,move_early
7.676247,3.3320,0.5110,3.2480,61.37,move_early
7.681898,5.6510,0.5880,3.4180,61.39,move_early
7.685556,3.6580,0.6040,3.2110,61.42,move_early
7.688894,3.3380,0.5010,3.4100,61.45,move_early
7.692288,3.3940,0.5080,3.2240,61.48,move_early
7.695798,3.5100,0.6070,3.5270,61.51,move_early
7.699093,3.2950,0.5120,3.2130,61.54,move_early
7.702550,3.4570,0.5000,3.4090,61.57,move_early
7.705850,3.3000,0.5030,3.2120,61.60,move_early
7.709324,3.4740,0.5060,3.3990,61.63,move_early
7.713134,3.8100,0.4840,3.2150,61.66,move_early
7.716578,3.4440,0.6780,3.3700,61.69,move_early
7.719898,3.3200,0.5000,3.2340,61.72,move_early
7.723453,3.5550,0.5320,3.4400,61.75,move_early
7.727010,3.5570,0.5280,3.5120,61.78,move_early
7.730833,3.8230,0.5220,3.5570,61.81,move_early
7.734211,3.3780,0.4930,3.2430,61.83,move_early
7.737769,3.5580,0.5290,3.2050,61.86,move_early
7.741059,3.2900,0.6930,3.2350,61.89,move_early
7.744573,3.5140,0.5030,3.2130,61.92,move_early
7.747904,3.3310,0.5120,3.2230,61.94,move_early
7.751385,3.4810,0.5160,3.4060,61.97,move_early
7.754681,3.2960,0.5000,3.2280,62.00,move_early
7.758200,3.5190,0.5570,3.4260,62.03,move_early
7.761691,3.4910,0.5190,3.2170,62.05,move_early
7.765232,3.5410,0.6340,3.5910,62.08,move_early
7.768552,3.3200,0.5400,3.2060,62.11,move_early
7.772111,3.5590,0.4940,3.4690,62.14,move_early
7.775480,3.3690,0.4990,3.2510,62.16,move_early
7.779022,3.5420,0.5230,3.4620,62.19,move_early
7.782283,3.2610,0.5020,3.2250,62.22,move_early
7.785787,3.5040,0.5120,3.4130,62.25,move_early
7.789411,3.6240,0.5050,3.2260,62.27,move_early
7.792901,3.4900,0.5280,3.7010,62.30,move_early
7.796252,3.3510,0.5090,3.2150,62.33,move_early
7.799816,3.5640,0.5540,3.4540,62.36,move_early
7.803072,3.2560,0.5070,3.1980,62.39,move_early
7.806592,3.5200,0.5110,3.4250,62.41,move_early
7.810060,3.4680,0.6240,3.2110,62.44,move_early
7.813487,3.4270,0.5010,3.3700,62.47,move_early
7.817307,3.8200,0.5080,3.2050,62.50,move_early
7.820704,3.3970,0.5020,3.3870,62.53,move_early
7.823988,3.2840,0.5150,3.1950,62.55,move_early
7.827810,3.8220,0.4930,3.5520,62.58,move_early
7.831479,3.6690,0.4780,3.1920,62.61,move_early
7.834920,3.4410,0.6150,3.4300,62.64,move_early
7.838233,3.3130,0.5090,3.2110,62.67,move_early
7.841764,3.5310,0.5110,3.4010,62.69,move_early
7.845035,3.2710,0.5650,3.1980,62.72,move_early
7.848449,3.4140,0.5510,3.3790,62.75,move_early
7.851756,3.3070,0.4960,3.2020,62.77,move_early
7.855293,3.5370,0.5140,3.3760,62.80,move_early
7.858696,3.4030,0.5350,3.4110,62.83,move_early
7.862587,3.8910,0.5450,3.6430,62.86,move_early
7.865937,3.3500,0.4890,3.2080,62.89,move_early
7.869438,3.5010,0.5030,3.4540,62.92,move_early
7.872781,3.3430,0.5190,3.2180,62.94,move_early
7.876286,3.5050,0.5350,3.4380,62.97,move_early
7.879629,3.3430,0.5000,3.2180,63.00,move_early
7.895604,15.9750,0.5030,3.3990,63.03,move_early
7.906854,11.2500,0.5370,3.2210,63.09,move_early
7.917036,10.1820,0.6110,3.4570,63.18,move_early
7.921244,4.2080,0.6590,3.1910,63.26,move_early
7.925734,4.4900,0.7210,3.3260,63.30,move_early
7.929798,4.0640,0.8160,3.1550,63.36,move_early
7.937701,7.9030,0.7560,3.3500,63.42,move_early
7.942412,4.7110,0.8150,3.3560,63.45,move_early
7.946270,3.8580,0.5990,3.3410,63.51,move_early
7.949265,2.9950,0.6260,3.1350,63.56,move_early
7.952584,3.3190,0.6710,3.2720,63.61,move_early
7.955700,3.1160,0.5370,3.1100,63.67,move_early
7.959115,3.4150,0.5130,3.2930,63.70,move_early
7.962476,3.3610,0.5970,3.1200,63.73,move_early
7.965939,3.4630,0.5060,3.3380,63.76,move_early
7.969157,3.2180,0.5260,3.1180,63.78,move_early
7.972566,3.4090,0.5490,3.3330,63.81,move_early
7.975795,3.2290,0.5190,3.1300,63.84,move_early
7.979310,3.5150,0.5510,3.3190,63.86,move_early
7.982461,3.1510,0.5060,3.1830,63.89,move_early
7.985970,3.5090,0.5310,3.3890,63.92,move_early
7.989315,3.3450,0.5150,3.2160,63.94,move_early
7.992879,3.5640,0.5250,3.5090,63.97,move_early
7.996556,3.6770,0.6660,3.2100,64.00,move_early
8.000101,3.5450,0.8070,3.4380,64.02,move_early
8.003422,3.3210,0.5030,3.2210,64.05,move_early
8.006918,3.4960,0.5580,3.4350,64.08,move_early
8.010281,3.3630,0.5250,3.2090,64.10,move_early
8.013693,3.4120,0.5120,3.3880,64.13,move_early
8.017009,3.3160,0.5090,3.2090,64.16,move_early
8.020526,3.5170,0.5130,3.3630,64.18,move_early
8.023817,3.2910,0.5050,3.2180,64.21,move_early
8.027288,3.4710,0.5540,3.3610,64.24,move_early
8.030958,3.6700,0.6440,3.2150,64.26,move_early
8.034602,3.6440,0.5590,3.4190,64.29,move_early
8.037640,3.0380,0.5010,3.2120,64.32,move_early
8.041168,3.5280,0.5020,3.4600,64.34,move_early
8.044563,3.3950,0.4930,3.2690,64.37,move_early
8.048080,3.5170,0.5710,3.4580,64.40,move_early
8.051415,3.3350,0.5310,3.2700,64.42,move_early
8.055117,3.7020,0.4960,3.4180,64.45,move_early
8.058993,3.8760,0.5130,3.5060,64.48,move_early
8.062080,3.0870,0.5160,3.4510,64.50,move_early
8.065899,3.8190,0.5150,3.5500,64.53,move_early
8.069381,3.4820,0.5370,3.4970,64.56,move_early
8.072692,3.3110,0.5070,3.2790,64.58,move_early
8.076618,3.9260,0.5520,3.5070,64.61,move_early
8.079830,3.2120,0.5170,3.3040,64.64,move_early
8.083548,3.7180,0.5860,3.4580,64.66,move_early
8.089383,5.8350,0.5380,3.2750,64.69,move_early
8.094662,5.2790,0.6840,3.4380,64.72,move_early
8.100790,6.1280,0.5280,3.4690,64.75,move_early
8.105678,4.8880,0.7750,3.2700,64.79,move_early
8.109260,3.5820,0.5350,3.2610,64.82,move_early
8.115759,6.4990,0.6850,3.4570,64.85,move_early
8.120760,5.0010,0.5540,3.2280,64.88,move_early
8.126379,5.6190,0.5660,3.2190,64.91,move_early
8.131444,5.0650,0.7660,3.4790,64.94,move_early
8.136842,5.3980,0.5310,3.4470,64.97,move_early
8.141865,5.0230,0.5430,3.4530,65.02,move_early
8.145614,3.7490,0.5340,3.1920,65.06,move_early
8.150839,5.2250,0.5380,3.1820,65.09,move_early
8.155412,4.5730,0.5300,3.3490,65.13,move_early
8.159849,4.4370,0.5520,3.4130,65.16,move_early
8.164467,4.6180,0.5610,3.4040,65.20,move_early
8.167783,3.3160,0.5810,3.4400,65.24,move_early
8.171400,3.6170,0.5930,3.1890,65.27,move_early
8.174380,2.9800,0.5410,3.3950,65.30,move_early
8.177626,3.2460,0.5930,3.1830,65.34,move_early
8.181156,3.5300,0.5120,3.3700,65.38,move_early
8.184465,3.3090,0.5330,3.1780,65.41,move_early
8.187804,3.3390,0.5390,3.3690,65.45,move_early
8.191276,3.4720,0.5350,3.4130,65.49,move_early
8.194728,3.4520,0.6040,3.3800,65.52,move_early
8.198227,3.4990,0.5400,3.1910,65.56,move_early
8.204040,5.8130,0.5060,3.5260,65.59,move_early
8.207114,3.0740,0.5220,3.2680,65.62,move_early
8.210466,3.3520,0.5130,3.2650,65.66,move_early
8.213750,3.2840,0.5150,3.2970,65.69,move_early
8.217231,3.4810,0.5080,3.4270,65.72,move_early
8.220540,3.3090,0.4980,3.2530,65.76,move_early
8.224272,3.7320,0.5180,3.5940,65.79,move_early
8.228488,4.2160,0.6400,3.7300,65.82,move_early
8.232015,3.5270,0.6570,3.2480,65.86,move_early
8.235453,3.4380,0.5030,3.4520,65.89,move_early
8.238794,3.3410,0.4980,3.2150,65.92,move_early
8.242352,3.5580,0.5280,3.4250,65.96,move_early
8.245636,3.2840,0.5050,3.2110,65.99,move_early
8.249176,3.5400,0.4940,3.4340,66.02,move_early
8.252452,3.2760,0.5000,3.2110,66.05,move_early
8.256150,3.6980,0.5080,3.4350,66.08,move_early
8.263442,7.2920,0.5130,3.2240,66.11,move_early
8.266454,3.0120,0.5280,3.5120,66.14,move_early
8.270121,3.6670,0.5610,3.4780,66.17,move_early
8.273676,3.5550,0.5320,3.2550,66.19,move_early
8.277426,3.7500,0.5070,3.6900,66.22,move_early
8.280801,3.3750,0.5070,3.2080,66.25,move_early
8.284480,3.6790,0.5400,3.6070,66.28,move_early
8.288100,3.6200,0.5290,3.1940,66.31,move_early
8.291525,3.4250,0.5120,3.7250,66.34,move_early
8.294873,3.3480,0.5840,3.2200,66.37,move_early
8.298581,3.7080,0.5270,3.6300,66.40,move_early
8.301843,3.2620,0.6790,3.2230,66.43,move_early
8.305535,3.6920,0.5300,3.6320,66.46,move_early
8.308900,3.3650,0.5890,3.2160,66.49,move_early
8.312498,3.5980,0.5020,3.6020,66.52,move_early
8.315777,3.2790,0.7650,3.1930,66.55,move_early
8.319805,4.0280,0.5210,3.4250,66.58,move_early
8.323319,3.5140,0.5380,3.2180,66.61,move_early
8.328526,5.2070,0.5140,3.4470,66.64,move_early
8.332451,3.9250,0.5590,3.2170,66.67,move_early
8.337404,4.9530,0.6090,3.6570,66.70,move_early
8.341243,3.8390,0.5900,3.4280,66.73,move_early
8.345103,3.8600,0.7020,3.2030,66.76,move_early
8.347979,2.8760,0.5580,3.6020,66.79,move_early
8.351974,3.9950,0.5360,3.1970,66.82,move_early
8.354808,2.8340,0.5370,3.5560,66.85,move_early
8.358454,3.6460,0.5140,3.7010,66.88,move_early
8.362331,3.8770,0.5490,3.6380,66.91,move_early
8.365627,3.2960,0.5440,3.1690,66.94,move_early
8.369146,3.5190,0.5780,3.6160,66.97,move_early
8.372381,3.2350,0.5150,3.1780,66.99,move_early
8.376092,3.7110,0.5270,3.6090,67.02,move_early
8.379767,3.6750,0.5050,3.1880,67.05,move_early
8.383135,3.3680,0.4910,3.6350,67.08,move_early
8.387534,4.3990,0.5310,3.2050,67.11,move_early
8.390374,2.8400,0.5260,3.6370,67.14,move_early
8.394298,3.9240,0.5520,3.1990,67.17,move_early
8.397677,3.3790,0.5250,3.6680,67.20,move_early
8.401025,3.3480,0.5460,3.1890,67.23,move_early
8.404908,3.8830,0.6540,3.6490,67.26,move_early
8.407876,2.9680,0.5160,3.2120,67.29,move_early
8.411531,3.6550,0.5360,3.6240,67.32,move_early
8.414776,3.2450,0.4960,3.1960,67.35,move_early
8.418906,4.1300,0.6630,3.6250,67.38,move_early
8.421791,2.8850,0.4830,3.2270,67.41,move_early
8.426812,5.0210,0.5190,3.7200,67.44,move_early
8.429432,2.6200,0.5230,3.5030,67.47,move_early
8.433039,3.6070,0.5420,3.2140,67.49,move_early
8.436484,3.4450,0.5110,3.4750,67.52,move_early
8.440063,3.5790,0.4920,3.2140,67.55,move_early
8.443843,3.7800,0.5240,3.6980,67.58,move_early
8.447220,3.3770,0.5150,3.2370,67.61,move_early
8.450924,3.7040,0.4980,3.6670,67.63,move_early
8.456775,5.8510,0.5120,3.2460,67.66,move_early
8.459349,2.5740,0.5170,3.6680,67.69,move_early
8.463250,3.9010,0.5270,3.2350,67.71,move_early
8.466485,3.2350,0.5130,3.6980,67.74,move_early
8.469823,3.3380,0.5340,3.2410,67.77,move_early
8.473649,3.8260,0.5260,3.6970,67.79,move_early
8.479555,5.9060,0.5040,3.2290,67.82,move_early
8.486418,6.8630,0.4980,3.6970,67.85,move_early
8.497278,10.8600,0.5920,3.6540,67.88,move_early
8.508474,11.1960,2.5990,3.7590,67.93,move_early
8.517031,8.5570,0.7360,3.5020,68.02,move_early
8.524879,7.8480,0.9890,3.5930,68.07,move_early
8.528292,3.4130,0.8680,3.1260,68.12,move_early
8.531395,3.1030,0.5880,3.1380,68.16,move_early
8.534970,3.5750,0.5190,3.1100,68.21,move_early
8.540375,5.4050,0.5270,3.1530,68.25,move_early
8.543610,3.2350,0.6910,3.0960,68.30,move_early
8.547132,3.5220,0.5460,3.1140,68.34,move_early
8.550419,3.2870,0.5310,3.5710,68.39,move_early
8.553549,3.1300,0.5190,3.1150,68.43,move_early
8.559770,6.2210,0.5670,3.5500,68.48,move_early
8.562858,3.0880,0.5610,3.1450,68.52,move_early
8.566161,3.3030,0.5610,3.1800,68.56,move_early
8.569759,3.5980,0.4980,3.1280,68.59,move_early
8.573020,3.2610,0.4960,3.1670,68.61,move_early
8.576844,3.8240,0.5060,3.1400,68.64,move_early
8.579933,3.0890,0.5010,3.1610,68.67,move_early
8.583654,3.7210,0.6300,3.1210,68.70,move_early
8.587321,3.6670,0.5030,3.1570,68.72,move_early
8.591206,3.8850,0.5590,3.1310,68.75,move_early
8.594139,2.9330,0.5300,3.1630,68.78,move_early
8.597624,3.4850,0.5080,3.3920,68.81,move_early
8.601133,3.5090,0.5150,3.2060,68.84,move_early
8.604623,3.4900,0.5130,3.4210,68.87,move_early
8.608311,3.6880,0.5250,3.2130,68.89,move_early
8.611707,3.3960,0.5460,3.4250,68.92,move_early
8.615310,3.6030,0.5160,3.2110,68.95,move_early
8.618877,3.5670,0.4930,3.4310,68.98,move_early
8.622360,3.4830,0.5440,3.2030,69.01,move_early
8.626278,3.9180,0.5770,3.8730,69.04,move_early
8.629574,3.2960,0.4980,3.1930,69.07,move_early
8.633265,3.6910,0.4930,3.6650,69.09,move_early
8.636739,3.4740,0.5020,3.2090,69.12,move_early
8.640326,3.5870,0.4780,3.6380,69.15,move_early
8.643624,3.2980,0.4800,3.2030,69.18,move_early
8.649049,5.4250,0.6550,3.6770,69.20,move_early
8.651986,2.9370,0.4950,3.1810,69.23,move_early
8.655882,3.8960,0.4810,3.7350,69.26,move_early
8.659683,3.8010,0.4770,3.7230,69.28,move_early
8.663295,3.6120,0.4890,3.2070,69.31,move_early
8.666944,3.6490,0.4880,3.5250,69.34,move_early
8.670180,3.2360,0.4860,3.2090,69.36,move_early
8.673651,3.4710,0.5150,3.3900,69.39,move_early
8.676868,3.2170,0.5310,3.1510,69.42,move_early
8.680489,3.6210,0.4920,3.4380,69.44,move_early
8.683732,3.2430,0.4930,3.1580,69.47,move_early
8.687100,3.3680,0.5210,3.3770,69.50,move_early
8.690365,3.2650,0.4880,3.1650,69.52,move_early
8.693646,3.2810,0.7090,3.1960,69.55,move_early
8.698484,4.8380,0.5190,3.5270,69.58,move_early
8.701440,2.9560,1.1320,3.2230,69.60,move_early
8.704761,3.3210,0.5350,3.1940,69.63,move_early
8.708560,3.7990,0.4870,3.4250,69.66,move_early
8.711557,2.9970,0.4910,3.1800,69.68,move_early
8.715032,3.4750,0.5040,3.3810,69.71,move_early
8.718290,3.2580,0.4870,3.1960,69.74,move_early
8.721748,3.4580,0.4790,3.4020,69.76,move_early
8.725033,3.2850,0.4760,3.1980,69.79,move_early
8.728339,3.3060,0.4710,3.1990,69.82,move_early
8.731941,3.6020,0.4770,3.5530,69.84,move_early
8.736963,5.0220,0.4840,3.7110,69.87,move_early
8.741787,4.8240,0.4890,3.4420,69.90,move_early
8.753765,11.9780,0.6110,3.4070,69.93,move_early
8.759533,5.7680,0.5380,3.2250,69.96,move_early
8.762639,3.1060,0.6030,3.1970,70.00,move_early
8.765678,3.0390,0.5400,3.5290,70.03,move_early
8.768976,3.2980,0.5410,3.1620,70.06,move_early
8.772402,3.4260,0.5090,3.4040,70.08,move_early
8.775627,3.2250,0.4900,3.1720,70.11,move_early
8.779127,3.5000,0.5180,3.3930,70.14,move_early
8.782419,3.2920,0.4870,3.1390,70.17,move_early
8.785783,3.3640,0.4940,3.3060,70.20,move_early
8.789023,3.2400,0.4900,3.1460,70.23,move_early
8.792588,3.5650,0.6320,3.4870,70.26,move_early
8.795803,3.2150,0.4990,3.1430,70.29,move_early
8.799300,3.4970,0.5280,3.4100,70.32,move_early
8.803103,3.8030,0.4680,3.1960,70.35,move_early
8.806277,3.1740,0.4860,3.4250,70.38,move_early
8.809573,3.2960,0.5220,3.2090,70.41,move_early
8.813019,3.4460,0.4680,3.3800,70.44,move_early
8.816283,3.2640,0.5020,3.1920,70.47,move_early
8.819747,3.4640,0.4700,3.3940,70.50,move_early
8.823053,3.3060,0.5770,3.2050,70.53,move_early
8.826519,3.4660,0.4860,3.3910,70.56,move_early
8.830088,3.5690,0.4950,3.2140,70.59,move_early
8.833586,3.4980,0.4960,3.4500,70.62,move_early
8.836859,3.2730,0.5700,3.2180,70.65,move_early
8.840331,3.4720,0.4990,3.4150,70.68,move_early
8.843636,3.3050,0.6010,3.1990,70.71,move_early
8.847130,3.4940,0.5150,3.3620,70.74,move_early
8.850405,3.2750,0.5190,3.1780,70.77,move_early
8.853857,3.4520,0.4990,3.3780,70.80,move_early
8.857122,3.2650,0.6430,3.1860,70.82,move_early
8.860434,3.3120,0.4720,3.2150,70.85,move_early
8.864181,3.7470,0.4990,3.5160,70.88,move_early
8.867578,3.3970,0.5170,3.4330,70.91,move_early
8.871189,3.6110,0.4730,3.1830,70.94,move_early
8.874482,3.2930,0.4820,3.1950,70.96,move_early
8.877960,3.4780,0.4740,3.4240,70.99,move_early
8.881276,3.3160,0.4790,3.2140,71.02,move_early
8.884782,3.5060,0.4880,3.3870,71.04,move_early
8.888075,3.2930,0.4840,3.2260,71.07,move_early
8.891517,3.4420,0.4780,3.3780,71.10,move_early
8.894805,3.2880,0.4910,3.2010,71.12,move_early
8.898359,3.5540,0.5120,3.5230,71.15,move_early
8.901644,3.2850,0.4950,3.2190,71.18,move_early
8.905621,3.9770,0.5310,3.4310,71.21,move_early
8.911669,6.0480,0.5160,3.2150,71.23,move_early
8.915828,4.1590,0.5170,3.4210,71.26,move_early
8.918687,2.8590,0.6250,3.4030,71.29,move_early
8.921921,3.2340,0.4920,3.2190,71.32,move_early
8.925445,3.5240,0.4910,3.4140,71.35,move_early
8.928702,3.2570,0.4980,3.2050,71.38,move_early
8.932216,3.5140,0.5120,3.4120,71.41,move_early
8.935984,3.7680,0.5020,3.4640,71.44,move_early
8.939550,3.5660,0.4750,3.4600,71.47,move_early
8.946303,6.7530,0.4900,3.2100,71.50,move_early
8.951331,5.0280,0.5000,3.4360,71.53,move_early
8.959074,7.7430,0.4860,3.3800,71.56,move_early
8.963367,4.2930,0.5150,3.1900,71.59,move_early
8.967074,3.7070,0.4900,3.3410,71.63,move_early
8.970868,3.7940,0.5390,3.1910,71.66,move_early
8.974560,3.6920,0.6860,3.4120,71.69,move_early
8.978109,3.5490,0.5230,3.1810,71.72,move_early
8.981521,3.4120,0.5420,3.3520,71.75,move_early
8.984962,3.4410,0.4800,3.1430,71.78,move_early
8.988460,3.4980,0.4780,3.2960,71.81,move_early
8.993280,4.8200,0.4790,3.1360,71.83,move_early
8.998974,5.6940,0.4970,3.4610,71.87,move_early
9.002849,3.8750,0.5490,3.3990,71.91,move_early
9.006633,3.7840,0.4900,3.3960,71.94,move_early
9.011080,4.4470,0.4790,3.4030,71.98,move_early
9.015068,3.9880,0.6910,3.3760,72.01,move_early
9.018805,3.7370,0.5210,3.1520,72.04,move_early
9.022463,3.6580,0.5920,3.1340,72.08,move_early
9.026129,3.6660,0.5190,3.1650,72.11,move_early
9.029733,3.6040,0.5320,3.3370,72.14,move_early
9.033278,3.5450,0.4830,3.1420,72.18,move_early
9.036971,3.6930,0.4850,3.3810,72.21,move_early
9.041395,4.4240,0.5080,4.2930,72.24,move_early
9.045057,3.6620,0.4970,3.3790,72.28,move_early
9.048591,3.5340,0.5010,3.1620,72.31,move_early
9.052259,3.6680,0.5030,3.3280,72.34,move_early
9.056082,3.8230,0.5560,3.1440,72.38,move_early
9.059860,3.7780,0.5020,3.3200,72.41,move_early
9.063877,4.0170,0.4900,3.3470,72.44,move_early
9.067478,3.6010,0.5010,3.3830,72.48,move_early
9.071109,3.6310,0.4900,3.3740,72.51,move_early
9.074960,3.8510,0.4920,3.1670,72.54,move_early
9.078532,3.5720,0.5720,3.3730,72.58,move_early
9.082184,3.6520,0.4820,3.1690,72.61,move_early
9.085707,3.5230,0.4880,3.3640,72.64,move_early
9.089265,3.5580,0.5050,3.1580,72.67,move_early
9.092949,3.6840,0.4970,3.3490,72.70,move_early
9.096480,3.5310,0.5250,3.1670,72.73,move_early
9.100117,3.6370,0.4940,3.5220,72.76,move_early
9.103786,3.6690,0.5000,3.1750,72.79,move_early
9.107528,3.7420,0.4670,3.4040,72.82,move_early
9.111073,3.5450,0.4850,3.1550,72.85,move_early
9.114603,3.5300,0.5520,3.3890,72.88,move_early
9.118248,3.6450,0.4780,3.1550,72.91,move_early
9.121791,3.5430,0.5670,3.3200,72.94,move_early
9.125314,3.5230,0.5210,3.1560,72.97,move_early
9.129097,3.7830,0.4980,3.3420,72.99,move_early
9.132789,3.6920,0.6690,3.1560,73.02,move_early
9.136272,3.4830,0.4870,3.3740,73.05,move_early
9.139895,3.6230,0.4710,3.5950,73.08,move_early
9.143406,3.5110,0.4980,3.1360,73.11,move_early
9.146921,3.5150,0.4830,3.1420,73.14,move_early
9.150552,3.6310,0.5400,3.1380,73.17,move_early
9.154227,3.6750,0.5020,3.3380,73.20,move_early
9.157874,3.6470,0.4810,3.1270,73.23,move_early
9.168113,10.2390,0.5510,3.1360,73.26,move_early
9.174895,6.7820,0.5030,3.1760,73.29,move_early
9.178633,3.7380,0.6770,3.3750,73.33,move_early
9.181937,3.3040,0.5390,3.1340,73.36,move_early
9.185190,3.2530,0.6290,3.1500,73.39,move_early
9.188680,3.4900,0.4990,3.1230,73.43,move_early
9.191871,3.1910,0.7390,3.1530,73.46,move_early
9.201493,9.6220,0.5210,3.1400,73.49,move_early
9.213365,11.8720,0.9900,3.1660,73.53,move_early
9.221663,8.2980,0.5550,3.1470,73.63,move_early
9.226511,4.8480,0.7480,3.1320,73.70,move_early
9.229797,3.2860,0.7110,3.1280,73.74,move_early
9.233253,3.4560,0.5400,3.6750,73.79,move_early
9.236687,3.4340,0.5390,3.1160,73.83,move_early
9.240393,3.7060,0.5000,3.5990,73.88,move_early
9.244177,3.7840,0.5090,3.3060,73.92,move_early
9.247417,3.2400,0.4840,3.1310,73.96,move_early
9.253155,5.7380,0.5210,3.3230,74.01,move_early
9.255591,2.4360,0.4800,3.1220,74.05,move_early
9.259970,4.3790,0.5070,3.3450,74.10,move_early
9.262492,2.5220,0.6710,3.1610,74.13,move_early
9.265900,3.4080,0.5510,3.3640,74.16,move_early
9.269333,3.4330,0.5160,3.1710,74.19,move_early
9.272865,3.5320,0.4790,3.3850,74.22,move_early
9.276072,3.2070,0.5420,3.1730,74.24,move_early
9.279566,3.4940,0.5120,3.3900,74.27,move_early
9.282780,3.2140,0.4940,3.1730,74.29,move_early
9.286159,3.3790,0.4990,3.3380,74.32,move_early
9.289412,3.2530,0.4880,3.1590,74.35,move_early
9.292854,3.4420,0.4900,3.3510,74.37,move_early
9.296395,3.5410,0.5100,3.1560,74.40,move_early
9.299668,3.2730,0.4850,3.4960,74.43,move_early
9.303347,3.6790,0.4890,3.1680,74.45,move_early
9.306702,3.3550,0.4890,3.4060,74.48,move_early
9.309914,3.2120,0.5020,3.1770,74.51,move_early
9.313394,3.4800,0.6040,3.4010,74.53,move_early
9.316647,3.2530,0.5250,3.1670,74.56,move_early
9.320064,3.4170,0.6660,3.1360,74.59,move_early
9.324419,4.3550,0.6500,3.1580,74.61,move_early
9.327671,3.2520,0.6000,3.1360,74.64,move_early
9.330068,2.3970,0.4940,3.1270,74.67,move_early
9.337605,7.5370,0.5210,3.1680,74.69,move_early
9.341827,4.2220,0.5030,3.5420,74.72,move_early
9.345365,3.5380,0.5110,3.1020,74.75,move_early
9.348599,3.2340,0.4950,3.0860,74.77,move_early
9.351641,3.0420,0.4850,3.0980,74.80,move_early
9.354883,3.2420,0.4740,3.1090,74.83,move_early
9.358110,3.2270,0.4730,3.1080,74.85,move_early
9.361479,3.3690,0.4730,3.1250,74.88,move_early
9.364682,3.2030,0.4670,3.0920,74.91,move_early
9.367855,3.1730,0.4610,3.0870,74.93,move_early
9.371394,3.5390,0.4910,3.4270,74.96,move_early
9.374870,3.4760,0.4700,3.3630,74.99,move_early
9.378476,3.6060,0.5630,3.6000,75.01,move_early
9.381739,3.2630,0.4800,3.1300,75.04,move_early
9.385437,3.6980,0.5010,3.6340,75.07,move_early
9.388672,3.2350,0.5000,3.1160,75.09,move_early
9.392114,3.4420,0.4760,3.3760,75.12,move_early
9.395326,3.2120,0.4770,3.1350,75.15,move_early
9.398786,3.4600,0.4610,3.3720,75.17,move_early
9.402045,3.2590,0.4930,3.1250,75.20,move_early
9.405549,3.5040,0.6130,3.4380,75.23,move_early
9.408821,3.2720,0.4640,3.1100,75.25,move_early
9.412133,3.3120,0.4800,3.3360,75.28,move_early
9.415336,3.2030,0.4590,3.1120,75.31,move_early
9.418817,3.4810,0.4470,3.3170,75.33,move_early
9.422113,3.2960,0.5150,3.1140,75.36,move_early
9.425353,3.2400,0.4730,3.2940,75.39,move_early
9.428596,3.2430,0.5630,3.0930,75.41,move_early
9.431663,3.0670,0.5160,3.0720,75.44,move_early
9.435579,3.9160,0.5000,3.3070,75.47,move_early
9.439337,3.7580,0.4980,3.1060,75.49,move_early
9.442455,3.1180,0.5070,3.1300,75.52,move_early
9.446059,3.6040,0.5780,3.1130,75.55,move_early
9.449329,3.2700,0.4670,3.1300,75.57,move_early
9.452786,3.4570,0.4760,3.0970,75.60,move_early
9.456049,3.2630,0.4750,3.1360,75.63,move_early
9.459504,3.4550,0.4830,3.1230,75.65,move_early
9.462741,3.2370,0.4780,3.1010,75.68,move_early
9.466150,3.4090,0.4720,3.1130,75.71,move_early
9.469488,3.3380,0.4640,3.3530,75.73,move_early
9.472934,3.4460,0.4700,3.1340,75.76,move_early
9.476113,3.1790,0.4750,3.1090,75.79,move_early
9.479356,3.2430,0.4780,3.1530,75.81,move_early
9.482827,3.4710,0.4770,3.3380,75.84,move_early
9.485951,3.1240,0.4870,3.1410,75.87,move_early
9.489402,3.4510,0.4870,3.3150,75.89,move_early
9.492600,3.1980,0.5000,3.1400,75.92,move_early
9.495962,3.3620,0.4860,3.3360,75.95,move_early
9.499213,3.2510,0.4870,3.1440,75.97,move_early
9.502744,3.5310,0.4660,3.4720,76.00,move_early
9.506048,3.3040,0.4720,3.1500,76.03,move_early
9.509711,3.6630,0.4830,3.5470,76.05,move_early
9.512939,3.2280,0.5370,3.1550,76.08,move_early
9.516361,3.4220,0.4800,3.3790,76.11,move_early
9.519533,3.1720,0.4990,3.1430,76.13,move_early
9.523041,3.5080,0.4680,3.3210,76.16,move_early
9.526188,3.1470,0.4830,3.1480,76.19,move_early
9.529612,3.4240,0.4730,3.3260,76.21,move_early
9.532818,3.2060,0.4700,3.1510,76.24,move_early
9.536250,3.4320,0.5330,3.0950,76.27,move_early
9.539633,3.3830,0.6240,3.1520,76.29,move_early
9.543044,3.4110,0.4700,3.1140,76.32,move_early
9.546249,3.2050,0.4700,3.1190,76.35,move_early
9.549659,3.4100,0.4500,3.1270,76.37,move_early
9.552869,3.2100,0.4700,3.1310,76.40,move_early
9.556632,3.7630,0.4570,3.3500,76.43,move_early
9.559762,3.1300,0.4470,3.1190,76.45,move_early
9.563107,3.3450,0.4820,3.3420,76.48,move_early
9.566318,3.2110,0.4640,3.1260,76.51,move_early
9.569511,3.1930,0.5010,3.1470,76.53,move_early
9.573147,3.6360,0.4990,3.5020,76.56,move_early
9.576975,3.8280,0.4760,3.3720,76.59,move_early
9.580512,3.5370,0.4790,3.3520,76.61,move_early
9.583561,3.0490,0.4650,3.1280,76.64,move_early
9.593616,10.0550,0.4720,3.3590,76.67,move_early
9.607684,14.0680,0.4930,3.1130,76.70,move_early
9.611969,4.2850,0.5720,3.3350,76.78,move_early
9.614852,2.8830,0.5300,3.3700,76.82,move_early
9.617926,3.0740,0.5550,3.1390,76.85,move_early
9.621238,3.3120,0.4820,3.2890,76.88,move_early
9.624319,3.0810,0.4680,3.0480,76.92,move_early
9.627657,3.3380,0.4870,3.2490,76.95,move_early
9.630836,3.1790,0.4600,3.0810,76.98,move_early
9.634414,3.5780,0.4780,3.5210,77.02,move_early
9.637602,3.1880,0.4690,3.0790,77.05,move_early
9.641053,3.4510,0.6560,3.3630,77.09,move_early
9.644290,3.2370,0.4790,3.1200,77.12,move_early
9.647615,3.3250,0.5370,3.3380,77.15,move_early
9.650830,3.2150,0.4570,3.1170,77.19,move_early
9.654219,3.3890,0.4560,3.3020,77.22,move_early
9.657413,3.1940,0.4590,3.1100,77.25,move_early
9.660575,3.1620,0.4610,3.0760,77.29,move_early
9.663935,3.3600,0.4800,3.0930,77.32,move_early
9.667355,3.4200,0.4700,3.3090,77.35,move_early
9.670837,3.4820,0.4490,3.4200,77.39,move_early
9.674057,3.2200,0.4840,3.0710,77.42,move_early
9.677429,3.3720,0.4520,3.3120,77.45,move_early
9.680601,3.1720,0.5790,3.0970,77.48,move_early
9.684083,3.4820,0.4700,3.3250,77.50,move_early
9.687222,3.1390,0.4730,3.0900,77.53,move_early
9.690612,3.3900,0.4770,3.2960,77.56,move_early
9.693802,3.1900,0.4810,3.1120,77.58,move_early
9.697213,3.4110,0.4660,3.2930,77.61,move_early
9.700368,3.1550,0.5060,3.0990,77.63,move_early
9.703892,3.5240,0.4850,3.4390,77.66,move_early
9.707076,3.1840,0.4850,3.0990,77.69,move_early
9.710455,3.3790,0.4660,3.3350,77.71,move_early
9.714941,4.4860,0.5020,4.1700,77.74,move_early
9.718103,3.1620,0.6040,3.3210,77.77,move_early
9.721297,3.1940,0.4700,3.1080,77.79,move_early
9.724677,3.3800,0.4590,3.2760,77.82,move_early
9.727882,3.2050,0.4910,3.0800,77.85,move_early
9.731210,3.3280,0.4990,3.2900,77.87,move_early
9.734674,3.4640,0.4820,3.3970,77.90,move_early
9.738398,3.7240,0.6210,3.4490,77.93,move_early
9.741624,3.2260,0.4880,3.1070,77.95,move_early
9.745015,3.3910,0.5710,3.3330,77.98,move_early
9.748196,3.1810,0.4830,3.1200,78.01,move_early
9.751643,3.4470,0.4680,3.3430,78.03,move_early
9.754867,3.2240,0.4720,3.0970,78.06,move_early
9.757955,3.0880,0.4850,3.0680,78.09,move_early
9.761236,3.2810,0.4710,3.0740,78.11,move_early
9.764472,3.2360,0.4830,3.0920,78.14,move_early
9.767805,3.3330,0.4760,3.2780,78.17,move_early
9.770999,3.1940,0.4660,3.0840,78.19,move_early
9.774531,3.5320,0.4780,3.4170,78.22,move_early
9.777566,3.0350,0.4720,3.0690,78.25,move_early
9.781036,3.4700,0.4630,3.3280,78.27,move_early
9.784253,3.2170,0.4840,3.1050,78.30,move_early
9.787647,3.3940,0.4850,3.3310,78.33,move_early
9.790823,3.1760,0.4770,3.1190,78.35,move_early
9.794195,3.3720,0.4880,3.2820,78.38,move_early
9.797431,3.2360,0.4610,3.1190,78.41,move_early
9.801225,3.7940,0.4730,3.4090,78.43,move_early
9.804345,3.1200,0.4790,3.1140,78.46,move_early
9.807744,3.3990,0.4770,3.3280,78.49,move_early
9.810948,3.2040,0.4810,3.1100,78.51,move_early
9.814394,3.4460,0.4910,3.3290,78.54,move_early
9.817563,3.1690,0.4940,3.1070,78.57,move_early
9.820957,3.3940,0.4690,3.2770,78.59,move_early
9.824103,3.1460,0.6810,3.1090,78.62,move_early
9.827526,3.4230,0.4650,3.0670,78.65,move_early
9.830568,3.0420,0.4610,3.0890,78.67,move_early
9.833752,3.1840,0.4780,3.1000,78.70,move_early
9.837258,3.5060,0.4670,3.4320,78.73,move_early
9.840504,3.2460,0.4610,3.1200,78.75,move_early
9.843875,3.3710,0.4550,3.3220,78.78,move_early
9.847114,3.2390,0.4740,3.1150,78.81,move_early
9.850483,3.3690,0.4570,3.3420,78.83,move_early
9.853614,3.1310,0.4550,3.0890,78.86,move_early
9.860829,7.2150,0.4700,3.2860,78.89,move_early
9.864507,3.6780,0.4600,3.1430,78.91,move_early
9.867982,3.4750,0.6300,3.4220,78.94,move_early
9.870921,2.9390,0.5160,3.4750,78.97,move_early
9.874125,3.2040,0.4750,3.1370,78.99,move_early
9.885758,11.6330,0.4690,3.3600,79.02,move_early
9.888407,2.6490,0.5180,3.0990,79.05,move_early
9.891811,3.4040,0.5120,3.2890,79.08,move_early
9.894971,3.1600,0.4910,3.1090,79.11,move_early
9.898331,3.3600,0.4700,3.2600,79.14,move_early
9.902153,3.8220,0.5120,3.0740,79.17,move_early
9.906934,4.7810,0.5210,3.2320,79.20,move_early
9.909932,2.9980,0.5210,3.0810,79.23,move_early
9.913240,3.3080,0.4530,3.2940,79.26,move_early
9.916364,3.1240,0.4610,3.0770,79.29,move_early
9.919637,3.2730,0.4660,3.2960,79.32,move_early
9.922870,3.2330,0.4750,3.0710,79.35,move_early
9.926190,3.3200,0.4810,3.2700,79.37,move_early
9.929340,3.1500,0.5160,3.0980,79.40,move_early
9.932627,3.2870,0.4600,3.2620,79.43,move_early
9.936096,3.4690,0.4700,3.2780,79.45,move_early
9.939377,3.2810,0.4670,3.2660,79.48,move_early
9.942723,3.3460,0.5570,3.1210,79.51,move_early
9.945883,3.1600,0.4860,3.0830,79.53,move_early
9.949241,3.3580,0.4570,3.0970,79.56,move_early
9.952713,3.4720,0.4810,3.1150,79.59,move_early
9.955942,3.2290,0.4780,3.0880,79.61,move_early
9.959067,3.1250,0.5030,3.1150,79.64,move_early
9.962405,3.3380,0.4700,3.2950,79.67,move_early
9.965578,3.1730,0.4750,3.0770,79.69,move_early
9.969250,3.6720,0.4500,3.4650,79.72,move_early
9.972366,3.1160,0.4810,3.1400,79.75,move_early
9.976851,4.4850,0.5490,4.2750,79.78,move_early
9.980519,3.6680,0.5450,3.1120,79.80,move_early
9.985327,4.8080,0.5820,4.4620,79.83,move_early
9.989557,4.2300,0.5840,4.1290,79.86,move_early
10.056588,67.0310,0.6060,3.1440,79.89,move_early
10.063298,6.7100,0.5630,4.9380,80.46,move_early
10.068202,4.9040,0.9060,4.8360,80.52,move_early
10.074966,6.7640,0.8120,6.2940,80.55,move_early
10.082081,7.1150,0.6920,7.4300,80.65,move_early
10.088666,6.5850,0.6830,5.5930,80.72,move_early
10.094604,5.9380,0.5550,5.6410,80.77,move_early
10.103231,8.6270,1.5750,6.3080,80.84,move_early
10.108787,5.5560,0.6580,5.4660,80.90,move_early
10.115420,6.6330,0.5450,5.6510,80.95,move_early
10.120984,5.5640,0.5380,5.1270,81.00,move_early
10.127855,6.8710,0.6530,5.4310,81.05,move_early
10.132686,4.8310,0.5130,4.0120,81.09,move_early
10.139320,6.6340,0.6710,4.5390,81.14,move_early
10.145626,6.3060,0.5090,4.8370,81.19,move_early
10.152206,6.5800,0.5450,4.5640,81.24,move_early
10.159836,7.6300,1.2890,5.9430,81.29,move_early
10.166866,7.0300,0.5440,5.6960,81.35,move_early
10.172652,5.7860,0.6670,5.5620,81.39,move_early
10.179980,7.3280,0.6220,6.8160,81.45,move_early
10.185269,5.2890,0.5610,5.1720,81.50,move_early
10.192076,6.8070,0.5610,5.0140,81.55,move_early
10.196621,4.5450,0.5240,4.0280,81.59,move_early
10.203064,6.4430,0.6900,4.1950,81.64,move_early
10.208474,5.4100,0.5560,3.7190,81.68,move_early
10.214122,5.6480,0.5360,4.5580,81.73,move_early
10.218472,4.3500,0.6130,3.1090,81.77,move_early
10.223614,5.1420,0.5140,3.0640,81.81,move_early
10.227825,4.2110,0.5220,4.4630,81.84,move_early
10.231705,3.8800,0.5380,3.3140,81.88,move_early
10.236153,4.4480,0.5050,3.3630,81.91,move_early
10.240030,3.8770,0.5080,4.7270,81.95,move_early
10.245023,4.9930,0.6230,3.1020,81.98,move_early
10.248769,3.7460,0.6460,3.0520,82.02,move_early
10.252862,4.0930,0.6650,4.1420,82.05,move_early
10.256223,3.3610,0.4910,3.0950,82.08,move_early
10.260814,4.5910,0.4820,4.3010,82.11,move_early
10.263695,2.8810,0.5140,3.1110,82.14,move_early
10.268050,4.3550,0.5190,4.3030,82.17,move_early
10.272049,3.9990,0.5070,3.1010,82.21,move_early
10.275708,3.6590,0.4730,3.3190,82.23,move_early
10.279868,4.1600,0.4630,3.1080,82.27,move_early
10.283338,3.4700,0.4660,3.1060,82.30,move_early
10.287383,4.0450,0.4660,3.9640,82.33,move_early
10.290881,3.4980,0.4820,3.0980,82.36,move_early
10.295281,4.4000,0.4760,4.2510,82.39,move_early
10.298444,3.1630,0.6200,3.0970,82.42,move_early
10.303297,4.8530,0.4900,4.7550,82.45,move_early
10.307961,4.6640,0.4850,3.1100,82.48,move_early
10.315837,7.8760,0.5110,3.3790,82.51,move_early
10.320648,4.8110,0.4790,4.0010,82.54,move_early
10.324191,3.5430,0.4900,4.1940,82.57,move_early
10.327744,3.5530,0.5690,3.1120,82.60,move_early
10.331470,3.7260,0.5770,3.4010,82.63,move_early
10.334910,3.4400,0.5060,3.0870,82.66,move_early
10.339000,4.0900,0.5160,3.5270,82.69,move_early
10.343164,4.1640,0.4890,4.1370,82.72,move_early
10.346678,3.5140,0.5860,3.0820,82.75,move_early
10.350734,4.0560,0.6310,3.9280,82.78,move_early
10.354198,3.4640,0.4850,3.1060,82.81,move_early
10.358406,4.2080,0.6200,4.1890,82.84,move_early
10.361634,3.2280,0.4540,3.0890,82.87,move_early
10.365779,4.1450,0.4720,4.1170,82.90,move_early
10.369402,3.6230,0.4630,3.5250,82.93,move_early
10.373924,4.5220,0.4630,3.5900,82.96,move_early
10.377913,3.9890,0.4880,3.8870,82.99,move_early
10.381420,3.5070,0.5200,3.0960,83.02,move_early
10.385834,4.4140,0.4640,3.9770,83.05,move_early
10.389604,3.7700,0.4810,3.1020,83.08,move_early
10.396180,6.5760,0.4890,4.2330,83.11,move_early
10.399735,3.5550,0.4970,3.0860,83.14,move_early
10.407115,7.3800,0.5720,3.0970,83.17,move_early
10.412046,4.9310,0.4540,4.5300,83.21,move_early
10.416006,3.9600,0.6100,3.0550,83.24,move_early
10.420292,4.2860,0.5100,3.9220,83.27,move_early
10.424204,3.9120,0.5430,3.4240,83.31,move_early
10.428081,3.8770,0.5750,4.2530,83.34,move_early
10.433151,5.0700,0.4910,3.0860,83.37,move_early
10.436363,3.2120,0.6180,3.6210,83.41,move_early
10.440474,4.1110,0.5240,4.1180,83.44,move_early
10.444107,3.6330,0.4800,3.0960,83.47,move_early
10.448433,4.3260,0.5150,4.2300,83.51,move_early
10.452028,3.5950,0.4720,3.1010,83.54,move_early
10.456014,3.9860,0.6370,4.0410,83.57,move_early
10.459617,3.6030,0.4700,3.0720,83.61,move_early
10.467845,8.2280,0.4770,3.4070,83.64,move_early
10.471779,3.9340,0.4890,3.0930,83.67,move_early
10.474891,3.1120,0.5790,3.8380,83.71,move_early
10.478893,4.0020,0.4970,3.1070,83.74,move_early
10.482350,3.4570,0.4880,3.8920,83.77,move_early
10.485830,3.4800,0.4960,3.0990,83.81,move_early
10.490226,4.3960,0.5390,4.0880,83.84,move_early
10.493176,2.9500,0.4600,3.0910,83.87,move_early
10.498444,5.2680,0.4730,3.9490,83.91,move_early
10.501824,3.3800,0.4970,3.3180,83.94,move_early
10.505360,3.5360,0.5530,3.5560,83.97,move_early
10.508566,3.2060,0.4660,3.0810,84.01,move_early
10.512498,3.9320,0.4850,3.0500,84.04,move_early
10.516324,3.8260,0.5030,3.7520,84.07,move_early
10.519812,3.4880,0.4920,3.0740,84.11,move_early
10.523657,3.8450,0.5890,3.7330,84.14,move_early
10.527129,3.4720,0.4780,3.0920,84.17,move_early
10.531160,4.0310,0.5100,3.9730,84.21,move_early
10.534325,3.1650,0.4750,3.0680,84.24,move_early
10.538626,4.3010,0.5170,4.2180,84.27,move_early
10.542587,3.9610,0.4690,3.0700,84.30,move_early
10.548635,6.0480,0.4660,3.4170,84.33,move_early
10.552729,4.0940,0.4840,3.0800,84.37,move_early
10.555743,3.0140,0.5210,3.1050,84.40,move_early
10.560352,4.6090,0.5360,4.0660,84.43,move_early
10.569440,9.0880,0.4690,3.0700,84.47,move_early
10.578271,8.8310,0.4530,3.6100,84.50,move_early
10.585615,7.3440,0.5220,3.0730,84.55,move_early
10.588281,2.6660,0.6340,3.0560,84.60,move_early
10.591561,3.2800,0.5680,3.0490,84.64,move_early
10.595819,4.2580,0.5070,3.0240,84.67,move_early
10.602151,6.3320,0.4600,3.6750,84.71,move_early
10.605208,3.0570,0.5360,2.9680,84.75,move_early
10.608714,3.5060,0.4390,3.3290,84.78,move_early
10.611825,3.1110,0.4680,3.0030,84.82,move_early
10.615657,3.8320,0.6350,3.3260,84.86,move_early
10.619319,3.6620,0.4570,2.9830,84.89,move_early
10.622771,3.4520,0.4660,3.3210,84.92,move_early
10.625835,3.0640,0.5290,2.9780,84.96,move_early
10.631708,5.8730,0.4650,3.3210,84.99,move_early
10.634607,2.8990,0.4750,2.9740,85.03,move_early
10.637981,3.3740,0.5210,3.1830,85.07,move_early
10.641918,3.9370,0.4590,3.9070,85.10,move_early
10.646361,4.4430,0.4500,3.0210,85.13,move_early
10.652631,6.2700,0.5040,3.8910,85.17,move_early
10.657847,5.2160,0.5360,3.0070,85.20,move_early
10.660954,3.1070,0.4660,2.9840,85.24,move_early
10.665072,4.1180,0.4900,3.3320,85.28,move_early
10.668159,3.0870,0.4650,3.1970,85.31,move_early
10.671981,3.8220,0.4870,3.4820,85.34,move_early
10.675236,3.2550,0.4640,3.0140,85.38,move_early
10.678977,3.7410,0.7200,2.9670,85.41,move_early
10.682078,3.1010,0.4760,3.0010,85.44,move_early
10.686012,3.9340,0.4650,2.9820,85.48,move_early
10.689111,3.0990,1.1630,3.0050,85.51,move_early
10.693004,3.8930,0.4750,2.9610,85.54,move_early
10.698630,5.6260,0.4450,2.9860,85.58,move_early
10.703854,5.2240,0.5940,2.9830,85.61,move_early
10.706796,2.9420,0.4820,4.1360,85.64,move_early
10.709773,2.9770,0.4800,2.9970,85.68,move_early
10.713743,3.9700,0.5600,2.9850,85.71,move_early
10.717156,3.4130,0.4820,3.0200,85.74,move_early
10.720786,3.6300,0.9330,2.9840,85.78,move_early
10.723913,3.1270,0.4690,3.0200,85.81,move_early
10.727831,3.9180,0.4810,2.9820,85.84,move_early
10.731605,3.7740,0.4650,3.6980,85.88,move_early
10.735495,3.8900,0.6010,3.4980,85.91,move_early
10.739511,4.0160,0.4650,3.9260,85.94,move_early
10.742872,3.3610,0.4820,3.0200,85.97,move_early
10.746994,4.1220,0.5450,3.9720,86.00,move_early
10.752019,5.0250,0.4710,3.0030,86.03,move_early
10.755018,2.9990,0.4820,3.9800,86.06,move_early
10.757908,2.8900,0.4800,2.9860,86.09,move_early
10.761985,4.0770,0.4300,3.3150,86.12,move_early
10.765084,3.0990,0.4550,2.9950,86.15,move_early
10.769254,4.1700,0.4510,3.4710,86.18,move_early
10.772286,3.0320,0.4540,2.9860,86.21,move_early
10.776383,4.0970,0.6280,3.3050,86.24,move_early
10.779579,3.1960,0.4850,3.0170,86.26,move_early
10.783375,3.7960,0.4980,2.9700,86.29,move_early
10.786387,3.0120,0.4640,3.0010,86.32,move_early
10.790327,3.9400,0.4780,2.9790,86.35,move_early
10.793449,3.1220,0.4540,3.0060,86.38,move_early
10.797409,3.9600,0.4630,2.9780,86.40,move_early
10.801291,3.8820,0.4550,3.7730,86.43,move_early
10.804813,3.5220,0.4800,2.9680,86.46,move_early
10.808566,3.7530,0.4560,3.6570,86.48,move_early
10.812979,4.4130,0.4740,3.4240,86.51,move_early
10.817314,4.3350,0.4890,4.3870,86.54,move_early
10.820429,3.1150,0.4850,2.9980,86.56,move_early
10.824358,3.9290,0.4590,3.3140,86.59,move_early
10.827438,3.0800,0.4850,2.9850,86.62,move_early
10.831655,4.2170,0.4500,3.5030,86.64,move_early
10.834760,3.1050,0.6450,3.0120,86.67,move_early
10.839025,4.2650,0.4640,3.4750,86.70,move_early
10.842047,3.0220,0.4800,2.9900,86.72,move_early
10.846053,4.0060,0.4870,2.9870,86.75,move_early
10.856303,10.2500,0.4660,3.7350,86.78,move_early
10.860225,3.9220,0.5690,2.9840,86.81,move_early
10.863324,3.0990,0.5560,3.0160,86.84,move_early
10.866606,3.2820,0.5230,3.2190,86.87,move_early
10.871445,4.8390,0.5210,4.6990,86.89,move_early
10.874981,3.5360,0.6870,2.9770,86.92,move_early
10.879050,4.0690,0.4970,4.0290,86.95,move_early
10.882055,3.0050,0.4590,2.9500,86.98,move_early
10.886127,4.0720,0.4440,3.9790,87.01,move_early
10.889194,3.0670,0.4600,2.9700,87.04,move_early
10.893243,4.0490,0.4590,3.9770,87.07,move_early
10.898605,5.3620,0.4600,2.9680,87.10,move_early
10.909968,11.3630,0.4720,3.9010,87.13,move_early
10.913773,3.8050,0.4790,2.9920,87.20,move_early
10.917161,3.3880,0.6700,2.9920,87.24,move_early
10.921012,3.8510,0.6240,4.0080,87.27,move_early
10.924105,3.0930,0.4900,2.9960,87.30,move_early
10.928097,3.9920,0.4750,3.9080,87.34,move_early
10.931176,3.0790,0.5180,2.9590,87.37,move_early
10.935442,4.2660,0.4820,3.4300,87.40,move_early
10.938534,3.0920,0.5140,2.9750,87.44,move_early
10.942557,4.0230,0.4720,3.2800,87.47,move_early
10.945644,3.0870,0.4830,2.9750,87.51,move_early
10.949681,4.0370,0.4980,3.2810,87.55,move_early
10.952762,3.0810,0.4980,2.9830,87.59,move_early
10.956690,3.9280,0.6170,2.9530,87.62,move_early
10.959792,3.1020,0.5010,2.9780,87.65,move_early
10.963836,4.0440,0.4460,3.2960,87.69,move_early
10.968033,4.1970,0.4790,3.7040,87.72,move_early
10.971181,3.1480,0.4620,2.9570,87.75,move_early
10.974939,3.7580,0.4510,3.6750,87.79,move_early
10.978329,3.3900,0.4670,2.9880,87.82,move_early
10.982364,4.0350,0.4580,3.9460,87.85,move_early
10.985420,3.0560,0.4660,2.9670,87.89,move_early
10.989435,4.0150,0.4540,3.9270,87.92,move_early
10.992544,3.1090,0.7780,2.9860,87.95,move_early
10.996569,4.0250,0.4660,3.9300,87.99,move_early
10.999954,3.3850,0.4920,3.2550,88.02,move_early
11.004381,4.4270,0.4820,4.1930,88.05,move_early
11.007475,3.0940,0.5140,2.9870,88.09,move_early
11.011546,4.0710,0.5500,3.8990,88.12,move_early
11.014687,3.1410,0.4810,2.9910,88.15,move_early
11.018633,3.9460,0.5140,3.3060,88.18,move_early
11.022248,3.6150,0.4800,2.9820,88.21,move_early
11.029418,7.1700,0.5680,3.3120,88.24,move_early
11.033417,3.9990,0.6240,2.9840,88.27,move_early
11.037057,3.6400,0.4940,2.9860,88.30,move_early
11.040813,3.7560,0.4980,3.4750,88.32,move_early
11.044264,3.4510,0.4790,2.9950,88.35,move_early
11.047391,3.1270,0.4800,2.9620,88.39,move_early
11.050496,3.1050,0.4630,3.0030,88.42,move_early
11.054432,3.9360,0.5140,3.3100,88.45,move_early
11.057524,3.0920,0.4990,2.9960,88.48,move_early
11.063525,6.0010,0.5060,3.3090,88.51,move_early
11.068647,5.1220,1.3580,3.6790,88.54,move_early
11.072998,4.3510,0.8800,2.9890,88.57,move_early
11.077317,4.3190,0.8180,2.9540,88.59,move_early
11.081821,4.5040,0.7740,2.9530,88.62,move_early
11.086079,4.2580,0.7890,2.9820,88.65,move_early
11.089952,3.8730,0.7420,2.9620,88.68,move_early
11.093817,3.8650,0.8380,2.9630,88.71,move_early
11.098081,4.2640,0.8620,2.9590,88.75,move_early
11.101926,3.8450,0.9850,2.9690,88.78,move_early
11.107526,5.6000,0.8640,2.9880,88.81,move_early
11.118566,11.0400,0.9520,2.9560,88.84,move_early
11.124860,6.2940,0.9820,2.9600,88.89,move_early
11.127988,3.1280,0.8270,2.9390,88.92,move_early
11.131035,3.0470,0.6640,3.0060,88.95,move_early
11.134268,3.2330,0.5350,3.2050,88.99,move_early
11.137526,3.2580,0.5000,2.9960,89.02,move_early
11.140483,2.9570,0.5220,2.9480,89.05,move_early
11.143472,2.9890,0.5320,2.9610,89.09,move_early
11.146552,3.0800,0.4810,2.9640,89.12,move_early
11.149621,3.0690,0.4720,2.9620,89.15,move_early
11.152665,3.0440,0.4930,2.9600,89.18,move_early
11.155764,3.0990,0.4870,2.9820,89.21,move_early
11.158815,3.0510,0.4780,2.9820,89.24,move_early
11.161958,3.1430,0.5040,3.0330,89.27,move_early
11.165038,3.0800,0.5640,3.0280,89.30,move_early
11.168415,3.3770,0.4620,3.2370,89.32,move_early
11.171481,3.0660,0.4820,3.0290,89.35,move_early
11.174558,3.0770,0.4770,2.9950,89.38,move_early
11.177650,3.0920,0.5120,3.0190,89.41,move_early
11.180737,3.0870,0.4650,3.0230,89.44,move_early
11.183861,3.1240,0.4630,3.0240,89.47,move_early
11.186986,3.1250,0.4940,3.0160,89.50,move_early
11.190096,3.1100,0.4590,3.0160,89.53,move_early
11.193211,3.1150,0.4750,3.0230,89.56,move_early
11.196298,3.0870,0.4700,3.0120,89.59,move_early
11.199448,3.1500,0.4590,3.0250,89.62,move_early
11.202647,3.1990,0.4440,3.0270,89.65,move_early
11.205783,3.1360,0.4640,3.0160,89.67,move_early
11.208903,3.1200,0.5950,3.0300,89.70,move_early
11.211990,3.0870,0.4660,3.0200,89.72,move_early
11.215711,3.7210,0.4690,3.0080,89.75,move_early
11.218772,3.0610,0.4640,3.0030,89.78,move_early
11.221866,3.0940,0.4790,3.0280,89.80,move_early
11.224938,3.0720,0.4690,3.0090,89.83,move_early
11.228149,3.2110,0.4590,3.0140,89.85,move_early
11.231142,2.9930,0.5870,3.0240,89.88,move_early
11.234236,3.0940,0.4590,3.0150,89.90,move_early
11.237552,3.3160,0.5320,3.2290,89.93,move_early
11.240719,3.1670,0.4540,3.0200,89.95,move_early
11.243803,3.0840,0.4660,3.0220,89.98,move_early
11.246961,3.1580,0.4630,3.0350,90.00,move_early
11.250016,3.0550,0.4760,3.0300,90.03,move_early
11.253084,3.0680,0.4780,3.0230,90.05,move_early
11.256235,3.1510,0.4730,3.0110,90.08,move_early
11.259322,3.0870,0.6070,3.0110,90.10,move_early
11.262416,3.0940,0.4580,3.0140,90.12,move_early
11.265533,3.1170,0.4630,3.0120,90.14,move_early
11.268824,3.2910,0.5170,3.0170,90.17,move_early
11.271902,3.0780,0.4770,3.0000,90.19,move_early
11.274962,3.0600,0.4660,3.0080,90.22,move_early
11.285929,10.9670,0.5520,3.0110,90.24,move_early
11.293384,7.4550,0.4630,3.0240,90.27,move_early
11.296917,3.5330,0.4980,3.0180,90.30,move_early
11.299436,2.5190,0.5810,3.0250,90.32,move_early
11.302567,3.1310,0.4960,3.0560,90.35,move_early
11.305680,3.1130,0.4700,3.0330,90.38,move_early
11.308858,3.1780,0.4730,3.0510,90.40,move_early
11.311930,3.0720,0.4760,3.0300,90.43,move_early
11.315101,3.1710,0.4660,3.0540,90.46,move_early
11.318275,3.1740,0.4600,3.0900,90.48,move_early
11.321453,3.1780,0.4690,3.1010,90.51,move_early
11.326496,5.0430,0.4750,3.0950,90.54,move_early
11.330053,3.5570,0.8190,3.0890,90.56,move_early
11.333097,3.0440,0.4690,3.1010,90.59,move_early
11.336455,3.3580,0.4730,3.4960,90.62,move_early
11.339466,3.0110,0.4740,3.0010,90.64,move_early
11.342540,3.0740,0.6280,2.9970,90.67,move_early
11.345614,3.0740,0.4660,3.0040,90.70,move_early
11.348721,3.1070,0.4760,2.9960,90.72,move_early
11.351869,3.1480,0.4680,2.9950,90.75,move_early
11.354888,3.0190,0.4640,2.9980,90.78,move_early
11.358020,3.1320,0.4560,3.0350,90.80,move_early
11.361127,3.1070,0.4630,3.0150,90.83,move_early
11.364338,3.2110,0.4980,3.0380,90.86,move_early
11.367539,3.2010,0.5490,3.0130,90.88,move_early
11.370725,3.1860,0.5340,3.0140,90.91,move_early
11.373835,3.1100,0.4600,3.0170,90.94,move_early
11.376842,3.0070,0.4780,3.0060,90.96,move_early
11.380003,3.1610,0.4730,3.0340,90.99,move_early
11.383067,3.0640,0.4720,3.0110,91.02,move_early
11.386165,3.0980,0.4790,3.0170,91.04,move_early
11.389246,3.0810,0.4730,3.0120,91.07,move_early
11.392364,3.1180,0.4780,3.0340,91.10,move_early
11.395672,3.3080,0.5900,3.0280,91.12,move_early
11.398774,3.1020,0.5090,3.0340,91.15,move_early
11.402053,3.2790,0.4880,3.0210,91.18,move_early
11.405149,3.0960,0.4870,3.0090,91.20,move_early
11.408228,3.0790,0.4830,3.0180,91.23,move_early
11.411318,3.0900,0.4670,3.0140,91.25,move_early
11.414455,3.1370,0.4690,3.0090,91.28,move_early
11.417539,3.0840,0.4880,3.0070,91.30,move_early
11.420552,3.0130,0.4640,3.0230,91.33,move_early
11.423645,3.0930,0.6150,3.0080,91.35,move_early
11.426764,3.1190,0.4650,3.0100,91.38,move_early
11.429812,3.0480,0.4830,2.9890,91.40,move_early
11.432942,3.1300,0.4650,3.0180,91.43,move_early
11.436034,3.0920,0.4420,3.0110,91.45,move_early
11.439069,3.0350,0.4400,3.0240,91.48,move_early
11.442202,3.1330,0.4550,3.0190,91.50,move_early
11.445287,3.0850,0.4520,3.0100,91.53,move_early
11.448571,3.2840,0.4530,3.0300,91.55,move_early
11.451604,3.0330,0.4600,3.0020,91.58,move_early
11.454687,3.0830,0.4650,3.0220,91.60,move_early
11.457845,3.1580,0.4780,3.0070,91.63,move_early
11.460931,3.0860,0.4790,3.0170,91.65,move_early
11.464122,3.1910,0.4650,3.0220,91.68,move_early
11.467379,3.2570,0.4840,3.2680,91.70,move_early
11.470491,3.1120,0.4980,3.0190,91.73,move_early
11.473553,3.0620,0.4790,3.0250,91.75,move_early
11.476690,3.1370,0.4750,3.0190,91.78,move_early
11.479785,3.0950,0.5070,3.0080,91.80,move_early
11.482893,3.1080,0.4650,3.0230,91.83,move_early
11.485969,3.0760,0.4610,3.0150,91.85,move_early
11.489074,3.1050,0.4500,3.0150,91.88,move_early
11.492153,3.0790,0.4700,3.0240,91.90,move_early
11.495279,3.1260,0.6020,3.0200,91.93,move_early
11.498413,3.1340,0.4610,3.0370,91.95,move_early
11.501530,3.1170,0.4510,3.0530,91.98,move_early
11.504836,3.3060,0.4630,3.0630,92.00,move_early
11.507820,2.9840,0.4500,3.0380,92.03,move_early
11.511015,3.1950,0.4760,3.0950,92.05,move_early
11.514162,3.1470,0.4670,3.0880,92.08,move_early
11.517299,3.1370,0.4660,3.0820,92.10,move_early
11.520492,3.1930,0.4690,3.0910,92.13,move_early
11.523608,3.1160,0.4700,3.0700,92.15,move_early
11.526728,3.1200,0.4620,3.0640,92.18,move_early
11.529939,3.2110,0.4530,3.0860,92.20,move_early
11.533048,3.1090,0.4640,3.0870,92.23,move_early
11.536485,3.4370,0.4650,3.0800,92.25,move_early
11.539724,3.2390,0.4540,3.0690,92.28,move_early
11.542709,2.9850,0.4430,3.0710,92.31,move_early
11.545841,3.1320,0.4560,3.0160,92.33,move_early
11.548925,3.0840,0.4870,3.0320,92.36,move_early
11.552041,3.1160,0.4490,3.0290,92.38,move_early
11.555129,3.0880,0.4630,3.0200,92.40,move_early
11.558211,3.0820,0.4670,3.0240,92.43,move_early
11.561311,3.1000,0.4650,3.0190,92.45,move_early
11.564467,3.1560,0.4640,2.9980,92.48,move_early
11.567512,3.0450,0.4530,3.0350,92.50,move_early
11.572394,4.8820,0.5150,3.0240,92.53,move_early
11.576815,4.4210,0.5160,3.0340,92.56,move_early
11.589746,12.9310,0.4690,3.0040,92.58,move_early
11.594860,5.1140,0.4690,3.0230,92.64,move_early
11.598950,4.0900,0.5090,3.0190,92.68,move_early
11.602554,3.6040,0.4870,3.2440,92.71,move_early
11.606021,3.4670,0.4610,2.9580,92.74,move_early
11.610066,4.0450,0.5020,2.9630,92.77,move_early
11.613849,3.7830,0.4850,2.9530,92.80,move_early
11.617610,3.7610,0.4850,2.9760,92.84,move_early
11.621410,3.8000,0.4900,2.9490,92.87,move_early
11.625729,4.3190,0.5860,2.9510,92.90,move_early
11.629527,3.7980,0.6200,2.9350,92.94,move_early
11.632903,3.3760,0.4760,2.9460,92.97,move_early
11.635210,2.3070,0.4620,2.9340,93.00,move_early
11.638173,2.9630,0.5190,2.9370,93.04,move_early
11.641226,3.0530,0.4530,2.9490,93.07,move_early
11.644442,3.2160,0.4640,2.9390,93.10,move_early
11.647283,2.8410,0.5000,2.9380,93.14,move_early
11.650273,2.9900,0.4650,2.9340,93.17,move_early
11.653312,3.0390,0.4590,2.9380,93.20,move_early
11.656344,3.0320,0.4670,2.9260,93.23,move_early
11.659387,3.0430,0.4520,2.9690,93.26,move_early
11.662477,3.0900,0.4570,2.9920,93.29,move_early
11.665557,3.0800,0.5030,2.9990,93.32,move_early
11.668830,3.2730,0.4700,2.9910,93.35,move_early
11.671865,3.0350,0.4620,2.9790,93.37,move_early
11.674989,3.1240,0.4630,2.9940,93.40,move_early
11.678061,3.0720,0.6230,3.0010,93.43,move_early
11.681138,3.0770,0.4930,3.0080,93.46,move_early
11.684210,3.0720,0.4940,3.0220,93.49,move_early
11.687300,3.0900,0.4450,3.0260,93.52,move_early
11.690429,3.1290,0.4560,3.0060,93.55,move_early
11.693502,3.0730,0.4810,3.0190,93.58,move_early
11.696611,3.1090,0.4600,3.0120,93.61,move_early
11.699758,3.1470,0.4550,3.0230,93.63,move_early
11.702872,3.1140,0.4790,3.0320,93.65,move_early
11.706008,3.1360,0.4520,3.0260,93.68,move_early
11.709166,3.1580,0.4490,3.0170,93.70,move_early
11.712232,3.0660,0.4570,3.0480,93.73,move_early
11.715353,3.1210,0.4650,3.0180,93.75,move_early
11.718411,3.0580,0.4570,3.0160,93.78,move_early
11.721451,3.0400,0.4760,2.9970,93.80,move_early
11.724566,3.1150,0.4630,3.0170,93.83,move_early
11.727678,3.1120,0.4670,3.0170,93.85,move_early
11.730782,3.1040,0.4530,2.9930,93.88,move_early
11.734095,3.3130,0.4530,3.2280,93.90,move_early
11.737220,3.1250,0.4400,3.0130,93.93,move_early
11.740297,3.0770,0.4670,3.0130,93.95,move_early
11.743465,3.1680,0.4570,3.0070,93.97,move_early
11.746504,3.0390,0.4790,2.9980,94.00,move_early
11.749597,3.0930,0.4900,3.0000,94.02,move_early
11.752623,3.0260,0.4610,3.0140,94.05,move_early
11.755785,3.1620,0.5850,3.0060,94.07,move_early
11.758872,3.0870,0.4560,3.0110,94.10,move_early
11.761951,3.0790,0.4540,3.0030,94.12,move_early
11.765106,3.1550,0.4490,3.0000,94.14,move_early
11.768286,3.1800,0.4600,3.2120,94.17,move_early
11.771383,3.0970,0.4960,3.0030,94.19,move_early
11.774419,3.0360,0.4760,3.0000,94.22,move_early
11.777556,3.1370,0.5480,3.0060,94.24,move_early
11.780585,3.0290,0.4670,2.9970,94.27,move_early
11.783662,3.0770,0.4550,3.0080,94.29,move_early
11.786724,3.0620,0.4590,3.0030,94.31,move_early
11.789841,3.1170,0.4380,3.0180,94.34,move_early
11.792919,3.0780,0.4400,3.0100,94.36,move_early
11.796029,3.1100,0.4410,3.0100,94.39,move_early
11.799149,3.1200,0.4520,3.0070,94.41,move_early
11.802221,3.0720,0.4730,3.0010,94.43,move_early
11.805276,3.0550,0.4600,3.0030,94.46,move_early
11.808323,3.0470,0.4580,3.0130,94.48,move_early
11.811419,3.0960,0.4810,3.0090,94.51,move_early
11.814461,3.0420,0.4720,2.9970,94.53,move_early
11.817580,3.1190,0.4570,3.0090,94.56,move_early
11.820690,3.1100,0.4660,3.0020,94.58,move_early
11.824054,3.3640,0.4680,2.9970,94.60,move_early
11.826848,2.7940,0.4770,3.0110,94.63,move_early
11.829943,3.0950,0.4580,3.0080,94.65,move_early
11.833665,3.7220,0.4590,3.2370,94.68,move_early
11.838971,5.3060,0.4580,3.2180,94.70,move_early
11.841484,2.5130,0.4730,2.9970,94.73,move_early
11.845092,3.6080,0.4910,3.0100,94.75,move_early
11.847872,2.7800,0.4780,3.0080,94.77,move_early
11.850883,3.0110,0.6450,3.0100,94.80,move_early
11.854144,3.2610,0.4470,3.0030,94.82,move_early
11.857046,2.9020,0.4590,3.0040,94.85,move_early
11.862503,5.4570,0.4570,3.0050,94.87,move_early
11.867095,4.5920,0.4730,3.0050,94.90,move_early
11.870227,3.1320,0.4820,2.9890,94.92,move_early
11.873308,3.0810,0.4690,2.9890,94.95,move_early
11.876067,2.7590,0.4780,2.9940,94.97,move_early
11.879025,2.9580,0.4700,2.9810,95.00,move_early
11.889165,10.1400,0.4520,2.9780,95.02,move_early
11.892103,2.9380,0.4560,2.9720,95.05,move_early
11.895078,2.9750,0.4670,2.9620,95.08,move_early
11.898109,3.0310,0.4600,2.9790,95.11,move_early
11.901407,3.2980,0.5360,3.2000,95.13,move_early
11.904574,3.1670,0.4520,2.9810,95.16,move_early
11.907544,2.9700,0.4860,2.9920,95.19,move_early
11.912258,4.7140,0.4600,2.9880,95.21,move_early
11.915404,3.1460,0.4900,2.9920,95.24,move_early
11.918628,3.2240,0.4770,2.9820,95.27,move_early
11.921579,2.9510,0.6080,3.0000,95.29,move_early
11.924706,3.1270,0.4650,2.9920,95.32,move_early
11.927738,3.0320,0.4740,2.9890,95.35,move_early
11.930826,3.0880,0.4810,2.9840,95.37,move_early
11.933904,3.0780,0.4670,2.9900,95.40,move_early
11.936942,3.0380,0.4690,2.9800,95.43,move_early
11.939958,3.0160,0.4630,2.9960,95.45,move_early
11.943040,3.0820,0.4550,2.9960,95.48,move_early
11.946162,3.1220,0.4600,2.9850,95.51,move_early
11.949203,3.0410,0.4660,2.9970,95.53,move_early
11.952265,3.0620,0.5460,2.9900,95.56,move_early
11.955309,3.0440,0.4480,2.9990,95.59,move_early
11.958373,3.0640,0.4460,2.9930,95.61,move_early
11.961458,3.0850,0.4540,2.9960,95.64,move_early
11.964766,3.3080,0.4430,2.9910,95.67,move_early
11.968110,3.3440,0.4730,3.4240,95.69,move_early
11.971132,3.0220,0.4550,2.9940,95.72,move_early
11.974106,2.9740,0.4660,2.9800,95.75,move_early
11.977238,3.1320,0.4400,3.0030,95.77,move_early
11.980386,3.1480,0.4420,2.9930,95.80,move_early
11.983388,3.0020,0.4550,2.9940,95.83,move_early
11.986395,3.0070,0.4530,2.9950,95.85,move_early
11.989459,3.0640,0.5690,2.9900,95.88,move_early
12.039309,49.8500,0.4740,2.9920,95.90,move_early
12.044825,5.5160,0.4700,2.9870,96.25,move_early
12.049222,4.3970,0.7500,2.9400,96.39,move_early
12.052973,3.7510,0.6180,2.9310,96.45,move_early
12.056434,3.4610,0.6970,2.9610,96.48,move_early
12.059795,3.3610,0.4880,2.9350,96.50,move_early
12.063390,3.5950,0.4900,2.9260,96.53,move_early
12.066583,3.1930,0.4780,2.9200,96.56,move_early
12.069709,3.1260,0.4900,2.9320,96.58,move_early
12.072983,3.2740,0.4780,2.9260,96.61,move_early
12.076792,3.8090,0.4540,2.9410,96.64,move_early
12.080605,3.8130,0.5370,2.9550,96.67,move_early
12.084702,4.0970,0.5380,2.9860,96.70,move_early
12.088562,3.8600,0.4660,2.9870,96.73,move_early
12.091893,3.3310,0.4550,2.9930,96.76,move_early
12.095835,3.9420,0.4800,2.9920,96.79,move_early
12.100080,4.2450,0.6280,2.9840,96.82,move_early
12.104382,4.3020,0.4500,3.2330,96.85,move_early
12.108643,4.2610,0.4810,2.9970,96.88,move_early
12.118318,9.6750,0.5350,3.0020,96.91,move_early
12.125238,6.9200,0.5260,2.9880,96.94,move_early
12.131694,6.4560,0.6600,2.9990,96.97,move_early
12.135485,3.7910,0.5370,3.0080,97.01,move_early
12.139645,4.1600,0.5130,2.9870,97.04,move_early
12.143491,3.8460,0.4760,2.9560,97.07,move_early
12.147236,3.7450,0.4690,2.9460,97.11,move_early
12.150878,3.6420,0.4730,2.9590,97.14,move_early
12.154665,3.7870,0.5080,2.9600,97.17,move_early
12.158292,3.6270,0.4750,2.9650,97.21,move_early
12.161470,3.1780,0.4850,2.9470,97.24,move_early
12.165574,4.1040,0.4830,2.9490,97.27,move_early
12.169040,3.4660,0.4790,3.1750,97.31,move_early
12.172545,3.5050,0.6150,2.9570,97.34,move_early
12.175706,3.1610,0.4920,2.9340,97.37,move_early
12.179786,4.0800,0.5090,2.9830,97.40,move_early
12.185232,5.4460,0.4820,2.9840,97.43,move_early
12.188603,3.3710,0.4660,2.9740,97.46,move_early
12.191869,3.2660,0.4780,2.9650,97.49,move_early
12.195237,3.3680,0.4680,2.9730,97.52,move_early
12.198304,3.0670,0.5390,2.9770,97.55,move_early
12.201277,2.9730,0.4600,2.9630,97.58,move_early
12.204281,3.0040,0.4580,2.9590,97.61,move_early
12.207282,3.0010,0.4550,2.9740,97.64,move_early
12.210344,3.0620,0.4630,2.9720,97.67,move_early
12.213441,3.0970,0.4510,2.9820,97.70,move_early
12.216552,3.1110,0.4580,2.9850,97.73,move_early
12.219565,3.0130,0.4610,2.9930,97.76,move_early
12.222564,2.9990,0.4640,2.9740,97.79,move_early
12.225668,3.1040,0.4530,2.9960,97.82,move_early
12.229266,3.5980,0.4680,3.0050,97.85,move_early
12.233466,4.2000,0.4670,2.9790,97.88,move_early
12.236747,3.2810,0.4710,2.9990,97.91,move_early
12.239754,3.0070,0.6740,3.0050,97.94,move_early
12.242775,3.0210,0.4660,2.9800,97.97,move_early
12.245839,3.0640,0.4720,2.9820,97.99,move_early
12.249394,3.5550,0.4680,2.9920,98.02,move_early
12.253050,3.6560,0.4540,2.9820,98.05,move_early
12.256437,3.3870,0.5450,2.9850,98.08,move_early
12.260249,3.8120,0.5590,2.9930,98.10,move_early
12.263411,3.1620,0.5040,3.0080,98.13,move_early
12.266425,3.0140,0.5720,2.9990,98.16,move_early
12.269688,3.2630,0.4750,3.2040,98.19,move_early
12.272796,3.1080,0.4770,2.9880,98.21,move_early
12.275887,3.0910,0.5600,2.9910,98.23,move_early
12.278936,3.0490,0.4670,2.9910,98.26,move_early
12.281932,2.9960,0.4520,2.9910,98.28,move_early
12.285084,3.1520,0.4520,3.0040,98.31,move_early
12.288116,3.0320,0.4510,3.0020,98.33,move_early
12.291459,3.3430,0.4600,2.9930,98.36,move_early
12.294333,2.8740,0.4500,2.9950,98.38,move_early
12.297380,3.0470,0.4510,2.9880,98.41,move_early
12.300635,3.2550,0.4950,3.2050,98.43,move_early
12.304391,3.7560,0.4520,3.0000,98.45,move_early
12.308496,4.1050,0.5920,2.9850,98.48,move_early
12.312064,3.5680,0.5320,3.0020,98.50,move_early
12.315301,3.2370,0.5910,2.9980,98.53,move_early
12.318133,2.8320,0.5710,3.0210,98.55,move_early
12.321285,3.1520,0.4580,3.0110,98.58,move_early
12.326096,4.8110,0.4940,3.0020,98.60,move_early
12.339237,13.1410,0.4820,3.0000,98.62,move_early
12.346247,7.0100,0.5180,3.2450,98.65,move_early
12.351828,5.5810,0.6430,2.9960,98.69,move_early
12.357090,5.2620,0.6160,3.0160,98.74,move_early
12.361760,4.6700,0.6030,2.9890,98.78,move_early
12.365594,3.8340,0.5470,2.9530,98.81,move_early
12.368620,3.0260,0.5210,2.9180,98.84,move_early
12.371668,3.0480,0.5740,2.9420,98.87,move_early
12.374431,2.7630,0.6380,2.9200,98.90,move_early
12.377407,2.9760,0.5080,2.9190,98.92,move_early
12.380443,3.0360,0.4760,2.9190,98.95,move_early
12.383788,3.3450,0.5540,2.9100,98.98,move_early
12.386496,2.7080,0.4820,2.9080,99.01,move_early
12.389774,3.2780,0.4790,2.9120,99.04,move_early
12.392614,2.8400,0.5070,2.9060,99.07,move_early
12.396517,3.9030,0.4220,2.9300,99.10,move_early
12.399570,3.0530,0.5040,3.1660,99.13,move_early
12.402256,2.6860,0.5810,2.9850,99.16,move_early
12.406272,4.0160,0.5900,2.9740,99.19,move_early
12.409007,2.7350,0.4710,2.9980,99.22,move_early
12.412061,3.0540,0.5070,2.9800,99.25,move_early
12.415291,3.2300,0.4650,2.9800,99.28,move_early
12.419947,4.6560,0.4780,2.9710,99.31,move_early
12.423266,3.3190,0.4910,2.9900,99.34,move_early
12.426716,3.4500,0.6230,2.9720,99.37,move_early
12.430915,4.1990,0.4880,2.9690,99.39,move_early
12.436767,5.8520,0.4820,2.9660,99.42,move_early
12.440773,4.0060,0.5130,2.9980,99.45,move_early
12.444314,3.5410,0.4930,2.9900,99.48,move_early
12.446804,2.4900,0.5050,2.9850,99.51,move_early
12.450088,3.2840,0.5140,2.9800,99.54,move_early
12.452787,2.6990,0.4560,2.9710,99.57,move_early
12.455812,3.0250,0.4560,2.9700,99.60,move_early
12.458855,3.0430,0.4540,2.9470,99.63,move_early
12.461826,2.9710,0.4510,2.9280,99.66,move_early
12.465066,3.2400,0.4410,3.1690,99.69,move_early
12.468752,3.6860,0.4440,2.9460,99.72,move_early
12.472846,4.0940,0.5390,4.0370,99.75,move_early
12.475890,3.0440,0.4720,2.9430,99.77,move_early
12.478922,3.0320,0.4900,2.9610,99.80,move_early
12.481910,2.9880,0.4520,2.9530,99.83,move_early
12.484978,3.0680,0.4360,2.9820,99.85,move_early
12.488192,3.2140,0.4470,2.9710,99.88,move_early
12.491083,2.8910,0.4480,2.9780,99.91,move_early
12.494608,3.5250,0.4580,2.9440,99.93,move_early
12.497164,2.5560,0.4530,2.9890,99.96,move_early
12.500390,3.2260,0.4600,2.9860,99.99,move_early
12.503460,3.0700,0.4350,2.9670,100.01,move_early
12.506505,3.0450,0.4400,2.9800,100.04,move_early
12.509599,3.0940,0.4330,2.9820,100.07,move_early
12.512704,3.1050,0.4370,2.9840,100.09,move_early
12.516538,3.8340,0.4530,2.9720,100.12,move_early
12.518991,2.4530,0.4410,2.9870,100.15,move_early
12.521909,2.9180,0.4980,2.9780,100.17,move_early
12.524989,3.0800,0.4690,2.9750,100.20,move_early
12.528053,3.0640,0.5180,2.9760,100.23,move_early
12.531028,2.9750,0.4500,2.9790,100.25,move_early
12.535582,4.5540,0.4480,2.9610,100.28,move_early
12.540337,4.7550,0.4560,2.9800,100.31,move_early
12.544177,3.8400,0.4970,2.9780,100.33,move_early
12.547176,2.9990,0.4390,2.9750,100.36,move_early
12.550097,2.9210,0.4330,2.9740,100.39,move_early
12.553122,3.0250,0.4470,2.9810,100.41,move_early
12.556118,2.9960,0.4500,2.9830,100.44,move_early
12.559652,3.5340,0.4390,2.9600,100.47,move_early
12.562371,2.7190,0.4560,2.9540,100.49,move_early
12.565741,3.3700,0.4650,3.2430,100.52,move_early
12.569303,3.5620,0.4590,2.9660,100.55,move_early
12.576597,7.2940,0.6180,2.9530,100.57,move_early
12.579942,3.3450,0.4880,2.9610,100.60,move_early
12.583318,3.3760,0.4610,2.9840,100.63,move_early
12.586547,3.2290,0.4440,2.9790,100.65,move_early
12.589489,2.9420,0.5000,2.9660,100.68,move_early
12.592519,3.0300,0.4520,2.9550,100.71,move_early
12.595512,2.9930,0.4940,2.9510,100.73,move_early
12.598574,3.0620,0.5180,2.9740,100.76,move_early
12.601569,2.9950,0.4610,2.9150,100.79,move_early
12.604565,2.9960,0.4700,2.9350,100.81,move_early
12.607608,3.0430,0.4810,2.9290,100.84,move_early
12.610599,2.9910,0.4630,2.9400,100.87,move_early
12.613681,3.0820,0.4570,2.9280,100.89,move_early
12.616694,3.0130,0.4390,2.9530,100.92,move_early
12.621554,4.8600,0.4600,2.9680,100.95,move_early
12.627225,5.6710,0.5970,2.9730,100.97,move_early
12.630498,3.2730,0.5120,2.9730,101.00,move_early
12.633737,3.2390,0.4620,3.1760,101.03,move_early
12.636986,3.2490,0.4720,2.9690,101.06,move_early
12.640271,3.2850,0.4530,2.9670,101.08,move_early
12.643518,3.2470,0.4420,2.9470,101.11,move_early
12.646761,3.2430,0.4330,2.9570,101.14,move_early
12.649998,3.2370,0.4640,2.9490,101.16,move_early
12.653249,3.2510,0.4620,2.9550,101.19,move_early
12.656470,3.2210,0.4470,2.9350,101.22,move_early
12.659650,3.1800,0.4410,2.9650,101.24,move_early
12.663071,3.4210,0.4590,2.9730,101.27,move_early
12.666281,3.2100,0.4720,2.9410,101.30,move_early
12.669600,3.3190,0.4470,2.9590,101.32,move_early
12.674138,4.5380,0.4620,2.9850,101.35,move_early
12.678624,4.4860,0.4860,2.9550,101.38,move_early
12.682038,3.4140,0.4590,2.9510,101.41,move_early
12.685294,3.2560,0.4650,2.9540,101.44,move_early
12.688517,3.2230,0.4470,2.9830,101.47,move_early
12.691899,3.3820,0.4430,2.9600,101.49,move_early
12.695287,3.3880,0.5000,2.9660,101.52,move_early
12.698563,3.2760,0.4430,2.9500,101.55,move_early
12.702728,4.1650,0.4840,4.0350,101.58,move_early
12.706026,3.2980,0.4410,2.9520,101.61,move_early
12.709235,3.2090,0.4520,2.9300,101.63,move_early
12.712445,3.2100,0.4340,2.9460,101.66,move_early
12.715715,3.2700,0.4480,2.9590,101.69,move_early
12.718879,3.1640,0.4490,2.9560,101.71,move_early
12.722070,3.1910,0.4370,2.9660,101.74,move_early
12.725341,3.2710,0.4470,2.9790,101.77,move_early
12.728664,3.3230,0.4570,2.9880,101.79,move_early
12.731933,3.2690,0.4610,2.9510,101.82,move_early
12.735194,3.2610,0.4510,3.1880,101.85,move_early
12.738446,3.2520,0.4410,2.9760,101.87,move_early
12.741676,3.2300,0.4550,2.9890,101.90,move_early
12.744864,3.1880,0.4440,2.9770,101.93,move_early
12.748082,3.2180,0.4480,2.9830,101.95,move_early
12.751260,3.1780,0.4440,2.9810,101.98,move_early
12.754564,3.3040,0.4430,2.9940,102.01,move_early
12.757906,3.3420,0.4910,2.9720,102.03,move_early
12.761219,3.3130,0.5790,2.9880,102.06,move_early
12.764538,3.3190,0.5620,2.9850,102.09,move_early
12.767771,3.2330,0.4570,2.9770,102.11,move_early
12.770943,3.1720,0.4480,2.9630,102.14,move_early
12.774144,3.2010,0.4470,3.1500,102.17,move_early
12.777421,3.2770,0.4390,2.9770,102.19,move_early
12.780685,3.2640,0.4540,2.9850,102.22,move_early
12.783869,3.1840,0.4550,2.9600,102.25,move_early
12.794614,10.7450,0.4460,2.9760,102.27,move_early
12.801584,6.9700,0.5230,2.9770,102.30,move_early
12.805284,3.7000,0.5990,3.2190,102.33,move_early
12.808255,2.9710,0.5270,2.9800,102.36,move_early
12.811289,3.0340,0.4850,2.9940,102.39,move_early
12.814318,3.0290,0.4410,2.9670,102.42,move_early
12.817437,3.1190,0.4420,2.9730,102.45,move_early
12.821490,4.0530,0.4470,2.9630,102.48,move_early
12.831214,9.7240,0.4780,2.9520,102.51,move_early
12.835702,4.4880,0.5120,2.9590,102.57,move_early
12.839198,3.4960,0.5600,2.9520,102.61,move_early
12.842523,3.3250,1.0270,2.9810,102.64,move_early
12.845458,2.9350,0.4590,2.9690,102.67,move_early
12.848449,2.9910,0.4610,2.9620,102.71,move_early
12.851473,3.0240,0.5040,2.9830,102.74,move_early
12.855511,4.0380,0.4480,2.9630,102.77,move_early
12.858224,2.7130,0.4610,2.9580,102.81,move_early
12.861230,3.0060,0.4940,2.9500,102.84,move_early
12.864254,3.0240,0.4590,2.9750,102.87,move_early
12.867464,3.2100,0.4550,2.9610,102.91,move_early
12.874475,7.0110,0.4450,2.9490,102.94,move_early
12.880931,6.4560,0.5390,2.9440,102.98,move_early
12.884567,3.6360,0.4900,2.9840,103.01,move_early
12.887073,2.5060,0.5060,2.9660,103.05,move_early
12.890076,3.0030,0.5170,2.9700,103.09,move_early
12.893135,3.0590,0.4820,2.9700,103.12,move_early
12.896216,3.0810,0.4460,2.9700,103.15,move_early
12.899213,2.9970,0.4530,2.9530,103.19,move_early
12.902298,3.0850,0.4490,2.9860,103.22,move_early
12.905398,3.1000,0.4470,2.9630,103.25,move_early
12.908414,3.0160,0.4430,3.0000,103.29,move_early
12.911492,3.0780,0.4470,2.9760,103.32,move_early
12.914492,3.0000,0.4690,2.9660,103.35,move_early
12.917535,3.0430,0.5220,2.9680,103.37,move_early
12.920606,3.0710,0.4460,2.9790,103.40,move_early
12.923627,3.0210,0.4470,2.9670,103.42,move_early
12.926765,3.1380,0.4540,2.9680,103.45,move_early
12.930201,3.4360,0.4580,2.9760,103.47,move_early
12.932871,2.6700,0.4630,2.9770,103.50,move_early
12.936121,3.2500,0.4520,2.9990,103.52,move_early
12.939142,3.0210,0.4590,2.9630,103.55,move_early
12.942202,3.0600,0.4490,2.9660,103.57,move_early
12.945245,3.0430,0.4290,2.9650,103.59,move_early
12.948279,3.0340,0.4290,2.9930,103.62,move_early
12.951353,3.0740,0.4350,2.9600,103.64,move_early
12.954399,3.0460,0.4290,2.9650,103.67,move_early
12.957440,3.0410,0.4400,2.9840,103.69,move_early
12.960541,3.1010,0.4840,2.9660,103.72,move_early
12.963549,3.0080,0.4490,2.9800,103.74,move_early
12.966824,3.2750,0.4470,3.1760,103.76,move_early
12.969849,3.0250,0.5010,2.9830,103.79,move_early
12.972911,3.0620,0.4290,2.9650,103.81,move_early
12.975942,3.0310,0.4380,2.9770,103.84,move_early
12.979012,3.0700,0.4430,2.9800,103.86,move_early
12.982074,3.0620,0.4320,2.9830,103.89,move_early
12.985157,3.0830,0.4370,2.9740,103.91,move_early
12.988248,3.0910,0.4380,2.9670,103.93,move_early
12.991303,3.0550,0.4450,2.9630,103.96,move_early
12.994333,3.0300,0.4530,2.9810,103.98,move_early
12.997359,3.0260,0.4560,2.9880,104.01,move_early
13.000602,3.2430,0.5270,2.9950,104.03,move_early
13.003667,3.0650,0.4510,2.9680,104.05,move_early
13.006753,3.0860,0.4480,2.9690,104.08,move_early
13.009787,3.0340,0.4540,2.9620,104.10,move_early
13.012836,3.0490,0.4520,2.9810,104.13,move_early
13.015905,3.0690,0.5930,2.9680,104.15,move_early
13.018949,3.0440,0.4430,2.9790,104.18,move_early
13.021992,3.0430,0.4350,2.9630,104.20,move_early
13.025083,3.0910,0.4430,2.9690,104.22,move_early
13.028108,3.0250,0.5070,2.9790,104.25,move_early
13.032981,4.8730,0.4630,3.0120,104.27,move_early
13.035705,2.7240,0.4750,3.4960,104.30,move_early
13.038697,2.9920,0.4950,2.9750,104.32,move_early
13.041751,3.0540,0.4500,2.9760,104.35,move_early
13.045587,3.8360,0.4820,3.4280,104.37,move_early
13.049168,3.5810,0.4680,3.1590,104.39,move_early
13.052566,3.3980,0.4590,3.2030,104.42,move_early
13.056911,4.3450,0.4450,3.3770,104.44,move_early
13.060763,3.8520,0.4500,3.6620,104.47,move_early
13.063835,3.0720,1.0280,2.9700,104.49,move_early
13.066858,3.0230,0.5040,2.9850,104.52,move_early
13.069986,3.1280,0.4700,2.9610,104.54,move_early
13.073628,3.6420,0.4290,3.2350,104.56,move_early
13.077382,3.7540,0.4360,2.9670,104.59,move_early
13.080537,3.1550,0.4440,3.1620,104.61,move_early
13.085300,4.7630,0.5020,3.4430,104.64,move_early
13.088172,2.8720,0.4920,2.9990,104.67,move_early
13.091586,3.4140,0.5470,3.3570,104.69,move_early
13.095782,4.1960,0.4770,3.6770,104.72,move_early
13.098744,2.9620,0.4730,3.2810,104.75,move_early
13.102707,3.9630,0.4750,3.7500,104.77,move_early
13.105933,3.2260,0.4630,2.9700,104.80,move_early
13.109565,3.6320,0.4460,3.5710,104.83,move_early
13.112850,3.2850,0.4740,3.1610,104.85,move_early
13.116744,3.8940,0.4960,3.6560,104.88,move_early
13.120175,3.4310,0.4720,3.1540,104.91,move_early
13.125386,5.2110,0.4710,3.7940,104.93,move_early
13.128830,3.4440,0.4710,3.3980,104.96,move_early
13.134363,5.5330,0.6530,3.5880,104.99,move_early
13.137213,2.8500,0.5390,2.9780,105.01,move_early
13.140325,3.1120,0.6690,2.9740,105.04,move_early
13.143840,3.5150,0.4700,3.4470,105.07,move_early
13.146868,3.0280,0.4970,2.9700,105.09,move_early
13.149894,3.0260,0.4700,2.9720,105.12,move_early
13.157851,7.9570,0.4510,2.9740,105.15,move_early
13.164224,6.3730,0.6090,2.9970,105.18,move_early
13.168532,4.3080,0.4510,2.9930,105.23,move_early
13.172113,3.5810,0.5350,3.0160,105.27,move_early
13.175489,3.3760,0.4850,2.9800,105.29,move_early
13.178815,3.3260,0.4500,2.9730,105.33,move_early
13.182061,3.2460,0.4780,2.9460,105.36,move_early
13.185479,3.4180,0.4420,2.9570,105.39,move_early
13.188855,3.3760,0.5190,2.9550,105.43,move_early
13.192012,3.1570,0.4630,2.9650,105.46,move_early
13.196605,4.5930,0.4420,2.9390,105.49,move_early
13.200054,3.4490,0.5030,2.9850,105.53,move_early
13.203279,3.2250,0.4570,2.9680,105.56,move_early
13.206547,3.2680,0.4570,3.0080,105.60,move_early
13.209909,3.3620,0.4390,3.1780,105.63,move_early
13.213128,3.2190,0.4550,2.9910,105.67,move_early
13.216492,3.3640,0.4580,2.9820,105.70,move_early
13.219763,3.2710,0.5510,3.0060,105.73,move_early
13.223126,3.3630,0.4910,3.1780,105.77,move_early
13.226577,3.4510,0.4550,2.9860,105.80,move_early
13.229777,3.2000,0.6060,3.1630,105.83,move_early
13.233000,3.2230,0.4460,2.9930,105.87,move_early
13.236276,3.2760,0.4480,3.1640,105.90,move_early
13.239600,3.3240,0.4510,2.9820,105.93,move_early
13.242851,3.2510,0.4950,3.1760,105.97,move_early
13.246155,3.3040,0.4480,2.9890,105.99,move_early
13.249453,3.2980,0.4460,3.1750,106.02,move_early
13.252823,3.3700,0.4850,2.9700,106.05,move_early
13.256060,3.2370,0.4840,3.1970,106.07,move_early
13.259341,3.2810,0.4440,2.9690,106.10,move_early
13.262492,3.1510,0.4920,2.9940,106.13,move_early
13.265692,3.2000,0.4300,2.9590,106.15,move_early
13.268939,3.2470,0.4820,2.9920,106.18,move_early
13.272095,3.1560,0.4550,2.9660,106.20,move_early
13.275374,3.2790,0.4410,3.2550,106.23,move_early
13.278709,3.3350,0.4480,2.9740,106.26,move_early
13.283687,4.9780,0.5220,3.5710,106.28,move_early
13.287462,3.7750,0.4550,3.8180,106.31,move_early
13.290814,3.3520,0.5900,3.0170,106.34,move_early
13.294084,3.2700,0.5020,2.9530,106.36,move_early
13.297468,3.3840,0.4450,3.0030,106.39,move_early
13.300622,3.1540,0.5010,2.9710,106.42,move_early
13.303828,3.2060,0.4560,3.0080,106.44,move_early
13.307060,3.2320,0.4650,2.9560,106.47,move_early
13.310328,3.2680,0.4700,2.9910,106.50,move_early
13.313531,3.2030,0.4520,2.9760,106.52,move_early
13.316779,3.2480,0.4440,3.0030,106.55,move_early
13.319972,3.1930,0.4560,3.1600,106.58,move_early
13.323208,3.2360,0.4440,3.0040,106.60,move_early
13.326470,3.2620,0.4350,3.3050,106.63,move_early
13.329568,3.0980,0.4370,3.0030,106.66,move_early
13.333224,3.6560,0.4570,3.3080,106.68,move_early
13.336464,3.2400,0.4480,3.2030,106.71,move_early
13.339835,3.3710,0.4330,3.3220,106.74,move_early
13.342952,3.1170,0.4490,2.9640,106.76,move_early
13.346382,3.4300,0.4410,3.3530,106.79,move_early
13.349540,3.1580,0.4570,2.9600,106.82,move_early
13.352675,3.1350,0.4770,2.9840,106.84,move_early
13.355934,3.2590,0.4630,2.9670,106.87,move_early
13.359055,3.1210,0.4610,2.9840,106.90,move_early
13.363808,4.7530,0.4430,2.9650,106.92,move_early
13.368820,5.0120,0.5630,2.9990,106.95,move_early
13.372692,3.8720,0.4390,2.9760,106.98,move_early
13.376255,3.5630,0.4380,3.3010,107.00,move_early
13.379915,3.6600,0.4370,3.0140,107.00,move_early
13.383395,3.4800,0.5690,3.3000,107.00,move_early
13.386950,3.5550,0.4500,2.9940,107.00,move_early
13.390355,3.4050,0.4770,2.9690,107.00,move_early
13.393794,3.4390,0.4230,3.0020,107.00,move_early
13.397478,3.6840,0.4790,2.9790,107.00,move_early
13.400962,3.4840,0.5970,2.9810,107.00,move_early
13.410870,9.9080,0.4620,2.9690,107.00,move_early
13.421600,10.7300,0.4600,3.0070,107.00,move_early
13.428754,7.1540,0.5950,3.2950,107.00,move_early
13.432818,4.0640,0.5820,2.9840,107.00,move_early
13.435746,2.9280,0.5100,2.9890,107.00,move_early
13.438762,3.0160,0.5060,2.9530,107.00,move_early
13.441787,3.0250,0.4680,2.9440,107.00,move_early
13.445076,3.2890,0.4670,2.9170,107.00,move_early
13.449211,4.1350,0.4630,2.9380,107.00,move_early
13.453314,4.1030,0.4700,3.2380,107.00,move_early
13.457235,3.9210,0.5130,2.9540,107.00,move_early
13.459965,2.7300,0.5670,2.9380,107.00,move_early
13.463226,3.2610,0.5210,2.9930,107.00,move_early
13.466288,3.0620,0.4460,2.9450,107.00,move_early
13.469392,3.1040,0.4440,2.9880,107.00,move_early
13.472712,3.3200,0.4590,3.2810,107.00,move_early
13.475784,3.0720,0.4480,2.9670,107.00,move_early
13.479218,3.4340,0.4550,3.2950,107.00,move_early
13.482339,3.1210,0.5170,2.9820,107.00,move_early
13.486319,3.9800,0.4750,3.9490,107.00,move_early
13.490010,3.6910,0.4680,3.0080,107.00,move_early
13.493624,3.6140,0.5430,3.5700,107.00,move_early
13.496616,2.9920,0.4320,2.9770,107.00,move_early
13.500278,3.6620,0.4520,3.5850,107.00,move_early
13.503393,3.1150,0.4510,2.9970,107.00,move_early
13.506827,3.4340,0.4460,3.4070,107.00,move_early
13.510135,3.3080,0.4990,3.2430,107.00,move_early
13.513831,3.6960,0.4440,3.4340,107.00,move_early
13.516938,3.1070,0.4540,3.0090,107.00,move_early
13.520334,3.3960,0.4340,3.3050,107.00,move_early
13.523443,3.1090,0.4300,2.9690,107.00,move_early
13.526840,3.3970,0.4500,3.3420,107.00,move_early
13.529899,3.0590,0.4700,2.9550,107.00,move_early
13.533339,3.4400,0.4450,3.3260,107.00,move_early
13.536345,3.0060,0.4620,2.9610,107.00,move_early
13.539428,3.0830,0.4420,2.9930,107.00,move_early
13.542806,3.3780,0.4310,2.9680,107.00,move_early
13.545883,3.0770,0.4540,3.0080,107.00,move_early
13.549458,3.5750,0.4610,3.0290,107.00,move_early
13.552418,2.9600,0.4350,3.0130,107.00,move_early
13.556523,4.1050,0.4530,3.2980,107.00,move_early
13.559546,3.0230,0.5290,3.0120,107.00,move_early
13.562942,3.3960,0.4570,3.2970,107.00,move_early
13.566071,3.1290,0.4670,3.0020,107.00,move_early
13.569439,3.3680,0.4300,3.3120,107.00,move_early
13.572589,3.1500,0.4840,3.0070,107.00,move_early
13.576019,3.4300,0.4520,3.3150,107.00,move_early
13.579243,3.2240,0.4440,3.1870,107.00,move_early
13.582976,3.7330,0.4600,3.3190,107.00,move_early
13.585728,2.7520,0.4510,2.9560,107.00,move_early
13.589116,3.3880,0.4300,3.3400,107.00,move_early
13.592211,3.0950,0.4850,2.9670,107.00,move_early
13.595232,3.0210,0.4520,2.9970,107.00,move_early
13.598607,3.3750,0.4420,2.9930,107.00,move_early
13.601771,3.1640,0.4300,2.9900,107.00,move_early
13.605110,3.3390,0.4510,2.9650,107.00,move_early
13.608199,3.0890,0.4440,2.9960,107.00,move_early
13.611585,3.3860,0.4400,3.3150,107.00,move_early
13.615440,3.8550,0.4360,2.9940,107.00,move_early
13.623955,8.5150,0.4550,3.2980,107.00,move_early
13.628756,4.8010,0.4790,2.9760,107.00,move_early
13.631300,2.5440,0.4620,2.9920,107.00,move_early
13.634892,3.5920,0.4920,2.9600,107.00,move_early
13.637781,2.8890,0.4400,3.3410,107.00,move_early
13.640794,3.0130,0.4510,2.9380,107.00,move_early
13.643872,3.0780,0.4380,2.9850,107.00,move_early
13.647315,3.4430,0.4790,2.9520,107.00,move_early
13.652598,5.2830,0.4390,2.9860,107.00,move_early
13.655252,2.6540,0.4580,2.9450,107.00,move_early
13.658574,3.3220,0.4510,3.3230,107.00,move_early
13.661609,3.0350,0.5980,2.9580,107.00,move_early
13.664792,3.1830,0.4660,2.9910,107.00,move_early
13.668110,3.3180,0.4620,2.9530,107.00,move_early
13.671139,3.0290,0.4420,2.9870,107.00,move_early
13.674558,3.4190,0.4690,2.9670,107.00,move_early
13.677702,3.1440,0.4230,3.0070,107.00,move_early
13.681143,3.4410,0.4460,3.2910,107.00,move_early
13.684178,3.0350,0.4400,2.9950,107.00,move_early
13.687493,3.3150,0.4270,3.3060,107.00,move_early
13.690521,3.0280,0.4340,2.9920,107.00,move_early
13.693994,3.4730,0.4320,3.3190,107.00,move_early
13.697001,3.0070,0.4440,2.9770,107.00,move_early
13.700473,3.4720,0.4890,3.3460,107.00,move_early
13.703485,3.0120,0.4480,2.9840,107.00,move_early
13.706506,3.0210,0.4540,2.9890,107.00,move_early
13.709902,3.3960,0.4380,2.9670,107.00,move_early
13.712988,3.0860,0.5030,3.0030,107.00,move_early
13.716333,3.3450,0.4410,2.9670,107.00,move_early
13.719459,3.1260,0.4380,3.0090,107.00,move_early
13.723016,3.5570,0.4500,3.3000,107.00,move_early
13.725932,2.9160,0.4460,3.0020,107.00,move_early
13.729361,3.4290,0.5200,3.3120,107.00,move_early
13.732422,3.0610,0.4530,2.9960,107.00,move_early
13.735810,3.3880,0.4510,3.3230,107.00,move_early
13.738845,3.0350,0.4830,2.9540,107.00,move_early
13.742191,3.3460,0.5710,3.3440,107.00,move_early
13.745310,3.1190,0.5750,2.9770,107.00,move_early
13.749245,3.9350,0.4610,3.5670,107.00,move_early
13.752362,3.1170,0.4560,2.9700,107.00,move_early
13.755408,3.0460,0.4610,3.0070,107.00,move_early
13.758785,3.3770,0.7930,2.9680,107.00,move_early
13.761886,3.1010,0.4790,2.9780,107.00,move_early
13.765151,3.2650,0.4550,2.9700,107.00,move_early
13.768256,3.1050,0.4480,2.9930,107.00,move_early
13.771591,3.3350,0.4540,3.3140,107.00,move_early
13.774694,3.1030,0.4340,3.0000,107.00,move_early
13.778129,3.4350,0.4440,3.3210,107.00,move_early
13.781188,3.0590,0.4340,2.9960,107.00,move_early
13.784553,3.3650,0.4340,3.2930,107.00,move_early
13.787679,3.1260,0.4240,3.0060,107.00,move_early
13.791084,3.4050,0.4260,3.3210,107.00,move_early
13.794223,3.1390,0.4540,2.9730,107.00,move_early
13.797633,3.4100,0.5100,3.3660,107.00,move_early
13.800667,3.0340,0.5760,2.9720,107.00,move_early
13.803648,2.9810,0.4430,2.9650,107.00,move_early
13.807013,3.3650,0.4670,2.9690,107.00,move_early
13.810127,3.1140,0.4720,3.0080,107.00,move_early
13.813728,3.6010,0.4430,3.2300,107.00,move_early
13.816793,3.0650,0.4700,3.0030,107.00,move_early
13.820183,3.3900,0.4350,3.2900,107.00,move_early
13.823261,3.0780,0.4340,2.9880,107.00,move_early
13.826844,3.5830,0.4330,3.2840,107.00,move_early
13.829662,2.8180,0.4380,2.9790,107.00,move_early
13.833063,3.4010,0.4250,3.3300,107.00,move_early
13.836415,3.3520,0.4310,2.9650,107.00,move_early
13.839626,3.2110,0.4240,3.3300,107.00,move_early
13.842648,3.0220,0.4320,2.9550,107.00,move_early
13.845740,3.0920,0.4600,2.9940,107.00,move_early
13.849053,3.3130,0.5940,2.9720,107.00,move_early
13.852154,3.1010,0.4360,3.0020,107.00,move_early
13.855481,3.3270,0.5580,2.9800,107.00,move_early
13.858579,3.0980,0.4400,2.9980,107.00,move_early
13.861955,3.3760,0.4420,3.2900,107.00,move_early
13.865048,3.0930,0.4570,2.9990,107.00,move_early
13.868754,3.7060,0.4420,3.3010,107.00,move_early
13.871544,2.7900,0.4390,3.0010,107.00,move_early
13.877058,5.5140,0.4360,3.3090,107.00,move_early
13.880499,3.4410,0.4510,2.9550,107.00,move_early
13.882981,2.4820,0.4840,3.4390,107.00,move_early
13.886125,3.1440,0.4870,3.0130,107.00,move_early
13.889447,3.3220,0.4390,3.3240,107.00,move_early
13.892586,3.1390,0.4540,3.0110,107.00,move_early
13.895932,3.3460,0.4580,3.3160,107.00,move_early
13.898995,3.0630,0.4330,2.9920,107.00,move_early
13.903307,4.3120,0.4390,3.3110,107.00,move_early
13.905724,2.4170,0.4430,2.9790,107.00,move_early
13.909904,4.1800,0.5090,3.3350,107.00,move_early
13.912333,2.4290,0.4660,2.9640,107.00,move_early
13.915708,3.3750,0.5100,3.3480,107.00,move_early
13.921095,5.3870,0.5190,2.9490,107.00,move_early
13.926354,5.2590,0.7150,3.0060,107.00,move_early
13.929431,3.0770,0.5120,3.0060,107.00,move_early
13.932367,2.9360,0.4680,2.9730,107.00,move_early
13.935336,2.9690,0.4640,2.9770,107.00,move_early
13.938698,3.3620,0.4530,3.3100,107.00,move_early
13.941721,3.0230,0.4520,3.0010,107.00,move_early
13.945124,3.4030,0.4580,3.2960,107.00,move_early
13.948421,3.2970,0.4450,3.1920,107.00,move_early
13.951804,3.3830,0.4610,3.2950,107.00,move_early
13.954867,3.0630,0.4880,3.0010,107.00,move_early
13.958457,3.5900,0.4610,3.3280,107.00,move_early
13.961539,3.0820,0.4560,2.9830,107.00,move_early
13.964824,3.2850,0.4660,3.3330,107.00,move_early
13.967885,3.0610,0.4580,2.9880,107.00,move_early
13.971007,3.1220,0.4600,3.0120,107.00,move_early
13.974337,3.3300,0.4430,2.9770,107.00,move_early
13.977467,3.1300,0.4590,3.0120,107.00,move_early
13.980844,3.3770,0.4650,3.0010,107.00,move_early
13.984467,3.6230,0.4490,3.4910,107.00,move_early
14.039266,54.7990,0.4370,2.9880,107.00,move_early
14.048579,9.3130,0.4660,3.0070,107.00,move_early
14.053916,5.3370,0.6180,2.9550,107.00,move_early
14.057769,3.8530,0.6420,3.1440,107.00,move_early
14.061592,3.8230,0.6580,2.9460,107.00,move_early
14.065887,4.2950,0.5270,3.0970,107.00,move_early
14.069182,3.2950,0.4970,2.9470,107.00,move_early
14.072341,3.1590,0.4960,2.8900,107.00,move_early
14.075479,3.1380,0.4540,3.1370,107.00,move_early
14.078586,3.1070,0.5110,2.8840,107.00,move_early
14.081956,3.3700,0.4660,2.9120,107.00,move_early
14.085628,3.6720,0.4650,2.8830,107.00,move_early
14.088847,3.2190,0.4330,2.9240,107.00,move_early
14.091938,3.0910,0.4690,2.8920,107.00,move_early
14.094969,3.0310,0.4260,2.9350,107.00,move_early
14.098391,3.4220,0.4460,2.9730,107.00,move_early
14.102220,3.8290,0.6120,2.9460,107.00,move_early
14.105684,3.4640,0.6100,2.9530,107.00,move_early
14.108802,3.1180,0.5210,2.9530,107.00,move_early
14.111932,3.1300,0.4480,2.9580,107.00,move_early
14.115034,3.1020,0.4640,2.9500,107.00,move_early
14.118252,3.2180,0.4670,2.9560,107.00,move_early
14.121348,3.0960,0.5620,2.9590,107.00,move_early
14.124634,3.2860,0.4590,2.9420,107.00,move_early
14.127816,3.1820,0.5170,2.9790,107.00,move_early
14.130875,3.0590,0.4770,2.9460,107.00,move_early
14.134035,3.1600,0.4380,3.1480,107.00,move_early
14.137232,3.1970,0.4440,2.9490,107.00,move_early
14.140428,3.1960,0.4510,2.9600,107.00,move_early
14.143807,3.3790,0.4680,3.1750,107.00,move_early
14.146997,3.1900,0.4710,3.1490,107.00,move_early
14.150068,3.0710,0.4320,2.9750,107.00,move_early
14.153316,3.2480,0.4320,3.1660,107.00,move_early
14.156494,3.1780,0.4330,2.9500,107.00,move_early
14.159662,3.1680,0.4560,3.1850,107.00,move_early
14.163028,3.3660,0.4510,2.9180,107.00,move_early
14.166424,3.3960,0.4570,2.9740,107.00,move_early
14.169668,3.2440,0.6310,2.9520,107.00,move_early
14.177164,7.4960,0.4930,2.9790,107.00,move_early
14.183297,6.1330,0.4740,2.9300,107.00,move_early
14.186802,3.5050,0.5140,2.9160,107.00,move_early
14.189592,2.7900,0.5430,2.9370,107.00,move_early
14.192640,3.0480,0.4760,2.9720,107.00,move_early
14.195823,3.1830,0.4650,3.1170,107.00,move_early
14.198882,3.0590,0.4470,2.9550,107.00,move_early
14.202020,3.1380,0.7330,3.1430,107.00,move_early
14.205078,3.0580,0.4360,2.9580,107.00,move_early
14.208393,3.3150,0.4580,3.2450,107.00,move_early
14.211593,3.2000,0.4520,2.9550,107.00,move_early
14.214769,3.1760,0.4620,3.1320,107.00,move_early
14.218195,3.4260,0.4700,2.9380,107.00,move_early
14.222710,4.5150,0.4760,2.9740,107.00,move_early
14.226226,3.5160,0.4660,2.9350,107.00,move_early
14.229572,3.3460,0.4710,3.2040,107.00,move_early
14.232686,3.1140,0.5290,2.9410,107.00,move_early
14.236076,3.3900,0.4450,3.1740,107.00,move_early
14.239493,3.4170,0.5990,2.9430,107.00,move_early
14.242641,3.1480,0.5960,2.9600,107.00,move_early
14.246634,3.9930,0.5060,2.9390,107.00,move_early
14.253001,6.3670,0.5390,2.9600,107.00,move_early
14.257993,4.9920,0.6000,2.9440,107.00,move_early
14.261753,3.7600,0.8140,2.9400,107.00,move_early
14.264929,3.1760,0.5490,3.1600,107.00,move_early
14.268015,3.0860,0.5270,2.9770,107.00,move_early
14.271200,3.1850,0.4680,3.1570,107.00,move_early
14.274541,3.3410,0.4990,2.9380,107.00,move_early
14.277890,3.3490,0.4930,3.4050,107.00,move_early
14.280933,3.0430,0.5140,2.9180,107.00,move_early
14.283948,3.0150,0.4570,2.9620,107.00,move_early
14.286999,3.0510,0.4640,2.9010,107.00,move_early
14.290303,3.3040,0.4490,2.9250,107.00,move_early
14.293391,3.0880,0.4630,3.0970,107.00,move_early
14.301356,7.9650,0.4630,2.9440,107.00,move_early
14.308150,6.7940,0.4470,3.1170,107.00,move_early
14.312010,3.8600,0.6140,2.9470,107.00,move_early
14.314864,2.8540,0.6190,2.9370,107.00,move_early
14.317834,2.9700,0.4930,2.9630,107.00,move_early
14.320995,3.1610,0.4640,2.9230,107.00,move_early
14.324024,3.0290,0.4620,2.9230,107.00,move_early
14.327180,3.1560,0.5590,3.0940,107.00,move_early
14.330186,3.0060,0.4490,2.9370,107.00,move_early
14.333168,2.9820,0.4570,2.8960,107.00,move_early
14.336477,3.3090,0.4570,2.9070,107.00,move_early
14.339292,2.8150,0.4660,2.9820,107.00,move_early
14.342488,3.1960,0.4700,3.1360,107.00,move_early
14.345529,3.0410,0.6170,2.9420,107.00,move_early
14.348537,3.0080,0.6090,2.9220,107.00,move_early
14.351559,3.0220,0.4520,2.9220,107.00,move_early
14.354570,3.0110,0.4550,2.9340,107.00,move_early
14.357560,2.9900,0.4700,2.9280,107.00,move_early
14.360661,3.1010,0.4540,2.9440,107.00,move_early
14.363665,3.0040,0.4740,2.9250,107.00,move_early
14.366686,3.0210,0.4640,2.9380,107.00,move_early
14.369866,3.1800,0.5860,2.9430,107.00,move_early
14.372901,3.0350,0.4560,2.9440,107.00,move_early
14.375973,3.0720,0.4520,2.9760,107.00,move_early
14.379031,3.0580,0.4560,2.9380,107.00,move_early
14.382233,3.2020,0.4570,3.1510,107.00,move_early
14.385255,3.0220,0.4480,2.9440,107.00,move_early
14.388608,3.3530,0.4370,3.2150,107.00,move_early
14.391624,3.0160,0.5290,2.9450,107.00,move_early
14.394686,3.0620,0.5790,2.9570,107.00,move_early
14.397946,3.2600,0.4470,2.9420,107.00,move_early
14.400971,3.0250,0.4390,2.9670,107.00,move_early
14.404190,3.2190,0.4470,3.1240,107.00,move_early
14.407267,3.0770,0.4680,2.9700,107.00,move_early
14.410854,3.5870,0.4840,3.2620,107.00,move_early
14.413851,2.9970,0.5320,2.9610,107.00,move_early
14.417188,3.3370,0.4550,3.1400,107.00,move_early
14.420221,3.0330,0.5620,2.9360,107.00,move_early
14.423657,3.4360,0.6100,3.2490,107.00,move_early
14.427466,3.8090,0.6180,3.7530,107.00,move_early
14.430698,3.2320,0.5000,3.2060,107.00,move_early
14.433771,3.0730,0.5190,2.9280,107.00,move_early
14.436816,3.0450,0.4500,2.9850,107.00,move_early
14.440904,4.0880,0.4790,3.7140,107.00,move_early
14.443934,3.0300,0.4870,2.9780,107.00,move_early
14.447719,3.7850,0.4660,2.9530,107.00,move_early
14.450867,3.1480,0.4590,2.9880,107.00,move_early
14.454616,3.7490,0.4500,2.9320,107.00,move_early
14.457746,3.1300,0.4570,2.9660,107.00,move_early
14.461450,3.7040,0.4910,2.9320,107.00,move_early
14.464527,3.0770,0.4770,2.9540,107.00,move_early
14.468477,3.9500,0.4560,3.6500,107.00,move_early
14.472252,3.7750,0.5070,2.9600,107.00,move_early
14.482981,10.7290,0.5190,3.9630,107.00,move_early
14.487551,4.5700,0.4890,3.2090,107.00,move_early
14.490848,3.2970,0.5380,2.9250,107.00,move_early
14.494141,3.2930,0.5580,3.7560,107.00,move_early
14.497131,2.9900,0.4440,2.9300,107.00,move_early
14.501002,3.8710,0.4710,3.7230,107.00,move_early
14.503974,2.9720,0.4570,2.9260,107.00,move_early
14.507300,3.3260,0.4450,3.1490,107.00,move_early
14.510997,3.6970,0.5620,2.9300,107.00,move_early
14.514842,3.8450,0.4480,3.7220,107.00,move_early
14.517927,3.0850,0.4650,2.9930,107.00,move_early
14.521231,3.3040,0.5140,3.2160,107.00,move_early
14.524835,3.6040,0.5160,2.9650,107.00,move_early
14.528235,3.4000,0.4350,3.2120,107.00,move_early
14.531814,3.5790,0.4840,2.9680,107.00,move_early
14.535215,3.4010,0.4640,3.2060,107.00,move_early
14.538796,3.5810,0.4990,2.9990,107.00,move_early
14.543080,4.2840,0.4300,3.9190,107.00,move_early
14.546233,3.1530,0.4810,3.2030,107.00,move_early
14.550327,4.0940,0.4410,3.8180,107.00,move_early
14.553245,2.9180,0.4430,2.9920,107.00,move_early
14.557103,3.8580,0.4850,3.7600,107.00,move_early
14.560160,3.0570,0.4700,3.0090,107.00,move_early
14.564035,3.8750,0.4440,3.7800,107.00,move_early
14.567249,3.2140,0.4630,2.9920,107.00,move_early
14.571018,3.7690,0.4610,3.8650,107.00,move_early
14.574058,3.0400,0.4770,2.9970,107.00,move_early
14.578013,3.9550,0.4490,3.8250,107.00,move_early
14.581184,3.1710,0.4950,3.0150,107.00,move_early
14.585063,3.8790,0.4430,3.8400,107.00,move_early
14.588072,3.0090,0.4590,3.0030,107.00,move_early
14.592214,4.1420,0.4560,3.8220,107.00,move_early
14.595122,2.9080,0.4520,2.9960,107.00,move_early
14.598949,3.8270,0.4720,3.8290,107.00,move_early
14.602396,3.4470,0.4570,2.9930,107.00,move_early
14.605706,3.3100,0.4840,3.5940,107.00,move_early
14.609477,3.7710,0.7730,3.2230,107.00,move_early
14.613235,3.7580,0.4790,3.7550,107.00,move_early
14.616333,3.0980,0.5120,3.0160,107.00,move_early
14.619967,3.6340,0.4630,3.4750,107.00,move_early
14.623008,3.0410,1.4730,3.0030,107.00,move_early
14.626712,3.7040,0.4470,3.6260,107.00,move_early
14.629912,3.2000,0.4610,2.9940,107.00,move_early
14.633862,3.9500,0.4410,3.9040,107.00,move_early
14.636960,3.0980,0.4300,2.9950,107.00,move_early
14.640845,3.8850,0.4310,3.9040,107.00,move_early
14.643933,3.0880,0.4580,3.0010,107.00,move_early
14.647571,3.6380,0.4930,3.5830,107.00,move_early
14.650685,3.1140,0.4840,2.9980,107.00,move_early
14.654283,3.5980,0.4480,3.5790,107.00,move_early
14.657364,3.0810,0.4460,3.0040,107.00,move_early
14.661068,3.7040,0.5320,3.5530,107.00,move_early
14.664078,3.0100,0.4850,2.9870,107.00,move_early
14.667638,3.5600,0.4450,3.4850,107.00,move_early
14.670717,3.0790,0.4540,2.9930,107.00,move_early
14.674261,3.5440,0.4450,3.3380,107.00,move_early
14.677597,3.3360,0.4660,3.1590,107.00,move_early
14.681063,3.4660,0.4430,3.3920,107.00,move_early
14.684367,3.3040,0.4520,2.9770,107.00,move_early
14.687860,3.4930,0.4400,3.4030,107.00,move_early
14.691353,3.4930,0.4940,2.9650,107.00,move_early
14.694858,3.5050,0.5810,3.3770,107.00,move_early
14.697957,3.0990,0.4530,2.9680,107.00,move_early
14.701020,3.0630,0.4320,3.0020,107.00,move_early
14.704385,3.3650,0.4740,2.9680,107.00,move_early
14.707490,3.1050,0.4360,3.0040,107.00,move_early
14.710726,3.2360,0.4420,2.9630,107.00,move_early
14.714028,3.3020,0.4670,2.9940,107.00,move_early
14.717036,3.0080,0.4560,3.1460,107.00,move_early
14.720137,3.1010,0.4710,2.9920,107.00,move_early
14.723320,3.1830,0.4430,3.1600,107.00,move_early
14.726369,3.0490,0.4740,2.9980,107.00,move_early
14.729647,3.2780,0.4430,3.1950,107.00,move_early
14.736403,6.7560,0.4640,2.9720,107.00,move_early
14.739408,3.0050,0.4430,3.2180,107.00,move_early
14.743244,3.8360,0.5250,3.0210,107.00,move_early
14.745778,2.5340,0.5750,2.9750,107.00,move_early
14.748807,3.0290,0.5890,3.0070,107.00,move_early
14.752112,3.3050,0.4390,2.9880,107.00,move_early
14.755163,3.0510,0.4420,3.0240,107.00,move_early
14.760465,5.3020,0.4550,3.1650,107.00,move_early
14.763572,3.1070,0.4430,2.9870,107.00,move_early
14.766240,2.6680,0.4540,2.9750,107.00,move_early
14.769295,3.0550,0.4700,2.9880,107.00,move_early
14.772408,3.1130,0.4330,3.1670,107.00,move_early
14.775548,3.1400,0.4400,3.0000,107.00,move_early
14.779036,3.4880,0.4420,3.2960,107.00,move_early
14.782102,3.0660,0.4470,3.0010,107.00,move_early
14.785127,3.0250,0.4570,2.9880,107.00,move_early
14.788172,3.0450,0.4750,2.9780,107.00,move_early
14.791246,3.0740,0.4300,3.0060,107.00,move_early
14.794640,3.3940,0.4440,2.9670,107.00,move_early
14.797353,2.7130,0.5890,2.9780,107.00,move_early
14.800397,3.0440,0.4760,2.9630,107.00,move_early
14.803506,3.1090,0.4270,2.9700,107.00,move_early
14.806484,2.9780,0.4430,2.9770,107.00,move_early
14.809512,3.0280,0.4390,2.9570,107.00,move_early
14.812637,3.1250,0.4470,2.9850,107.00,move_early
14.815665,3.0280,0.4540,2.9710,107.00,move_early
14.819068,3.4030,0.4500,2.9670,107.00,move_early
14.821844,2.7760,0.4460,2.9930,107.00,move_early
14.825881,4.0370,0.4450,2.9780,107.00,move_early
14.828504,2.6230,0.4490,2.9900,107.00,move_early
14.832931,4.4270,0.4750,2.9710,107.00,move_early
14.835766,2.8350,0.5680,2.9640,107.00,move_early
14.839860,4.0940,0.4460,2.9870,107.00,move_early
14.842581,2.7210,0.4530,2.9830,107.00,move_early
14.846242,3.6610,0.4600,2.9770,107.00,move_early
14.849508,3.2660,0.4920,2.9840,107.00,move_early
14.852523,3.0150,0.4410,2.9830,107.00,move_early
14.855517,2.9940,0.4680,2.9860,107.00,move_early
14.858615,3.0980,0.4630,2.9730,107.00,move_early
14.861611,2.9960,0.4490,2.9780,107.00,move_early
14.864709,3.0980,0.4630,2.9630,107.00,move_early
14.869343,4.6340,0.4500,2.9770,107.00,move_early
14.872080,2.7370,0.4700,2.9620,107.00,move_early
14.875060,2.9800,0.4590,2.9710,107.00,move_early
14.878143,3.0830,0.4480,2.9660,107.00,move_early
14.881065,2.9220,0.4440,2.9670,107.00,move_early
14.884159,3.0940,0.4960,2.9780,107.00,move_early
14.887246,3.0870,0.4250,2.9720,107.00,move_early
14.890323,3.0770,0.4340,2.9780,107.00,move_early
14.893390,3.0670,0.5820,2.9680,107.00,move_early
14.896450,3.0600,0.4410,2.9840,107.00,move_early
14.899702,3.2520,0.4480,2.9660,107.00,move_early
14.902762,3.0600,0.5060,2.9720,107.00,move_early
14.905791,3.0290,0.4840,2.9700,107.00,move_early
14.909137,3.3460,0.4380,3.1730,107.00,move_early
14.912210,3.0730,0.4810,2.9670,107.00,move_early
14.915208,2.9980,0.4330,2.9660,107.00,move_early
14.918279,3.0710,0.4520,2.9800,107.00,move_early
14.921361,3.0820,0.5240,2.9830,107.00,move_early
14.924421,3.0600,0.4520,2.9630,107.00,move_early
14.927449,3.0280,0.4430,2.9630,107.00,move_early
14.930458,3.0090,0.4690,2.9720,107.00,move_early
14.933561,3.1030,0.4460,2.9830,107.00,move_early
14.936622,3.0610,0.5040,2.9740,107.00,move_early
14.939683,3.0610,0.4490,2.9710,107.00,move_early
14.942886,3.2030,0.4500,3.1680,107.00,move_early
14.945939,3.0530,0.4530,2.9880,107.00,move_early
14.948973,3.0340,0.4410,2.9690,107.00,move_early
14.952054,3.0810,0.4330,2.9610,107.00,move_early
14.955114,3.0600,0.4560,2.9850,107.00,move_early
14.958165,3.0510,0.4470,3.0020,107.00,move_early
14.961277,3.1120,0.4380,2.9650,107.00,move_early
14.964256,2.9790,0.5430,2.9640,107.00,move_early
14.967754,3.4980,0.4180,2.9870,107.00,move_early
14.970557,2.8030,0.4370,2.9850,107.00,move_early
14.973571,3.0140,0.5910,2.9820,107.00,move_early
14.976882,3.3110,0.4760,3.2190,107.00,move_early
14.979948,3.0660,0.4670,3.0210,107.00,move_early
14.983061,3.1130,0.4730,3.0140,107.00,move_early
14.986129,3.0680,0.4430,3.0090,107.00,move_early
14.989242,3.1130,0.4880,3.0150,107.00,move_early
14.992321,3.0790,0.4300,3.0070,107.00,move_early
14.995368,3.0470,0.4270,3.0160,107.00,move_early
14.998541,3.1730,0.4410,2.9860,107.00,move_early
15.001601,3.0600,0.4540,3.0090,107.00,move_early
15.004634,3.0330,0.4520,3.0010,107.00,move_early
15.007758,3.1240,0.4600,3.0210,107.00,move_early
15.013098,5.3400,0.4800,3.2010,107.00,move_early
15.016735,3.6370,0.4590,3.0090,107.00,move_early
15.019623,2.8880,0.4960,2.9980,107.00,move_early
15.022526,2.9030,0.5050,3.0060,107.00,move_early
15.025593,3.0670,0.4550,3.0010,107.00,move_early
15.028663,3.0700,0.4410,3.0260,107.00,move_early
15.031687,3.0240,0.4520,2.9830,107.00,move_early
15.034861,3.1740,0.4400,2.9850,107.00,move_early
15.037973,3.1120,0.4490,3.0020,107.00,move_early
15.040993,3.0200,0.4280,3.0120,107.00,move_early
15.044115,3.1220,0.4750,2.9950,107.00,move_early
15.047446,3.3310,0.4350,2.9890,107.00,move_early
15.050247,2.8010,0.4400,3.0140,107.00,move_early
15.053347,3.1000,0.4460,3.0060,107.00,move_early
15.056448,3.1010,0.4300,3.0190,107.00,move_early
15.059554,3.1060,0.4330,3.0030,107.00,move_early
15.062694,3.1400,0.4470,3.0180,107.00,move_early
15.065777,3.0830,0.4650,3.0090,107.00,move_early
15.068805,3.0280,0.4440,3.0010,107.00,move_early
15.071917,3.1120,0.4660,3.0060,107.00,move_early
15.075014,3.0970,0.4470,2.9990,107.00,move_early
15.079429,4.4150,0.4760,3.2180,107.00,move_early
15.081957,2.5280,0.4470,3.0010,107.00,move_early
15.087022,5.0650,0.4950,3.0240,107.00,move_early
15.091324,4.3020,0.4370,3.0110,107.00,move_early
15.093677,2.3530,0.4690,3.0010,107.00,move_early
15.097269,3.5920,0.4650,3.0020,107.00,move_early
15.100070,2.8010,0.4650,3.0000,107.00,move_early
15.103110,3.0400,0.4640,2.9760,107.00,move_early
15.106405,3.2950,0.4580,2.9930,107.00,move_early
15.109111,2.7060,0.4480,2.9850,107.00,move_early
