t_s,frame_ms,cpu_ms,gpu_ms,dist_m,phase
0.000034,0.0340,0.5790,3.6890,0.00,move_early
0.003982,3.9480,0.5700,4.3260,0.00,move_early
0.009146,5.1640,0.6250,3.0570,0.18,move_early
0.013041,3.8950,0.7980,3.0700,0.35,move_early
0.016570,3.5290,0.6030,3.0470,0.48,move_early
0.020596,4.0260,0.6340,3.6560,0.67,move_early
0.025945,5.3490,0.6360,5.2580,0.85,move_early
0.029140,3.1950,0.6060,3.0740,1.01,move_early
0.034112,4.9720,0.6050,3.6670,1.19,move_early
0.038470,4.3580,0.6080,4.2910,1.38,move_early
0.042221,3.7510,0.5920,3.0920,1.54,move_early
0.047114,4.8930,0.6330,3.0760,1.72,move_early
0.050247,3.1330,0.6090,3.0700,1.86,move_early
0.055290,5.0430,0.7140,3.6430,2.04,move_early
0.060214,4.9240,0.8270,4.9430,2.22,move_early
0.063415,3.2010,0.6360,3.0720,2.38,move_early
0.068367,4.9520,0.5870,3.6620,2.55,move_early
0.072783,4.4160,0.6170,4.3020,2.72,move_early
0.076403,3.6200,0.6290,3.0650,2.88,move_early
0.081386,4.9830,0.6260,4.8950,3.05,move_early
0.084557,3.1710,0.8000,3.0800,3.22,move_early
0.089918,5.3610,0.6470,3.9840,3.38,move_early
0.094270,4.3520,0.6230,4.2930,3.55,move_early
0.098168,3.8980,0.6420,3.0630,3.72,move_early
0.102956,4.7880,0.5890,4.2380,3.88,move_early
0.106194,3.2380,0.6050,3.0330,4.05,move_early
0.110997,4.8030,0.5820,3.6730,4.22,move_early
0.116022,5.0250,0.6560,4.8820,4.38,move_early
0.119185,3.1630,0.5810,3.0010,4.55,move_early
0.130965,11.7800,0.5900,3.6160,4.72,move_early
0.133654,2.6890,0.6200,4.2340,4.88,move_early
0.136846,3.1920,0.6360,3.0490,5.05,move_early
0.139948,3.1020,0.5710,3.0020,5.22,move_early
0.144877,4.9290,0.5850,3.6180,5.38,move_early
0.149183,4.3060,0.5870,4.2840,5.55,move_early
0.152783,3.6000,0.5680,3.0460,5.72,move_early
0.157854,5.0710,0.5710,4.8430,5.88,move_early
0.162347,4.4930,0.5890,4.3860,6.05,move_early
0.173785,11.4380,0.5690,3.9700,6.22,move_early
0.180702,6.9170,0.6590,4.8470,6.40,move_early
0.184554,3.8520,0.8580,3.0020,6.67,move_early
0.187935,3.3810,0.7300,3.3930,6.85,move_early
0.192316,4.3810,0.6200,4.9770,7.03,move_early
0.195137,2.8210,0.6090,3.0080,7.21,move_early
0.200126,4.9890,0.6250,3.6220,7.39,move_early
0.204497,4.3710,0.5820,4.2600,7.58,move_early
0.208138,3.6410,0.5600,3.0020,7.76,move_early
0.212822,4.6840,0.5900,4.6030,7.94,move_early
0.225487,12.6650,0.5780,2.9910,8.12,move_early
0.230010,4.5230,0.5950,4.6060,8.30,move_early
0.233035,3.0250,0.6920,3.0280,8.49,move_early
0.235819,2.7840,0.6210,3.0080,8.67,move_early
0.240131,4.3120,0.6280,4.2240,8.86,move_early
0.243347,3.2160,0.5990,2.9860,9.04,move_early
0.247669,4.3220,0.6270,4.2060,9.22,move_early
0.250665,2.9960,0.5790,2.9940,9.40,move_early
0.255220,4.5550,0.6330,3.2360,9.58,move_early
0.261946,6.7260,0.5980,2.9850,9.76,move_early
0.269304,7.3580,0.6130,3.1900,9.95,move_early
0.273840,4.5360,0.6080,4.4170,10.13,move_early
0.276710,2.8700,0.6100,3.0070,10.31,move_early
0.280419,3.7090,0.6370,3.9190,10.49,move_early
0.284582,4.1630,0.5960,2.9900,10.67,move_early
0.289170,4.5880,0.6040,4.6460,10.86,move_early
0.292211,3.0410,0.5760,2.9860,11.04,move_early
0.296491,4.2800,0.5640,3.0000,11.22,move_early
0.299542,3.0510,0.5480,3.0060,11.40,move_early
0.304113,4.5710,0.7470,3.2600,11.58,move_early
0.308181,4.0680,0.6280,4.0050,11.76,move_early
0.311970,3.7890,0.6000,2.9710,11.95,move_early
0.316312,4.3420,0.5640,4.2460,12.13,move_early
0.319600,3.2880,0.5720,3.0020,12.29,move_early
0.324995,5.3950,0.5750,4.4600,12.48,move_early
0.327513,2.5180,0.5650,2.9860,12.64,move_early
0.331741,4.2280,0.6810,3.2460,12.81,move_early
0.334814,3.0730,0.5870,2.9860,12.98,move_early
0.339313,4.4990,0.5630,3.2080,13.14,move_early
0.343667,4.3540,0.6160,4.2420,13.31,move_early
0.346749,3.0820,1.1500,2.9870,13.48,move_early
0.352386,5.6370,0.5710,4.2170,13.64,move_early
0.354960,2.5740,0.5790,3.0050,13.81,move_early
0.359460,4.5000,0.6150,4.4670,13.98,move_early
0.362518,3.0580,0.6950,2.9810,14.14,move_early
0.367028,4.5100,0.6030,3.2340,14.31,move_early
0.370309,3.2810,0.5870,2.9930,14.48,move_early
0.374631,4.3220,0.5950,3.1860,14.64,move_early
0.378927,4.2960,0.6040,4.2410,14.81,move_early
0.409412,30.4850,0.8310,3.0050,14.98,move_early
0.443965,34.5530,0.5770,4.9910,15.68,move_early
0.456002,12.0370,0.6760,2.9890,17.08,move_early
0.460427,4.4250,0.9830,4.0170,17.75,move_early
0.463773,3.3460,0.9290,4.4500,18.38,move_early
0.466764,2.9910,0.6190,2.9670,18.51,move_early
0.472504,5.7400,0.6150,4.6840,18.73,move_early
0.476821,4.3170,0.6320,4.2100,18.91,move_early
0.479972,3.1510,0.5810,2.9590,19.03,move_early
0.484995,5.0230,0.5720,4.9100,19.23,move_early
0.487994,2.9990,0.7660,2.9770,19.36,move_early
0.492491,4.4970,0.5770,3.1810,19.54,move_early
0.495509,3.0180,0.5750,2.9510,19.66,move_early
0.499993,4.4840,0.6950,3.1990,19.82,move_early
0.504290,4.2970,0.5610,4.2010,20.00,move_early
0.507582,3.2920,0.6140,2.9900,20.14,move_early
0.520287,12.7050,0.5690,4.1910,20.31,move_early
0.533231,12.9440,0.6040,2.9810,20.67,move_early
0.574189,40.9580,0.6670,2.9780,20.86,move_early
0.595917,21.7280,0.7330,3.0050,22.62,move_early
0.600181,4.2640,1.0450,3.0000,23.47,move_early
0.604435,4.2540,0.7940,4.6940,24.00,move_early
0.607704,3.2690,0.6680,2.9550,24.01,move_early
0.612452,4.7480,0.6610,3.6880,24.04,move_early
0.616627,4.1750,0.6380,4.2040,24.16,move_early
0.619924,3.2970,0.6700,2.9530,24.29,move_early
0.624733,4.8090,0.5930,4.7170,24.40,move_early
0.627781,3.0480,0.5840,2.9350,24.50,move_early
0.632192,4.4110,0.5780,3.1760,24.67,move_early
0.635187,2.9950,0.5660,2.9570,24.76,move_early
0.639975,4.7880,0.7410,3.6320,24.86,move_early
0.644242,4.2670,0.5500,4.1680,24.95,move_early
0.647309,3.0670,0.5710,2.9520,25.06,move_early
0.651569,4.2600,0.5600,4.1590,25.23,move_early
0.654565,2.9960,0.5730,2.9400,25.35,move_early
0.659090,4.5250,0.5670,4.2270,25.52,move_early
0.662413,3.3230,0.7860,2.9560,25.66,move_early
0.666843,4.4300,0.5540,3.1660,25.84,move_early
0.670054,3.2110,0.5540,2.9400,25.96,move_early
0.674951,4.8970,0.7210,3.5910,26.15,move_early
0.679028,4.0770,0.7950,4.1620,26.32,move_early
0.681958,2.9300,0.5960,2.9330,26.44,move_early
0.687234,5.2760,0.5930,5.1170,26.65,move_early
0.690378,3.1440,0.5850,2.9600,26.80,move_early
0.694901,4.5230,0.5610,3.1960,26.96,move_early
0.697887,2.9860,0.5990,2.9240,27.11,move_early
0.703007,5.1200,0.5580,3.1180,27.26,move_early
0.705760,2.7530,0.5760,2.9880,27.42,move_early
0.710202,4.4420,0.5660,3.4180,27.59,move_early
0.715419,5.2170,0.6650,4.1860,27.76,move_early
0.719900,4.4810,0.5780,2.9380,27.92,move_early
0.724216,4.3160,0.5840,3.6460,28.09,move_early
0.731536,7.3200,0.6500,2.9320,28.26,move_early
0.742318,10.7820,0.6680,2.9570,28.55,move_early
0.747876,5.5580,0.6220,2.9300,28.98,move_early
0.751917,4.0410,0.6340,4.1950,29.20,move_early
0.755539,3.6220,0.6370,4.1540,29.42,move_early
0.758309,2.7700,0.5730,2.9330,29.64,move_early
0.762380,4.0710,0.5910,4.1630,29.87,move_early
0.765395,3.0150,0.5930,2.9340,30.09,move_early
0.769682,4.2870,0.5980,4.2170,30.31,move_early
0.773190,3.5080,0.5390,2.9320,30.53,move_early
0.777446,4.2560,0.5920,4.1150,30.76,move_early
0.780396,2.9500,0.5690,2.9260,30.98,move_early
0.825364,44.9680,0.5620,4.4300,31.20,move_early
0.845791,20.4270,0.8190,4.1870,32.67,move_early
0.887897,42.1060,1.0560,3.2980,33.48,move_early
0.905272,17.3750,0.9640,5.4640,35.20,move_early
0.918038,12.7660,1.1540,2.9700,36.00,move_early
0.929520,11.4820,0.8340,2.8940,36.69,move_early
0.939231,9.7110,0.8780,2.9350,36.81,move_early
0.948962,9.7310,0.7040,2.9310,37.19,move_early
0.959820,10.8580,0.6110,2.9380,37.57,move_early
0.971962,12.1420,0.6160,2.9130,37.91,move_early
0.988136,16.1740,0.6000,2.9130,38.24,move_early
0.998267,10.1310,0.6220,3.8410,38.81,move_early
1.009738,11.4710,0.6670,2.9120,39.22,move_early
1.019617,9.8790,0.6330,3.0150,39.68,move_early
1.029881,10.2640,0.6690,2.9390,40.10,move_early
1.061883,32.0020,0.6310,4.2100,40.50,move_early
1.068674,6.7910,0.6690,4.6360,41.78,move_early
1.073492,4.8180,0.9830,3.6170,42.45,move_early
1.076948,3.4560,0.6860,4.6960,42.90,move_early
1.080179,3.2310,0.6250,2.8970,43.03,move_early
1.085276,5.0970,0.5850,4.4020,43.24,move_early
1.089383,4.1070,0.5920,4.0350,43.40,move_early
1.092951,3.5680,1.4390,2.8780,43.54,move_early
1.097058,4.1070,0.7800,4.1490,43.71,move_early
1.116415,19.3570,0.5940,2.8930,43.83,move_early
1.127101,10.6860,0.6790,4.6900,44.06,move_early
1.131540,4.4390,1.0880,4.4680,44.40,move_early
1.134646,3.1060,1.1110,2.8870,44.62,move_early
1.140829,6.1830,0.7020,4.1560,44.85,move_early
1.157062,16.2330,0.6170,2.8860,45.07,move_early
1.166557,9.4950,1.0670,3.5750,45.57,move_early
1.171489,4.9320,0.7130,3.8720,45.95,move_early
1.175978,4.4890,0.6540,4.3730,46.21,move_early
1.179296,3.3180,0.7850,2.8890,46.48,move_early
1.183085,3.7890,0.6440,2.8780,46.67,move_early
1.186422,3.3370,0.6230,3.8770,46.93,move_early
1.192468,6.0460,0.6230,2.8770,47.20,move_early
1.196451,3.9830,0.6390,4.6370,47.47,move_early
1.206544,10.0930,0.5830,4.1200,47.73,move_early
1.221477,14.9330,0.6580,2.8760,48.00,move_early
1.244169,22.6920,0.7130,2.8760,48.28,move_early
1.258488,14.3190,1.2510,4.5430,49.10,move_early
1.264497,6.0090,1.1140,2.9070,49.68,move_early
1.269330,4.8330,1.1770,2.8840,50.00,move_early
1.273978,4.6480,0.7360,3.0480,50.44,move_early
1.278379,4.4010,0.6740,2.8880,50.89,move_early
1.288764,10.3850,0.8430,3.5050,51.15,move_early
1.293836,5.0720,0.6830,4.7970,51.55,move_early
1.302201,8.3650,0.7470,2.8670,51.70,move_early
1.309933,7.7320,0.6190,2.8450,52.03,move_early
1.312650,2.7170,0.5790,2.8550,52.34,move_early
1.316859,4.2090,0.5710,4.1070,52.51,move_early
1.319838,2.9790,0.5830,2.8530,52.63,move_early
1.330948,11.1100,0.5690,4.1190,52.80,move_early
1.366542,35.5940,0.5700,2.8900,53.02,move_early
1.374194,7.6520,0.7160,4.0600,54.00,move_early
1.395475,21.2810,1.0360,2.9150,54.33,move_early
1.409860,14.3850,0.9650,4.8680,55.16,move_early
1.419510,9.6500,1.1600,3.5450,55.70,move_early
1.430167,10.6570,0.7790,2.8850,56.25,move_early
1.452450,22.2830,0.7240,2.8490,56.67,move_early
1.465404,12.9540,0.8680,2.8560,57.45,move_early
1.475625,10.2210,1.3630,2.8310,58.12,move_early
1.500916,25.2910,0.8400,2.8550,58.78,move_early
1.515122,14.2060,0.7900,4.7590,59.45,move_early
1.525919,10.7970,1.0810,2.8330,60.12,move_early
1.543217,17.2980,0.9490,2.8440,60.78,move_early
1.553916,10.6990,0.7590,4.4990,61.45,move_early
1.565660,11.7440,0.8660,2.8440,62.12,move_early
1.575066,9.4060,0.6920,4.2650,62.59,move_early
1.585162,10.0960,0.7310,4.0720,62.96,move_early
1.596003,10.8410,0.6780,4.3510,63.36,move_early
1.606961,10.9580,0.6100,2.8330,63.79,move_early
1.622276,15.3150,0.5940,2.8220,64.23,move_early
1.629382,7.1060,0.6400,2.8110,64.73,move_early
1.640273,10.8910,0.6630,4.0360,65.12,move_early
1.650026,9.7530,0.6230,3.9990,65.56,move_early
1.657297,7.2710,0.6690,2.7790,65.97,move_early
1.668164,10.8670,0.6100,4.0260,66.25,move_early
1.703324,35.1600,0.6150,3.9890,66.67,move_early
1.717650,14.3260,0.6290,2.7860,67.42,move_early
1.732484,14.8340,0.6440,2.7740,67.99,move_early
1.749270,16.7860,0.6120,2.7710,68.61,move_early
1.763354,14.0840,0.6830,2.7350,69.31,move_early
1.773938,10.5840,1.0730,3.8350,69.83,move_early
1.788183,14.2450,0.7490,2.7780,70.35,move_early
1.810635,22.4520,0.5590,2.7370,70.89,move_early
1.820163,9.5280,0.6200,2.7560,71.71,move_early
1.830254,10.0910,0.5670,2.7410,72.29,move_early
1.853263,23.0090,0.5760,2.7490,72.67,move_early
1.863933,10.6700,0.6480,3.0410,73.45,move_early
1.873280,9.3470,0.9490,4.3160,74.11,move_early
1.884558,11.2780,0.6540,2.7390,74.78,move_early
1.896711,12.1530,0.6480,2.7180,75.36,move_early
1.909288,12.5770,0.9220,2.7300,75.86,move_early
1.921008,11.7200,0.9130,2.7640,76.34,move_early
1.933889,12.8810,0.8400,3.8750,76.82,move_early
1.949987,16.0980,0.8740,2.7380,77.34,move_early
1.965401,15.4140,1.0930,2.7300,77.84,move_early
1.975425,10.0240,0.6140,3.6450,78.37,move_early
1.985105,9.6800,0.6720,2.7510,78.91,move_early
1.994791,9.6860,0.5700,2.7410,79.36,move_early
1.998461,3.6700,0.7580,4.1450,79.74,move_early
2.008822,10.3610,0.5890,2.7690,79.88,move_early
2.017985,9.1630,0.5680,2.7140,80.22,move_early
2.035784,17.7990,0.5290,2.7640,80.55,move_early
2.051497,15.7130,0.5560,2.7350,80.88,move_early
2.061586,10.0890,0.6180,2.7400,81.34,move_early
2.071230,9.6440,0.6090,2.7270,81.74,move_early
2.082674,11.4440,0.6620,2.7210,82.13,move_early
2.123399,40.7250,0.6310,3.6420,82.59,move_early
2.138988,15.5890,0.8210,4.4180,84.58,move_early
2.184947,45.9590,0.8990,2.7330,85.33,move_early
2.222784,37.8370,0.7990,3.7820,87.05,move_early
2.261721,38.9370,0.9450,2.7300,88.55,move_early
2.274474,12.7530,0.7690,3.7560,90.05,move_early
2.314918,40.4440,0.8870,2.7210,90.95,move_early
2.327497,12.5790,0.7740,2.7120,92.29,move_early
2.338909,11.4120,1.1460,2.6710,92.72,move_early
2.380766,41.8570,0.6900,2.7230,93.51,move_early
2.390955,10.1890,0.7070,3.7470,94.67,move_early
2.402257,11.3020,0.9450,2.7030,95.59,move_early
2.415280,13.0230,0.6690,2.7210,96.05,move_early
2.432738,17.4580,0.6570,3.9330,96.57,move_early
2.444261,11.5230,0.7170,2.6820,97.24,move_early
2.456458,12.1970,0.6990,2.7040,97.72,move_early
2.472127,15.6690,0.7410,2.6720,98.22,move_early
2.483660,11.5330,0.7500,2.6930,98.84,move_early
2.495326,11.6660,0.7360,2.6820,99.29,move_early
2.532991,37.6650,0.6550,2.7020,99.76,move_early
2.543234,10.2430,0.6210,2.7240,100.61,move_early
2.585679,42.4450,0.7140,2.6680,101.17,move_early
2.599688,14.0090,0.7100,2.7130,103.08,move_early
2.617324,17.6360,0.8950,2.7020,103.96,move_early
2.627690,10.3660,0.7480,2.7240,104.66,move_early
2.638805,11.1150,0.7180,3.7940,105.07,move_early
2.650229,11.4240,0.8320,3.1120,105.52,move_early
2.661711,11.4820,0.5710,2.6980,105.96,move_early
2.673034,11.3230,0.5790,3.6770,106.42,move_early
2.682114,9.0800,0.6220,4.1260,106.88,move_early
2.693847,11.7330,0.6160,3.8660,107.23,move_early
2.705655,11.8080,0.5520,3.9540,107.70,move_early
2.741595,35.9400,0.5520,2.6870,108.18,move_early
2.787831,46.2360,0.8160,2.6950,109.00,move_early
2.806910,19.0790,1.0430,2.6750,111.19,move_early
2.846938,40.0280,1.1210,3.9030,112.00,move_early
2.866276,19.3380,0.9790,2.7150,113.33,move_early
2.885158,18.8820,1.0890,3.6770,114.50,move_early
2.920394,35.2360,0.9550,3.6900,115.39,move_early
2.954032,33.6380,0.8910,2.6960,116.67,move_early
2.967638,13.6060,0.9830,2.6810,118.00,move_early
2.980682,13.0440,1.1000,2.6950,118.69,move_early
2.997413,16.7310,0.8260,2.7260,118.85,move_early
3.009147,11.7340,0.6890,2.7150,119.52,move_early
3.026040,16.8930,0.8170,2.7110,120.19,move_early
3.043763,17.7230,0.5430,2.6920,120.85,move_early
3.087056,43.2930,0.5780,3.7520,121.52,move_early
3.097731,10.6750,0.6230,2.6750,122.80,move_early
3.107709,9.9780,0.8670,2.6890,123.54,move_early
3.119804,12.0950,0.6420,2.6860,124.26,move_early
3.133113,13.3090,0.6060,2.7210,124.74,move_early
3.143548,10.4350,0.6250,2.7250,125.27,move_early
3.158043,14.4950,0.5900,2.7200,125.70,move_early
3.167829,9.7860,0.7210,2.6680,126.28,move_early
3.184302,16.4730,0.7150,2.6490,126.67,move_early
3.198427,14.1250,0.8020,2.6830,127.17,move_early
3.209679,11.2520,0.5850,2.6430,127.69,move_early
3.221573,11.8940,0.5890,2.6530,128.23,move_early
3.238319,16.7460,0.6290,2.6680,128.76,move_early
3.249435,11.1160,0.6540,3.7350,129.33,move_early
3.258273,8.8380,0.5250,2.6590,129.85,move_early
3.289929,31.6560,0.6540,2.6650,130.27,move_early
3.300029,10.1000,0.5460,2.6860,130.88,move_early
3.321040,21.0110,0.6010,2.6640,131.41,move_early
3.334670,13.6300,0.5850,2.6900,132.12,move_early
3.347705,13.0350,0.6020,2.6840,132.67,move_early
3.376508,28.8030,0.5670,2.6810,133.22,move_early
3.387467,10.9590,0.6160,2.6570,134.35,move_early
3.398066,10.5990,0.6490,2.6400,135.01,move_early
3.415589,17.5230,0.6300,2.6560,135.68,move_early
3.431749,16.1600,0.5910,4.3670,136.35,move_early
3.474362,42.6130,0.6210,3.0610,137.01,move_early
3.483839,9.4770,0.5870,3.0900,138.26,move_early
3.496539,12.7000,0.6420,3.0730,139.04,move_early
3.511427,14.8880,0.6190,3.0650,139.80,move_early
3.524097,12.6700,0.5480,4.8400,140.41,move_early
3.533250,9.1530,0.7160,3.0670,140.91,move_early
3.544277,11.0270,0.5670,4.8210,141.27,move_early
3.550185,5.9080,0.5480,3.0610,141.71,move_early
3.554367,4.1820,0.5640,3.1030,141.95,move_early
3.558341,3.9740,0.5660,4.3200,142.13,move_early
3.562718,4.3770,0.5800,3.0720,142.31,move_early
3.568417,5.6990,0.5480,3.5500,142.50,move_early
3.577040,8.6230,0.5610,3.0590,142.68,move_early
3.582041,5.0010,0.5640,3.0810,143.02,move_early
3.591452,9.4110,0.5030,3.0550,143.22,move_early
3.623757,32.3050,0.5250,3.0610,143.49,move_early
3.643344,19.5870,0.6050,3.0800,144.24,move_early
3.664895,21.5510,0.6590,4.3330,145.02,move_early
3.678532,13.6370,0.6120,2.8250,145.90,move_early
3.692811,14.2790,0.7830,2.8100,146.46,move_early
3.707118,14.3070,0.6090,2.8130,147.03,move_early
3.720982,13.8640,0.6360,2.8240,147.61,move_early
3.731140,10.1580,0.5900,2.8090,148.20,move_early
3.741349,10.2090,0.6170,2.8150,148.67,move_early
3.748888,7.5390,0.5660,2.8470,149.26,move_early
3.766731,17.8430,0.5350,2.8250,149.84,move_early
3.782520,15.7890,0.7990,2.8230,150.43,move_early
3.823280,40.7600,0.5990,2.8190,151.01,move_early
3.844011,20.7310,0.6070,4.0400,152.22,move_early
3.859927,15.9160,0.6560,4.4090,153.05,move_early
3.874068,14.1410,0.6350,2.8210,153.72,move_early
3.892182,18.1140,0.6800,2.8210,154.38,move_early
3.904734,12.5520,0.7680,2.8300,155.05,move_early
3.916873,12.1390,0.6170,3.5440,155.72,move_early
3.926826,9.9530,0.6730,2.8680,156.38,move_early
3.963983,37.1570,0.6230,2.8410,157.02,move_early
3.976093,12.1100,0.6430,4.4160,157.88,move_early
3.987762,11.6690,0.9320,2.8570,158.60,move_early
4.021296,33.5340,0.6970,2.8890,159.26,move_early
4.034100,12.8040,0.6580,5.3150,160.19,move_early
4.049107,15.0070,0.9000,4.1290,160.92,move_early
4.059024,9.9170,0.8250,2.8640,161.64,move_early
4.072382,13.3580,0.7530,2.8740,162.32,move_early
4.084305,11.9230,0.6890,4.8070,162.86,move_early
4.093594,9.2890,0.7210,4.1520,163.32,move_early
4.104008,10.4140,0.5620,2.8370,163.69,move_early
4.119265,15.2570,0.5640,4.1410,164.11,move_early
4.130547,11.2820,0.6150,2.8370,164.73,move_early
4.140082,9.5350,0.6580,4.1250,165.19,move_early
4.150965,10.8830,0.6110,3.3620,165.56,move_early
4.162413,11.4480,0.5470,3.2970,165.98,move_early
4.182559,20.1460,0.5530,3.5100,166.42,move_early
4.195688,13.1290,0.5940,2.8600,166.87,move_early
4.204894,9.2060,0.5970,2.8410,167.31,move_early
4.227014,22.1200,0.5580,2.6870,167.76,move_early
4.270560,43.5460,0.5600,3.9630,168.36,move_early
4.282031,11.4710,0.6110,4.5250,170.48,move_early
4.296423,14.3920,0.9980,2.6830,171.23,move_early
4.307548,11.1250,0.6010,3.2170,171.81,move_early
4.318604,11.0560,0.6510,4.6610,172.25,move_early
4.354337,35.7330,0.5600,2.6970,172.71,move_early
4.374398,20.0610,0.5660,2.6730,174.00,move_early
4.385724,11.3260,0.6530,3.7670,174.80,move_early
4.396884,11.1600,0.7320,2.6900,175.38,move_early
4.437117,40.2330,0.6600,4.0650,175.82,move_early
4.457460,20.3430,0.6410,2.6760,176.81,move_early
4.497570,40.1100,1.0280,2.6840,177.60,move_early
4.509995,12.4250,0.7900,3.0390,179.33,move_early
4.525728,15.7330,0.8680,3.5050,180.22,move_early
4.539821,14.0930,0.7280,3.9180,180.98,move_early
4.578278,38.4570,0.6240,2.6740,181.55,move_early
4.597038,18.7600,0.7040,2.6530,182.67,move_early
4.619170,22.1320,1.1230,3.9820,183.52,move_early
4.632135,12.9650,0.8180,5.1330,184.41,move_early
4.644011,11.8760,0.8260,4.1900,185.24,move_early
4.655953,11.9420,0.6290,4.7600,185.71,move_early
4.674633,18.6800,0.6110,2.6930,186.20,move_early
4.688491,13.8580,0.7430,3.8060,186.96,move_early
4.700497,12.0060,0.8420,3.6810,187.49,move_early
4.710466,9.9690,0.6700,4.2260,187.98,move_early
4.747766,37.3000,0.7040,3.9430,188.37,move_early
4.758943,11.1770,0.6330,3.3540,189.20,move_early
4.769620,10.6770,0.6790,2.6960,189.87,move_early
4.782233,12.6130,0.6480,3.0230,190.48,move_early
4.793556,11.3230,0.6480,3.9410,191.09,move_early
4.802753,9.1970,0.6940,2.6970,191.69,move_early
4.813660,10.9070,0.5370,3.0060,192.06,move_early
4.824723,11.0630,0.6010,3.7580,192.49,move_early
4.844767,20.0440,0.6020,3.1830,192.93,move_early
4.856473,11.7060,0.5340,2.7120,193.51,move_early
4.866928,10.4550,0.5150,2.6880,194.09,move_early
4.900075,33.1470,0.5870,2.9920,194.62,move_early
4.912222,12.1470,0.5650,3.9550,195.29,move_early
4.933967,21.7450,0.6260,3.8480,195.82,move_early
4.944120,10.1530,0.6110,3.0020,196.64,move_early
4.954107,9.9870,0.5940,2.6780,197.17,move_early
4.967119,13.0120,0.5630,3.9240,197.73,move_early
4.990440,23.3210,0.5450,2.6720,198.00,move_early
5.000509,10.0690,0.5910,3.3490,198.90,move_early
5.011942,11.4330,0.6430,2.7110,199.57,move_early
5.028723,16.7810,0.5860,5.1230,200.23,move_early
5.038509,9.7860,0.7050,2.6960,200.90,move_early
5.047865,9.3560,0.6340,3.3270,201.49,move_early
5.051219,3.3540,0.5690,2.7200,201.86,move_early
5.055456,4.2370,0.5580,3.9780,202.02,move_early
5.060120,4.6640,0.4970,2.6880,202.16,move_early
5.068149,8.0290,0.5080,3.9190,202.35,move_early
5.073859,5.7100,0.5660,2.7190,202.67,move_early
5.078757,4.8980,0.5460,2.6800,202.90,move_early
5.081769,3.0120,0.5720,2.6970,203.09,move_early
5.086748,4.9790,0.5670,3.3310,203.23,move_early
5.089599,2.8510,0.5030,2.6910,203.41,move_early
5.092236,2.6370,0.5670,2.6710,203.53,move_early
5.096596,4.3600,0.5120,3.9250,203.69,move_early
5.103122,6.5260,0.7220,2.7000,203.82,move_early
5.105860,2.7380,0.5070,3.9330,204.00,move_early
5.108854,2.9940,0.4920,2.6960,204.18,move_early
5.113063,4.2090,0.5030,3.3070,204.36,move_early
5.121075,8.0120,0.5250,3.9220,204.52,move_early
5.125116,4.0410,0.5420,2.7130,204.69,move_early
5.135504,10.3880,0.5260,2.6650,204.85,move_early
5.138436,2.9320,0.4930,3.9150,205.03,move_early
5.141185,2.7490,0.6300,2.6690,205.20,move_early
5.145141,3.9560,0.5180,3.8980,205.36,move_early
5.153482,8.3410,0.4920,2.7190,205.53,move_early
5.156721,3.2390,0.4800,3.9230,205.71,move_early
5.161598,4.8770,0.5290,4.6000,205.89,move_early
5.166834,5.2360,0.5910,2.7290,206.07,move_early
5.173062,6.2280,0.6020,4.1790,206.25,move_early
5.176232,3.1700,0.7650,4.6130,206.43,move_early
5.179938,3.7060,0.5070,3.9370,206.67,move_early
5.208134,28.1960,0.5250,2.7010,206.83,move_early
5.248685,40.5510,0.6760,3.9050,207.60,move_early
5.270019,21.3340,0.5470,2.6840,209.28,move_early
5.280998,10.9790,1.0800,2.6790,210.46,move_early
5.294924,13.9260,1.0320,3.7280,211.21,move_early
5.307664,12.7400,0.7450,2.6660,211.78,move_early
5.317087,9.4230,0.6150,3.9070,212.26,move_early
5.327379,10.2920,0.6200,2.6790,212.63,move_early
5.336923,9.5440,0.5570,2.7060,213.04,move_early
5.351672,14.7490,0.5570,2.7010,213.42,move_early
5.391310,39.6380,0.5700,2.6850,214.01,move_early
5.411806,20.4960,0.5700,2.7010,214.95,move_early
5.426374,14.5680,0.7110,2.6860,215.76,move_early
5.444170,17.7960,0.5840,2.6800,216.42,move_early
5.458672,14.5020,0.6160,2.6670,217.09,move_early
5.470700,12.0280,0.5680,2.7090,217.76,move_early
5.480400,9.7000,0.6180,5.9260,218.42,move_early
5.496463,16.0630,0.5680,2.7100,219.04,move_early
5.506053,9.5900,0.5450,2.6910,219.65,move_early
5.515830,9.7770,0.5670,2.6750,220.00,move_early
5.530112,14.2820,0.5690,2.7050,220.57,move_early
5.541191,11.0790,0.5370,4.4060,221.15,move_early
5.549985,8.7940,0.5590,3.4340,221.59,move_early
5.558680,8.6950,0.5880,2.7370,221.94,move_early
5.569625,10.9450,0.4970,3.3560,222.29,move_early
5.579315,9.6900,0.5510,3.7960,222.73,move_early
5.591804,12.4890,0.5470,2.7160,223.13,move_early
5.605664,13.8600,0.6170,2.7060,223.61,move_early
5.616186,10.5220,0.5520,2.6930,224.11,move_early
5.628511,12.3250,0.5630,2.6910,224.58,move_early
5.647934,19.4230,0.5100,2.6970,225.05,move_early
5.661001,13.0670,0.5560,2.6820,225.52,move_early
5.665566,4.5650,0.6230,2.6790,226.00,move_early
5.669763,4.1970,0.5760,4.1020,226.47,move_early
5.673209,3.4460,0.5850,2.7090,226.74,move_early
5.676711,3.5020,0.5830,3.0460,226.87,move_early
5.707511,30.8000,0.5560,2.7050,227.01,move_early
5.712646,5.1350,0.5710,3.1490,227.60,move_early
5.717729,5.0830,0.6690,2.6790,227.93,move_early
5.722165,4.4360,1.4760,2.7110,228.26,move_early
5.728455,6.2900,0.6140,3.0790,228.60,move_early
5.733875,5.4200,0.7420,3.9420,228.93,move_early
5.747282,13.4070,0.5880,2.6840,229.26,move_early
5.757938,10.6560,0.5590,2.7290,229.60,move_early
5.765778,7.8400,0.6530,2.6800,229.93,move_early
5.769542,3.7640,0.6070,2.6930,230.24,move_early
5.773570,4.0280,0.5660,4.5890,230.55,move_early
5.776886,3.3160,0.5090,2.6920,230.67,move_early
5.783295,6.4090,0.4790,3.0580,230.97,move_early
5.803652,20.3570,0.5370,2.6900,231.27,move_early
5.813967,10.3150,0.9120,2.6960,231.61,move_early
5.822944,8.9770,0.7600,2.6640,231.94,move_early
5.825961,3.0170,0.5980,2.6710,232.27,move_early
5.828670,2.7090,0.5400,2.6430,232.61,move_early
5.854381,25.7110,0.4600,5.0920,232.91,move_early
5.865969,11.5880,0.5620,2.6710,233.47,move_early
5.880865,14.8960,0.7000,3.9140,233.93,move_early
5.926199,45.3340,0.6210,2.6760,234.51,move_early
5.940878,14.6790,0.5810,2.6940,236.67,move_early
5.950482,9.6040,1.2310,4.3480,237.33,move_early
5.984299,33.8170,0.5700,2.6420,237.63,move_early
5.993333,9.0340,0.5630,2.6880,238.65,move_early
6.002078,8.7450,0.6030,2.6740,239.32,move_early
6.009972,7.8940,0.5650,5.4430,239.99,move_early
6.014229,4.2570,0.5250,2.6550,240.34,move_early
6.019300,5.0710,0.5200,2.6390,240.51,move_early
6.028573,9.2730,0.5360,2.6790,240.72,move_early
6.044910,16.3370,0.5450,2.6910,241.09,move_early
6.076202,31.2920,0.5130,3.0180,241.53,move_early
6.079898,3.6960,0.5480,2.6590,242.33,move_early
6.082582,2.6840,0.5320,2.6390,242.67,move_early
6.087628,5.0460,0.5000,3.7550,243.11,move_early
6.092284,4.6560,0.5270,3.8960,243.45,move_early
6.095657,3.3730,0.5070,2.6530,243.66,move_early
6.100346,4.6890,0.5680,4.2110,243.82,move_early
6.105155,4.8090,0.4760,2.6630,243.96,move_early
6.117169,12.0140,0.6790,3.1030,244.12,move_early
6.122194,5.0250,0.5280,3.9010,244.35,move_early
6.126860,4.6660,0.5290,2.6620,244.54,move_early
6.142841,15.9810,0.5100,2.6770,244.73,move_early
6.146496,3.6550,0.5400,4.2010,244.99,move_early
6.149540,3.0440,0.5170,2.6430,245.21,move_early
6.159033,9.4930,0.5120,3.0920,245.43,move_early
6.161938,2.9050,0.4960,4.2970,245.66,move_early
6.164633,2.6950,0.4690,2.6910,245.88,move_early
6.168927,4.2940,0.4970,4.2840,246.10,move_early
6.171930,3.0030,0.4760,2.6870,246.32,move_early
6.186985,15.0550,0.4760,4.2760,246.54,move_early
6.203316,16.3310,0.5420,2.6640,246.77,move_early
6.215906,12.5900,0.5470,2.6890,247.44,move_early
6.257058,41.1520,0.5920,2.6580,247.92,move_early
6.275188,18.1300,0.5180,2.6990,249.89,move_early
6.317659,42.4710,0.5320,2.6620,250.67,move_early
6.332628,14.9690,0.5670,2.6520,252.32,move_early
6.349322,16.6940,0.6080,2.6490,253.25,move_early
6.360650,11.3280,0.5180,2.6710,253.93,move_early
6.370432,9.7820,0.6660,3.8410,254.38,move_early
6.380393,9.9610,0.5950,2.6830,254.77,move_early
6.389754,9.3610,0.6550,2.6540,255.17,move_early
6.403381,13.6270,0.5920,2.6800,255.53,move_early
6.418804,15.4230,0.5290,2.6770,256.08,move_early
6.428746,9.9420,0.5370,2.6610,256.70,move_early
6.447039,18.2930,0.5480,2.6520,257.09,move_early
6.457986,10.9470,0.5710,2.6320,257.63,move_early
6.462365,4.3790,0.5240,2.6660,258.16,move_early
6.466464,4.0990,0.4960,2.6810,258.43,move_early
6.474534,8.0700,0.4740,2.6760,258.60,move_early
6.485741,11.2070,0.5210,3.9050,258.92,move_early
6.489051,3.3100,0.5380,4.2750,259.25,move_early
6.492406,3.3550,0.5450,2.6740,259.50,move_early
6.497203,4.7970,0.4970,4.2290,259.67,move_early
6.500025,2.8220,0.5350,2.6770,259.83,move_early
6.503394,3.3690,0.4930,3.0590,259.96,move_early
6.506019,2.6250,0.4610,2.6650,260.07,move_early
6.511490,5.4710,0.4770,3.0420,260.25,move_early
6.514390,2.9000,0.4580,2.6480,260.40,move_early
6.517492,3.1020,0.5060,3.0250,260.53,move_early
6.520240,2.7480,0.4630,2.6810,260.64,move_early
6.524515,4.2750,0.4750,2.9670,260.79,move_early
6.529626,5.1110,0.5840,5.0200,260.94,move_early
6.532705,3.0790,0.4680,2.6670,261.10,move_early
6.537460,4.7550,0.4710,4.2970,261.25,move_early
6.547702,10.2420,0.4720,2.6780,261.40,move_early
6.564712,17.0100,0.4860,4.2740,261.55,move_early
6.573695,8.9830,0.5020,2.6570,261.87,move_early
6.580900,7.2050,0.5320,4.2430,262.22,move_early
6.590743,9.8430,0.5140,2.6490,262.52,move_early
6.607219,16.4760,0.5420,2.6610,262.91,move_early
6.617076,9.8570,0.5130,2.6690,263.57,move_early
6.625719,8.6430,0.5800,2.6480,263.96,move_early
6.629338,3.6190,0.5610,2.6990,264.30,move_early
6.638515,9.1770,0.5160,2.6740,264.64,move_early
6.649061,10.5460,0.5290,3.2330,264.97,move_early
6.674592,25.5310,0.5090,2.6740,265.30,move_early
6.684464,9.8720,0.5250,4.5070,266.60,move_early
6.699812,15.3480,0.6100,2.6870,267.26,move_early
6.713248,13.4360,0.5800,3.0340,267.93,move_early
6.722982,9.7340,0.5720,2.6700,268.47,move_early
6.734186,11.2040,0.5490,2.6430,268.86,move_early
6.771366,37.1800,0.5670,2.6840,269.31,move_early
6.780649,9.2830,0.5470,2.6550,270.14,move_early
6.790046,9.3970,0.6130,2.6680,270.80,move_early
6.799538,9.4920,0.6380,4.4940,271.47,move_early
6.808325,8.7870,0.5740,2.6630,271.93,move_early
6.819514,11.1890,0.5970,2.7070,272.28,move_early
6.831343,11.8290,0.5420,4.3390,272.72,move_early
6.847348,16.0050,0.5590,2.6720,273.17,move_early
6.857086,9.7380,0.5270,2.6630,273.67,move_early
6.866517,9.4310,0.5230,2.6550,274.17,move_early
6.875666,9.1490,0.5110,4.8350,274.61,move_early
6.886483,10.8170,0.5850,2.6750,274.97,move_early
6.897389,10.9060,0.5400,2.6860,275.40,move_early
6.904237,6.8480,0.5110,2.9220,275.84,move_early
6.907154,2.9170,0.5060,2.6950,276.11,move_early
6.910285,3.1310,0.5600,2.6840,276.24,move_early
6.914229,3.9440,0.6440,3.0830,276.40,move_early
6.924757,10.5280,0.5160,3.9050,276.56,move_early
6.937769,13.0120,0.4880,2.6500,276.78,move_early
6.956162,18.3930,0.7520,2.6810,277.00,move_early
6.971715,15.5530,0.5830,2.6870,277.53,move_early
6.981230,9.5150,0.5740,3.7500,278.15,move_early
6.991153,9.9230,0.6010,2.6910,278.54,move_early
7.005438,14.2850,0.5500,2.6470,278.93,move_early
7.023229,17.7910,0.5450,2.6610,279.49,move_early
7.031331,8.1020,0.5610,3.6640,280.21,move_early
7.039012,7.6810,0.5640,2.6640,280.65,move_early
7.048116,9.1040,0.5560,5.5980,281.10,move_early
7.060536,12.4200,0.5530,3.1240,281.54,move_early
7.072173,11.6370,0.6290,2.6680,281.99,move_early
7.082782,10.6090,0.5490,3.7440,282.43,move_early
7.096636,13.8540,0.5660,2.6630,282.90,move_early
7.106649,10.0130,0.5530,2.6420,283.33,move_early
7.118875,12.2260,0.5790,3.8420,283.80,move_early
7.132237,13.3620,0.5510,2.6730,284.27,move_early
7.144078,11.8410,0.5310,2.6900,284.73,move_early
7.155552,11.4740,0.5100,2.6720,285.20,move_early
7.166226,10.6740,0.5280,2.6350,285.67,move_early
7.174755,8.5290,0.5350,3.7100,286.13,move_early
7.187248,12.4930,0.4940,2.6590,286.60,move_early
7.218943,31.6950,0.5590,2.7040,287.07,move_early
7.230092,11.1490,0.5430,2.6770,288.04,move_early
7.244904,14.8120,0.7250,2.6570,288.71,move_early
7.259199,14.2950,0.5180,2.6770,289.37,move_early
7.273026,13.8270,0.5490,2.6660,290.04,move_early
7.286745,13.7190,0.5590,3.2020,290.71,move_early
7.301681,14.9360,0.5420,2.6770,291.37,move_early
7.316752,15.0710,0.5270,2.6810,292.01,move_early
7.359118,42.3660,0.5580,3.8940,292.61,move_early
7.371295,12.1770,0.5570,3.6680,293.64,move_early
7.389178,17.8830,0.6360,3.8860,294.31,move_early
7.412867,23.6890,0.6000,2.6520,294.98,move_early
7.426654,13.7870,0.5860,2.6860,296.00,move_early
7.438700,12.0460,0.5700,2.6510,296.83,move_early
7.449554,10.8540,0.5550,4.3870,297.49,move_early
7.462271,12.7170,0.5730,3.6990,297.95,move_early
7.499534,37.2630,0.7350,2.6520,298.44,move_early
7.513391,13.8570,0.6240,4.8130,299.33,move_early
7.524744,11.3530,1.7300,2.6980,299.99,move_early
7.538545,13.8010,0.5810,2.6510,300.66,move_early
7.559938,21.3930,0.5160,2.6520,301.33,move_early
7.569289,9.3510,1.6100,2.6500,301.99,move_early
7.581867,12.5780,0.6830,4.7670,302.66,move_early
7.592855,10.9880,0.5160,2.6540,303.22,move_early
7.601517,8.6620,0.5520,2.6260,303.66,move_early
7.617520,16.0030,0.5640,2.6830,304.02,move_early
7.629728,12.2080,0.5120,4.2800,304.63,move_early
7.644014,14.2860,0.5460,2.6450,305.15,move_early
7.659670,15.6560,0.5500,2.6540,305.74,move_early
7.675100,15.4300,1.1140,3.8160,306.34,move_early
7.685684,10.5840,2.9410,2.6680,306.95,move_early
7.698571,12.8870,0.7200,3.9180,307.37,move_early
7.716295,17.7240,0.5210,2.6540,307.89,move_early
7.727868,11.5730,0.7450,2.6620,308.45,move_early
7.751202,23.3340,1.8830,2.6640,309.00,move_early
7.771100,19.8980,0.6550,2.6580,309.58,move_early
7.784224,13.1240,0.8950,2.6590,310.19,move_early
7.795653,11.4290,1.3610,3.8160,310.76,move_early
7.811834,16.1810,0.8330,2.6810,311.33,move_early
7.830664,18.8300,0.9680,4.2900,311.91,move_early
7.841198,10.5340,0.7500,3.0540,312.51,move_early
7.854428,13.2300,0.6860,4.5560,313.08,move_early
7.874535,20.1070,0.6020,2.6950,313.66,move_early
7.886623,12.0880,1.2740,2.6860,314.28,move_early
7.898986,12.3630,0.6630,2.6540,314.85,move_early
7.912423,13.4370,1.3150,3.8770,315.42,move_early
7.923063,10.6400,0.6050,3.9480,315.99,move_early
7.932548,9.4850,0.6770,2.7220,316.55,move_early
7.941731,9.1830,0.5710,3.1800,317.10,move_early
7.953091,11.3600,0.6100,2.7170,317.61,move_early
7.990085,36.9940,0.5450,4.4590,318.07,move_early
8.001287,11.2020,0.6280,2.7440,318.95,move_early
8.014764,13.4770,1.0600,3.5040,319.52,move_early
8.059371,44.6070,0.7470,2.6980,320.00,move_early
8.077734,18.3630,0.7300,2.7020,322.00,move_early
8.088022,10.2880,0.9410,2.6760,322.74,move_early
8.098631,10.6090,0.6850,2.7100,323.33,move_early
8.107888,9.2570,1.4860,2.6680,323.57,move_early
8.118620,10.7320,0.6260,2.6880,324.24,move_early
8.128302,9.6820,0.6100,2.6820,324.70,move_early
8.164077,35.7750,0.6230,2.6700,325.09,move_early
8.178090,14.0130,0.6020,3.9420,325.85,move_early
8.187812,9.7220,0.5900,2.7090,326.41,move_early
8.197045,9.2330,0.5840,2.6790,326.91,move_early
8.205801,8.7560,0.6090,2.6690,327.33,move_early
8.222716,16.9150,0.5810,3.8130,327.83,move_early
8.237139,14.4230,0.5370,2.6670,328.33,move_early
8.252390,15.2510,0.5730,3.9330,328.83,move_early
8.262468,10.0780,0.5740,2.6940,329.38,move_early
8.278936,16.4680,0.6590,2.7010,329.89,move_early
8.290626,11.6900,0.5960,3.7190,330.44,move_early
8.304070,13.4440,0.7040,2.7100,330.96,move_early
8.315961,11.8910,0.6100,2.6750,331.48,move_early
8.357247,41.2860,0.9910,2.6690,332.00,move_early
8.375098,17.8510,0.5610,2.6950,333.91,move_early
8.384582,9.4840,0.6800,2.7090,334.67,move_early
8.421606,37.0240,0.6590,2.6640,335.00,move_early
8.434504,12.8980,0.6160,2.7020,336.15,move_early
8.443958,9.4540,0.6200,2.6780,336.99,move_early
8.465266,21.3080,0.5800,3.8470,337.72,move_early
8.480396,15.1300,0.5460,3.0430,338.50,move_early
8.491804,11.4080,0.6610,2.6790,339.16,move_early
8.528023,36.2190,0.5870,2.7250,339.62,move_early
8.540640,12.6170,0.5740,2.6630,340.43,move_early
8.551864,11.2240,0.6310,2.6730,341.17,move_early
8.561078,9.2140,0.6110,2.6850,341.90,move_early
8.581421,20.3430,0.5760,5.1090,342.39,move_early
8.591088,9.6670,0.6240,4.1740,343.06,move_early
8.600974,9.8860,0.6260,4.3000,343.59,move_early
8.613724,12.7500,0.5710,2.6690,343.98,move_early
8.637475,23.7510,0.5250,2.7420,344.49,move_early
8.647783,10.3080,0.5430,2.7100,345.11,move_early
8.657719,9.9360,0.5790,2.6920,345.72,move_early
8.675210,17.4910,0.5880,2.7390,346.26,move_early
8.685807,10.5970,0.6050,3.2640,346.87,move_early
8.701404,15.5970,0.6770,2.6870,347.42,move_early
8.711817,10.4130,1.5050,2.6750,348.03,move_early
8.721643,9.8260,1.6580,2.6530,348.44,move_early
8.730954,9.3110,0.5460,2.7030,348.81,move_early
8.739789,8.8350,0.5530,2.6770,349.18,move_early
8.749088,9.2990,0.5410,2.6850,349.54,move_early
8.759045,9.9570,0.5740,3.7990,349.91,move_early
8.773652,14.6070,0.5520,2.6720,350.29,move_early
8.786922,13.2700,0.5720,2.7080,350.67,move_early
8.824434,37.5120,1.0130,4.3530,351.07,move_early
8.837527,13.0930,0.6570,2.7000,352.32,move_early
8.851417,13.8900,1.0170,4.1380,352.98,move_early
8.868161,16.7440,0.6790,2.6540,353.65,move_early
8.883333,15.1720,0.6070,4.6230,354.32,move_early
8.895097,11.7640,0.5960,2.6740,354.98,move_early
8.911210,16.1130,0.5760,3.8340,355.65,move_early
8.924333,13.1230,0.5500,3.8920,356.32,move_early
8.954356,30.0230,0.5570,2.6650,356.92,move_early
8.968530,14.1740,0.5770,2.6480,357.59,move_early
8.983153,14.6230,0.5930,2.6690,358.25,move_early
8.993609,10.4560,0.5650,2.7000,358.92,move_early
9.003091,9.4820,0.5960,2.6760,359.59,move_early
9.015378,12.2870,0.5870,2.6630,360.08,move_early
9.032961,17.5830,0.6110,2.7020,360.57,move_early
9.043021,10.0600,0.6550,3.0580,361.18,move_early
9.053729,10.7080,0.6590,4.4570,361.67,move_early
9.068429,14.7000,0.5770,2.6800,362.28,move_early
9.088890,20.4610,1.8070,3.0330,362.70,move_early
9.100547,11.6570,0.6310,4.4730,363.33,move_early
9.114262,13.7150,0.5480,4.4040,364.00,move_early
9.128271,14.0090,0.9780,2.7130,364.57,move_early
9.146298,18.0270,2.0190,3.9420,365.08,move_early
9.180773,34.4750,0.5840,2.7460,365.65,move_early
9.191143,10.3700,0.6280,3.1500,366.52,move_early
9.259743,68.6000,0.6660,3.1910,367.10,move_early
9.287196,27.4530,0.6610,2.7090,370.00,move_early
9.299789,12.5930,0.8690,2.7330,371.33,move_early
9.311699,11.9100,0.9300,3.7480,371.63,move_early
9.327311,15.6120,0.7760,3.8720,372.09,move_early
9.341869,14.5580,0.6380,4.4220,372.71,move_early
9.355866,13.9970,0.7000,3.6820,373.21,move_early
9.367133,11.2670,0.6670,2.6820,373.71,move_early
9.383445,16.3120,1.0540,2.7030,374.21,move_early
9.425627,42.1820,0.8320,4.2750,374.71,move_early
9.443302,17.6750,0.8960,2.6980,376.39,move_early
9.453808,10.5060,2.5870,2.7290,377.06,move_early
9.465842,12.0340,0.6250,3.9360,377.73,move_early
9.476972,11.1300,0.6140,2.7090,378.39,move_early
9.500739,23.7670,0.5730,3.2550,379.02,move_early
9.513769,13.0300,0.5990,2.7220,379.69,move_early
9.526425,12.6560,1.0930,2.9750,380.35,move_early
9.545628,19.2030,1.6420,2.9720,381.01,move_early
9.559219,13.5910,0.6300,3.9390,381.67,move_early
9.597300,38.0810,4.0440,3.2110,382.34,move_early
9.606208,8.9080,0.6660,2.7320,383.17,move_early
9.617167,10.9590,0.5940,4.4940,383.88,move_early
9.627417,10.2500,0.6180,2.7140,384.55,move_early
9.641838,14.4210,0.6180,4.4590,385.07,move_early
9.657953,16.1150,0.6760,2.7370,385.63,move_early
9.675751,17.7980,0.6330,3.7140,386.26,move_early
9.688382,12.6310,0.5380,2.7290,386.92,move_early
9.704049,15.6670,0.5910,2.6950,387.48,move_early
9.716096,12.0470,0.6310,3.2010,388.12,move_early
9.748951,32.8550,0.6640,2.7430,388.59,move_early
9.759722,10.7710,0.6170,3.1750,389.26,move_early
9.772770,13.0480,0.7770,3.9600,389.92,move_early
9.791843,19.0730,0.6570,3.0100,390.54,move_early
9.805815,13.9720,0.8440,2.7060,391.21,move_early
9.818487,12.6720,1.2300,4.0830,391.88,move_early
9.864566,46.0790,2.1320,2.7090,392.49,move_early
9.902957,38.3910,0.5740,3.9470,393.90,move_early
9.914001,11.0440,0.8640,2.7470,395.75,move_early
9.952336,38.3350,0.6840,5.5440,396.18,move_early
9.963030,10.6940,0.5850,2.7390,397.38,move_early
9.976316,13.2860,0.6210,3.1790,398.16,move_early
9.989083,12.7670,0.7650,2.6980,399.01,move_early
10.003579,14.4960,0.5940,2.7160,399.66,move_early
10.013702,10.1230,3.6670,3.9610,400.10,move_early
10.023546,9.8440,0.6370,2.7300,400.50,move_early
10.037937,14.3910,0.5950,4.4280,400.91,move_early
10.056089,18.1520,0.7980,2.6830,401.48,move_early
10.067544,11.4550,0.6490,2.7330,402.14,move_early
10.077661,10.1170,0.5910,4.7750,402.65,move_early
10.114433,36.7720,0.5550,2.7330,403.06,move_early
10.138306,23.8730,0.6520,3.0770,403.86,move_early
10.152748,14.4420,0.6130,2.7290,404.89,move_early
10.163441,10.6930,1.8100,5.4420,405.56,move_early
10.203020,39.5790,0.6110,4.6030,406.23,move_early
10.219907,16.8870,0.5460,2.7030,407.41,move_early
10.232483,12.5760,0.6200,2.9870,408.26,move_early
10.246944,14.4610,0.5840,2.7280,409.10,move_early
10.258463,11.5190,0.7950,2.6940,409.82,move_early
10.270578,12.1150,0.5690,2.6890,410.34,move_early
10.281422,10.8440,1.3660,2.7150,410.83,move_early
10.299573,18.1510,2.0400,2.6850,411.20,move_early
10.309158,9.5850,0.5100,2.7000,411.87,move_early
10.318311,9.1530,0.6210,2.6860,412.31,move_early
10.331050,12.7390,0.5430,2.6720,412.68,move_early
10.347217,16.1670,0.5840,2.7440,413.19,move_early
10.356760,9.5430,0.5490,2.6790,413.72,move_early
10.365548,8.7880,0.5420,2.6460,414.21,move_early
10.374860,9.3120,0.5340,3.6410,414.56,move_early
10.383613,8.7530,0.5430,2.6550,414.94,move_early
10.392838,9.2250,0.5070,2.6490,415.30,move_early
10.407899,15.0610,0.5590,2.6360,415.66,move_early
10.419260,11.3610,0.5610,4.9350,416.10,move_early
10.432252,12.9920,0.5590,2.6790,416.55,move_early
10.443240,10.9880,0.5450,2.6470,416.99,move_early
10.461755,18.5150,0.5560,2.6480,417.44,move_early
10.499356,37.6010,0.5710,2.6590,417.88,move_early
10.509506,10.1500,0.6310,2.6510,419.26,move_early
10.542738,33.2320,0.6130,2.6730,419.93,move_early
10.559023,16.2850,0.6710,2.6360,421.32,move_early
10.595429,36.4060,0.5820,2.6500,422.00,move_early
10.612805,17.3760,0.7800,2.6410,423.10,move_early
10.623423,10.6180,0.6180,2.6500,424.00,move_early
10.633915,10.4920,0.5840,2.6570,424.67,move_early
10.648287,14.3720,0.7200,2.6780,425.30,move_early
10.659330,11.0430,0.5620,2.6270,425.89,move_early
10.669613,10.2830,0.5970,2.6670,426.32,move_early
10.683437,13.8240,0.6410,2.6820,426.73,move_early
10.693031,9.5940,0.6150,2.6420,427.28,move_early
10.712558,19.5270,0.5590,2.6310,427.67,move_early
10.746647,34.0890,0.6180,3.6200,428.34,move_early
10.758773,12.1260,0.6880,2.6570,429.15,move_early
10.772250,13.4770,0.5890,2.6520,429.82,move_early
10.782187,9.9370,0.6860,5.2700,430.49,move_early
10.792525,10.3380,0.5640,2.6290,431.10,move_early
10.801336,8.8110,0.5510,2.6450,431.65,move_early
10.836947,35.6110,0.5850,4.0480,432.00,move_early
10.847755,10.8080,0.5480,2.6470,432.83,move_early
10.865747,17.9920,0.5500,2.6270,433.50,move_early
10.875144,9.3970,0.5830,2.6450,434.16,move_early
10.884236,9.0920,0.6120,2.6480,434.83,move_early
10.898714,14.4780,0.5710,2.6410,435.31,move_early
10.911037,12.3230,0.5420,2.6350,435.91,move_early
10.945501,34.4640,0.6950,2.6300,436.40,move_early
10.957578,12.0770,0.7140,2.6250,437.12,move_early
10.966993,9.4150,0.5750,2.6390,437.79,move_early
10.976795,9.8020,0.5820,2.6440,438.40,move_early
10.988333,11.5380,0.5550,3.7290,439.01,move_early
11.003875,15.5420,0.5430,2.6640,439.48,move_early
11.014161,10.2860,0.5750,2.6350,440.09,move_early
11.029850,15.6890,0.6510,2.6220,440.52,move_early
11.044090,14.2400,0.5420,2.6530,441.11,move_early
11.062928,18.8380,0.5850,3.8850,441.70,move_early
11.076416,13.4880,0.5940,2.6260,442.29,move_early
11.085971,9.5550,0.6260,2.6380,442.89,move_early
11.102281,16.3100,0.6190,2.6870,443.39,move_early
11.111958,9.6770,0.5950,2.6480,444.00,move_early
11.152509,40.5510,0.6250,2.6560,444.43,move_early
11.186191,33.6820,0.5120,2.6440,445.41,move_early
11.197973,11.7820,0.7500,4.5590,447.07,move_early
11.230822,32.8490,0.6180,2.6380,447.54,move_early
11.240539,9.7170,0.6520,3.8200,448.67,move_early
11.257216,16.6770,0.6010,2.6560,449.57,move_early
11.268809,11.5930,0.6300,2.6620,450.26,move_early
11.282999,14.1900,0.7180,2.6440,450.70,move_early
11.316330,33.3310,0.6030,2.6340,451.26,move_early
11.327173,10.8430,0.5550,2.6680,451.93,move_early
11.336963,9.7900,0.5200,2.6350,452.60,move_early
11.372785,35.8220,0.5420,2.6510,453.26,move_early
11.392800,20.0150,0.5320,2.6310,454.20,move_early
11.404520,11.7200,0.5820,2.6470,455.02,move_early
11.415318,10.7980,0.5790,4.1510,455.69,move_early
11.426140,10.8220,0.5310,2.6370,456.41,move_early
11.434948,8.8080,0.4830,2.6660,457.00,move_early
11.448688,13.7400,0.4810,3.8870,457.34,move_early
11.472384,23.6960,0.5060,5.0530,457.89,move_early
11.486425,14.0410,0.5600,2.6650,458.56,move_early
11.495238,8.8130,0.5840,2.6610,459.23,move_early
11.506082,10.8440,0.6770,2.6500,459.79,move_early
11.539797,33.7150,0.6450,3.8740,460.20,move_early
11.586203,46.4060,0.6100,3.8520,460.92,move_early
11.596083,9.8800,1.6880,2.6550,463.08,move_early
11.609231,13.1480,0.6890,2.6680,463.87,move_early
11.642097,32.8660,1.7980,3.0290,464.32,move_early
11.663195,21.0980,0.6570,3.5710,465.33,move_early
11.678953,15.7580,1.2260,3.0010,466.27,move_early
11.712052,33.0990,0.6350,2.9990,467.11,move_early
11.726295,14.2430,0.6080,2.9830,468.04,move_early
11.769839,43.5440,0.5830,2.9980,468.96,move_early
11.787116,17.2770,0.5280,4.5930,470.09,move_early
11.797969,10.8530,0.6770,3.0230,471.02,move_early
11.818876,20.9070,0.5870,2.9970,471.94,move_early
11.829250,10.3740,4.4380,3.0480,472.71,move_early
11.845528,16.2780,0.6180,4.2870,473.11,move_early
11.858807,13.2790,0.4790,3.0320,473.78,move_early
11.871155,12.3480,0.5800,4.3160,474.00,move_early
11.883082,11.9270,0.7960,4.3150,474.44,move_early
11.894199,11.1170,0.7340,3.0150,474.89,move_early
11.913279,19.0800,0.6170,3.0330,475.33,move_early
11.925289,12.0100,0.8770,4.2320,475.93,move_early
11.963514,38.2250,3.5700,4.9910,476.38,move_early
11.997964,34.4500,0.5690,3.0270,477.82,move_early
12.010044,12.0800,0.5590,3.0030,479.21,move_early
12.022986,12.9420,0.8170,3.0320,480.00,move_early
12.065575,42.5890,0.5310,3.0210,480.88,move_early
12.089092,23.5170,0.8670,3.0270,482.05,move_early
12.103489,14.3970,3.3410,3.0790,483.16,move_early
12.119063,15.5740,0.5800,4.3430,484.08,move_early
12.131867,12.8040,0.5480,3.0610,484.72,move_early
12.144420,12.5530,0.6960,3.0690,485.22,move_early
12.154807,10.3870,0.5830,3.0870,485.73,move_early
12.165893,11.0860,0.6760,3.0530,486.13,move_early
12.177430,11.5370,0.5370,5.3120,486.57,move_early
12.186409,8.9790,0.4970,4.3120,487.02,move_early
12.195295,8.8860,0.5310,3.0510,487.40,move_early
12.237402,42.1070,0.5430,3.0480,487.75,move_early
12.250946,13.5440,0.4820,5.4030,488.78,move_early
12.261943,10.9970,0.5840,3.7040,489.44,move_early
12.272939,10.9960,0.5830,3.7130,490.11,move_early
12.288533,15.5940,0.5040,5.4500,490.78,move_early
12.301290,12.7570,0.4860,3.6610,491.44,move_early
12.319307,18.0170,0.5680,3.6650,492.06,move_early
12.335702,16.3950,2.1010,3.6850,492.72,move_early
12.378912,43.2100,0.6180,3.7000,493.38,move_early
12.388076,9.1640,0.7720,3.6940,494.67,move_early
12.398343,10.2670,0.5810,3.7040,495.41,move_early
12.431978,33.6350,0.6710,3.7240,495.89,move_early
12.444591,12.6130,0.6150,3.7440,496.59,move_early
12.454757,10.1660,0.7890,3.7390,497.26,move_early
12.472565,17.8080,0.5590,3.7300,497.92,move_early
12.484912,12.3470,0.6270,4.8600,498.59,move_early
12.497654,12.7420,0.6630,3.7140,499.26,move_early
12.507577,9.9230,0.5610,3.7270,499.85,move_early
12.541685,34.1080,0.5450,5.0170,500.26,move_early
12.551801,10.1160,0.5290,4.1620,500.94,move_early
12.573154,21.3530,0.5230,3.7250,501.61,move_early
12.587049,13.8950,0.5260,3.7330,502.28,move_early
12.596484,9.4350,0.6120,3.7110,502.94,move_early
12.608722,12.2380,0.5120,3.7190,503.55,move_early
12.629296,20.5740,0.5370,5.4620,504.00,move_early
12.641067,11.7710,0.6190,5.2840,504.67,move_early
12.650440,9.3730,0.5240,5.0030,505.28,move_early
12.662757,12.3170,0.5260,3.7720,505.89,move_early
12.682696,19.9390,0.5390,3.7250,506.46,move_early
12.696915,14.2190,0.5920,3.7530,507.07,move_early
12.706119,9.2040,0.6710,3.7450,507.68,move_early
12.744899,38.7800,0.6050,4.1530,508.21,move_early
12.757557,12.6580,0.5740,3.7280,509.10,move_early
12.790725,33.1680,0.7590,3.7490,509.77,move_early
12.800819,10.0940,0.6760,4.9480,510.91,move_early
12.810842,10.0230,0.6370,3.7260,511.58,move_early
12.820255,9.4130,0.5910,3.7850,512.25,move_early
12.835222,14.9670,0.5650,3.7310,512.77,move_early
12.846455,11.2330,0.7010,5.1740,513.41,move_early
12.895934,49.4790,1.9320,3.7560,513.94,move_early
12.909910,13.9760,3.9120,3.7460,515.13,move_early
12.922731,12.8210,0.7050,5.5690,516.03,move_early
12.933760,11.0290,0.6880,3.7780,516.67,move_early
12.943702,9.9420,0.6030,3.7510,517.30,move_early
12.953865,10.1630,0.5690,3.7350,517.70,move_early
12.987418,33.5530,0.6000,7.3500,518.10,move_early
13.002923,15.5050,0.6040,3.8190,518.78,move_early
13.015357,12.4340,0.6210,3.7530,519.45,move_early
13.029377,14.0200,0.5550,3.7330,520.12,move_early
13.038549,9.1720,0.5490,3.9680,520.78,move_early
13.050176,11.6270,0.5050,4.3670,521.45,move_early
13.061777,11.6010,0.5270,3.0660,521.95,move_early
13.079527,17.7500,0.6080,3.1130,522.43,move_early
13.096687,17.1600,0.6160,4.3690,523.01,move_early
13.110203,13.5160,0.6320,3.0830,523.59,move_early
13.128788,18.5850,1.6800,4.3500,524.18,move_early
13.139233,10.4450,0.5760,3.0850,524.77,move_early
13.172214,32.9810,0.5710,3.0760,525.35,move_early
13.181999,9.7850,0.5560,3.0980,526.18,move_early
13.191991,9.9920,0.8170,3.0810,526.77,move_early
13.204408,12.4170,0.5570,4.3300,527.33,move_early
13.241769,37.3610,0.5380,3.0870,527.92,move_early
13.278369,36.6000,0.7940,3.1310,528.95,move_early
13.293714,15.3450,0.5980,3.0730,530.67,move_early
13.305916,12.2020,0.5930,3.0940,531.67,move_early
13.320506,14.5900,0.5850,3.0740,532.24,move_early
13.329952,9.4460,1.9120,3.1030,532.77,move_early
13.343869,13.9170,0.6450,3.1150,533.14,move_early
13.355574,11.7050,0.5810,4.3540,533.70,move_early
13.372171,16.5970,0.5680,3.0800,534.19,move_early
13.386257,14.0860,1.1260,3.0750,534.85,move_early
13.402153,15.8960,0.9920,3.0480,535.46,move_early
13.410857,8.7040,2.0790,3.0550,536.03,move_early
13.422555,11.6980,0.5590,3.0690,536.38,move_early
13.434009,11.4540,0.5580,3.0640,536.88,move_early
13.447957,13.9480,0.5610,3.0450,537.30,move_early
13.482942,34.9850,0.4910,3.3910,537.74,move_early
13.500409,17.4670,0.5630,3.0850,538.60,move_early
13.509610,9.2010,0.5820,3.0680,539.30,move_early
13.520555,10.9450,0.6220,5.9760,539.82,move_early
13.538801,18.2460,0.4890,3.4500,540.38,move_early
13.553503,14.7020,0.5480,3.0280,540.95,move_early
13.562614,9.1110,0.5490,3.0670,541.53,move_early
13.599832,37.2180,0.6160,3.0790,542.00,move_early
13.634319,34.4870,0.5150,3.0470,543.27,move_early
13.655135,20.8160,0.5550,3.9200,544.67,move_early
13.666723,11.5880,0.5320,3.4470,545.82,move_early
13.686106,19.3830,0.5450,4.3450,546.62,move_early
13.699455,13.3490,0.6180,6.1080,547.40,move_early
13.711119,11.6640,0.6270,3.0730,547.59,move_early
13.729652,18.5330,0.5710,3.0540,548.26,move_early
13.741022,11.3700,0.5980,4.5020,548.92,move_early
13.749970,8.9480,0.6160,4.3400,549.33,move_early
13.760591,10.6210,0.5530,3.0520,549.78,move_early
13.795004,34.4130,0.5190,3.0380,550.22,move_early
13.809543,14.5390,0.5330,4.2110,551.08,move_early
13.819366,9.8230,0.5650,4.3280,551.66,move_early
13.838004,18.6380,0.5330,3.0710,552.21,move_early
13.848493,10.4890,0.5550,3.0570,552.82,move_early
13.860719,12.2260,0.7020,3.9330,553.33,move_early
13.871726,11.0070,0.7360,3.0850,553.90,move_early
13.889726,18.0000,0.6210,3.0320,554.48,move_early
13.899507,9.7810,0.6150,3.6730,555.05,move_early
13.912492,12.9850,0.5970,3.0370,555.60,move_early
13.922087,9.5950,0.5390,3.1020,556.16,move_early
13.960657,38.5700,0.4580,3.0490,556.67,move_early
13.985420,24.7630,0.5600,3.0370,557.72,move_early
13.996915,11.4950,0.6570,3.0580,559.04,move_early
14.033629,36.7140,0.6320,3.0260,559.49,move_early
14.045566,11.9370,0.5740,4.7210,560.67,move_early
14.055336,9.7700,0.7310,3.0490,561.67,move_early
14.070939,15.6030,0.7030,5.1660,562.17,move_early
14.106943,36.0040,0.6400,5.6490,562.80,move_early
14.130562,23.6190,0.6620,3.0670,564.00,move_early
14.143382,12.8200,0.7300,5.2390,564.89,move_early
14.158693,15.3110,0.6600,3.0360,565.69,move_early
14.168117,9.4240,0.6180,3.5800,566.31,move_early
14.178776,10.6590,0.6450,3.0500,566.67,move_early
14.193029,14.2530,0.5350,4.3350,567.10,move_early
14.210999,17.9700,0.6020,3.0660,567.67,move_early
14.220857,9.8580,0.5920,4.1590,568.33,move_early
14.230117,9.2600,0.5640,4.0350,568.78,move_early
14.240833,10.7160,0.5160,3.3210,569.15,move_early
14.263502,22.6690,0.5720,2.7510,569.58,move_early
14.273610,10.1080,0.5580,3.3140,570.11,move_early
14.282309,8.6990,0.6260,2.7660,570.67,move_early
14.292810,10.5010,0.5590,5.8170,571.17,move_early
14.306572,13.7620,0.5530,3.4400,571.66,move_early
14.316051,9.4790,0.5780,2.7680,572.16,move_early
14.347061,31.0100,0.5590,2.7390,572.58,move_early
14.368413,21.3520,0.5260,4.6800,573.16,move_early
14.380900,12.4870,0.5720,2.7460,574.02,move_early
14.392849,11.9490,0.6320,2.7640,574.68,move_early
14.424119,31.2700,0.5640,2.7700,575.35,move_early
14.434663,10.5440,0.5550,4.4320,576.24,move_early
14.466262,31.5990,0.5430,2.5910,576.91,move_early
14.484193,17.9310,0.5230,3.1820,577.94,move_early
14.494713,10.5200,0.6190,2.6060,578.65,move_early
14.504851,10.1380,0.5380,2.9240,579.31,move_early
14.517891,13.0400,0.5090,2.5810,579.98,move_early
14.529236,11.3450,0.5320,3.1750,580.65,move_early
14.540320,11.0840,1.1000,3.1490,581.11,move_early
14.556103,15.7830,0.5340,2.6080,581.57,move_early
14.566168,10.0650,0.6380,2.5970,582.19,move_early
14.579028,12.8600,0.5860,2.5810,582.60,move_early
14.589293,10.2650,0.5340,3.8590,583.10,move_early
14.607690,18.3970,0.5340,2.6140,583.53,move_early
14.621470,13.7800,0.5570,2.5860,584.14,move_early
14.656702,35.2320,0.6010,3.8540,584.75,move_early
14.675106,18.4040,0.6430,3.8360,585.55,move_early
14.684564,9.4580,0.5880,4.3930,586.29,move_early
14.694612,10.0480,0.5530,2.5960,586.95,move_early
14.704724,10.1120,0.5240,4.3750,587.56,move_early
14.722083,17.3590,0.5200,2.5900,588.13,move_early
14.773015,50.9320,0.5610,3.8580,588.75,move_early
14.811100,38.0850,2.7650,3.8400,590.24,move_early
14.823552,12.4520,0.8300,3.8370,591.75,move_early
14.867607,44.0550,0.7340,2.6050,592.67,move_early
14.886231,18.6240,3.5860,3.7360,594.01,move_early
14.926105,39.8740,0.8040,2.5930,595.34,move_early
14.940947,14.8420,0.6100,3.1180,596.68,move_early
14.955412,14.4650,1.9170,3.8400,597.58,move_early
14.965420,10.0080,0.5800,3.8060,598.17,move_early
14.976815,11.3950,0.6020,4.3570,598.58,move_early
14.987985,11.1700,0.9150,2.9100,599.03,move_early
14.997517,9.5320,0.7490,4.3810,599.46,move_early
15.015781,18.2640,0.5390,2.5530,599.85,move_early
15.025626,9.8450,0.5610,4.3640,600.32,move_early
15.035990,10.3640,0.5680,2.5770,600.82,move_early
15.047108,11.1180,0.5640,3.1150,601.33,move_early
15.064348,17.2400,0.5080,2.5470,601.81,move_early
15.073592,9.2440,0.5810,3.1240,602.29,move_early
15.110222,36.6300,0.6110,2.5670,602.79,move_early
15.120104,9.8820,0.5690,3.8510,603.70,move_early
15.131056,10.9520,0.6510,3.2290,604.22,move_early
15.169622,38.5660,0.5760,2.5610,604.67,move_early
15.193090,23.4680,0.5940,2.9120,606.40,move_early
15.227734,34.6440,0.5550,2.5710,607.34,move_early
15.277015,49.2810,0.5830,4.3320,608.73,move_early
15.293897,16.8820,0.6350,2.5730,610.67,move_early
15.303594,9.6970,0.8940,2.5790,611.72,move_early
15.315292,11.6980,0.7050,2.5530,612.00,move_early
15.329672,14.3800,0.6630,3.8360,612.24,move_early
15.346504,16.8320,0.7040,2.5530,612.80,move_early
15.384423,37.9190,0.6280,2.5390,613.47,move_early
15.399316,14.8930,0.5750,2.5630,614.66,move_early
15.414001,14.6850,0.6300,2.5600,615.33,move_early
15.423641,9.6400,0.6720,4.8720,616.00,move_early
15.435677,12.0360,0.6740,2.5870,616.59,move_early
15.446033,10.3560,0.5920,2.5530,617.19,move_early
15.464391,18.3580,0.5960,2.5680,617.80,move_early
15.474009,9.6180,0.5750,2.5650,618.41,move_early
15.483141,9.1320,0.5830,3.8240,618.91,move_early
15.520375,37.2340,0.5620,2.5690,619.28,move_early
15.543920,23.5450,0.5150,2.5780,620.14,move_early
15.570143,26.2230,0.8020,2.5660,621.52,move_early
15.585096,14.9530,2.4860,2.6220,622.56,move_early
15.621430,36.3340,3.1010,2.5810,623.37,move_early
15.645024,23.5940,0.6950,2.5470,624.43,move_early
15.655007,9.9830,0.8190,3.7920,625.44,move_early
15.672979,17.9720,0.6920,3.6370,626.16,move_early
15.685781,12.8020,0.6640,2.5530,626.88,move_early
15.701470,15.6890,0.6860,3.7070,627.48,move_early
15.714913,13.4430,2.7500,2.5690,628.02,move_early
15.728681,13.7680,0.7260,2.5540,628.61,move_early
15.773691,45.0100,1.0120,2.5820,629.14,move_early
15.792029,18.3380,0.9480,3.5440,630.31,move_early
15.804208,12.1790,0.9100,2.5800,631.01,move_early
15.822539,18.3310,0.9100,3.5650,631.68,move_early
15.834394,11.8550,0.7570,4.0040,632.34,move_early
15.846156,11.7620,0.7810,2.5520,633.07,move_early
15.856222,10.0660,0.7730,2.5530,633.73,move_early
15.871162,14.9400,0.6720,2.5930,634.23,move_early
15.907331,36.1690,0.9740,3.7800,634.83,move_early
15.926298,18.9670,0.9260,2.5650,635.64,move_early
15.943454,17.1560,1.0490,2.5980,636.39,move_early
15.957446,13.9920,0.9310,2.5740,637.11,move_early
15.993568,36.1220,0.8570,3.7800,637.83,move_early
16.004780,11.2120,0.7690,4.5720,639.08,move_early
16.017478,12.6980,0.9450,2.5710,639.81,move_early
16.035523,18.0450,0.7770,2.6270,640.47,move_early
16.071907,36.3840,0.7240,2.5610,641.14,move_early
16.095831,23.9240,0.7290,2.6070,642.21,move_early
16.109131,13.3000,0.9270,2.5700,643.17,move_early
16.122378,13.2470,0.9870,3.7760,643.97,move_early
16.133006,10.6280,0.8500,2.5830,644.67,move_early
16.143012,10.0060,0.6430,2.5690,645.28,move_early
16.176226,33.2140,0.6640,2.5750,645.68,move_early
16.189033,12.8070,0.7390,2.5560,646.67,move_early
16.226423,37.3900,0.7390,2.5520,647.45,move_early
16.242887,16.4640,0.7180,2.5540,648.37,move_early
16.252626,9.7390,0.8120,2.5380,649.17,move_early
16.269814,17.1880,0.6500,2.5990,649.96,move_early
16.287855,18.0410,0.5980,2.5390,650.75,move_early
16.298450,10.5950,0.6740,3.5700,651.48,move_early
16.307284,8.8340,0.6460,3.5730,651.89,move_early
16.328383,21.0990,0.5670,3.7580,652.26,move_early
16.341692,13.3090,0.5820,2.5450,652.93,move_early
16.350602,8.9100,0.5560,2.5460,653.60,move_early
16.363309,12.7070,0.5350,2.5480,653.97,move_early
16.375311,12.0020,0.5310,2.5460,654.47,move_early
16.385839,10.5280,0.5580,2.5550,654.96,move_early
16.396978,11.1390,0.5560,2.5740,655.37,move_early
16.406509,9.5310,0.5220,2.5310,655.83,move_early
16.425114,18.6050,0.6010,2.9530,656.21,move_early
16.438326,13.2120,0.5480,2.9760,656.71,move_early
16.448122,9.7960,0.6400,2.9560,657.33,move_early
16.484641,36.5190,0.5780,4.5950,657.83,move_early
16.504474,19.8330,0.4880,2.9610,658.67,move_early
16.521798,17.3240,0.6370,2.9520,659.47,move_early
16.562094,40.2960,0.5880,4.2950,660.18,move_early
16.578277,16.1830,0.9700,2.9990,661.78,move_early
16.588532,10.2550,0.6760,3.6850,662.67,move_early
16.600558,12.0260,0.6260,2.9680,663.33,move_early
16.632838,32.2800,0.5900,2.9950,663.97,move_early
16.653632,20.7940,0.5770,3.6070,664.82,move_early
16.663704,10.0720,0.8120,3.6260,665.68,move_early
16.675797,12.0930,0.6570,3.6110,666.50,move_early
16.686680,10.8830,0.5580,4.7940,666.98,move_early
16.697593,10.9130,0.5370,5.2460,667.41,move_early
16.706913,9.3200,0.5680,3.6060,667.85,move_early
16.742076,35.1630,0.5190,3.6190,668.22,move_early
16.751904,9.8280,0.5990,5.3570,668.98,move_early
16.783537,31.6330,0.7140,3.6200,669.65,move_early
16.794472,10.9350,0.6260,3.6200,670.63,move_early
16.804941,10.4690,0.6400,3.5920,671.30,move_early
16.814963,10.0220,0.5760,3.6270,671.97,move_early
16.829355,14.3920,0.5490,5.4480,672.55,move_early
16.846363,17.0080,0.6140,3.6500,673.13,move_early
16.880976,34.6130,0.6120,3.6620,673.74,move_early
16.902391,21.4150,0.7890,3.6880,674.57,move_early
16.920661,18.2700,0.8760,3.6590,675.40,move_early
16.936585,15.9240,0.7550,4.0610,676.13,move_early
16.949405,12.8200,0.7040,3.6340,676.85,move_early
16.964964,15.5590,0.6190,5.4440,677.57,move_early
16.981628,16.6640,0.5480,5.7160,678.24,move_early
16.994078,12.4500,0.7970,5.9850,678.91,move_early
17.034689,40.6110,0.7360,3.6450,679.57,move_early
17.050768,16.0790,0.5980,3.6630,680.69,move_early
17.061384,10.6160,0.7950,4.0890,681.45,move_early
17.072745,11.3610,0.6660,5.2180,682.20,move_early
17.092712,19.9670,0.5430,5.9870,682.86,move_early
17.103269,10.5570,0.5940,3.6560,683.61,move_early
17.115912,12.6430,0.6370,3.6390,684.08,move_early
17.133007,17.0950,0.6000,5.4250,684.58,move_early
17.147181,14.1740,0.5660,3.6530,685.25,move_early
17.157438,10.2570,0.5390,3.6580,685.83,move_early
17.199071,41.6330,0.5600,3.6700,686.24,move_early
17.230651,31.5800,0.5240,4.9190,687.25,move_early
17.243263,12.6120,0.5940,4.8730,688.51,move_early
17.281968,38.7050,0.5850,5.4210,689.18,move_early
17.299999,18.0310,0.6110,5.1930,690.59,move_early
17.312381,12.3820,0.8080,3.6550,691.33,move_early
17.323527,11.1460,0.7300,4.1820,692.00,move_early
17.332504,8.9770,0.6800,5.3650,692.89,move_early
17.345278,12.7740,0.5720,3.6410,693.25,move_early
17.361118,15.8400,0.5440,5.3720,693.77,move_early
17.371863,10.7450,0.5810,3.6750,694.39,move_early
17.382263,10.4000,0.5980,5.9490,694.67,move_early
17.392971,10.7080,0.6050,5.2240,695.11,move_early
17.403391,10.4200,0.5740,3.7000,695.56,move_early
17.437878,34.4870,0.5420,3.6840,696.00,move_early
17.451941,14.0630,0.5270,5.8330,696.80,move_early
17.462247,10.3060,0.6560,3.7140,697.47,move_early
17.483983,21.7360,0.5540,3.7070,698.13,move_early
17.507789,23.8060,0.5490,3.6680,698.80,move_early
17.520101,12.3120,0.6000,3.6580,699.59,move_early
17.534843,14.7420,0.5920,3.6740,700.26,move_early
17.585279,50.4360,0.6130,3.6660,700.93,move_early
17.596124,10.8450,0.5710,3.6850,703.03,move_early
17.605399,9.2750,0.6180,3.6870,703.80,move_early
17.614116,8.7170,0.5630,7.0840,704.16,move_early
17.624037,9.9210,0.6100,4.2850,704.21,move_early
17.633301,9.2640,0.8130,3.7060,704.71,move_early
17.668826,35.5250,0.5280,4.9330,705.11,move_early
17.686350,17.5240,0.5840,5.5350,706.39,move_early
17.700176,13.8260,0.7690,3.7070,707.06,move_early
17.716398,16.2220,0.7080,3.6720,707.73,move_early
17.736389,19.9910,0.6190,3.7070,708.39,move_early
17.751764,15.3750,1.0090,3.7190,709.06,move_early
17.771159,19.3950,0.9510,3.7430,709.73,move_early
17.811300,40.1410,4.6250,5.8010,710.39,move_early
17.829480,18.1800,0.5810,5.5930,711.82,move_early
17.850453,20.9730,2.2090,2.9520,712.58,move_early
17.867497,17.0440,0.7020,2.9400,713.33,move_early
17.888116,20.6190,0.6820,4.8360,714.17,move_early
17.900922,12.8060,1.2990,4.2380,715.00,move_early
17.914818,13.8960,0.8650,2.9470,715.83,move_early
17.926025,11.2070,1.5810,2.8970,716.55,move_early
17.937439,11.4140,0.6260,2.9140,716.99,move_early
17.949449,12.0100,0.5860,2.9240,717.46,move_early
17.960706,11.2570,0.7180,2.9540,717.93,move_early
17.998335,37.6290,0.6140,2.9060,718.38,move_early
18.009992,11.6570,0.6120,4.0520,719.26,move_early
18.019947,9.9550,1.0640,2.9220,719.93,move_early
18.031610,11.6630,0.6930,2.9390,720.59,move_early
18.043061,11.4510,0.7180,2.9170,721.24,move_early
18.055508,12.4470,0.8710,2.9530,721.69,move_early
18.070585,15.0770,0.6260,2.9870,722.18,move_early
18.087196,16.6110,0.6600,5.4750,722.79,move_early
18.098094,10.8980,0.7200,4.5900,723.40,move_early
18.115520,17.4260,0.7590,2.9050,723.91,move_early
18.128300,12.7800,0.8540,4.5920,724.51,move_early
18.146723,18.4230,0.6900,2.9360,725.09,move_early
18.158754,12.0310,0.6420,4.3170,725.69,move_early
18.170760,12.0060,0.6070,2.9200,726.29,move_early
18.184911,14.1510,0.5740,2.9170,726.78,move_early
18.199389,14.4780,0.6350,2.9270,727.35,move_early
18.208807,9.4180,0.5490,2.9170,727.92,move_early
18.221621,12.8140,0.5520,2.9390,728.29,move_early
18.260787,39.1660,0.5120,2.9370,728.81,move_early
18.302226,41.4390,0.5920,2.9190,729.84,move_early
18.319566,17.3400,0.9770,2.9190,731.75,move_early
18.332355,12.7890,0.9050,2.9190,732.67,move_early
18.344199,11.8440,0.8740,2.9560,732.92,move_early
18.360975,16.7760,0.6040,2.9480,733.38,move_early
18.371561,10.5860,0.5450,2.9540,734.05,move_early
18.409115,37.5540,0.5560,2.9430,734.49,move_early
18.450029,40.9140,0.5270,3.2750,735.65,move_early
18.460641,10.6120,0.6020,2.9670,737.33,move_early
18.475552,14.9110,0.7940,2.9480,738.06,move_early
18.493914,18.3620,0.7520,4.6320,738.97,move_early
18.509520,15.6060,0.6070,4.2060,739.71,move_early
18.519818,10.2980,0.6210,2.9420,740.33,move_early
18.530255,10.4370,0.5720,2.9570,740.74,move_early
18.561421,31.1660,0.6150,2.9320,741.15,move_early
18.576423,15.0020,0.5460,4.2430,741.82,move_early
18.585828,9.4050,0.5730,2.9360,742.49,move_early
18.603560,17.7320,0.5410,2.9560,743.15,move_early
18.613441,9.8810,0.7080,2.9440,743.82,move_early
18.624179,10.7380,0.5620,2.9470,744.48,move_early
18.661005,36.8260,0.5300,2.9530,744.92,move_early
18.678678,17.6730,0.5860,2.9300,745.74,move_early
18.688359,9.6810,0.6710,2.9850,746.43,move_early
18.697729,9.3700,0.5490,2.9340,747.09,move_early
18.708369,10.6400,0.5110,4.2320,747.70,move_early
18.741066,32.6970,0.5150,4.2130,748.28,move_early
18.776012,34.9460,0.5410,2.9460,748.94,move_early
18.787301,11.2890,0.5810,2.9350,750.33,move_early
18.798684,11.3830,0.6150,2.9240,751.05,move_early
18.810165,11.4810,0.5680,2.9620,751.72,move_early
18.823579,13.4140,0.7240,2.9150,752.36,move_early
18.833298,9.7190,0.6150,2.9410,752.89,move_early
18.853992,20.6940,0.5560,2.9180,753.28,move_early
18.866376,12.3840,0.6000,2.9390,753.95,move_early
18.909615,43.2390,0.5880,2.9290,754.61,move_early
18.923312,13.6970,0.5350,2.9250,755.71,move_early
18.934230,10.9180,0.9290,2.9170,756.38,move_early
18.943129,8.8990,0.7150,2.9140,757.05,move_early
18.953451,10.3220,0.5670,3.7340,757.67,move_early
18.964936,11.4850,0.5190,2.9190,758.08,move_early
18.976149,11.2130,0.5300,4.2510,758.55,move_early
19.009202,33.0530,0.5340,2.9200,758.99,move_early
19.025268,16.0660,0.5720,2.9590,759.67,move_early
19.036968,11.7000,0.8040,4.2180,760.34,move_early
19.050701,13.7330,0.6010,3.7820,761.00,move_early
19.069598,18.8970,0.5240,2.9750,761.64,move_early
19.080056,10.4580,0.5700,4.2190,762.31,move_early
19.089261,9.2050,0.5700,2.9260,762.92,move_early
19.099204,9.9430,0.5110,3.7890,763.53,move_early
19.117361,18.1570,0.5620,4.0780,763.92,move_early
19.128605,11.2440,0.6120,2.9420,764.51,move_early
19.139139,10.5340,0.5900,2.9550,765.09,move_early
19.148993,9.8540,0.5790,5.0680,765.52,move_early
19.158815,9.8220,0.5590,2.9270,765.92,move_early
19.172308,13.4930,0.6120,3.7190,766.32,move_early
19.183461,11.1530,0.7150,2.9290,766.85,move_early
19.193993,10.5320,0.6610,3.3080,767.29,move_early
19.204510,10.5170,0.5860,5.0330,767.72,move_early
19.239417,34.9070,0.7060,2.5980,768.14,move_early
19.250592,11.1750,0.5470,3.2330,768.86,move_early
19.288418,37.8260,0.7450,3.2920,769.33,move_early
19.313226,24.8080,0.6410,3.8100,771.19,move_early
19.335969,22.7430,0.9330,2.9500,772.23,move_early
19.358171,22.2020,0.9720,2.6010,773.33,move_early
19.390319,32.1480,2.2620,3.1670,774.67,move_early
19.413684,23.3650,1.4500,3.8690,775.73,move_early
19.426471,12.7870,3.0990,4.5230,776.55,move_early
19.440065,13.5940,0.7380,2.5720,777.01,move_early
19.454535,14.4700,0.6250,3.8600,777.56,move_early
19.478181,23.6460,0.6340,3.8390,778.25,move_early
19.487997,9.8160,0.9590,4.2120,779.01,move_early
19.497494,9.4970,0.6420,2.5790,779.47,move_early
19.514290,16.7960,0.5060,2.5810,779.85,move_early
19.523550,9.2600,0.5070,2.9100,780.52,move_early
19.532136,8.5860,0.4990,2.5790,780.88,move_early
19.570705,38.5690,0.4910,3.8400,781.23,move_early
19.611506,40.8010,0.5470,3.0650,782.13,move_early
19.623985,12.4790,0.7570,2.5660,784.00,move_early
19.633752,9.7670,0.6360,3.7780,784.67,move_early
19.644952,11.2000,0.6430,2.5790,785.30,move_early
19.654557,9.6050,0.5720,2.5640,785.75,move_early
19.665720,11.1630,0.5900,2.5740,786.15,move_early
19.678976,13.2560,0.6720,2.5690,786.58,move_early
19.693042,14.0660,0.5600,2.5770,787.02,move_early
19.711899,18.8570,0.5210,2.5590,787.50,move_early
19.723266,11.3670,0.5340,3.2400,788.00,move_early
19.735258,11.9920,0.5990,4.3910,788.50,move_early
19.746833,11.5750,0.5510,2.5660,789.00,move_early
19.782248,35.4150,0.7220,2.5700,789.49,move_early
19.793607,11.3590,0.5090,3.8470,790.57,move_early
19.819495,25.8880,0.5800,3.1540,791.09,move_early
19.835242,15.7470,0.5330,3.5980,792.07,move_early
19.853090,17.8480,0.7050,2.5750,792.74,move_early
19.883425,30.3350,0.5370,2.5460,793.45,move_early
19.899658,16.2330,1.7020,3.9190,794.65,move_early
19.913490,13.8320,1.0060,2.5600,795.31,move_early
19.927571,14.0810,0.9500,4.1320,795.98,move_early
19.941332,13.7610,0.6090,3.8350,796.65,move_early
19.954257,12.9250,0.8460,4.4170,797.31,move_early
19.968654,14.3970,0.6980,4.4120,797.98,move_early
19.977613,8.9590,0.8700,3.8600,798.65,move_early
20.024295,46.6820,0.5320,3.8290,799.05,move_early
20.034568,10.2730,0.5070,4.3990,800.26,move_early
20.046087,11.5190,0.6370,5.4880,800.99,move_early
20.055649,9.5620,0.5760,2.8860,801.71,move_early
20.065064,9.4150,0.5570,4.4790,802.17,move_early
20.073813,8.7490,0.5880,3.8880,802.55,move_early
20.089063,15.2500,0.5120,2.5540,802.89,move_early
20.102871,13.8080,0.5100,3.8320,803.51,move_early
20.113271,10.4000,0.6090,3.1260,804.07,move_early
20.125307,12.0360,0.6780,2.8710,804.48,move_early
20.139243,13.9360,0.5950,2.5510,805.00,move_early
20.157212,17.9690,1.6620,2.5650,805.53,move_early
20.166977,9.7650,4.1930,3.8140,806.07,move_early
20.199908,32.9310,0.5520,3.8200,806.57,move_early
20.212662,12.7540,0.5630,3.8060,807.28,move_early
20.229627,16.9650,0.6070,4.3280,807.80,move_early
20.241691,12.0640,0.7310,4.3620,808.48,move_early
20.280077,38.3860,0.6880,2.5750,809.00,move_early
20.304105,24.0280,0.6790,3.1470,810.52,move_early
20.321341,17.2360,0.8780,2.5310,811.52,move_early
20.335305,13.9640,1.1490,4.6430,812.52,move_early
20.352602,17.2970,1.0000,2.5440,813.38,move_early
20.367025,14.4230,0.5510,3.6750,814.05,move_early
20.378832,11.8070,0.5470,2.6020,814.62,move_early
20.401339,22.5070,0.4900,4.4800,815.09,move_early
20.413270,11.9310,0.5080,2.5830,815.76,move_early
20.425409,12.1390,0.5450,3.7480,816.42,move_early
20.438400,12.9910,0.5220,2.5610,816.97,move_early
20.451277,12.8770,0.5650,2.5430,817.48,move_early
20.461111,9.8340,0.5380,2.5540,817.99,move_early
20.494600,33.4890,0.5400,2.5310,818.40,move_early
20.511774,17.1740,0.6770,3.4610,819.06,move_early
20.524289,12.5150,0.5550,2.5680,819.75,move_early
20.535735,11.4460,0.5120,2.5710,820.32,move_early
20.549994,14.2590,0.5230,2.5410,820.89,move_early
20.559441,9.4470,0.5950,2.5440,821.46,move_early
20.568097,8.6560,0.5300,2.5500,822.00,move_early
20.581837,13.7400,0.4700,2.5630,822.56,move_early
20.600326,18.4890,0.5400,4.4730,823.11,move_early
20.619257,18.9310,0.5860,2.5750,823.67,move_early
20.629332,10.0750,0.6480,2.5550,824.24,move_early
20.644141,14.8090,0.5560,2.5470,824.79,move_early
20.666969,22.8280,0.5390,2.5730,825.37,move_early
20.676620,9.6510,0.5340,2.5650,825.96,move_early
20.686439,9.8190,0.5750,3.5550,826.53,move_early
20.721660,35.2210,0.4440,2.5450,827.09,move_early
20.730939,9.2790,0.5440,3.6750,828.15,move_early
20.742735,11.7960,0.5480,2.5570,828.81,move_early
20.754902,12.1670,0.5320,2.5430,829.48,move_early
20.766430,11.5280,0.5760,3.7130,830.14,move_early
20.809823,43.3930,0.5010,2.5860,830.60,move_early
20.822073,12.2500,0.5500,3.5650,831.68,move_early
20.861934,39.8610,0.6450,2.5880,832.35,move_early
20.872999,11.0650,0.5420,2.5510,834.00,move_early
20.881721,8.7220,0.5860,2.5510,834.67,move_early
20.897030,15.3090,0.5290,3.8380,835.22,move_early
20.908949,11.9190,0.7410,3.6190,835.82,move_early
20.950333,41.3840,0.5100,2.5620,836.30,move_early
20.961079,10.7460,0.5410,3.3170,837.33,move_early
20.979264,18.1850,0.5500,2.5370,838.17,move_early
20.990712,11.4480,0.5000,2.5160,839.00,move_early
21.005675,14.9630,0.5050,2.5410,839.58,move_early
21.015408,9.7330,0.5010,2.5720,840.17,move_early
21.027606,12.1980,0.5340,4.2150,840.56,move_early
21.066852,39.2460,0.5130,2.5160,841.05,move_early
21.083582,16.7300,0.6450,2.5230,841.95,move_early
21.092665,9.0830,0.5340,2.5540,842.62,move_early
21.104157,11.4920,0.5250,2.5330,843.28,move_early
21.114673,10.5160,0.5090,2.5290,843.95,move_early
21.125627,10.9540,0.4960,2.5160,844.53,move_early
21.139228,13.6010,0.5080,2.5180,844.96,move_early
21.150370,11.1420,0.4600,2.5380,845.53,move_early
21.182974,32.6040,0.6470,2.5160,845.95,move_early
21.199748,16.7740,0.5250,2.5590,846.60,move_early
21.231536,31.7880,0.5090,2.5220,847.26,move_early
21.257629,26.0930,0.5310,2.5080,848.53,move_early
21.295816,38.1870,0.5550,2.5340,849.61,move_early
21.317974,22.1580,0.7580,2.5280,851.12,move_early
21.329472,11.4980,0.6710,2.5210,852.00,move_early
21.339237,9.7650,0.5960,2.5070,853.11,move_early
21.353260,14.0230,0.5500,2.5120,853.51,move_early
21.366902,13.6420,0.5180,3.7630,854.08,move_early
21.411507,44.6050,0.5520,2.5420,854.62,move_early
21.425347,13.8400,0.5320,3.4940,855.74,move_early
21.434559,9.2120,0.5300,2.5280,856.40,move_early
21.447073,12.5140,0.4940,2.5260,857.16,move_early
21.470361,23.2880,0.4540,2.5350,857.83,move_early
21.480839,10.4780,0.6380,3.6700,858.57,move_early
21.497151,16.3120,0.5660,3.7720,859.18,move_early
21.514282,17.1310,0.5350,2.5210,859.83,move_early
21.523886,9.6040,0.5150,2.5220,860.51,move_early
21.532423,8.5370,0.4670,2.5560,860.90,move_early
21.541282,8.8590,0.5090,2.5210,861.24,move_early
21.557803,16.5210,0.4920,2.5300,861.59,move_early
21.593889,36.0860,0.4690,3.7920,862.20,move_early
21.607396,13.5070,0.5490,2.5320,863.05,move_early
21.640989,33.5930,0.5890,2.5310,863.72,move_early
21.653543,12.5540,0.6080,2.5310,864.91,move_early
21.689005,35.4620,0.5130,2.5190,865.58,move_early
21.698035,9.0300,0.5440,3.5800,866.85,move_early
21.713703,15.6680,0.6630,2.5500,867.73,move_early
21.725572,11.8690,0.5610,2.5240,868.49,move_early
21.737726,12.1540,0.5370,2.5460,868.96,move_early
21.750240,12.5140,0.5270,2.5040,869.46,move_early
21.781562,31.3220,0.4970,2.5300,869.95,move_early
21.797970,16.4080,0.4750,2.5370,870.62,move_early
21.816448,18.4780,0.7500,2.5160,871.28,move_early
21.830131,13.6830,0.6890,3.7170,871.95,move_early
21.844243,14.1120,0.6420,2.5230,872.62,move_early
21.867816,23.5730,0.6020,2.5140,873.28,move_early
21.881843,14.0270,2.2150,2.5750,874.01,move_early
21.893901,12.0580,0.9150,2.5130,874.68,move_early
21.904359,10.4580,0.9800,2.5470,875.35,move_early
21.922116,17.7570,0.6390,2.5350,876.01,move_early
21.932605,10.4890,0.5940,2.5370,876.68,move_early
21.942098,9.4930,0.5420,2.5180,877.25,move_early
21.951804,9.7060,0.6160,2.5400,877.62,move_early
21.983602,31.7980,0.4490,2.5220,878.01,move_early
22.017141,33.5390,0.5050,2.5370,878.68,move_early
22.029998,12.8570,0.5300,2.5240,879.97,move_early
22.042022,12.0240,0.6050,3.5930,880.64,move_early
22.059197,17.1750,0.7800,4.9660,881.30,move_early
22.070120,10.9230,1.7630,3.6500,881.97,move_early
22.087700,17.5800,0.7650,3.6110,882.58,move_early
22.107597,19.8970,0.6370,4.8710,883.19,move_early
22.122879,15.2820,0.6000,3.6250,883.86,move_early
22.133968,11.0890,0.7910,3.6080,884.52,move_early
22.144536,10.5680,0.6860,3.6090,885.14,move_early
22.156291,11.7550,0.8610,3.6090,885.72,move_early
22.170764,14.4730,0.5550,4.8830,886.00,move_early
22.184645,13.8810,0.5520,3.6170,886.61,move_early
22.197395,12.7500,0.5110,3.6140,887.22,move_early
22.208316,10.9210,0.4810,3.5970,887.83,move_early
22.227844,19.5280,0.5340,2.9520,888.29,move_early
22.241883,14.0390,0.6070,4.5930,888.90,move_early
22.250771,8.8880,0.5620,2.9610,889.51,move_early
22.295598,44.8270,0.5180,2.9390,889.97,move_early
22.305493,9.8950,0.5390,3.2570,891.12,move_early
22.316246,10.7530,0.5850,2.9420,891.78,move_early
22.325666,9.4200,0.5010,4.2340,892.45,move_early
22.338639,12.9730,0.5180,2.9430,892.97,move_early
22.350029,11.3900,0.5780,2.9980,893.49,move_early
22.393621,43.5920,0.5330,2.9550,893.94,move_early
22.408385,14.7640,0.5320,2.9500,895.03,move_early
22.418636,10.2510,0.5920,2.9330,895.69,move_early
22.429701,11.0650,0.5380,2.9830,896.36,move_early
22.439801,10.1000,0.5300,2.9380,897.03,move_early
22.448586,8.7850,0.5270,2.9480,897.53,move_early
22.459640,11.0540,0.5310,3.2860,897.88,move_early
22.468838,9.1980,0.5430,2.9440,898.33,move_early
22.510379,41.5410,0.4970,2.9610,898.70,move_early
22.526349,15.9700,0.5510,5.5400,899.71,move_early
22.537841,11.4920,0.6910,2.9450,900.38,move_early
22.571384,33.5430,0.5340,2.9560,901.04,move_early
22.586687,15.3030,0.5090,2.9580,902.14,move_early
22.596538,9.8510,0.5440,4.3260,902.81,move_early
22.633346,36.8080,0.5670,2.9590,903.47,move_early
22.651928,18.5820,0.4950,2.9850,904.61,move_early
22.666941,15.0130,0.5400,2.9560,905.41,move_early
22.679027,12.0860,0.5780,2.9740,906.21,move_early
22.690560,11.5330,0.5080,4.2340,907.01,move_early
22.706028,15.4680,0.5070,2.9550,907.57,move_early
22.720746,14.7180,0.6840,2.9370,908.18,move_early
22.734038,13.2920,0.5060,2.9280,908.78,move_early
22.771248,37.2100,0.5420,2.9470,909.31,move_early
22.797171,25.9230,0.5040,2.9370,910.14,move_early
22.833967,36.7960,0.6840,4.2330,911.50,move_early
22.855742,21.7750,0.5520,2.9480,912.98,move_early
22.892609,36.8670,0.5820,2.9460,914.00,move_early
22.937398,44.7890,0.6250,2.9850,915.17,move_early
22.947622,10.2240,0.7380,2.9510,916.79,move_early
22.958133,10.5110,0.7420,5.5000,917.86,move_early
22.970091,11.9580,0.5490,2.9460,918.00,move_early
22.980447,10.3560,0.6000,2.9760,918.67,move_early
22.991519,11.0720,0.5010,2.9380,919.17,move_early
23.000833,9.3140,0.6500,2.9900,919.60,move_early
23.023631,22.7980,0.5060,2.9210,919.99,move_early
23.044424,20.7930,0.4960,2.9780,920.44,move_early
23.081655,37.2310,0.5600,2.9470,921.06,move_early
23.096354,14.6990,0.5550,2.9280,922.55,move_early
23.105423,9.0690,0.5580,2.9700,923.21,move_early
23.115878,10.4550,0.4830,2.9420,923.88,move_early
23.126890,11.0120,0.5100,6.2390,924.55,move_early
23.137434,10.5440,0.6180,2.9440,925.02,move_early
23.148327,10.8930,0.5010,2.9890,925.44,move_early
23.156892,8.5650,0.4610,2.9480,925.87,move_early
23.169658,12.7660,0.4800,4.5900,926.23,move_early
23.181739,12.0810,0.5110,2.9410,926.73,move_early
23.213887,32.1480,0.4970,4.0680,927.21,move_early
23.226669,12.7820,0.4850,2.9710,927.87,move_early
23.259943,33.2740,0.6890,2.9390,928.37,move_early
23.296764,36.8210,0.5250,2.9580,929.68,move_early
23.314970,18.2060,0.6070,2.9340,931.17,move_early
23.328524,13.5540,0.7230,2.9340,932.00,move_early
23.345491,16.9670,1.0570,2.9540,933.00,move_early
23.355516,10.0250,0.6610,2.9960,933.79,move_early
23.366180,10.6640,0.6460,2.9560,934.17,move_early
23.375932,9.7520,0.5740,2.9840,934.60,move_early
23.386387,10.4550,0.6490,5.2010,934.99,move_early
23.397522,11.1350,0.5810,2.9990,935.40,move_early
23.407520,9.9980,0.5030,2.9660,935.84,move_early
23.418817,11.2970,0.4760,2.9740,936.24,move_early
23.433729,14.9120,0.5220,4.2370,936.71,move_early
23.444320,10.5910,0.5400,2.9790,937.16,move_early
23.454066,9.7460,0.5600,2.9580,937.62,move_early
23.464932,10.8660,0.5160,2.9740,938.09,move_early
23.485485,20.5530,0.5330,2.9990,938.54,move_early
23.498189,12.7040,0.5880,2.9570,939.00,move_early
23.511933,13.7440,0.6820,2.9670,939.47,move_early
23.536053,24.1200,0.8140,2.9580,940.00,move_early
23.580578,44.5250,3.7160,3.0100,940.72,move_early
23.596864,16.2860,0.5590,2.9680,942.51,move_early
23.639839,42.9750,0.6560,2.9590,943.23,move_early
23.660725,20.8860,2.1370,2.9710,945.22,move_early
23.672220,11.4950,0.5580,4.2390,946.38,move_early
23.683585,11.3650,0.5900,4.3760,946.84,move_early
23.693651,10.0660,0.5900,4.2680,946.96,move_early
23.709085,15.4340,0.6880,2.9940,947.63,move_early
23.723119,14.0340,0.5680,2.9500,948.29,move_early
23.755064,31.9450,0.5700,2.9770,948.87,move_early
23.764695,9.6310,0.5330,2.9800,949.54,move_early
23.779476,14.7810,0.5140,2.9650,950.20,move_early
23.789837,10.3610,0.6310,2.9770,950.87,move_early
23.799227,9.3900,0.5960,2.9920,951.54,move_early
23.836648,37.4210,0.5170,2.9630,951.91,move_early
23.857608,20.9600,0.5680,4.9300,952.74,move_early
23.877979,20.3710,0.5320,2.9600,953.58,move_early
23.890950,12.9710,0.5880,2.9870,954.74,move_early
23.931638,40.6880,0.5370,2.9810,955.63,move_early
23.943938,12.3000,1.4050,2.9860,956.67,move_early
23.957600,13.6620,0.5680,2.9540,957.60,move_early
23.979504,21.9040,0.8310,2.9470,958.25,move_early
23.989033,9.5290,0.5640,2.9550,959.14,move_early
24.009580,20.5470,0.6530,2.9670,959.52,move_early
24.024501,14.9210,0.6060,6.6110,960.30,move_early
24.034942,10.4410,0.5600,3.7440,960.94,move_early
24.044797,9.8550,0.6700,3.7550,961.34,move_early
24.054783,9.9860,0.5270,6.1820,961.75,move_early
24.068245,13.4620,0.5270,3.7810,962.13,move_early
24.078807,10.5620,0.5590,5.0450,962.68,move_early
24.091754,12.9470,0.5130,5.0180,963.10,move_early
24.134036,42.2820,0.5300,4.2060,963.60,move_early
24.146645,12.6090,0.5710,4.9420,964.66,move_early
24.161252,14.6070,0.6410,4.3620,965.16,move_early
24.178026,16.7740,0.5970,4.9660,965.73,move_early
24.190175,12.1490,0.5660,4.9910,966.40,move_early
24.201000,10.8250,0.6110,3.7940,966.97,move_early
24.211978,10.9780,0.5310,3.3190,967.33,move_early
24.222919,10.9410,0.5300,2.5370,967.90,move_early
24.237311,14.3920,0.5850,3.6500,968.48,move_early
24.247608,10.2970,0.4890,4.3400,969.05,move_early
24.259202,11.5940,0.4910,3.1330,969.60,move_early
24.269328,10.1260,0.5050,2.5380,970.16,move_early
24.285321,15.9930,0.4810,2.9260,970.67,move_early
24.296296,10.9750,0.6130,2.5240,971.22,move_early
24.306265,9.9690,0.6520,4.3670,971.78,move_early
24.321483,15.2180,0.5820,2.5230,972.20,move_early
24.342685,21.2020,0.5220,4.3520,972.75,move_early
24.353377,10.6920,0.5620,3.1110,973.33,move_early
24.363696,10.3190,0.6560,2.8550,973.89,move_early
24.374407,10.7110,0.8100,2.5410,974.44,move_early
24.384093,9.6860,0.6370,2.5430,974.92,move_early
24.420290,36.1970,0.5180,3.8060,975.31,move_early
24.431320,11.0300,0.5140,3.0220,976.09,move_early
24.440909,9.5890,0.5300,2.5700,976.76,move_early
24.451630,10.7210,0.5380,3.8080,977.43,move_early
24.485081,33.4510,0.5120,2.5740,978.01,move_early
24.495091,10.0100,0.5120,3.7850,978.69,move_early
24.532833,37.7420,0.5480,2.5430,979.35,move_early
24.544510,11.6770,0.5180,3.0250,980.67,move_early
24.557454,12.9440,0.5090,2.5400,981.43,move_early
24.566604,9.1500,0.5180,3.1150,982.19,move_early
24.578264,11.6600,0.5560,3.1080,982.61,move_early
24.593013,14.7490,0.5260,2.6050,983.08,move_early
24.602928,9.9150,0.4940,3.1610,983.67,move_early
24.613990,11.0620,0.5280,2.9130,984.06,move_early
24.625600,11.6100,0.5080,2.5470,984.51,move_early
24.642978,17.3780,0.5780,2.5540,984.97,move_early
24.656136,13.1580,0.5200,3.7740,985.49,move_early
24.669666,13.5300,0.5440,2.5740,986.02,move_early
24.685075,15.4090,0.5230,2.5780,986.67,move_early
24.705044,19.9690,0.5230,2.9140,987.19,move_early
24.715072,10.0280,0.5530,3.7530,987.72,move_early
24.723706,8.6340,0.5230,2.5850,988.24,move_early
24.733537,9.8310,0.5460,2.5460,988.76,move_early
24.742992,9.4550,0.4810,4.3820,989.27,move_early
24.754106,11.1140,0.5750,2.5660,989.67,move_early
24.763524,9.4180,0.6280,4.9710,990.12,move_early
24.774223,10.6990,0.6600,2.5750,990.48,move_early
24.784252,10.0290,0.5300,2.5360,990.91,move_early
24.815855,31.6030,0.5120,4.0000,991.32,move_early
24.845852,29.9970,0.5070,2.5280,991.91,move_early
24.855874,10.0220,0.4870,3.1620,993.11,move_early
24.867895,12.0210,0.4960,2.5420,993.78,move_early
24.879627,11.7320,0.4930,3.7780,994.44,move_early
24.916123,36.4960,0.5260,2.5450,995.11,move_early
24.934853,18.7300,1.3710,2.5400,995.92,move_early
24.947006,12.1530,0.5520,2.5490,996.72,move_early
24.990735,43.7290,0.5580,2.5840,997.50,move_early
25.008618,17.8830,0.7990,4.4120,999.02,move_early
25.021539,12.9210,1.5130,2.5560,999.90,move_early
25.037720,16.1810,0.8630,4.3680,1000.67,move_early
25.053023,15.3030,2.8650,4.3880,1001.46,move_early
25.063809,10.7860,0.6040,3.1600,1002.08,move_early
25.080125,16.3160,0.6250,2.5820,1002.50,move_early
25.098078,17.9530,0.5340,2.5620,1003.16,move_early
25.112731,14.6530,0.5520,3.1270,1003.82,move_early
25.122186,9.4550,0.5780,3.6110,1004.46,move_early
25.131982,9.7960,0.5420,2.5240,1004.84,move_early
25.149397,17.4150,0.5100,2.8940,1005.23,move_early
25.161010,11.6130,0.5080,2.5120,1005.76,move_early
25.169773,8.7630,0.5170,3.1560,1006.29,move_early
25.173437,3.6640,0.5620,2.5240,1006.74,move_early
25.179674,6.2370,0.5240,4.7010,1006.93,move_early
25.212860,33.1860,0.4890,2.5240,1007.13,move_early
25.234155,21.2950,0.5190,2.5240,1007.80,move_early
25.246574,12.4190,0.5490,2.5370,1008.65,move_early
25.261288,14.7140,0.5190,2.5610,1009.15,move_early
25.320245,58.9570,0.6150,3.5620,1009.74,move_early
25.334152,13.9070,0.6510,2.5590,1012.44,move_early
25.345310,11.1580,0.6990,2.5220,1012.99,move_early
25.357337,12.0270,0.6050,3.6320,1013.42,move_early
25.402292,44.9550,0.4960,4.4790,1014.00,move_early
25.419591,17.2990,0.5500,3.7680,1015.37,move_early
25.434098,14.5070,0.5890,2.5290,1016.26,move_early
25.452032,17.9340,0.5340,3.7140,1017.10,move_early
25.465798,13.7660,0.5170,2.5610,1017.93,move_early
25.504651,38.8530,0.6030,2.5450,1018.57,move_early
25.522584,17.9330,0.4710,2.5240,1019.47,move_early
25.535295,12.7110,0.5680,2.5230,1020.30,move_early
25.549326,14.0310,0.5610,2.5190,1021.11,move_early
25.564578,15.2520,0.7800,2.5490,1021.93,move_early
25.592300,27.7220,3.0880,3.4650,1022.53,move_early
25.630770,38.4700,0.5550,2.5430,1023.33,move_early
25.648642,17.8720,0.5410,2.5680,1024.51,move_early
25.666846,18.2040,0.5750,2.5570,1025.33,move_early
25.704123,37.2770,0.5900,3.7800,1026.00,move_early
25.725157,21.0340,0.5800,2.5400,1027.81,move_early
25.739409,14.2520,0.7680,2.5720,1028.67,move_early
25.759543,20.1340,0.6180,2.5310,1029.55,move_early
25.770642,11.0990,0.6260,2.5330,1030.35,move_early
25.808250,37.6080,0.6280,2.5390,1030.78,move_early
25.825188,16.9380,0.5760,2.5310,1032.00,move_early
25.838881,13.6930,0.8110,2.5280,1032.89,move_early
25.857560,18.6790,0.7270,2.5500,1033.53,move_early
25.868230,10.6700,0.8160,2.5460,1034.29,move_early
25.878989,10.7590,0.8390,4.9570,1034.69,move_early
25.888370,9.3810,0.6580,2.5380,1035.12,move_early
25.910868,22.4980,0.6080,2.5670,1035.50,move_early
25.921492,10.6240,0.7210,2.5390,1036.17,move_early
25.936937,15.4450,0.7090,2.5360,1036.83,move_early
25.952411,15.4740,0.6370,3.5950,1037.45,move_early
25.965084,12.6730,0.7480,2.5380,1038.07,move_early
26.001095,36.0110,0.7300,2.5540,1038.57,move_early
26.019310,18.2150,0.6410,2.5400,1039.40,move_early
26.053159,33.8490,1.0480,2.5420,1040.10,move_early
26.075351,22.1920,0.8760,2.5570,1041.80,move_early
26.088579,13.2280,0.8720,3.6500,1042.67,move_early
26.139126,50.5470,0.8480,3.7230,1043.33,move_early
26.164242,25.1160,0.7970,3.2510,1045.29,move_early
26.175747,11.5050,1.0540,2.5420,1046.22,move_early
26.210391,34.6440,0.7310,2.5350,1047.01,move_early
26.227186,16.7950,0.7120,2.5290,1048.17,move_early
26.237912,10.7260,0.9210,3.7500,1049.07,move_early
26.257313,19.4010,0.8190,3.7160,1049.49,move_early
26.275364,18.0510,0.6620,2.5400,1050.26,move_early
26.285217,9.8530,0.6100,2.5550,1050.97,move_early
26.294690,9.4730,0.6080,3.7980,1051.37,move_early
26.313482,18.7920,0.7640,2.5430,1051.75,move_early
26.326460,12.9780,0.5720,2.5320,1052.41,move_early
26.335347,8.8870,0.6200,2.5300,1053.00,move_early
26.367467,32.1200,0.4830,2.5320,1053.36,move_early
26.401052,33.5850,0.4900,2.5330,1054.02,move_early
26.412870,11.8180,0.6080,2.5430,1055.33,move_early
26.425040,12.1700,0.6220,2.5690,1056.00,move_early
26.435142,10.1020,0.6530,3.6410,1056.67,move_early
26.449746,14.6040,0.5580,2.5460,1057.33,move_early
26.460319,10.5730,0.4840,2.5790,1057.94,move_early
26.469965,9.6460,0.5620,3.7860,1058.37,move_early
26.479141,9.1760,0.6980,2.5340,1058.74,move_early
26.489967,10.8260,0.5380,2.5530,1059.11,move_early
26.507808,17.8410,0.5130,2.5560,1059.56,move_early
26.519954,12.1460,0.6750,3.5390,1060.06,move_early
26.534407,14.4530,0.8010,3.1460,1060.67,move_early
26.545042,10.6350,0.6360,2.5570,1061.15,move_early
26.559441,14.3990,0.5740,2.5710,1061.65,move_early
26.571877,12.4360,0.5520,2.5320,1062.15,move_early
26.587753,15.8760,0.5910,2.5590,1062.67,move_early
26.600113,12.3600,0.5440,2.5460,1063.15,move_early
26.619395,19.2820,0.5230,3.7860,1063.64,move_early
26.635585,16.1900,0.4830,2.5010,1064.14,move_early
26.647177,11.5920,0.6190,2.4930,1064.71,move_early
26.693901,46.7240,0.6260,2.5100,1065.21,move_early
26.707065,13.1640,0.8820,2.5190,1067.33,move_early
26.717224,10.1590,0.7850,3.3140,1068.00,move_early
26.727685,10.4610,0.6040,3.8360,1068.31,move_early
26.736284,8.5990,0.5770,2.5070,1068.72,move_early
26.747496,11.2120,0.5470,4.2750,1069.06,move_early
26.779262,31.7660,0.4480,2.8590,1069.50,move_early
26.791946,12.6840,0.4750,2.5100,1070.46,move_early
26.801651,9.7050,0.6070,2.5210,1070.96,move_early
26.842678,41.0270,0.5670,3.3040,1071.50,move_early
26.856961,14.2830,0.5440,2.5040,1073.02,move_early
26.867225,10.2640,0.7540,2.4990,1073.69,move_early
26.876556,9.3310,0.6470,2.5190,1074.36,move_early
26.888584,12.0280,0.5520,4.0170,1075.01,move_early
26.903190,14.6060,0.5350,2.5340,1075.49,move_early
26.919264,16.0740,0.5670,3.8340,1076.08,move_early
26.930058,10.7940,0.6140,2.5470,1076.75,move_early
26.943531,13.4730,0.6380,2.5030,1077.21,move_early
26.985410,41.8790,1.7130,2.5250,1077.72,move_early
26.999594,14.1840,1.0350,2.5110,1078.76,move_early
27.015120,15.5260,1.0010,5.5980,1079.43,move_early
27.032086,16.9660,0.6810,2.7450,1080.10,move_early
27.066698,34.6120,0.8220,4.5190,1080.76,move_early
27.089568,22.8700,0.7870,3.7240,1081.99,move_early
27.106730,17.1620,0.8530,3.7730,1082.89,move_early
27.125216,18.4860,0.6520,2.7460,1083.69,move_early
27.141289,16.0730,0.6640,3.4280,1084.49,move_early
27.153724,12.4350,0.7810,4.0060,1085.28,move_early
27.165297,11.5730,0.5830,4.5340,1086.00,move_early
27.200793,35.4960,0.6090,3.9560,1086.57,move_early
27.214639,13.8460,0.6120,2.7310,1087.36,move_early
27.247634,32.9950,0.5930,2.5370,1088.15,move_early
27.261224,13.5900,0.5590,2.5520,1089.20,move_early
27.295684,34.4600,0.5280,2.5010,1089.99,move_early
27.312259,16.5750,0.5470,2.5030,1091.12,move_early
27.329579,17.3200,0.6200,4.2720,1091.92,move_early
27.341136,11.5570,1.7230,2.5300,1092.67,move_early
27.353980,12.8440,0.5800,4.3740,1093.33,move_early
27.369105,15.1250,0.8070,2.5130,1094.00,move_early
27.389126,20.0210,0.5730,2.5320,1094.72,move_early
27.406331,17.2050,0.6490,3.7710,1095.48,move_early
27.416490,10.1590,0.4990,2.5400,1096.20,move_early
27.449607,33.1170,0.5550,2.5070,1096.60,move_early
27.461905,12.2980,0.5420,2.5370,1097.27,move_early
27.480155,18.2500,0.5360,2.5180,1097.94,move_early
27.490246,10.0910,0.9420,2.5180,1098.60,move_early
27.499520,9.2740,0.5430,2.5650,1099.23,move_early
27.526816,27.2960,0.5000,2.5370,1099.85,move_early
27.546281,19.4650,0.5240,2.5390,1100.51,move_early
27.563649,17.3680,0.5750,3.6590,1101.26,move_early
27.607880,44.2310,3.6350,2.5160,1101.92,move_early
27.628090,20.2100,0.5840,3.8250,1103.94,move_early
27.638984,10.8940,0.8380,2.5450,1104.74,move_early
27.651647,12.6630,0.5540,4.2950,1105.50,move_early
27.661139,9.4920,0.4730,2.5830,1106.01,move_early
27.673758,12.6190,0.5490,2.5540,1106.39,move_early
27.683489,9.7310,0.5690,3.8340,1106.89,move_early
27.694544,11.0550,0.5180,2.6000,1107.28,move_early
27.712209,17.6650,0.5170,2.5700,1107.72,move_early
27.749082,36.8730,0.5480,2.5940,1108.17,move_early
27.764578,15.4960,0.5410,2.5580,1109.25,move_early
27.780331,15.7530,0.6070,2.5680,1110.02,move_early
27.794705,14.3740,3.5480,4.1810,1110.69,move_early
27.805701,10.9960,0.8330,2.5770,1111.35,move_early
27.816827,11.1260,0.6910,4.2590,1112.02,move_early
27.834824,17.9970,0.4770,2.5870,1112.62,move_early
27.869774,34.9500,0.5370,2.5450,1113.29,move_early
27.886230,16.4560,0.4960,2.5980,1114.08,move_early
27.897441,11.2110,0.7130,2.5930,1114.77,move_early
27.910911,13.4700,1.4860,2.5560,1115.43,move_early
27.934095,23.1840,0.4780,2.5760,1116.10,move_early
27.945671,11.5760,0.4820,2.5900,1116.82,move_early
27.956710,11.0390,0.5920,4.1970,1117.49,move_early
27.993450,36.7400,0.6950,2.5880,1118.16,move_early
28.007424,13.9740,0.5110,2.5760,1119.02,move_early
28.021556,14.1320,0.6130,2.5930,1119.74,move_early
28.033296,11.7400,0.6850,2.5710,1120.47,move_early
28.069211,35.9150,0.5420,2.5590,1121.13,move_early
28.082201,12.9900,0.5620,2.5700,1122.12,move_early
28.093247,11.0460,0.7800,2.5850,1122.84,move_early
28.102944,9.6970,0.6500,3.6960,1123.57,move_early
28.142899,39.9550,0.5910,2.5770,1124.06,move_early
28.154081,11.1820,0.5850,2.5640,1125.04,move_early
28.165542,11.4610,0.8000,2.5180,1125.77,move_early
28.185243,19.7010,0.6110,3.2280,1126.49,move_early
28.199429,14.1860,0.6640,2.5250,1127.21,move_early
28.214423,14.9940,0.5810,2.5240,1127.93,move_early
28.225358,10.9350,0.5360,2.5250,1128.53,move_early
28.239672,14.3140,0.5930,3.5130,1128.96,move_early
28.249963,10.2910,0.5410,2.5150,1129.53,move_early
28.261657,11.6940,0.5440,2.5410,1129.95,move_early
28.271222,9.5650,0.5180,2.5530,1130.42,move_early
28.283966,12.7440,0.5170,3.7810,1130.80,move_early
28.306951,22.9850,0.5050,2.5590,1131.30,move_early
28.319023,12.0720,0.5830,2.5240,1131.80,move_early
28.329169,10.1460,0.5510,2.5400,1132.30,move_early
28.352187,23.0180,0.5510,2.5230,1132.80,move_early
28.361399,9.2120,0.5280,2.8690,1133.37,move_early
28.370713,9.3140,0.5870,2.5380,1133.89,move_early
28.380069,9.3560,0.5100,2.5800,1134.41,move_early
28.390428,10.3590,0.5220,2.5310,1134.91,move_early
28.424682,34.2540,0.5250,2.5280,1135.41,move_early
28.456815,32.1330,0.5640,2.5590,1136.27,move_early
28.466967,10.1520,0.6020,3.7170,1137.57,move_early
28.479014,12.0470,0.6680,3.6450,1138.24,move_early
28.490435,11.4210,0.6190,3.8130,1138.90,move_early
28.504291,13.8560,0.6210,2.5390,1139.56,move_early
28.522106,17.8150,0.5840,2.5340,1140.11,move_early
28.556474,34.3680,0.5210,2.5410,1140.78,move_early
28.566719,10.2450,0.4980,2.5870,1141.54,move_early
28.576439,9.7200,0.5260,3.6460,1142.26,move_early
28.585930,9.4910,0.5070,4.1910,1142.93,move_early
28.624804,38.8740,0.5650,2.5510,1143.38,move_early
28.640220,15.4160,0.4940,2.5800,1144.27,move_early
28.654315,14.0950,0.5370,2.5470,1144.99,move_early
28.664811,10.4960,0.5410,3.6880,1145.71,move_early
28.675272,10.4610,0.4970,3.8390,1146.38,move_early
28.687312,12.0400,0.5230,3.7910,1146.95,move_early
28.706037,18.7250,0.4730,2.5610,1147.43,move_early
28.715648,9.6110,0.5180,2.5320,1148.10,move_early
28.724519,8.8710,0.5350,2.5460,1148.57,move_early
28.735032,10.5130,0.4880,2.5510,1148.92,move_early
28.743951,8.9190,0.4920,2.5740,1149.34,move_early
28.777093,33.1420,0.4710,2.5480,1149.70,move_early
28.809074,31.9810,0.4990,2.5740,1150.36,move_early
28.818093,9.0190,0.5090,2.5440,1151.64,move_early
28.828593,10.5000,0.5190,2.5620,1152.31,move_early
28.841177,12.5840,0.5030,2.5430,1152.98,move_early
28.872688,31.5110,0.5100,5.3180,1153.59,move_early
28.904784,32.0960,0.4910,2.5650,1154.26,move_early
28.916262,11.4780,0.5660,2.5380,1155.48,move_early
28.930724,14.4620,0.6850,2.5670,1156.26,move_early
28.941064,10.3400,0.4560,2.5400,1157.03,move_early
28.953817,12.7530,0.5050,2.5480,1157.58,move_early
28.967170,13.3530,0.4890,2.5490,1158.10,move_early
28.985578,18.4080,0.5210,4.7740,1158.63,move_early
29.007536,21.9580,0.4880,2.5730,1159.29,move_early
29.018485,10.9490,0.6030,4.1840,1159.96,move_early
29.032181,13.6960,0.6790,2.7670,1160.63,move_early
29.052882,20.7010,0.5190,4.8260,1161.25,move_early
29.063084,10.2020,0.6800,4.5490,1161.92,move_early
29.072318,9.2340,0.6280,4.7970,1162.48,move_early
29.081740,9.4220,0.5650,3.1200,1162.84,move_early
29.092660,10.9200,0.5560,2.7900,1163.22,move_early
29.112273,19.6130,0.6480,4.8270,1163.65,move_early
29.124699,12.4260,0.5640,2.7920,1164.24,move_early
29.162590,37.8910,0.7300,2.7640,1164.82,move_early
29.181887,19.2970,0.5880,3.0870,1165.79,move_early
29.197057,15.1700,0.6440,2.7970,1166.56,move_early
29.209330,12.2730,0.6000,4.0520,1167.17,move_early
29.220062,10.7320,0.5450,2.5850,1167.76,move_early
29.230567,10.5050,0.7200,2.5910,1168.35,move_early
29.239711,9.1440,0.5360,4.2290,1168.67,move_early
29.254199,14.4880,0.5320,2.5950,1169.25,move_early
29.265944,11.7450,0.5120,3.8310,1169.83,move_early
29.299222,33.2780,0.7060,4.4100,1170.42,move_early
29.311896,12.6740,0.5320,2.5830,1171.27,move_early
29.323003,11.1070,0.6760,2.5630,1171.86,move_early
29.337845,14.8420,0.4800,3.1730,1172.46,move_early
29.378469,40.6240,0.4440,2.6140,1173.05,move_early
29.397280,18.8110,0.6570,4.4070,1174.42,move_early
29.415507,18.2270,0.6070,3.8180,1175.26,move_early
29.428146,12.6390,2.5400,2.6120,1175.92,move_early
29.440325,12.1790,0.5520,3.1900,1176.59,move_early
29.454183,13.8580,0.9540,4.4550,1177.26,move_early
29.467124,12.9410,0.6280,2.6120,1177.92,move_early
29.476439,9.3150,0.5780,2.6180,1178.59,move_early
29.490511,14.0720,0.5060,2.6220,1179.00,move_early
29.510535,20.0240,0.5340,3.8420,1179.58,move_early
29.520940,10.4050,0.6980,4.4530,1180.25,move_early
29.529985,9.0450,0.6980,5.5660,1180.78,move_early
29.563136,33.1510,0.4970,2.8980,1181.14,move_early
29.606877,43.7410,0.4850,2.6020,1181.81,move_early
29.623664,16.7870,0.6550,2.5790,1183.91,move_early
29.632820,9.1560,0.7110,2.5990,1184.67,move_early
29.648217,15.3970,0.6000,4.4690,1184.92,move_early
29.659488,11.2710,0.4740,2.5360,1185.54,move_early
29.672775,13.2870,0.5690,2.5590,1185.99,move_early
29.687281,14.5060,0.5050,3.1760,1186.44,move_early
29.700365,13.0840,4.0010,2.5690,1186.88,move_early
29.713736,13.3710,0.5640,3.1480,1187.33,move_early
29.746152,32.4160,0.5110,4.3910,1187.87,move_early
29.765295,19.1430,0.5870,4.4200,1189.13,move_early
29.778801,13.5060,0.5750,4.8980,1189.91,move_early
29.794792,15.9910,0.6300,2.5460,1190.58,move_early
29.807221,12.4290,0.6350,2.5400,1191.24,move_early
29.820110,12.8890,0.5260,2.5640,1191.91,move_early
29.851224,31.1140,0.5000,2.5370,1192.58,move_early
29.866633,15.4090,0.5270,2.5340,1193.35,move_early
29.885084,18.4510,0.7050,3.8170,1194.13,move_early
29.898715,13.6310,1.4390,4.5300,1194.91,move_early
29.916227,17.5120,0.5260,3.8220,1195.67,move_early
29.934793,18.5660,0.5520,2.5800,1196.43,move_early
29.945668,10.8750,0.6130,3.1360,1197.20,move_early
29.966681,21.0130,0.6080,3.8030,1197.78,move_early
29.981589,14.9080,0.6450,2.5270,1198.53,move_early
29.990729,9.1400,0.6460,2.8990,1199.22,move_early
30.001973,11.2440,0.5430,3.6050,1199.57,move_early
30.012326,10.3530,0.4880,3.8020,1200.04,move_early
30.046933,34.6070,0.5460,2.5820,1200.44,move_early
30.065938,19.0050,0.5270,4.3940,1201.22,move_early
30.076624,10.6860,0.6940,4.4300,1201.94,move_early
30.089615,12.9910,0.6270,2.5860,1202.61,move_early
30.101765,12.1500,0.5930,3.2000,1203.22,move_early
30.132917,31.1520,0.5750,4.4040,1203.83,move_early
30.147954,15.0370,0.5610,3.8170,1204.60,move_early
30.160586,12.6320,0.5410,2.8610,1205.27,move_early
30.172105,11.5190,0.5500,2.5430,1205.94,move_early
30.184251,12.1460,0.5950,2.8680,1206.55,move_early
30.194070,9.8190,0.5360,3.8090,1207.16,move_early
30.203991,9.9210,0.6400,2.5840,1207.71,move_early
30.215199,11.2080,0.5300,4.4200,1208.00,move_early
30.224304,9.1050,0.5500,2.5880,1208.55,move_early
30.235464,11.1600,0.5130,4.1720,1208.91,move_early
30.245582,10.1180,0.4930,2.5380,1209.36,move_early
30.254562,8.9800,0.4720,2.5490,1209.77,move_early
30.268598,14.0360,0.5010,2.5400,1210.14,move_early
30.284823,16.2250,0.5450,3.7020,1210.67,move_early
30.296797,11.9740,0.7040,2.5340,1211.33,move_early
30.307272,10.4750,0.5320,4.0020,1211.81,move_early
30.333932,26.6600,0.5220,2.5630,1212.24,move_early
30.351983,18.0510,0.5400,2.5390,1212.76,move_early
30.370458,18.4750,1.0440,2.5470,1213.64,move_early
30.382755,12.2970,4.5270,2.5620,1214.15,move_early
30.394379,11.6240,0.6690,2.5770,1214.67,move_early
30.409615,15.2360,0.6350,2.5450,1215.19,move_early
30.422501,12.8860,0.6190,2.5530,1215.70,move_early
30.457164,34.6630,0.5290,2.5500,1216.22,move_early
30.468519,11.3550,0.5330,3.7920,1217.57,move_early
30.479013,10.4940,0.5190,2.5590,1218.23,move_early
30.489319,10.3060,0.5370,2.5820,1218.90,move_early
30.527738,38.4190,0.5370,5.4770,1219.53,move_early
30.543393,15.6550,0.5400,2.5870,1220.39,move_early
30.555051,11.6580,0.5740,2.5550,1221.05,move_early
30.563743,8.6920,0.5150,2.5860,1221.72,move_early
30.577429,13.6860,0.5290,3.3540,1222.39,move_early
30.588016,10.5870,0.5360,2.5510,1223.05,move_early
30.619061,31.0450,0.6690,2.5570,1223.47,move_early
30.638306,19.2450,0.5730,2.5690,1224.19,move_early
30.648143,9.8370,0.6890,2.5500,1224.91,move_early
30.659612,11.4690,0.5760,3.7400,1225.58,move_early
30.678066,18.4540,0.5650,2.5830,1226.25,move_early
30.688133,10.0670,0.5330,2.5660,1226.91,move_early
30.702197,14.0640,0.5470,2.5540,1227.48,move_early
30.711836,9.6390,0.8290,3.7000,1228.03,move_early
30.732192,20.3560,0.5750,2.5640,1228.42,move_early
30.743294,11.1020,0.6770,2.5810,1229.04,move_early
30.754415,11.1210,0.8620,2.5650,1229.65,move_early
30.766624,12.2090,0.9410,4.6480,1230.15,move_early
30.779578,12.9540,0.7390,2.5800,1230.63,move_early
30.812013,32.4350,0.6620,2.5610,1231.15,move_early
30.828839,16.8260,0.6520,2.5550,1231.81,move_early
30.844025,15.1860,0.8300,3.6400,1232.47,move_early
30.854841,10.8160,0.7420,3.6830,1233.06,move_early
30.864963,10.1220,0.6860,2.5740,1233.62,move_early
30.876513,11.5500,0.6060,4.3700,1234.00,move_early
30.888881,12.3680,0.6390,2.5740,1234.55,move_early
30.908669,19.7880,0.6460,2.5550,1235.09,move_early
30.923800,15.1310,0.6570,4.3150,1235.64,move_early
30.937406,13.6060,0.6460,2.5550,1236.23,move_early
30.948407,11.0010,0.5330,4.5190,1236.78,move_early
30.963990,15.5830,0.6580,2.5930,1237.33,move_early
30.976285,12.2950,0.5420,2.5840,1237.89,move_early
30.988362,12.0770,0.6380,2.5970,1238.44,move_early
30.998132,9.7700,0.5720,2.5930,1239.00,move_early
31.029157,31.0250,0.5150,2.5650,1239.55,move_early
31.043878,14.7210,0.5530,2.5870,1240.45,move_early
31.054637,10.7590,0.6190,2.5620,1241.04,move_early
31.087840,33.2030,0.5540,3.6640,1241.62,move_early
31.103700,15.8600,0.6740,3.8080,1242.81,move_early
31.113883,10.1830,0.6760,2.5970,1243.48,move_early
31.129515,15.6320,0.5560,3.8070,1244.15,move_early
31.144222,14.7070,0.5950,2.5650,1244.81,move_early
31.158466,14.2440,0.6250,2.6050,1245.48,move_early
31.202069,43.6030,0.5280,2.5730,1246.15,move_early
31.214174,12.1050,0.6380,2.5450,1247.40,move_early
31.228965,14.7910,0.7720,3.7790,1248.18,move_early
31.242573,13.6080,0.6790,2.5200,1248.94,move_early
31.253329,10.7560,0.5590,2.5250,1249.65,move_early
31.266854,13.5250,0.5720,4.7030,1250.08,move_early
31.325530,58.6760,0.5150,2.5160,1250.62,move_early
31.340954,15.4240,0.5080,2.5140,1252.66,move_early
31.353885,12.9310,0.7880,2.5240,1253.33,move_early
31.365816,11.9310,0.5740,4.6540,1254.00,move_early
31.376596,10.7800,0.6770,3.7660,1254.24,move_early
31.402161,25.5650,0.5390,3.6880,1254.91,move_early
31.413300,11.1390,0.5990,2.5250,1255.58,move_early
31.430002,16.7020,0.5180,2.5320,1256.24,move_early
31.441599,11.5970,0.6490,2.5200,1256.91,move_early
31.453838,12.2390,0.5990,2.7560,1257.58,move_early
31.467432,13.5940,0.7490,2.5460,1258.10,move_early
31.489534,22.1020,0.5670,2.5300,1258.65,move_early
31.500385,10.8510,0.5890,2.5210,1259.22,move_early
31.536364,35.9790,0.5820,2.5190,1259.79,move_early
31.554299,17.9350,0.5220,2.5220,1260.73,move_early
31.564639,10.3400,0.5320,2.5360,1261.46,move_early
31.579240,14.6010,0.5840,2.5420,1262.12,move_early
31.592336,13.0960,2.7120,2.5420,1262.79,move_early
31.605845,13.5090,0.5810,2.5220,1263.46,move_early
31.619290,13.4450,0.8590,2.5110,1264.12,move_early
31.633188,13.8980,0.7890,2.5040,1264.79,move_early
31.644363,11.1750,0.8210,2.5130,1265.29,move_early
31.655262,10.8990,0.7020,2.5270,1265.77,move_early
31.667393,12.1310,0.7500,2.5350,1266.16,move_early
31.682994,15.6010,0.5030,2.5170,1266.67,move_early
31.696375,13.3810,0.7160,4.7110,1267.20,move_early
31.738047,41.6720,0.8240,3.3580,1267.73,move_early
31.759705,21.6580,0.7250,2.5050,1268.91,move_early
31.777031,17.3260,1.0270,3.4980,1269.71,move_early
31.787831,10.8000,0.7830,3.6270,1270.38,move_early
31.798440,10.6090,0.6270,2.5450,1271.05,move_early
31.808575,10.1350,0.6080,2.5130,1271.71,move_early
31.820157,11.5820,0.5720,2.5520,1272.30,move_early
31.864703,44.5460,0.5260,2.5270,1272.76,move_early
31.876771,12.0680,0.5840,2.5160,1273.91,move_early
31.892429,15.6580,0.8360,2.5200,1274.58,move_early
31.907312,14.8830,0.9050,2.5140,1275.25,move_early
31.919754,12.4420,0.6010,2.5190,1275.91,move_early
31.936134,16.3800,0.6190,2.5230,1276.58,move_early
31.946001,9.8670,0.5580,2.5100,1277.25,move_early
31.961787,15.7860,0.5660,3.6410,1277.80,move_early
31.971573,9.7860,0.5210,2.5300,1278.43,move_early
31.982632,11.0590,0.5880,2.5360,1278.81,move_early
31.994149,11.5170,0.5350,2.5640,1279.26,move_early
32.012313,18.1640,0.5660,2.5300,1279.71,move_early
32.048673,36.3600,0.5220,2.8090,1280.32,move_early
32.062239,13.5660,0.5370,2.8250,1281.27,move_early
32.073846,11.6070,0.8180,2.8050,1281.94,move_early
32.086733,12.8870,0.7240,2.8400,1282.58,move_early
32.098047,11.3140,0.6760,2.8400,1283.20,move_early
32.131006,32.9590,0.6220,2.8220,1283.81,move_early
32.150824,19.8180,0.5830,4.0970,1284.53,move_early
32.166748,15.9240,0.6170,3.4990,1285.33,move_early
32.181551,14.8030,0.5860,2.8350,1286.01,move_early
32.190829,9.2780,1.7820,2.8400,1286.68,move_early
32.201046,10.2170,0.6060,2.7980,1287.34,move_early
32.212966,11.9200,0.5250,2.8420,1287.99,move_early
32.226126,13.1600,0.5320,2.8740,1288.46,move_early
32.249227,23.1010,0.5470,2.8600,1289.00,move_early
32.260089,10.8620,0.6120,2.8670,1289.67,move_early
32.269204,9.1150,0.6930,2.8440,1290.34,move_early
32.278989,9.7850,0.5510,4.0920,1290.72,move_early
32.298010,19.0210,0.5250,2.8800,1291.10,move_early
32.307775,9.7650,0.5970,2.8530,1291.66,move_early
32.346240,38.4650,0.5690,4.7490,1292.22,move_early
32.363286,17.0460,0.5070,2.8470,1293.13,move_early
32.373367,10.0810,0.5430,2.8450,1293.81,move_early
32.382835,9.4680,0.5410,2.8490,1294.39,move_early
32.392202,9.3670,0.4980,2.9040,1294.94,move_early
32.425062,32.8600,0.5190,2.8790,1295.33,move_early
32.440046,14.9840,0.5210,2.8560,1296.28,move_early
32.449859,9.8130,0.5400,2.8530,1296.95,move_early
32.459742,9.8830,0.5100,2.8590,1297.62,move_early
32.468664,8.9220,0.4800,2.8740,1298.28,move_early
32.501575,32.9110,0.4940,4.0880,1298.70,move_early
32.526457,24.8820,0.5970,4.7520,1299.37,move_early
32.544813,18.3560,0.7060,2.8670,1300.67,move_early
32.561063,16.2500,0.7580,2.8660,1301.44,move_early
32.574386,13.3230,3.8300,2.8860,1302.21,move_early
32.583388,9.0020,2.5430,4.1510,1302.93,move_early
32.594988,11.6000,0.5300,2.8570,1303.28,move_early
32.604752,9.7640,0.5150,2.9000,1303.75,move_early
32.616269,11.5170,0.5440,2.8880,1304.13,move_early
32.632275,16.0060,0.5490,2.9130,1304.59,move_early
32.653336,21.0610,0.5420,2.8860,1305.09,move_early
32.664679,11.3430,0.6860,5.3840,1305.59,move_early
32.674094,9.4150,0.7280,2.8930,1306.09,move_early
32.686070,11.9760,0.6120,4.1320,1306.58,move_early
32.703467,17.3970,0.6010,2.9170,1307.08,move_early
32.714316,10.8490,0.5560,2.8990,1307.58,move_early
32.723608,9.2920,0.7180,4.6660,1308.08,move_early
32.737381,13.7730,0.5440,2.9040,1308.57,move_early
32.754771,17.3900,0.5140,2.9240,1309.07,move_early
32.770195,15.4240,0.5810,4.6140,1309.57,move_early
32.786563,16.3680,0.5560,2.8780,1310.08,move_early
32.801180,14.6170,0.5480,5.4120,1310.86,move_early
32.812086,10.9060,3.5920,2.7480,1311.33,move_early
32.834584,22.4980,0.6010,2.7560,1311.85,move_early
32.846111,11.5270,0.5040,2.7810,1312.68,move_early
32.855497,9.3860,0.5990,5.8060,1313.35,move_early
32.889794,34.2970,0.5300,2.7730,1314.02,move_early
32.899543,9.7490,0.4630,2.7840,1314.87,move_early
32.933331,33.7880,0.5370,2.7440,1315.54,move_early
32.953069,19.7380,0.5310,2.7550,1316.63,move_early
32.969672,16.6030,0.5520,2.7480,1317.42,move_early
33.005961,36.2890,0.6500,2.7480,1318.19,move_early
33.017818,11.8570,0.6660,4.0150,1319.57,move_early
33.032074,14.2560,0.9140,2.7430,1320.46,move_early
33.043602,11.5280,0.5970,2.7380,1321.24,move_early
33.055510,11.9080,0.5960,3.9430,1321.69,move_early
33.066158,10.6480,0.5630,2.7600,1322.16,move_early
33.104549,38.3910,0.5460,2.7940,1322.59,move_early
33.120707,16.1580,0.5540,2.7400,1323.50,move_early
33.134002,13.2950,0.5810,3.6710,1324.17,move_early
33.144255,10.2530,0.5490,2.7380,1324.83,move_early
33.161108,16.8530,0.4920,2.7440,1325.50,move_early
33.171066,9.9580,0.4750,2.7520,1326.23,move_early
33.195871,24.8050,0.5150,4.0440,1326.79,move_early
33.223968,28.0970,0.4890,3.0640,1327.46,move_early
33.236303,12.3350,0.4900,2.7420,1328.25,move_early
33.248732,12.4290,0.5920,2.7300,1328.97,move_early
33.258319,9.5870,0.5450,4.5520,1329.64,move_early
33.269508,11.1890,0.5350,2.7460,1330.28,move_early
33.307149,37.6410,0.5260,2.7460,1330.73,move_early
33.340612,33.4630,0.5450,2.7370,1331.59,move_early
33.355792,15.1800,0.7620,2.7520,1332.91,move_early
33.365677,9.8850,0.5370,2.7700,1333.63,move_early
33.383412,17.7350,0.6300,2.7500,1334.30,move_early
33.401305,17.8930,0.5800,3.9320,1335.02,move_early
33.410362,9.0570,3.5390,2.7410,1335.69,move_early
33.419582,9.2200,0.5220,2.7450,1336.35,move_early
33.429689,10.1070,0.5000,2.7820,1336.73,move_early
33.441602,11.9130,0.5160,2.7400,1337.13,move_early
33.450811,9.2090,0.5090,2.7390,1337.61,move_early
33.464771,13.9600,0.5730,2.7410,1337.97,move_early
33.474956,10.1850,0.5110,2.7380,1338.42,move_early
33.485841,10.8850,0.5220,3.9470,1338.86,move_early
33.497883,12.0420,0.6170,4.0110,1339.31,move_early
33.516943,19.0600,0.5070,2.7360,1339.75,move_early
33.528990,12.0470,0.5200,2.7420,1340.19,move_early
33.543606,14.6160,0.5500,4.0430,1340.64,move_early
33.561845,18.2390,0.5400,2.7820,1341.08,move_early
33.620640,58.7950,0.8490,4.0230,1341.76,move_early
33.660150,39.5100,0.6490,2.7450,1344.46,move_early
33.673993,13.8430,0.7450,2.6790,1346.12,move_early
33.696662,22.6690,2.5620,4.9130,1346.67,move_early
33.706757,10.0950,1.0380,2.7090,1347.48,move_early
33.740940,34.1830,0.4940,2.6850,1348.00,move_early
33.754820,13.8800,0.5660,3.0280,1348.93,move_early
33.774381,19.5610,0.7520,2.6650,1350.00,move_early
33.784980,10.5990,4.7350,2.6730,1350.80,move_early
33.796910,11.9300,0.5810,4.7230,1351.34,move_early
33.806682,9.7720,0.5110,2.6800,1351.82,move_early
33.825463,18.7810,0.5690,2.6700,1352.20,move_early
33.837766,12.3030,0.5130,3.0790,1352.87,move_early
33.851785,14.0190,0.5140,2.6710,1353.45,move_early
33.879227,27.4420,0.5150,4.4650,1354.01,move_early
33.898217,18.9900,0.6140,2.6730,1354.68,move_early
33.907404,9.1870,0.7570,2.6880,1355.35,move_early
33.929962,22.5580,0.5580,2.6830,1356.01,move_early
33.945213,15.2510,0.4800,3.9260,1356.68,move_early
33.960482,15.2690,0.5360,3.8430,1357.35,move_early
33.993926,33.4440,0.4870,2.7120,1358.01,move_early
34.003120,9.1940,0.5030,2.6770,1359.03,move_early
34.024009,20.8890,0.5030,2.6690,1359.70,move_early
34.054658,30.6490,0.5460,2.6910,1360.37,move_early
34.065128,10.4700,0.5160,2.6780,1361.47,move_early
34.074446,9.3180,0.5450,3.3900,1362.19,move_early
34.084537,10.0910,0.5540,2.7120,1362.86,move_early
34.094633,10.0960,0.5650,3.9430,1363.33,move_early
34.104731,10.0980,0.7340,2.6970,1363.73,move_early
34.114354,9.6230,0.5470,3.9410,1364.14,move_early
34.135269,20.9150,0.5380,3.7360,1364.52,move_early
34.148607,13.3380,0.5470,2.6860,1364.97,move_early
34.161315,12.7080,1.0160,5.5580,1365.41,move_early
34.172378,11.0630,0.5720,2.7270,1365.86,move_early
34.184767,12.3890,0.6300,2.7210,1366.30,move_early
34.195444,10.6770,0.5520,5.0090,1366.75,move_early
34.210248,14.8040,0.5420,3.7070,1367.19,move_early
34.227061,16.8130,0.5390,2.5650,1367.71,move_early
34.240829,13.7680,0.5610,2.5530,1368.37,move_early
34.253061,12.2320,0.6470,3.7440,1368.91,move_early
34.267168,14.1070,0.5340,3.7690,1369.41,move_early
34.285090,17.9220,0.5350,2.5740,1369.97,move_early
34.299883,14.7930,0.5850,2.5550,1370.70,move_early
34.309046,9.1630,0.6760,2.8480,1371.37,move_early
34.326399,17.3530,0.5000,2.5610,1372.04,move_early
34.335693,9.2940,0.5620,2.5520,1372.70,move_early
34.344835,9.1420,0.5760,3.1500,1373.37,move_early
34.377094,32.2590,0.5380,3.7420,1373.74,move_early
34.414462,37.3680,0.5530,3.7740,1374.37,move_early
34.426052,11.5900,0.5900,2.8330,1375.86,move_early
34.445492,19.4400,0.5710,3.7830,1376.53,move_early
34.454902,9.4100,0.4750,2.5570,1377.20,move_early
34.464993,10.0910,0.5880,2.5390,1377.86,move_early
34.476431,11.4380,0.5500,2.5720,1378.53,move_early
34.488418,11.9870,0.5410,3.1520,1379.02,move_early
34.497776,9.3580,0.5270,2.5410,1379.48,move_early
34.507730,9.9540,0.5220,2.5640,1379.85,move_early
34.518611,10.8810,0.5310,3.7960,1380.25,move_early
34.535053,16.4420,0.4990,3.0570,1380.69,move_early
34.545045,9.9920,0.5330,3.8080,1381.33,move_early
34.557291,12.2460,0.5970,3.1570,1381.76,move_early
34.567601,10.3100,0.6160,3.5690,1382.26,move_early
34.579194,11.5930,0.8310,2.5800,1382.67,move_early
34.617170,37.9760,0.6840,4.3800,1383.13,move_early
34.662386,45.2160,0.7400,2.5540,1384.02,move_early
34.679378,16.9920,0.9320,3.1670,1386.00,move_early
34.694679,15.3010,0.8270,2.5770,1386.82,move_early
34.708058,13.3790,0.7050,3.3630,1387.71,move_early
34.721711,13.6530,0.6870,3.9910,1388.29,move_early
34.731979,10.2680,0.6960,4.4530,1388.84,move_early
34.745648,13.6690,0.7290,3.4210,1389.23,move_early
34.761008,15.3600,0.5460,2.5740,1389.78,move_early
34.770915,9.9070,0.5790,2.5600,1390.38,move_early
34.780000,9.0850,0.4950,3.7820,1390.78,move_early
34.814075,34.0750,0.5120,3.3870,1391.15,move_early
34.846719,32.6440,0.5750,2.6070,1391.85,move_early
34.858021,11.3020,0.5800,2.5820,1393.16,move_early
34.868470,10.4490,0.6770,3.0860,1393.83,move_early
34.880073,11.6030,0.5290,3.7760,1394.50,move_early
34.914003,33.9300,0.5120,2.8090,1395.16,move_early
34.925375,11.3720,0.6320,4.2450,1395.84,move_early
34.935601,10.2260,0.5700,5.4680,1396.51,move_early
34.953998,18.3970,0.4670,2.5560,1397.18,move_early
34.975344,21.3460,0.5320,4.2110,1397.84,move_early
34.984522,9.1780,0.5870,2.5750,1398.51,move_early
35.019276,34.7540,0.5300,2.5570,1399.18,move_early
35.029352,10.0760,0.5180,4.2820,1400.05,move_early
35.065265,35.9130,0.5560,4.2150,1400.78,move_early
35.087375,22.1100,0.6260,2.5610,1401.90,move_early
35.099513,12.1380,0.6190,3.7530,1402.80,move_early
35.111175,11.6620,0.7660,3.7610,1403.64,move_early
35.122564,11.3890,0.6030,2.5620,1404.40,move_early
35.132118,9.5540,0.5310,2.9610,1404.85,move_early
35.151614,19.4960,0.5060,3.7830,1405.24,move_early
35.161119,9.5050,0.7050,2.8000,1405.91,move_early
35.171826,10.7070,0.6540,4.1610,1406.39,move_early
35.188243,16.4170,0.5480,2.5350,1406.82,move_early
35.223158,34.9150,0.5590,3.7860,1407.48,move_early
35.255886,32.7280,0.5630,2.5480,1408.21,move_early
35.277113,21.2270,0.5810,2.5330,1409.52,move_early
35.288355,11.2420,0.5220,2.5320,1410.37,move_early
35.331216,42.8610,0.6370,5.5860,1411.03,move_early
35.344812,13.5960,0.5630,2.5630,1412.55,move_early
35.364798,19.9860,0.7360,2.5360,1413.33,move_early
35.381011,16.2130,0.5930,3.7880,1414.00,move_early
35.392393,11.3820,0.6140,2.5620,1414.67,move_early
35.406158,13.7650,2.2740,3.2530,1415.50,move_early
35.416044,9.8860,0.9220,2.5650,1416.20,move_early
35.452561,36.5170,0.5800,2.5720,1416.58,move_early
35.467876,15.3150,0.5190,3.9870,1417.39,move_early
35.477505,9.6290,0.6550,2.5620,1418.17,move_early
35.495155,17.6500,0.5360,2.5810,1418.93,move_early
35.513137,17.9820,0.4960,2.5490,1419.69,move_early
35.522465,9.3280,0.5390,2.5480,1420.44,move_early
35.531221,8.7560,0.5400,4.0510,1420.84,move_early
35.541384,10.1630,0.5090,2.5400,1421.19,move_early
35.558283,16.8990,0.5090,2.5800,1421.60,move_early
35.568560,10.2770,0.5470,2.5540,1422.26,move_early
35.577838,9.2780,0.5040,2.5800,1422.69,move_early
35.599329,21.4910,0.5350,2.5630,1423.06,move_early
35.615531,16.2020,0.5710,2.5300,1423.60,move_early
35.648670,33.1390,1.0000,2.5730,1424.13,move_early
35.664630,15.9600,0.7240,3.7920,1425.26,move_early
35.681368,16.7380,1.0500,2.5790,1425.88,move_early
35.693852,12.4840,0.7570,2.5470,1426.54,move_early
35.704488,10.6360,0.6240,2.5340,1427.11,move_early
35.742146,37.6580,0.5310,2.5560,1427.70,move_early
35.763692,21.5460,0.5710,2.5620,1429.01,move_early
35.776338,12.6460,0.9050,3.5940,1429.86,move_early
35.787454,11.1160,0.7030,2.5330,1430.53,move_early
35.797278,9.8240,0.6360,2.5310,1431.19,move_early
35.809744,12.4660,0.7970,3.7180,1431.85,move_early
35.822436,12.6920,0.6330,3.7440,1432.34,move_early
35.833765,11.3290,0.5970,2.5490,1432.85,move_early
35.843979,10.2140,0.6150,2.5500,1433.31,move_early
35.856380,12.4010,0.5980,2.5380,1433.72,move_early
35.874259,17.8790,0.5540,2.5540,1434.21,move_early
35.887849,13.5900,0.6970,2.5330,1434.88,move_early
35.900504,12.6550,0.6890,2.5300,1435.49,move_early
35.917126,16.6220,0.8510,3.9170,1435.99,move_early
35.928539,11.4130,0.6330,2.5460,1436.54,move_early
35.938039,9.5000,0.6950,3.5540,1437.10,move_early
35.947700,9.6610,0.6520,2.5660,1437.50,move_early
35.963101,15.4010,0.6500,2.5290,1437.87,move_early
35.999257,36.1560,0.6540,2.5660,1438.39,move_early
36.019767,20.5100,0.7960,2.5640,1439.29,move_early
36.032918,13.1510,0.8190,2.5220,1440.12,move_early
36.080085,47.1670,0.9740,3.7680,1440.79,move_early
36.102093,22.0080,0.6450,2.5640,1442.53,move_early
36.120433,18.3400,0.9320,2.5370,1443.58,move_early
36.131958,11.5250,1.3140,2.5520,1444.58,move_early
36.177608,45.6500,0.8730,2.5850,1445.25,move_early
36.197027,19.4190,0.7720,3.6050,1446.42,move_early
36.232983,35.9560,0.8540,2.5290,1447.33,move_early
36.248684,15.7010,0.5670,2.5230,1448.60,move_early
36.259035,10.3510,0.5910,2.5250,1449.33,move_early
36.274549,15.5140,0.5230,2.5650,1450.30,move_early
36.285539,10.9900,0.5270,3.4510,1450.93,move_early
36.296638,11.0990,0.5640,2.5820,1451.37,move_early
36.306632,9.9940,0.5450,3.6020,1451.81,move_early
36.322888,16.2560,0.5490,2.5610,1452.21,move_early
36.337545,14.6570,0.5340,2.5420,1452.86,move_early
36.363801,26.2560,0.5400,2.5310,1453.45,move_early
36.373842,10.0410,0.5320,5.2530,1454.11,move_early
36.386208,12.3660,0.5850,2.5440,1454.78,move_early
36.397705,11.4970,0.5130,2.5580,1455.41,move_early
36.414370,16.6650,1.0350,2.5590,1455.85,move_early
36.430967,16.5970,0.4930,2.5280,1456.42,move_early
36.442225,11.2580,0.5090,2.5310,1456.99,move_early
36.455753,13.5280,1.0290,2.5550,1457.56,move_early
36.467667,11.9140,0.5670,2.5760,1458.14,move_early
36.498884,31.2170,0.6220,3.3530,1458.66,move_early
36.511179,12.2950,0.5690,4.1750,1459.23,move_early
36.525216,14.0370,0.5220,2.5450,1459.79,move_early
36.538372,13.1560,0.4530,2.5530,1460.34,move_early
36.553634,15.2620,0.5660,2.5810,1460.90,move_early
36.585239,31.6050,0.5220,2.5500,1461.46,move_early
36.594965,9.7260,0.5150,3.9880,1462.69,move_early
36.607001,12.0360,0.4910,4.3740,1463.35,move_early
36.627237,20.2360,0.6170,3.3430,1464.02,move_early
36.645528,18.2910,0.5300,3.3160,1464.69,move_early
36.657590,12.0620,0.4910,3.3470,1465.35,move_early
36.674134,16.5440,0.5440,3.9630,1466.02,move_early
36.683189,9.0550,0.5480,2.9020,1466.69,move_early
36.692535,9.3460,0.5010,2.8590,1467.27,move_early
36.707691,15.1560,0.4900,2.8580,1467.66,move_early
36.726349,18.6580,0.5670,2.8930,1468.25,move_early
36.740505,14.1560,0.5380,2.8890,1468.92,move_early
36.753995,13.4900,0.5820,2.8840,1469.57,move_early
36.784898,30.9030,0.5640,2.8690,1470.10,move_early
36.829732,44.8340,0.5410,2.9110,1470.77,move_early
36.853164,23.4320,0.5120,3.1120,1472.49,move_early
36.863916,10.7520,0.6990,2.8270,1473.49,move_early
36.873700,9.7840,0.6350,2.8600,1474.49,move_early
36.884343,10.6430,0.5260,2.8290,1474.89,move_early
36.899849,15.5060,0.5180,2.8740,1475.32,move_early
36.910439,10.5900,0.5930,5.8040,1475.93,move_early
36.921478,11.0390,0.4910,2.8410,1476.36,move_early
36.943323,21.8450,0.5070,2.8310,1476.81,move_early
36.962688,19.3650,0.6250,2.8720,1477.47,move_early
36.978006,15.3180,0.8930,2.8340,1478.14,move_early
36.989254,11.2480,0.5480,2.8610,1478.81,move_early
37.001230,11.9760,0.5290,2.8690,1479.47,move_early
37.017337,16.1070,0.4930,4.3770,1480.12,move_early
37.035944,18.6070,3.6190,2.8780,1480.73,move_early
37.049881,13.9370,0.9330,4.1130,1481.34,move_early
37.062371,12.4900,0.5230,2.8510,1481.94,move_early
37.103526,41.1550,0.5780,2.8430,1482.44,move_early
37.116577,13.0510,0.5340,2.8560,1483.44,move_early
37.131495,14.9180,0.6700,2.8480,1484.10,move_early
37.141347,9.8520,0.6040,2.8600,1484.77,move_early
37.152604,11.2570,0.5710,2.8870,1485.44,move_early
37.165531,12.9270,0.5650,2.8430,1486.06,move_early
37.213550,48.0190,0.6540,2.8830,1486.59,move_early
37.229544,15.9940,0.6250,2.8620,1487.84,move_early
37.266390,36.8460,0.7060,2.8700,1488.80,move_early
37.277297,10.9070,0.5270,2.8460,1490.27,move_early
37.334892,57.5950,0.5600,4.2060,1491.05,move_early
37.346377,11.4850,0.5420,2.8640,1492.70,move_early
37.361991,15.6140,0.6830,2.8490,1493.80,move_early
37.399548,37.5570,0.5910,2.8550,1494.17,move_early
37.413316,13.7680,1.9510,2.8460,1495.33,move_early
37.431331,18.0150,0.8750,2.8270,1496.22,move_early
37.441849,10.5180,0.6870,2.8450,1497.11,move_early
37.454308,12.4590,0.6510,2.8320,1497.65,move_early
37.490101,35.7930,0.6390,4.1200,1498.13,move_early
37.510001,19.9000,0.5940,4.1160,1499.33,move_early
37.521639,11.6380,0.5810,4.1000,1500.17,move_early
37.535039,13.4000,0.5390,2.8540,1500.81,move_early
37.545983,10.9440,0.5360,2.8450,1501.35,move_early
37.562531,16.5480,0.5390,2.8810,1501.78,move_early
37.583771,21.2400,0.5150,5.0070,1502.45,move_early
37.617459,33.6880,0.5100,2.8640,1503.11,move_early
37.644406,26.9470,0.5210,2.8440,1503.99,move_early
37.657707,13.3010,0.5070,2.8410,1505.07,move_early
37.667739,10.0320,0.8170,2.8430,1505.07,move_early
37.678828,11.0890,0.5890,5.6320,1505.07,move_early
37.694151,15.3230,0.6290,2.8580,1505.07,move_early
37.705307,11.1560,0.5530,2.8910,1505.07,move_early
37.742199,36.8920,0.5500,2.8830,1505.07,move_early
37.755611,13.4120,0.5730,2.8390,1505.07,move_early
37.767549,11.9380,0.9030,2.8520,1505.07,move_early
37.778506,10.9570,0.7650,3.6790,1505.07,move_early
37.816973,38.4670,0.5290,2.8490,1505.07,move_early
37.826873,9.9000,0.4880,2.8770,1505.07,move_early
37.840320,13.4470,0.5630,2.8400,1505.07,move_early
37.859679,19.3590,0.4840,2.8800,1505.07,move_early
37.869898,10.2190,0.5110,2.8760,1505.07,move_early
37.883194,13.2960,0.5830,3.1350,1505.07,move_early
37.894938,11.7440,0.5480,2.8460,1505.07,move_early
37.906872,11.9340,1.8400,2.8560,1505.07,move_early
37.919369,12.4970,0.5410,3.1560,1505.07,move_early
37.932901,13.5320,0.5070,2.8470,1505.07,move_early
37.966488,33.5870,0.4980,2.8470,1505.07,move_early
37.997017,30.5290,0.5340,2.8570,1505.07,move_early
38.011377,14.3600,0.5900,2.8690,1505.07,move_early
38.027438,16.0610,0.5720,4.1210,1505.07,move_early
38.044721,17.2830,0.7760,4.1270,1505.07,move_early
38.064216,19.4950,3.5860,2.8550,1505.07,move_early
38.078381,14.1650,3.2680,2.8740,1505.07,move_early
38.113680,35.2990,0.5480,2.8650,1505.07,move_early
38.135864,22.1840,0.5200,2.8720,1505.07,move_early
38.163505,27.6410,0.7420,2.8600,1505.07,move_early
38.175256,11.7510,0.6080,2.8790,1505.07,move_early
38.189638,14.3820,1.5350,2.9490,1505.07,move_early
38.224488,34.8500,0.5510,2.9500,1505.07,move_early
38.239647,15.1590,0.6370,2.9320,1505.07,move_early
38.259744,20.0970,0.6370,2.9540,1505.07,move_early
38.271848,12.1040,3.8340,2.9800,1505.07,move_early
38.280804,8.9560,0.6720,3.0210,1505.07,move_early
38.290089,9.2850,0.5640,3.0580,1505.07,move_early
38.299517,9.4280,0.5030,3.0440,1505.07,move_early
38.334912,35.3950,0.5290,3.0370,1505.07,move_early
38.350025,15.1130,0.5200,3.0540,1505.07,move_early
38.393361,43.3360,0.5740,3.0750,1505.07,move_early
38.405134,11.7730,0.6270,3.0450,1505.07,move_early
38.421657,16.5230,0.7440,3.0330,1505.07,move_early
38.438858,17.2010,0.7700,3.0230,1505.07,move_early
38.481261,42.4030,0.6570,3.0370,1505.07,move_early
38.524651,43.3900,0.5700,3.0560,1505.07,move_early
38.542256,17.6050,0.5840,3.0470,1505.07,move_early
38.554173,11.9170,0.6890,3.0450,1505.07,move_early
38.571852,17.6790,0.6540,3.3560,1505.07,move_early
38.589083,17.2310,0.5590,4.3290,1505.07,move_early
38.610847,21.7640,0.5730,3.0260,1505.07,move_early
38.649716,38.8690,2.5640,5.2740,1505.07,move_early
38.668660,18.9440,1.0000,4.1960,1505.07,move_early
38.714274,45.6140,0.5700,4.1740,1505.07,move_early
38.733483,19.2090,4.0250,6.1880,1505.07,move_early
38.772144,38.6610,0.7160,4.1960,1505.07,move_early
38.816154,44.0100,0.8110,4.1790,1505.07,move_early
38.861230,45.0760,0.6610,4.2220,1505.07,move_early
38.876694,15.4640,1.1940,4.2210,1505.07,move_early
38.891394,14.7000,0.6240,6.3130,1505.07,move_early
38.932272,40.8780,0.6390,4.2940,1505.07,move_early
38.951446,19.1740,0.5780,4.2760,1505.07,move_early
38.967286,15.8400,1.9200,5.2340,1505.07,move_early
38.979579,12.2930,0.5960,5.5740,1505.07,move_early
38.994030,14.4510,0.7690,4.2380,1505.07,move_early
39.009758,15.7280,0.8910,6.2120,1505.07,move_early
39.054294,44.5360,0.6340,6.3230,1505.07,move_early
39.067259,12.9650,0.6410,5.6530,1505.07,move_early
39.079419,12.1600,0.7830,7.2170,1505.07,move_early
39.091841,12.4220,0.5580,5.5720,1505.07,move_early
39.106700,14.8590,0.5470,6.9340,1505.07,move_early
39.122213,15.5130,0.5470,5.6280,1505.07,move_early
39.133856,11.6430,0.5660,6.9350,1505.07,move_early
39.151956,18.1000,0.5340,6.8750,1505.07,move_early
39.164616,12.6600,0.5940,5.6580,1505.07,move_early
39.205221,40.6050,0.7250,4.7850,1505.07,move_early
39.233084,27.8630,0.5670,5.6600,1505.07,move_early
39.253737,20.6530,0.8580,4.5220,1505.07,move_early
39.266602,12.8650,0.6910,3.9860,1505.07,move_early
39.278875,12.2730,1.1330,3.9790,1505.07,move_early
39.318203,39.3280,0.5380,3.2070,1505.07,move_early
39.330563,12.3600,0.6070,2.7660,1505.07,move_early
39.345023,14.4600,0.8410,3.3140,1505.07,move_early
39.363854,18.8310,0.7140,3.9840,1505.07,move_early
39.377452,13.5980,4.4130,2.7670,1505.07,move_early
39.406708,29.2560,1.0120,2.7870,1505.07,move_early
39.420157,13.4490,1.3680,2.7630,1505.07,move_early
39.431221,11.0640,1.1280,4.0200,1505.07,move_early
39.443362,12.1410,0.5820,2.7630,1505.07,move_early
39.455160,11.7980,0.5510,3.1370,1505.07,move_early
39.466662,11.5020,0.5450,4.0150,1505.07,move_early
39.483984,17.3220,0.6110,2.7600,1505.07,move_early
39.499522,15.5380,0.6040,2.7910,1505.07,move_early
39.513513,13.9910,0.5760,3.9970,1505.07,move_early
39.526964,13.4510,1.5610,2.8000,1505.07,move_early
39.546021,19.0570,0.5450,3.3970,1505.07,move_early
39.557526,11.5050,1.3750,3.4080,1505.07,move_early
39.601001,43.4750,0.6670,4.0210,1505.07,move_early
39.625358,24.3570,0.5810,2.7950,1505.07,move_early
39.637298,11.9400,1.6370,3.9770,1505.07,move_early
39.655693,18.3950,0.6010,3.3060,1505.07,move_early
39.668667,12.9740,0.7040,4.5660,1505.07,move_early
39.684813,16.1460,2.3620,3.9850,1505.07,move_early
39.705754,20.9410,0.5590,2.7960,1505.07,move_early
39.716453,10.6990,3.9560,3.1090,1505.07,move_early
39.756783,40.3300,0.5960,3.9830,1505.07,move_early
39.775316,18.5330,0.6300,2.7930,1505.07,move_early
39.822060,46.7440,0.7610,3.1180,1505.07,move_early
39.842467,20.4070,0.9790,3.6330,1505.07,move_early
39.856219,13.7520,1.7070,2.7800,1505.07,move_early
39.866203,9.9840,0.9450,2.8240,1505.07,move_early
39.902304,36.1010,0.6100,2.8270,1505.07,move_early
39.916451,14.1470,0.6700,4.0270,1505.07,move_early
39.928987,12.5360,4.0580,2.8410,1505.07,move_early
39.962519,33.5320,0.5240,4.0560,1505.07,move_early
39.995854,33.3350,0.5180,2.8070,1505.07,move_early
40.012088,16.2340,0.9370,2.8070,1505.07,move_early
40.022705,10.6170,0.6660,2.8370,1505.07,move_early
40.033801,11.0960,0.6590,2.8020,1505.07,move_early
40.043614,9.8130,0.6150,3.1720,0.00,move_early
40.055409,11.7950,0.5890,2.8100,0.39,move_early
40.068735,13.3260,0.5890,3.7520,1.00,move_early
40.078739,10.0040,3.1210,2.9470,1.42,move_early
40.109751,31.0120,1.0470,4.1440,1.82,move_early
40.146084,36.3330,0.9440,2.9430,2.48,move_early
40.163508,17.4240,1.0010,2.9320,3.85,move_early
40.178243,14.7350,1.0020,4.7020,4.55,move_early
40.215439,37.1960,0.9490,2.9260,5.22,move_early
40.231352,15.9130,0.9530,2.9130,6.66,move_early
40.241198,9.8460,1.3300,2.9400,7.37,move_early
40.253561,12.3630,1.1090,2.9050,8.03,move_early
40.263436,9.8750,1.0840,2.9010,8.70,move_early
40.273577,10.1410,0.9860,2.9460,9.21,move_early
40.284189,10.6120,0.9970,3.8660,9.61,move_early
40.297214,13.0250,1.0070,2.9440,10.04,move_early
40.306670,9.4560,0.9660,4.1110,10.57,move_early
40.319543,12.8730,1.2190,2.9130,10.93,move_early
40.331645,12.1020,0.9280,3.5890,11.45,move_early
40.346530,14.8850,0.9770,2.9060,11.94,move_early
40.368541,22.0110,1.0100,4.0420,12.44,move_early
40.384920,16.3790,0.9850,2.8850,12.94,move_early
40.396945,12.0250,1.4990,3.9360,13.44,move_early
40.416158,19.2130,1.0830,2.9060,13.94,move_early
40.427684,11.5260,1.0070,2.9280,14.67,move_early
40.447022,19.3380,1.0530,2.8920,15.17,move_early
40.460597,13.5750,1.1160,2.9150,15.90,move_early
40.478435,17.8380,1.1170,2.9390,16.44,move_early
40.490964,12.5290,1.0240,3.8600,17.15,move_early
40.504337,13.3730,1.2820,2.9060,17.73,move_early
40.517983,13.6460,1.0500,2.9110,18.31,move_early
40.529645,11.6620,1.0360,2.9120,18.90,move_early
40.543361,13.7160,1.0370,2.9210,19.37,move_early
40.559361,16.0000,1.0780,2.9200,19.96,move_early
40.570897,11.5360,1.4250,2.9100,20.55,move_early
40.583795,12.8980,2.5620,2.8890,21.15,move_early
40.595349,11.5540,0.9890,3.8900,21.73,move_early
40.610177,14.8280,0.9930,4.1600,22.31,move_early
40.622806,12.6290,1.0160,2.9160,22.90,move_early
40.636063,13.2570,1.4560,5.2890,23.48,move_early
40.651672,15.6090,1.1160,2.8900,24.03,move_early
40.665809,14.1370,4.2800,4.0870,24.62,move_early
40.678831,13.0220,1.1730,2.8880,25.20,move_early
40.692301,13.4700,1.0630,4.0580,25.78,move_early
40.705864,13.5630,3.5280,2.8920,26.36,move_early
40.718835,12.9710,0.9530,2.8820,26.93,move_early
40.736869,18.0340,1.0840,2.8770,27.46,move_early
40.750884,14.0150,1.1750,2.9060,28.04,move_early
40.768542,17.6580,1.4150,4.0820,28.62,move_early
40.782545,14.0030,0.9870,2.8600,29.21,move_early
40.797690,15.1450,1.0110,2.8700,29.79,move_early
40.809854,12.1640,1.0090,2.8800,30.37,move_early
40.822194,12.3400,0.9430,2.8770,30.96,move_early
40.837215,15.0210,0.9640,2.9200,31.54,move_early
40.856025,18.8100,0.9630,2.8960,32.12,move_early
40.869563,13.5380,1.0540,3.5460,32.71,move_early
40.882146,12.5830,0.9570,2.8910,33.29,move_early
40.897866,15.7200,0.9940,4.1520,33.87,move_early
40.910921,13.0550,1.1180,4.0920,34.46,move_early
40.948824,37.9030,0.9760,2.8810,35.04,move_early
40.962417,13.5930,0.9760,2.9010,35.96,move_early
40.979004,16.5870,1.0000,2.9180,36.55,move_early
40.988958,9.9540,1.0380,3.9180,37.17,move_early
40.999877,10.9190,0.9710,2.9030,37.77,move_early
41.014566,14.6890,0.9570,2.9360,38.35,move_early
41.052813,38.2470,0.9530,2.9140,38.70,move_early
41.072533,19.7200,3.1250,2.9400,40.56,move_early
41.095717,23.1840,2.5380,2.9110,41.41,move_early
41.115287,19.5700,3.8110,2.9020,42.20,move_early
41.154155,38.8680,1.5440,2.8910,43.20,move_early
41.181795,27.6400,1.0280,2.8990,44.24,move_early
41.196873,15.0780,1.6720,2.8930,45.36,move_early
41.209933,13.0600,2.1440,4.7240,46.36,move_early
41.228179,18.2460,1.1410,2.9350,47.07,move_early
41.240866,12.6870,0.9410,2.8910,47.83,move_early
41.256553,15.6870,1.1460,2.8830,48.32,move_early
41.269988,13.4350,1.1680,3.9100,48.94,move_early
41.283322,13.3340,1.0130,2.8930,49.49,move_early
41.332257,48.9350,1.1680,2.9090,50.02,move_early
41.367137,34.8800,1.1830,2.8970,51.31,move_early
41.404140,37.0030,1.1640,2.8960,53.04,move_early
41.415158,11.0180,1.0390,2.9170,54.53,move_early
41.425858,10.7000,1.1740,4.3990,55.28,move_early
41.477085,51.2270,1.0340,3.1830,55.38,move_early
41.499360,22.2750,1.0290,4.4910,57.33,move_early
41.517613,18.2530,2.8940,3.1720,58.03,move_early
41.539384,21.7710,1.4650,3.1890,59.03,move_early
41.565830,26.4460,4.5450,3.1830,59.99,move_early
41.586687,20.8570,1.5000,3.1760,60.99,move_early
41.604292,17.6050,1.5670,4.1830,61.95,move_early
41.617519,13.2270,1.5580,3.3140,62.85,move_early
41.631402,13.8830,1.0090,3.5660,63.38,move_early
41.648395,16.9930,1.0000,3.2740,63.93,move_early
41.669910,21.5150,1.0200,3.2600,64.60,move_early
41.683000,13.0900,1.1680,3.2840,65.26,move_early
41.703643,20.6430,0.9840,5.1130,65.93,move_early
41.745019,41.3760,1.0050,3.2890,66.60,move_early
41.756748,11.7290,1.1170,4.7810,67.83,move_early
41.768092,11.3440,1.1570,4.5720,68.58,move_early
41.779593,11.5010,1.0360,3.2890,69.31,move_early
41.814595,35.0020,0.9870,4.3950,69.86,move_early
41.828271,13.6760,1.0100,3.2800,70.60,move_early
41.871532,43.2610,1.0480,3.3180,71.32,move_early
41.892507,20.9750,0.9820,3.3000,73.27,move_early
41.938505,45.9980,2.1750,3.8910,74.06,move_early
41.964700,26.1950,1.1510,3.3480,75.66,move_early
41.994063,29.3630,2.8540,4.9010,76.99,move_early
42.008583,14.5200,4.4140,4.5960,78.33,move_early
42.024506,15.9230,1.2260,3.4050,79.17,move_early
42.037580,13.0740,4.0340,4.8490,79.68,move_early
42.043971,6.3910,1.3120,3.4410,80.18,move_early
42.048278,4.3070,1.0450,5.0300,80.44,move_early
42.055525,7.2470,1.0580,4.6500,80.62,move_early
42.061046,5.5210,0.9480,3.4180,80.90,move_early
42.065263,4.2170,1.0440,3.4110,81.11,move_early
42.070157,4.8940,0.9480,3.4360,81.28,move_early
42.074809,4.6520,0.9390,3.4020,81.50,move_early
42.081204,6.3950,1.1690,4.6630,81.72,move_early
42.086107,4.9030,1.1500,3.4200,81.93,move_early
42.091395,5.2880,0.9110,5.0090,82.14,move_early
42.095041,3.6460,0.9980,5.0080,82.34,move_early
42.099080,4.0390,0.9070,3.3860,82.48,move_early
42.103754,4.6740,0.9130,3.7190,82.68,move_early
42.108448,4.6940,0.8800,4.6280,82.87,move_early
42.111970,3.5220,0.8910,3.4240,83.02,move_early
42.117201,5.2310,0.8690,3.8150,83.22,move_early
42.123778,6.5770,0.8580,4.6250,83.41,move_early
42.130113,6.3350,0.8700,3.4160,83.61,move_early
42.135969,5.8560,1.0690,3.8280,83.81,move_early
42.140473,4.5040,0.9620,3.8070,84.03,move_early
42.146321,5.8480,1.5590,3.7760,84.23,move_early
42.150655,4.3340,1.2570,4.6530,84.43,move_early
42.155633,4.9780,1.0000,4.7260,84.63,move_early
42.162142,6.5090,1.0250,3.4060,84.83,move_early
42.165268,3.1260,0.9140,4.3820,85.03,move_early
42.170252,4.9840,0.9280,4.6490,85.23,move_early
42.174409,4.1570,0.8750,3.4050,85.43,move_early
42.182723,8.3140,0.8760,5.5760,85.63,move_early
42.187780,5.0570,0.9320,5.0220,85.83,move_early
42.204615,16.8350,1.0010,3.1220,86.03,move_early
42.214502,9.8870,3.6890,4.2490,86.26,move_early
42.218382,3.8800,1.4340,2.9980,86.58,move_early
42.221739,3.3570,0.9420,3.0230,86.81,move_early
42.225056,3.3170,0.9280,2.9640,87.03,move_early
42.228946,3.8900,0.8800,2.9640,87.25,move_early
42.232303,3.3570,0.8680,2.9600,87.47,move_early
42.242856,10.5530,0.8540,2.9830,87.67,move_early
42.256714,13.8580,1.0650,2.9890,87.90,move_early
42.304266,47.5520,1.4890,2.9640,88.30,move_early
42.319176,14.9100,1.2160,2.9800,90.60,move_early
42.330809,11.6330,1.7490,4.0550,91.37,move_early
42.340787,9.9780,1.1380,2.9310,91.57,move_early
42.358540,17.7530,0.9400,2.9790,91.96,move_early
42.382481,23.9410,0.8950,2.9390,92.68,move_early
42.400576,18.0950,0.9580,2.9520,93.34,move_early
42.417041,16.4650,1.2440,2.9630,94.03,move_early
42.459374,42.3330,0.9910,2.9570,94.69,move_early
42.501835,42.4610,1.0220,2.9570,96.70,move_early
42.521847,20.0120,1.0790,2.9470,98.44,move_early
42.542137,20.2900,1.2910,2.9410,99.37,move_early
42.556110,13.9730,1.1630,2.9440,100.37,move_early
42.572451,16.3410,1.1040,5.4950,100.70,move_early
42.607694,35.2430,1.0200,2.9570,101.53,move_early
42.640335,32.6410,1.0700,2.9550,102.70,move_early
42.652752,12.4170,1.0640,2.9660,103.63,move_early
42.669961,17.2090,1.0300,2.9270,104.48,move_early
42.685085,15.1240,0.9650,2.9510,105.37,move_early
42.699066,13.9810,0.9990,2.9420,106.08,move_early
42.736700,37.6340,0.9720,2.9900,106.63,move_early
42.762612,25.9120,0.9170,2.9270,107.54,move_early
42.783194,20.5820,1.9490,2.9430,108.90,move_early
42.800298,17.1040,1.7290,4.1100,109.69,move_early
42.815763,15.4650,1.2690,4.1670,110.58,move_early
42.828338,12.5750,0.9640,2.9150,111.31,move_early
42.846374,18.0360,1.0210,4.1690,111.82,move_early
42.862237,15.8630,1.0620,2.8920,112.53,move_early
42.875798,13.5610,1.0140,4.0660,113.17,move_early
42.888909,13.1110,0.9620,2.9200,113.71,move_early
42.905221,16.3120,0.9940,2.9120,114.23,move_early
42.919137,13.9160,0.9530,2.9090,114.88,move_early
42.931557,12.4200,0.9960,2.9070,115.45,move_early
42.943989,12.4320,1.0670,2.9020,115.95,move_early
42.957821,13.8320,1.0080,2.9080,116.43,move_early
42.971698,13.8770,0.9270,3.2990,116.99,move_early
42.980159,8.4610,0.9380,2.9360,117.57,move_early
42.988360,8.2010,1.4370,2.9240,117.89,move_early
42.994264,5.9040,1.1470,3.9200,118.24,move_early
42.999796,5.5320,1.4330,2.9170,118.47,move_early
43.004599,4.8030,1.2290,2.9090,118.67,move_early
43.008367,3.7680,0.9530,2.9250,118.86,move_early
43.011905,3.5380,1.0250,2.9390,119.01,move_early
43.021265,9.3600,0.9890,2.9170,119.14,move_early
43.044192,22.9270,0.9110,4.1460,119.39,move_early
43.061826,17.6340,1.0310,2.9110,119.79,move_early
43.078955,17.1290,1.1480,2.9080,120.48,move_early
43.095686,16.7310,0.9070,4.5150,121.25,move_early
43.110162,14.4760,2.1730,2.9060,121.84,move_early
43.123221,13.0590,0.9890,2.9260,122.45,move_early
43.134820,11.5990,1.4310,4.0790,123.01,move_early
43.152490,17.6700,0.9610,2.9380,123.58,move_early
43.164807,12.3170,1.1280,2.9060,124.16,move_early
43.187786,22.9790,1.0740,2.9220,124.70,move_early
43.205726,17.9400,0.9760,2.9330,125.53,move_early
43.222302,16.5760,1.1440,4.5590,126.23,move_early
43.234103,11.8010,0.9270,2.8900,126.90,move_early
43.246862,12.7590,0.9330,2.9170,127.57,move_early
43.259279,12.4170,0.9570,2.9430,128.23,move_early
43.279573,20.2940,0.9620,2.9170,128.90,move_early
43.296333,16.7600,0.9510,2.9170,129.57,move_early
43.338606,42.2730,1.1630,3.1670,130.23,move_early
43.353728,15.1220,1.1170,2.9430,131.57,move_early
43.366403,12.6750,1.1310,2.9120,132.32,move_early
43.379677,13.2740,1.0360,2.9200,133.06,move_early
43.395448,15.7710,1.0250,2.9360,133.80,move_early
43.405627,10.1790,1.0320,4.8500,134.50,move_early
43.416753,11.1260,0.9680,2.9240,134.90,move_early
43.427012,10.2590,0.9710,4.1590,135.34,move_early
43.465352,38.3400,1.0110,2.9340,135.76,move_early
43.475674,10.3220,0.9700,2.9080,136.62,move_early
43.502797,27.1230,1.0070,2.9000,137.29,move_early
43.521072,18.2750,0.9540,4.1530,138.24,move_early
43.552073,31.0010,2.1510,2.8910,138.90,move_early
43.575045,22.9720,1.6180,2.9050,140.19,move_early
43.601962,26.9170,2.3160,2.9420,141.08,move_early
43.625067,23.1050,1.8990,2.9960,142.17,move_early
43.639564,14.4970,2.4410,2.9410,143.12,move_early
43.653471,13.9070,1.4790,4.4570,144.03,move_early
43.666813,13.3420,1.1160,2.9520,144.82,move_early
43.679737,12.9240,1.0140,4.1720,145.37,move_early
43.691544,11.8070,1.2160,2.9750,145.87,move_early
43.701904,10.3600,1.1080,3.9230,146.34,move_early
43.716510,14.6060,1.0200,2.9130,146.77,move_early
43.731502,14.9920,1.1780,2.9680,147.41,move_early
43.743763,12.2610,1.6840,2.9360,147.91,move_early
43.757032,13.2690,1.5330,2.9350,148.41,move_early
43.767228,10.1960,1.2600,2.9380,148.91,move_early
43.781006,13.7780,0.9400,2.9530,149.36,move_early
43.824031,43.0250,0.9390,2.9420,149.84,move_early
43.847568,23.5370,1.2340,4.1850,151.07,move_early
43.869729,22.1610,2.0900,2.9240,152.01,move_early
43.889931,20.2020,2.3250,2.9490,153.01,move_early
43.918211,28.2800,4.1520,2.9530,153.95,move_early
43.931852,13.6410,1.0710,2.9780,154.95,move_early
43.950217,18.3650,1.0420,2.9500,155.88,move_early
43.970701,20.4840,0.9840,4.0910,156.69,move_early
43.986022,15.3210,1.1060,2.9560,157.53,move_early
44.003929,17.9070,1.1460,2.9640,158.11,move_early
44.026689,22.7600,0.9980,2.9810,158.84,move_early
44.042855,16.1660,1.0990,3.8380,159.73,move_early
44.056355,13.5000,1.3590,3.4690,160.39,move_early
44.069988,13.6330,1.0900,2.9680,160.93,move_early
44.085807,15.8190,0.9890,2.9560,161.51,move_early
44.101462,15.6550,1.4800,2.9810,162.14,move_early
44.115265,13.8030,1.5490,2.9510,162.78,move_early
44.126160,10.8950,1.9620,4.7970,163.28,move_early
44.146314,20.1540,0.9330,2.9290,163.78,move_early
44.159108,12.7940,2.1380,2.9530,164.44,move_early
44.193971,34.8630,1.1250,3.2730,165.05,move_early
44.211517,17.5460,1.1150,3.5300,165.81,move_early
44.223387,11.8700,1.4440,2.9460,166.50,move_early
44.240463,17.0760,1.4510,5.2890,167.17,move_early
44.268038,27.5750,1.2150,2.9650,167.84,move_early
44.286195,18.1570,2.1770,4.7300,168.83,move_early
44.326225,40.0300,2.6370,3.5160,169.80,move_early
44.341041,14.8160,2.9660,2.9720,171.10,move_early
44.363473,22.4320,1.4960,2.9790,171.99,move_early
44.381784,18.3110,3.3840,2.9740,172.70,move_early
44.394443,12.6590,1.6940,2.9840,173.59,move_early
44.407151,12.7080,1.0400,3.5210,174.46,move_early
44.420037,12.8860,1.0880,4.2100,174.99,move_early
44.432423,12.3860,1.2950,4.2320,175.47,move_early
44.473124,40.7010,0.9370,2.9600,175.97,move_early
44.487103,13.9790,0.9800,2.9940,176.98,move_early
44.503421,16.3180,1.9130,2.9920,177.65,move_early
44.516554,13.1330,1.0940,4.1360,178.32,move_early
44.529393,12.8390,0.9540,2.8990,179.06,move_early
44.542889,13.4960,0.9740,2.8990,179.79,move_early
44.555254,12.3650,1.2300,2.9050,180.41,move_early
44.569670,14.4160,1.4290,2.9160,180.90,move_early
44.582514,12.8440,0.9640,3.4340,181.46,move_early
44.621869,39.3550,0.9680,3.4590,182.03,move_early
44.635777,13.9080,2.2290,3.2340,182.92,move_early
44.655790,20.0130,1.2950,2.8770,183.59,move_early
44.673614,17.8240,2.8730,4.1410,184.26,move_early
44.687940,14.3260,1.0420,3.2360,185.02,move_early
44.706027,18.0870,1.9220,3.4710,185.68,move_early
44.721711,15.6840,1.0160,3.4550,186.35,move_early
44.747242,25.5310,1.0060,2.9140,187.37,move_early
44.764921,17.6790,5.5810,2.8990,188.15,move_early
44.788294,23.3730,1.0180,2.8770,188.92,move_early
44.801293,12.9990,0.9920,4.6900,189.70,move_early
44.813335,12.0420,1.0240,2.9090,190.46,move_early
44.825653,12.3180,1.0650,2.9260,191.22,move_early
44.837913,12.2600,1.0280,3.4280,191.70,move_early
44.849862,11.9490,0.9890,2.9190,192.19,move_early
44.859874,10.0120,0.9370,2.9160,192.68,move_early
44.872768,12.8940,1.0230,2.9010,193.08,move_early
44.911145,38.3770,1.2760,2.9060,193.59,move_early
44.929188,18.0430,0.9920,2.9030,194.53,move_early
44.949407,20.2190,1.6370,2.8970,195.23,move_early
44.966441,17.0340,1.6790,4.1670,196.00,move_early
44.981745,15.3040,1.0760,2.8960,196.67,move_early
44.991888,10.1430,1.0260,3.4740,197.34,move_early
45.004268,12.3800,0.9780,2.9240,198.01,move_early
45.016963,12.6950,1.0030,2.9030,198.62,move_early
45.034400,17.4370,0.9910,2.9010,199.23,move_early
45.050888,16.4880,1.8400,3.9960,199.84,move_early
45.071270,20.3820,2.7040,4.0100,200.45,move_early
45.082784,11.5140,1.0560,2.9790,201.12,move_early
45.097870,15.0860,1.3550,3.5510,201.73,move_early
45.122541,24.6710,1.0120,2.9270,202.34,move_early
45.149219,26.6780,2.1310,3.4670,203.01,move_early
45.162952,13.7330,1.6450,2.9000,204.01,move_early
45.184689,21.7370,1.4290,2.9400,204.68,move_early
45.199034,14.3450,1.0890,2.9460,205.41,move_early
45.211934,12.9000,1.1430,2.9300,206.13,move_early
45.224360,12.4260,1.0390,2.9320,206.82,move_early
45.236503,12.1430,1.0260,2.9410,207.49,move_early
45.248805,12.3020,0.9640,3.5460,208.13,move_early
45.260628,11.8230,0.9350,4.1900,208.62,move_early
45.278452,17.8240,0.9440,2.9320,209.10,move_early
45.292863,14.4110,0.9720,2.9350,209.76,move_early
45.330139,37.2760,1.0550,2.9260,210.40,move_early
45.346212,16.0730,1.1830,5.2630,211.26,move_early
45.356748,10.5360,1.3430,2.9530,211.93,move_early
45.372169,15.4210,1.0510,2.9190,212.59,move_early
45.387914,15.7450,0.9330,3.6500,213.26,move_early
45.413840,25.9260,1.3400,2.9360,213.92,move_early
45.432281,18.4410,5.6060,2.9320,214.67,move_early
45.454897,22.6160,2.2500,2.9280,215.34,move_early
45.475642,20.7450,1.4340,2.9950,216.33,move_early
45.492621,16.9790,2.8170,2.9310,217.05,move_early
45.502751,10.1300,0.9920,2.9320,217.77,move_early
45.513618,10.8670,1.1890,2.9290,218.45,move_early
45.523102,9.4840,0.9400,2.9670,219.12,move_early
45.533693,10.5910,0.9670,2.9060,219.59,move_early
45.547023,13.3300,0.9130,3.9530,220.03,move_early
45.557764,10.7410,1.0820,2.9220,220.57,move_early
45.575146,17.3820,1.2810,3.9300,220.98,move_early
45.587997,12.8510,0.9180,3.6270,221.65,move_early
45.602911,14.9140,0.9200,4.0600,222.19,move_early
45.616674,13.7630,0.9410,2.9410,222.79,move_early
45.629369,12.6950,0.9610,2.9140,223.34,move_early
45.639611,10.2420,1.0240,2.9360,223.85,move_early
45.657571,17.9600,0.9760,2.9400,224.28,move_early
45.669469,11.8980,1.1710,2.9340,224.84,move_early
45.679193,9.7240,1.0940,2.9590,225.40,move_early
45.689352,10.1590,0.9510,2.9600,225.84,move_early
45.712205,22.8530,1.0030,2.9320,226.25,move_early
45.725049,12.8440,0.9450,4.0640,226.81,move_early
45.736657,11.6080,0.9710,2.9320,227.37,move_early
45.752284,15.6270,0.9680,2.9750,228.03,move_early
45.763038,10.7540,0.9220,2.9550,228.70,move_early
45.775373,12.3350,1.0250,4.3950,229.19,move_early
45.795617,20.2440,0.9060,2.9330,229.68,move_early
45.818179,22.5620,0.9450,3.9640,230.23,move_early
45.830429,12.2500,1.0690,2.9510,230.80,move_early
45.841695,11.2660,2.3240,2.9330,231.37,move_early
45.852123,10.4280,0.9530,2.9620,231.92,move_early
45.864372,12.2490,0.9730,2.9490,232.47,move_early
45.873920,9.5480,0.9870,4.0770,233.01,move_early
45.884878,10.9580,0.9850,4.8830,233.56,move_early
45.899816,14.9380,0.9410,2.9440,234.06,move_early
45.909140,9.3240,0.9070,2.9480,234.60,move_early
45.919282,10.1420,0.9130,2.9740,235.03,move_early
45.931193,11.9110,0.9190,2.9340,235.44,move_early
45.961568,30.3750,0.9150,2.9730,236.03,move_early
45.982667,21.0990,4.1520,2.9320,236.70,move_early
46.002306,19.6390,2.4720,4.0240,237.37,move_early
46.017820,15.5140,0.9810,2.9400,238.12,move_early
46.032155,14.3350,1.0740,2.9760,238.72,move_early
46.045584,13.4290,1.0340,2.9890,239.31,move_early
46.058180,12.5960,1.1160,3.0190,239.89,move_early
46.071059,12.8790,0.9720,3.0140,240.47,move_early
46.081363,10.3040,0.9460,3.0470,241.06,move_early
46.093888,12.5250,0.9250,2.9830,241.63,move_early
46.109796,15.9080,0.9490,2.9870,242.20,move_early
46.121364,11.5680,0.9460,3.0080,242.77,move_early
46.132003,10.6390,1.0840,3.8930,243.34,move_early
46.144830,12.8270,0.9750,5.3400,243.92,move_early
46.166375,21.5450,0.9650,2.9910,244.47,move_early
46.179576,13.2010,0.9480,2.9870,245.04,move_early
46.194706,15.1300,1.0680,2.9950,245.61,move_early
46.217057,22.3510,2.4780,2.9320,246.18,move_early
46.232033,14.9760,1.3510,2.9210,246.77,move_early
46.246249,14.2160,1.6370,2.9550,247.37,move_early
46.262621,16.3720,1.6270,2.9170,247.95,move_early
46.273453,10.8320,1.3040,2.9720,248.54,move_early
46.288820,15.3670,1.4220,2.9170,249.12,move_early
46.327244,38.4240,1.3980,4.1520,249.71,move_early
46.339449,12.2050,0.9930,2.9620,251.11,move_early
46.351861,12.4120,1.1360,2.9170,251.78,move_early
46.369144,17.2830,1.0020,2.9420,252.45,move_early
46.386383,17.2390,0.9760,3.9050,253.11,move_early
46.401468,15.0850,1.1490,2.9240,253.78,move_early
46.418425,16.9570,0.9190,2.9220,254.45,move_early
46.439242,20.8170,0.9770,4.1100,255.11,move_early
46.458293,19.0510,0.9340,2.9120,255.81,move_early
46.472781,14.4880,1.9810,2.9460,256.53,move_early
46.483460,10.6790,1.0900,2.9170,257.25,move_early
46.495500,12.0400,0.8940,2.9180,257.92,move_early
46.510334,14.8340,0.8690,2.9390,258.50,move_early
46.520343,10.0090,0.9100,2.9320,259.09,move_early
46.530700,10.3570,0.9190,2.9400,259.48,move_early
46.543027,12.3270,0.8280,2.9170,259.92,move_early
46.562437,19.4100,0.9080,4.2010,260.39,move_early
46.573525,11.0880,0.9220,2.9030,261.00,move_early
46.586393,12.8680,1.0050,2.9280,261.61,move_early
46.602354,15.9610,0.8980,2.9570,262.20,move_early
46.624719,22.3650,2.6050,2.9570,262.77,move_early
46.643782,19.0630,0.9920,3.8510,263.44,move_early
46.660449,16.6670,4.2280,4.1540,264.11,move_early
46.674855,14.4060,1.2360,2.9740,264.77,move_early
46.708821,33.9660,1.5320,2.9760,265.38,move_early
46.719771,10.9500,0.9120,2.9490,266.37,move_early
46.732776,13.0050,1.1550,4.1470,267.04,move_early
46.765241,32.4650,0.9740,3.0200,267.65,move_early
46.783222,17.9810,0.9160,2.9950,268.67,move_early
46.803397,20.1750,1.2910,2.9830,269.39,move_early
46.824817,21.4200,1.1850,2.9780,270.15,move_early
46.845062,20.2450,0.9530,2.9670,271.01,move_early
46.860835,15.7730,1.0130,2.9620,271.96,move_early
46.873663,12.8280,3.6930,2.9640,272.68,move_early
46.885501,11.8380,0.9730,2.9420,273.35,move_early
46.897600,12.0990,0.9180,2.9670,274.01,move_early
46.909673,12.0730,1.2300,2.9840,274.58,move_early
46.927599,17.9260,0.9470,3.0020,275.07,move_early
46.944601,17.0020,1.1650,2.9520,275.74,move_early
46.955280,10.6790,1.1920,2.9950,276.41,move_early
46.970315,15.0350,0.9370,2.9670,276.89,move_early
46.981121,10.8060,1.0300,4.1580,277.49,move_early
46.990700,9.5790,0.9480,3.6690,277.92,move_early
47.003889,13.1890,0.8900,4.4560,278.30,move_early
47.015412,11.5230,0.9020,5.1540,278.84,move_early
47.029682,14.2700,1.0530,4.8780,279.30,move_early
47.046921,17.2390,0.9250,3.3190,279.80,move_early
47.075557,28.6360,3.2860,4.9320,280.30,move_early
47.095340,19.7830,4.9270,3.3100,281.21,move_early
47.120353,25.0130,4.5500,5.1820,281.86,move_early
47.139029,18.6760,1.5600,3.3630,282.83,move_early
47.153313,14.2840,1.0480,3.3790,283.57,move_early
47.189467,36.1540,1.0310,3.3700,284.24,move_early
47.207158,17.6910,0.9640,3.3730,285.61,move_early
47.217880,10.7220,1.2500,3.3670,286.44,move_early
47.227962,10.0820,1.1190,3.3810,287.28,move_early
47.275999,48.0370,0.9390,3.3970,287.79,move_early
47.295954,19.9550,0.9110,4.8470,289.06,move_early
47.306793,10.8390,1.1170,4.9250,289.90,move_early
47.351792,44.9990,1.0260,4.9950,290.70,move_early
47.370933,19.1410,0.9930,3.3850,292.48,move_early
47.389000,18.0670,1.4750,3.3880,293.37,move_early
47.403006,14.0060,0.9460,3.3950,294.23,move_early
47.422556,19.5500,0.8630,3.5010,294.79,move_early
47.433603,11.0470,0.8910,3.4790,295.59,move_early
47.443081,9.4780,1.0060,3.4670,296.01,move_early
47.457447,14.3660,0.8400,3.4800,296.39,move_early
47.475921,18.4740,0.8570,5.0600,296.97,move_early
47.486392,10.4710,0.9620,4.5660,297.64,move_early
47.502819,16.4270,0.9500,3.5070,298.13,move_early
47.513601,10.7820,0.9260,3.4870,298.79,move_early
47.529566,15.9650,0.9580,4.7990,299.22,move_early
47.539472,9.9060,0.9160,3.4220,299.78,move_early
47.552215,12.7430,0.8960,3.4260,300.25,move_early
47.566115,13.9000,0.9350,3.4810,300.76,move_early
47.586891,20.7760,0.8950,3.4810,301.29,move_early
47.597698,10.8070,0.9470,4.7020,301.82,move_early
47.611863,14.1650,0.8650,3.4530,302.36,move_early
47.623564,11.7010,0.8820,3.4070,302.89,move_early
47.658237,34.6730,0.9590,3.4320,303.42,move_early
47.668885,10.6480,0.8600,3.4380,304.34,move_early
47.700752,31.8670,0.9620,5.5730,304.91,move_early
47.717625,16.8730,0.8640,3.4040,306.03,move_early
47.732280,14.6550,0.9590,5.0380,306.86,move_early
47.742465,10.1850,3.3230,3.4330,307.53,move_early
47.780658,38.1930,0.9100,3.4360,308.19,move_early
47.800728,20.0700,0.9200,3.4630,309.25,move_early
47.814865,14.1370,1.2210,3.4330,310.05,move_early
47.830159,15.2940,0.9860,4.5660,310.83,move_early
47.842385,12.2260,2.7090,3.4440,311.61,move_early
47.854624,12.2390,0.8750,3.4440,312.36,move_early
47.864644,10.0200,0.8880,3.4250,312.85,move_early
47.877962,13.3180,0.8930,4.4960,313.26,move_early
47.888979,11.0170,0.9760,3.4430,313.79,move_early
47.902371,13.3920,0.8860,3.3360,314.23,move_early
47.911892,9.5210,0.8500,3.8830,314.77,move_early
47.924806,12.9140,0.8980,3.3680,315.14,move_early
47.934185,9.3790,0.8660,3.3370,315.66,move_early
47.975680,41.4950,0.8710,3.3200,316.04,move_early
47.991488,15.8080,0.9520,3.3330,317.06,move_early
48.003529,12.0410,1.1690,3.3170,317.67,move_early
48.015110,11.5810,0.9740,4.5870,318.23,move_early
48.027017,11.9070,0.9480,3.3140,318.70,move_early
48.040580,13.5630,0.9710,3.3310,319.25,move_early
48.051613,11.0330,1.1910,4.9760,319.79,move_early
48.093572,41.9590,0.9040,3.3360,320.34,move_early
48.135094,41.5220,0.9060,3.3060,321.81,move_early
48.151667,16.5730,1.7650,5.7650,323.77,move_early
48.164426,12.7590,1.1580,3.3000,324.75,move_early
48.183012,18.5860,0.9430,5.4960,324.92,move_early
48.202311,19.2990,0.9480,4.5600,325.75,move_early
48.219513,17.2020,1.6650,3.3060,326.42,move_early
48.235244,15.7310,2.1560,3.3380,327.09,move_early
48.247623,12.3790,2.4540,3.3570,327.75,move_early
48.259874,12.2510,0.9020,3.3770,328.42,move_early
48.272072,12.1980,0.8630,3.3780,329.07,move_early
48.284438,12.3660,0.9160,3.3300,329.37,move_early
48.295169,10.7310,1.0380,3.3800,329.94,move_early
48.306563,11.3940,0.9110,3.3600,330.48,move_early
48.321576,15.0130,0.8970,3.3360,330.96,move_early
48.332502,10.9260,1.2110,5.0250,331.53,move_early
48.343041,10.5390,0.9880,3.3400,331.98,move_early
48.376544,33.5030,1.0540,6.6470,332.40,move_early
48.396148,19.6040,1.0290,3.3550,333.14,move_early
48.406667,10.5190,1.4860,3.3580,333.87,move_early
48.420280,13.6130,1.0320,3.5940,334.43,move_early
48.434470,14.1900,0.9600,3.3160,334.98,move_early
48.449238,14.7680,1.2170,3.3520,335.56,move_early
48.464687,15.4490,0.9670,3.3280,336.03,move_early
48.498906,34.2190,0.9390,3.3460,336.61,move_early
48.513979,15.0730,1.1090,4.9370,337.96,move_early
48.527922,13.9430,0.9140,3.3850,338.63,move_early
48.544646,16.7240,0.9130,3.3790,339.30,move_early
48.562894,18.2480,1.1290,4.9330,339.96,move_early
48.574088,11.1940,0.9390,3.3090,340.63,move_early
48.584070,9.9820,1.0340,5.2250,341.30,move_early
48.601539,17.4690,0.9360,3.3640,341.96,move_early
48.611532,9.9930,0.8350,4.8850,342.63,move_early
48.621303,9.7710,0.8440,3.3120,343.13,move_early
48.631708,10.4050,0.9080,4.6860,343.52,move_early
48.643068,11.3600,0.9010,3.3170,343.93,move_early
48.656929,13.8610,0.8400,3.3600,344.39,move_early
48.667703,10.7740,0.8090,3.3020,344.97,move_early
48.688987,21.2840,1.1250,3.3500,345.38,move_early
48.730167,41.1800,0.9420,4.8980,346.03,move_early
48.746281,16.1140,0.9780,3.3230,347.24,move_early
48.783268,36.9870,1.3250,3.3330,347.91,move_early
48.804693,21.4250,0.9280,3.3310,349.34,move_early
48.823062,18.3690,0.9910,5.1730,350.34,move_early
48.838530,15.4680,1.0120,3.3430,351.34,move_early
48.852048,13.5180,0.8900,3.3340,352.21,move_early
48.864041,11.9930,0.8890,3.3570,352.75,move_early
48.875627,11.5860,0.8590,3.3290,353.24,move_early
48.886428,10.8010,1.0730,3.3490,353.70,move_early
48.901567,15.1390,0.9170,4.7370,354.13,move_early
48.911255,9.6880,0.8980,3.3250,354.73,move_early
48.921881,10.6260,0.8470,3.3490,355.12,move_early
48.932472,10.5910,0.8520,3.3560,355.54,move_early
48.954678,22.2060,0.8540,4.6030,355.96,move_early
48.998170,43.4920,0.8790,4.4130,356.41,move_early
49.015264,17.0940,0.9240,3.3400,357.94,move_early
49.036819,21.5550,0.9710,3.3670,358.63,move_early
49.051561,14.7420,1.1620,5.2760,359.63,move_early
49.062402,10.8410,3.8330,5.4010,360.52,move_early
49.077095,14.6930,0.8960,4.5900,361.18,move_early
49.096114,19.0190,0.8960,3.3690,361.75,move_early
49.107388,11.2740,0.8900,3.3610,362.52,move_early
49.119168,11.7800,0.9920,4.1890,362.97,move_early
49.153243,34.0750,0.9210,4.6060,363.44,move_early
49.168435,15.1920,0.9460,3.3910,364.70,move_early
49.187158,18.7230,1.1550,3.3890,365.42,move_early
49.201454,14.2960,0.9610,5.8950,366.16,move_early
49.213459,12.0050,0.9130,3.7020,366.74,move_early
49.225715,12.2560,0.9030,3.0750,367.21,move_early
49.237057,11.3420,0.8780,4.3410,367.70,move_early
49.246919,9.8620,0.8670,3.0720,368.15,move_early
49.257789,10.8700,0.8580,3.4410,368.55,move_early
49.268824,11.0350,0.9030,3.0770,368.98,move_early
49.279874,11.0500,0.9000,3.4470,369.42,move_early
49.291408,11.5340,0.8910,4.3430,369.86,move_early
49.309191,17.7830,0.8650,3.0430,370.33,move_early
49.356462,47.2710,0.8890,3.7300,370.80,move_early
49.375990,19.5280,0.9590,3.0560,372.33,move_early
49.388619,12.6290,1.4320,3.0680,373.07,move_early
49.401361,12.7420,1.1160,3.0900,373.73,move_early
49.413449,12.0880,0.9860,3.5620,374.40,move_early
49.425359,11.9100,0.9740,4.7230,375.07,move_early
49.435191,9.8320,0.9190,2.9520,375.69,move_early
49.449691,14.5000,0.9470,2.9540,376.08,move_early
49.460014,10.3230,0.9650,5.9530,376.67,move_early
49.471268,11.2540,0.9900,4.2250,377.08,move_early
49.483584,12.3160,0.9470,2.9540,377.52,move_early
49.494629,11.0450,0.8620,4.7440,378.01,move_early
49.506437,11.8080,0.8790,2.9270,378.45,move_early
49.519631,13.1940,0.8670,2.9550,378.92,move_early
49.533575,13.9440,0.8170,3.5310,379.42,move_early
49.546701,13.1260,0.8440,4.2010,379.92,move_early
49.588061,41.3600,0.8890,4.7450,380.42,move_early
49.605832,17.7710,0.9270,4.2650,381.54,move_early
49.618963,13.1310,1.1110,4.1880,382.25,move_early
49.635692,16.7290,0.9040,2.9120,382.91,move_early
49.648553,12.8610,3.0410,2.9090,383.58,move_early
49.666252,17.6990,0.9130,2.8620,384.25,move_early
49.679371,13.1190,0.8870,2.8990,384.91,move_early
49.692239,12.8680,0.9570,3.4570,385.58,move_early
49.709049,16.8100,0.9590,4.7050,386.25,move_early
49.719397,10.3480,0.8510,2.8760,386.91,move_early
49.732347,12.9500,0.9430,4.0440,387.45,move_early
49.767680,35.3330,0.8950,2.8910,387.96,move_early
49.783608,15.9280,0.8940,2.9070,388.72,move_early
49.793571,9.9630,1.0250,2.8860,389.39,move_early
49.808979,15.4080,0.9160,4.1820,390.06,move_early
49.824141,15.1620,0.9140,2.9300,390.72,move_early
49.839535,15.3940,1.1660,2.8950,391.39,move_early
49.855170,15.6350,1.0110,2.8890,392.06,move_early
49.889239,34.0690,0.9320,4.1400,392.72,move_early
49.907089,17.8500,1.1780,3.2670,394.03,move_early
49.917556,10.4670,4.7090,2.9160,394.78,move_early
49.928245,10.6890,0.9240,2.9080,395.38,move_early
49.944659,16.4140,1.0790,3.5310,395.80,move_early
49.954566,9.9070,0.9440,2.9190,396.46,move_early
49.966806,12.2400,0.9100,4.1720,396.87,move_early
49.983784,16.9780,0.9120,2.9370,397.31,move_early
49.994104,10.3200,0.8420,3.2810,397.79,move_early
50.008113,14.0090,0.8730,3.9910,398.29,move_early
50.027063,18.9500,0.8540,3.4130,398.79,move_early
50.046563,19.5000,3.3670,2.8960,399.29,move_early
50.059036,12.4730,1.4260,4.1360,399.88,move_early
50.070773,11.7370,1.0310,2.8890,400.38,move_early
50.082555,11.7820,0.9260,2.8960,400.88,move_early
50.092498,9.9430,0.8770,3.9440,401.37,move_early
50.105509,13.0110,0.9230,2.9150,401.87,move_early
50.146569,41.0600,0.9360,2.9300,402.37,move_early
50.163120,16.5510,0.9160,3.4990,403.89,move_early
50.175899,12.7790,1.0680,4.3790,404.56,move_early
50.196298,20.3990,1.0670,2.9260,405.22,move_early
50.218071,21.7730,1.1430,4.3430,405.89,move_early
50.232717,14.6460,0.9460,2.9530,406.74,move_early
50.247297,14.5800,1.0820,2.9410,407.57,move_early
50.273718,26.4210,0.9190,2.9120,408.37,move_early
50.284497,10.7790,1.0340,2.9080,409.17,move_early
50.296035,11.5380,0.9680,5.0280,409.97,move_early
50.306889,10.8540,0.8660,4.1240,410.50,move_early
50.318670,11.7810,0.8130,2.9450,410.94,move_early
50.328582,9.9120,0.8450,2.9540,411.41,move_early
50.339360,10.7780,0.8660,2.9140,411.81,move_early
50.379118,39.7580,0.7700,2.9640,412.24,move_early
50.392125,13.0070,0.8350,2.9390,413.19,move_early
50.412239,20.1140,0.9890,3.9460,413.85,move_early
50.423294,11.0550,0.8300,2.9480,414.52,move_early
50.439872,16.5780,0.9030,4.1420,415.19,move_early
50.452222,12.3500,0.9580,2.9370,415.85,move_early
50.488124,35.9020,0.8310,2.9290,416.47,move_early
50.526855,38.7310,0.9140,4.1670,417.53,move_early
50.542636,15.7810,0.8690,2.9280,419.11,move_early
50.552839,10.2030,1.2130,2.9230,420.03,move_early
50.568590,15.7510,0.8740,4.1250,420.79,move_early
50.583736,15.1460,0.8900,4.1070,421.41,move_early
50.599599,15.8630,0.8690,2.9060,422.01,move_early
50.616970,17.3710,0.8140,4.1760,422.66,move_early
50.628450,11.4800,0.9290,2.9470,423.32,move_early
50.647847,19.3970,1.1610,2.9140,423.82,move_early
50.657976,10.1290,0.9500,2.9290,424.49,move_early
50.670008,12.0320,0.8890,2.9590,424.99,move_early
50.686235,16.2270,0.8570,3.9800,425.52,move_early
50.699683,13.4480,1.4230,4.8210,426.13,move_early
50.713988,14.3050,0.9750,2.9270,426.66,move_early
50.736646,22.6580,0.9590,2.9560,427.25,move_early
50.773507,36.8610,1.1240,2.9310,427.83,move_early
50.787317,13.8100,1.0390,2.9410,429.01,move_early
50.809496,22.1790,1.3940,3.9240,429.67,move_early
50.824387,14.8910,1.0570,2.9920,430.41,move_early
50.836986,12.5990,1.0800,4.1290,431.08,move_early
50.852462,15.4760,1.2020,3.9220,431.75,move_early
50.867913,15.4510,0.8480,2.9670,432.41,move_early
50.883084,15.1710,0.9960,2.9190,433.08,move_early
50.896613,13.5290,1.3450,4.4050,433.75,move_early
50.907722,11.1090,0.9470,2.9600,434.41,move_early
50.922816,15.0940,0.9680,2.9270,435.01,move_early
50.961736,38.9200,1.1650,2.9230,435.60,move_early
50.986925,25.1890,1.0910,2.9200,436.54,move_early
51.002415,15.4900,1.6720,2.9510,437.54,move_early
51.017555,15.1400,1.3780,2.9760,438.26,move_early
51.042663,25.1080,1.0430,2.9540,438.98,move_early
51.061390,18.7270,1.2320,2.9300,439.89,move_early
51.078444,17.0540,2.5150,4.1680,440.61,move_early
51.091477,13.0330,1.1770,2.9200,441.33,move_early
51.104601,13.1240,1.0460,4.3580,442.03,move_early
51.114721,10.1200,0.9890,2.9610,442.70,move_early
51.126385,11.6640,0.9590,4.0480,443.27,move_early
51.166635,40.2500,0.8930,3.7870,443.74,move_early
51.181450,14.8150,0.9530,4.1700,444.69,move_early
51.201864,20.4140,1.1310,2.9250,445.37,move_early
51.213623,11.7590,0.9480,2.9500,446.09,move_early
51.236239,22.6160,0.9370,2.9460,446.81,move_early
51.253651,17.4120,0.9770,2.9450,447.53,move_early
51.271645,17.9940,0.9470,2.9130,448.26,move_early
51.282954,11.3090,3.0640,2.9510,448.98,move_early
51.296635,13.6810,1.3400,3.9260,449.68,move_early
51.307361,10.7260,1.0370,2.9510,450.34,move_early
51.351759,44.3980,0.8800,2.8660,450.96,move_early
51.369712,17.9530,0.8570,2.9200,452.10,move_early
51.388616,18.9040,1.1460,2.8650,452.85,move_early
51.401293,12.6770,1.0430,3.7580,453.60,move_early
51.414199,12.9060,0.9890,3.9800,454.35,move_early
51.428537,14.3380,0.9760,2.8880,455.09,move_early
51.439603,11.0660,1.1670,3.4350,455.82,move_early
51.452237,12.6340,0.8840,2.8950,456.25,move_early
51.474883,22.6460,0.7920,2.9000,456.77,move_early
51.489346,14.4630,0.8270,2.8720,457.51,move_early
51.503064,13.7180,1.4260,4.6180,458.24,move_early
51.514508,11.4440,1.4790,2.9150,458.81,move_early
51.527680,13.1720,1.0490,2.9020,459.26,move_early
51.539607,11.9270,1.0010,2.8920,459.78,move_early
51.551208,11.6010,0.8890,2.8840,460.25,move_early
51.561999,10.7910,0.8360,2.8920,460.71,move_early
51.579381,17.3820,0.8470,2.9030,461.15,move_early
51.601626,22.2450,0.8060,2.8660,461.68,move_early
51.620115,18.4890,3.4930,2.9000,462.21,move_early
51.640366,20.2510,0.9020,2.8600,462.92,move_early
51.652888,12.5220,3.1740,2.9010,463.62,move_early
51.664799,11.9110,0.8960,2.8760,464.17,move_early
51.676497,11.6980,0.8290,4.1100,464.70,move_early
51.688937,12.4400,0.8240,2.9120,465.25,move_early
51.700992,12.0550,0.8650,4.1250,465.79,move_early
51.715055,14.0630,0.9460,2.8970,466.34,move_early
51.738166,23.1110,0.8200,2.8970,466.88,move_early
51.755591,17.4250,3.9470,2.9250,467.74,move_early
51.768768,13.1770,4.8760,2.8960,468.31,move_early
51.780840,12.0720,0.9840,2.8760,468.90,move_early
51.803734,22.8940,0.9640,3.8530,469.37,move_early
51.815232,11.4980,1.0060,4.1690,470.18,move_early
51.829109,13.8770,1.1230,2.8790,470.84,move_early
51.856864,27.7550,0.9020,4.1150,471.51,move_early
51.875346,18.4820,4.7180,2.8900,472.36,move_early
51.888631,13.2850,2.6990,2.8880,473.37,move_early
51.903677,15.0460,1.4240,2.9010,474.17,move_early
51.919965,16.2880,1.1300,2.9030,474.81,move_early
51.934924,14.9590,0.8900,2.8860,475.48,move_early
51.950553,15.6290,0.9230,5.1400,476.07,move_early
51.963002,12.4490,0.7970,2.9150,476.69,move_early
51.975863,12.8610,0.8640,2.9000,477.19,move_early
51.989513,13.6500,0.8040,2.9280,477.70,move_early
52.008450,18.9370,0.8330,4.1810,478.25,move_early
52.020913,12.4630,0.8430,3.2060,478.91,move_early
52.038767,17.8540,0.9910,4.3890,479.51,move_early
52.050398,11.6310,0.8760,3.1720,480.17,move_early
52.062253,11.8550,0.7980,3.1550,480.68,move_early
52.073396,11.1430,0.7580,3.1790,481.16,move_early
52.085146,11.7500,0.8230,3.1900,481.60,move_early
52.102194,17.0480,0.8330,5.2810,482.12,move_early
52.115816,13.6220,0.8640,3.2230,482.70,move_early
52.125211,9.3950,1.1870,3.1930,483.26,move_early
52.138672,13.4610,0.8110,4.6750,483.67,move_early
52.149445,10.7730,0.7980,3.1770,484.21,move_early
52.160221,10.7760,0.8140,3.1910,484.65,move_early
52.198565,38.3440,0.8890,3.1840,485.08,move_early
52.224171,25.6060,0.8870,3.1850,485.96,move_early
52.246303,22.1320,1.0610,3.1760,487.13,move_early
52.261552,15.2490,1.6940,4.4500,487.97,move_early
52.273323,11.7710,3.6110,3.1800,488.64,move_early
52.284931,11.6080,0.8140,4.9730,489.31,move_early
52.304300,19.3690,0.8280,4.4290,489.97,move_early
52.344851,40.5510,0.9080,3.1950,490.64,move_early
52.356593,11.7420,0.8340,3.1970,491.80,move_early
52.365759,9.1660,0.9020,3.2360,492.58,move_early
52.375630,9.8710,0.8390,3.1810,493.29,move_early
52.391642,16.0120,0.7560,4.4530,493.69,move_early
52.411974,20.3320,0.8690,3.1810,494.33,move_early
52.423763,11.7890,0.8800,3.2580,495.10,move_early
52.433746,9.9830,0.9320,3.2400,495.62,move_early
52.447776,14.0300,0.9480,3.2510,496.01,move_early
52.457351,9.5750,0.8270,3.2700,496.58,move_early
52.469670,12.3190,0.8110,3.2470,497.01,move_early
52.483238,13.5680,0.8340,4.4260,497.46,move_early
52.519753,36.5150,0.8380,5.3670,497.99,move_early
52.536374,16.6210,0.8340,4.5120,498.79,move_early
52.549267,12.8930,0.9110,3.2690,499.46,move_early
52.566499,17.2320,0.8360,3.2410,500.13,move_early
52.576374,9.8750,0.8100,3.2430,500.79,move_early
52.586094,9.7200,0.7940,4.4990,501.46,move_early
52.597249,11.1550,0.7580,4.7080,502.11,move_early
52.614972,17.7230,0.7610,3.2670,502.55,move_early
52.624599,9.6270,0.7540,3.2780,503.15,move_early
52.633698,9.0990,0.8320,3.2910,503.64,move_early
52.647234,13.5360,0.7380,3.2690,504.02,move_early
52.658878,11.6440,0.9410,3.2720,504.52,move_early
52.672342,13.4640,0.8010,3.2830,505.02,move_early
52.697563,25.2210,0.7830,3.3040,505.52,move_early
52.710048,12.4850,0.8030,3.5850,506.02,move_early
52.720255,10.2070,1.0220,3.2670,506.52,move_early
52.731905,11.6500,0.9150,3.2880,507.02,move_early
52.745356,13.4510,0.9790,4.8390,507.52,move_early
52.755185,9.8290,0.8730,3.2750,508.02,move_early
52.772442,17.2570,0.8420,3.2680,508.52,move_early
52.783300,10.8580,0.8630,4.5420,509.02,move_early
52.797469,14.1690,0.9860,3.2750,509.52,move_early
52.817354,19.8850,0.8590,3.1930,510.02,move_early
52.829371,12.0170,0.8390,3.2110,510.70,move_early
52.843880,14.5090,0.8190,3.1420,511.29,move_early
52.861840,17.9600,3.1300,3.1970,511.79,move_early
52.873665,11.8250,0.9270,3.1870,512.48,move_early
52.885199,11.5340,0.8750,3.1690,513.02,move_early
52.897594,12.3950,0.7750,4.4560,513.59,move_early
52.910395,12.8010,1.0130,3.1630,514.03,move_early
52.919475,9.0800,0.8430,3.1720,514.61,move_early
52.928505,9.0300,0.7580,3.4340,515.16,move_early
52.941981,13.4760,0.8060,3.1410,515.72,move_early
52.955668,13.6870,0.8240,3.1740,516.27,move_early
52.970405,14.7370,0.8310,3.1830,516.83,move_early
52.980229,9.8240,0.8070,3.2210,517.37,move_early
52.990962,10.7330,0.8080,4.4540,517.87,move_early
53.027728,36.7660,0.8410,3.3610,518.31,move_early
53.047415,19.6870,0.9490,4.5600,519.12,move_early
53.064204,16.7890,0.9130,3.1370,519.91,move_early
53.084754,20.5500,0.9220,4.3470,520.69,move_early
53.105258,20.5040,2.8980,3.1600,521.42,move_early
53.120141,14.8830,1.3990,3.1610,522.24,move_early
53.132991,12.8500,1.3060,3.1400,522.91,move_early
53.142512,9.5210,1.2820,3.1290,523.58,move_early
53.153693,11.1810,0.7930,3.1530,524.24,move_early
53.163473,9.7800,0.7560,3.1460,524.81,move_early
53.180567,17.0940,0.8300,4.9220,525.22,move_early
53.199280,18.7130,1.0240,3.1540,525.88,move_early
53.214231,14.9510,0.9280,3.1640,526.55,move_early
53.226209,11.9780,0.8990,3.1290,527.22,move_early
53.236801,10.5920,0.7820,3.1580,527.71,move_early
53.247578,10.7770,0.7920,3.1460,528.16,move_early
53.258226,10.6480,0.8430,3.4300,528.57,move_early
53.270391,12.1650,0.9410,3.1670,529.02,move_early
53.282427,12.0360,0.8890,3.1220,529.49,move_early
53.293921,11.4940,0.7600,4.6940,529.96,move_early
53.304171,10.2500,0.8220,3.1780,530.42,move_early
53.313700,9.5290,0.8010,4.5090,530.83,move_early
53.358827,45.1270,0.7300,4.4210,531.21,move_early
53.376075,17.2480,0.7960,3.3700,532.39,move_early
53.387422,11.3470,1.0570,4.1600,533.38,move_early
53.397024,9.6020,0.9170,3.3960,534.03,move_early
53.433399,36.3750,0.7710,3.1550,534.54,move_early
53.455216,21.8170,0.8000,3.4440,535.37,move_early
53.470525,15.3090,1.1620,3.1010,536.23,move_early
53.487639,17.1140,1.0530,3.1430,537.03,move_early
53.510118,22.4790,0.9860,4.3900,537.81,move_early
53.525538,15.4200,1.3900,3.1240,538.57,move_early
53.539148,13.6100,1.4630,3.1440,539.32,move_early
53.550207,11.0590,1.0920,3.1220,540.03,move_early
53.561655,11.4480,0.8710,3.1110,540.68,move_early
53.574352,12.6970,0.8310,3.1470,541.13,move_early
53.585336,10.9840,0.8650,5.2660,541.63,move_early
53.602118,16.7820,0.7710,3.1410,542.08,move_early
53.614961,12.8430,0.8470,3.1090,542.75,move_early
53.631137,16.1760,0.8100,3.1790,543.30,move_early
53.668554,37.4170,0.9320,3.1000,543.91,move_early
53.679379,10.8250,1.1190,4.6480,544.75,move_early
53.696044,16.6650,0.8620,4.6650,545.42,move_early
53.710789,14.7450,0.8250,3.1450,546.08,move_early
53.725547,14.7580,0.8340,3.5740,546.75,move_early
53.736743,11.1960,4.0170,3.1250,547.42,move_early
53.759297,22.5540,0.9110,3.0980,548.08,move_early
53.772129,12.8320,0.9200,3.3280,548.75,move_early
53.784397,12.2680,1.1080,3.1090,549.42,move_early
53.804175,19.7780,0.8220,3.3770,550.05,move_early
53.816510,12.3350,0.8570,3.1730,550.71,move_early
53.829898,13.3880,0.8090,3.1390,551.32,move_early
53.845139,15.2410,0.7960,3.1120,551.93,move_early
53.859210,14.0710,3.9280,4.3620,552.54,move_early
53.875529,16.3190,3.7780,4.4290,553.04,move_early
53.889049,13.5200,0.8440,3.1540,553.65,move_early
53.922873,33.8240,0.9550,3.1490,554.23,move_early
53.936967,14.0940,0.7840,3.1230,554.93,move_early
53.947149,10.1820,1.1950,4.4060,555.60,move_early
53.957207,10.0580,0.7930,3.1430,556.22,move_early
53.969764,12.5570,0.8410,3.1110,556.83,move_early
53.979700,9.9360,0.8100,3.1150,557.44,move_early
53.996206,16.5060,0.7810,3.1180,557.86,move_early
54.016782,20.5760,0.8160,3.1550,558.47,move_early
54.032258,15.4760,2.6870,3.1040,559.08,move_early
54.051254,18.9960,2.4570,3.5260,559.69,move_early
54.063429,12.1750,4.3900,3.8900,560.30,move_early
54.075029,11.6000,0.8770,3.8280,560.91,move_early
54.090430,15.4010,0.7880,5.1230,561.51,move_early
54.100492,10.0620,3.6940,3.8040,562.12,move_early
54.109872,9.3800,1.0050,4.3700,562.68,move_early
54.121397,11.5250,0.7490,3.7160,563.08,move_early
54.131392,9.9950,0.8010,3.1170,563.52,move_early
54.143785,12.3930,0.7900,6.0890,563.92,move_early
54.155169,11.3840,0.7890,3.1170,564.42,move_early
54.164271,9.1020,0.7850,3.1160,564.87,move_early
54.173603,9.3320,0.8090,5.4470,565.23,move_early
54.195427,21.8240,0.8000,3.1030,565.60,move_early
54.214096,18.6690,0.7810,4.4060,566.08,move_early
54.226394,12.2980,0.8340,4.6860,566.70,move_early
54.237061,10.6670,0.7820,2.8780,567.18,move_early
54.263652,26.5910,0.7690,2.8440,567.65,move_early
54.285364,21.7120,1.2610,3.4020,568.67,move_early
54.300708,15.3440,2.1750,3.5670,569.59,move_early
54.312431,11.7230,3.5630,3.1720,570.26,move_early
54.322806,10.3750,0.7940,2.8580,570.93,move_early
54.332681,9.8750,0.8090,4.1180,571.58,move_early
54.342966,10.2850,0.8140,2.8630,571.97,move_early
54.355085,12.1190,0.7780,2.9050,572.40,move_early
54.365839,10.7540,0.9200,2.8690,572.87,move_early
54.381448,15.6090,0.7810,5.0130,573.30,move_early
54.398742,17.2940,0.7970,2.8800,573.80,move_early
54.409230,10.4880,0.8170,4.1190,574.30,move_early
54.420226,10.9960,0.7990,2.8760,574.80,move_early
54.452214,31.9880,1.0170,4.1040,575.28,move_early
54.466042,13.8280,1.1650,2.8830,576.12,move_early
54.477691,11.6490,1.2180,3.4140,576.79,move_early
54.492952,15.2610,0.9090,3.4440,577.45,move_early
54.509153,16.2010,0.7670,2.8550,578.12,move_early
54.518751,9.5980,0.8360,4.1350,578.79,move_early
54.527814,9.0630,0.8070,2.8470,579.41,move_early
54.540258,12.4440,0.7230,2.8810,579.77,move_early
54.559194,18.9360,0.7450,4.1030,580.27,move_early
54.569438,10.2440,0.8170,2.8620,580.87,move_early
54.578315,8.8770,0.9300,2.8700,581.44,move_early
54.617145,38.8300,0.7370,4.1400,581.79,move_early
54.638588,21.4430,0.7340,3.3200,582.72,move_early
54.654558,15.9700,1.1670,4.0780,583.55,move_early
54.669877,15.3190,0.8800,4.1220,584.22,move_early
54.681339,11.4620,0.7930,4.2740,584.88,move_early
54.693856,12.5170,0.7430,2.8730,585.55,move_early
54.706602,12.7460,0.9280,5.6810,586.22,move_early
54.716473,9.8710,0.9250,2.8780,586.88,move_early
54.726448,9.9750,0.8160,2.8560,587.32,move_early
54.765364,38.9160,0.8010,4.5060,587.73,move_early
54.777673,12.3090,0.8800,2.8350,588.64,move_early
54.787989,10.3160,1.0760,3.3800,589.31,move_early
54.806107,18.1180,1.0380,2.8800,589.92,move_early
54.816912,10.8050,0.7950,3.2720,590.58,move_early
54.830609,13.6970,0.8610,4.1270,591.19,move_early
54.842117,11.5080,0.8490,2.8390,591.80,move_early
54.858604,16.4870,0.8220,2.8620,592.36,move_early
54.872500,13.8960,0.8360,3.4010,592.98,move_early
54.885397,12.8970,1.3190,2.8550,593.58,move_early
54.897807,12.4100,0.9560,2.8290,594.12,move_early
54.915919,18.1120,0.9830,2.8420,594.62,move_early
54.930700,14.7810,1.1950,3.8180,595.23,move_early
54.967419,36.7190,1.1840,2.8890,595.84,move_early
54.988479,21.0600,0.9110,2.8730,596.74,move_early
54.999725,11.2460,1.1090,4.3830,597.56,move_early
55.014659,14.9340,0.9270,4.3410,598.23,move_early
55.027232,12.5730,0.8200,2.8630,598.90,move_early
55.039149,11.9170,0.7900,2.8950,599.56,move_early
55.053590,14.4410,0.8500,2.8740,600.23,move_early
55.075683,22.0930,0.8040,2.8550,600.82,move_early
55.091733,16.0500,0.9420,2.8650,601.48,move_early
55.103926,12.1930,1.5150,2.8850,602.15,move_early
55.118619,14.6930,1.2350,4.7000,602.82,move_early
55.128729,10.1100,0.8020,2.8710,603.41,move_early
55.139795,11.0660,0.8060,2.8960,603.82,move_early
55.151290,11.4950,0.8450,3.1650,604.25,move_early
55.161229,9.9390,0.7940,4.0980,604.71,move_early
55.174956,13.7270,0.7990,2.8290,605.12,move_early
55.186306,11.3500,0.9170,4.1240,605.62,move_early
55.227800,41.4940,0.7980,4.1030,606.11,move_early
55.239000,11.2000,0.7630,2.8380,607.12,move_early
55.252588,13.5880,0.8630,2.8210,607.65,move_early
55.264176,11.5880,0.7990,3.8720,608.21,move_early
55.279149,14.9730,0.8060,5.8060,608.70,move_early
55.293820,14.6710,0.7620,2.8950,609.23,move_early
55.305969,12.1490,0.7110,2.8580,609.77,move_early
55.315291,9.3220,0.7850,2.8770,610.30,move_early
55.325685,10.3940,0.7490,2.8790,610.85,move_early
55.365661,39.9760,0.7830,2.8550,611.37,move_early
55.382673,17.0120,0.7830,2.8350,612.65,move_early
55.393812,11.1390,1.1000,2.8590,613.65,move_early
55.403692,9.8800,0.8800,2.8210,614.09,move_early
55.415723,12.0310,0.8300,2.8520,614.82,move_early
55.427129,11.4060,0.8630,2.8700,615.29,move_early
55.437894,10.7650,0.7650,2.8440,615.74,move_early
55.447359,9.4650,0.7190,2.8410,616.17,move_early
55.466971,19.6120,0.7390,2.8400,616.56,move_early
55.482536,15.5650,0.8030,4.7850,617.03,move_early
55.495087,12.5510,0.8560,2.8840,617.53,move_early
55.517827,22.7400,0.8000,2.8590,618.03,move_early
55.528219,10.3920,0.7450,3.6820,618.73,move_early
55.540887,12.6680,0.9710,4.0640,619.24,move_early
55.556400,15.5130,0.7530,4.0460,619.76,move_early
55.567224,10.8240,0.8230,2.8520,620.28,move_early
55.580979,13.7550,1.1080,2.8840,620.80,move_early
55.592967,11.9880,1.0520,2.8330,621.32,move_early
55.629903,36.9360,0.7590,2.8410,621.84,move_early
55.649554,19.6510,0.7980,2.8580,623.23,move_early
55.673079,23.5250,1.0700,2.8610,624.02,move_early
55.687976,14.8970,0.9320,2.8380,625.02,move_early
55.708941,20.9650,1.5500,2.8180,625.96,move_early
55.721998,13.0570,4.3350,2.8250,626.70,move_early
55.732125,10.1270,0.8600,2.8260,627.55,move_early
55.744597,12.4720,0.8020,4.0850,627.95,move_early
55.759235,14.6380,0.7360,2.8600,628.46,move_early
55.776447,17.2120,1.0120,4.7250,629.06,move_early
55.791206,14.7590,1.0950,2.8590,629.73,move_early
55.808164,16.9580,0.9320,3.9120,630.40,move_early
55.828944,20.7800,4.1130,2.8930,630.70,move_early
55.843395,14.4510,0.9170,2.8720,631.26,move_early
55.857870,14.4750,1.0630,2.9010,631.81,move_early
55.880684,22.8140,1.0600,3.8620,632.37,move_early
55.896151,15.4670,1.1420,2.8670,633.25,move_early
55.909108,12.9570,0.9530,2.8280,633.87,move_early
55.920072,10.9640,1.1380,2.8490,634.44,move_early
55.933111,13.0390,0.8670,2.8270,635.03,move_early
55.945591,12.4800,0.8990,2.8590,635.37,move_early
55.958029,12.4380,0.8950,2.8640,635.95,move_early
55.969983,11.9540,0.9010,4.7590,636.53,move_early
55.985143,15.1600,0.9300,2.8430,637.12,move_early
56.024917,39.7740,0.8480,2.8660,637.70,move_early
56.048932,24.0150,1.0060,2.8310,639.07,move_early
56.068510,19.5780,1.6110,2.8260,640.07,move_early
56.095446,26.9360,2.2430,4.5250,641.07,move_early
56.113937,18.4910,6.5000,3.9590,642.07,move_early
56.131769,17.8320,2.1280,2.8320,643.07,move_early
56.152888,21.1190,1.5400,2.8520,644.07,move_early
56.175562,22.6740,2.2200,3.7160,644.86,move_early
56.189990,14.4280,1.4810,3.7550,645.72,move_early
56.199166,9.1760,1.0260,2.8620,646.27,move_early
56.209127,9.9610,0.7730,3.4780,646.64,move_early
56.229413,20.2860,0.8580,2.8140,647.03,move_early
56.242723,13.3100,0.7610,2.8200,647.70,move_early
56.251985,9.2620,1.0250,2.8330,648.36,move_early
56.262507,10.5220,0.8470,3.7220,648.75,move_early
56.281169,18.6620,0.7550,4.0300,649.17,move_early
56.291222,10.0530,0.7920,2.8380,649.70,move_early
56.302075,10.8530,0.7740,4.0190,650.25,move_early
56.313797,11.7220,0.7340,2.8430,650.77,move_early
56.323487,9.6900,1.1510,2.8620,651.22,move_early
56.334026,10.5390,0.8130,2.8730,651.62,move_early
56.347466,13.4400,1.0290,3.8900,652.03,move_early
56.359281,11.8150,0.8030,2.8670,652.47,move_early
56.371479,12.1980,0.7910,2.8420,652.92,move_early
56.383211,11.7320,0.7870,2.8640,653.36,move_early
56.396249,13.0380,0.9090,2.8800,653.81,move_early
56.414459,18.2100,0.7890,4.0740,654.25,move_early
56.427070,12.6110,0.8870,2.8420,654.70,move_early
56.438554,11.4840,0.8930,2.8550,655.14,move_early
56.450718,12.1640,0.7540,2.8910,655.58,move_early
56.460576,9.8580,0.7880,2.8660,656.03,move_early
56.476176,15.6000,0.7330,2.8560,656.47,move_early
56.488027,11.8510,0.7780,2.9100,657.06,move_early
56.499849,11.8220,0.9060,2.8640,657.53,move_early
56.513662,13.8130,0.7270,4.1050,658.06,move_early
56.524050,10.3880,1.2940,2.8530,658.56,move_early
56.533954,9.9040,0.9140,2.8810,659.06,move_early
56.544213,10.2590,0.8170,3.7850,659.56,move_early
56.555729,11.5160,0.9130,2.8730,660.06,move_early
56.570716,14.9870,0.7670,4.7630,660.56,move_early
56.586929,16.2130,0.7960,2.8790,661.06,move_early
56.598810,11.8810,0.8760,2.8440,661.56,move_early
56.640159,41.3490,0.8670,2.8550,662.08,move_early
56.663973,23.8140,1.4010,2.8920,663.64,move_early
56.684860,20.8870,1.1090,5.7360,664.58,move_early
56.704417,19.5570,0.9870,2.9020,665.47,move_early
56.720971,16.5540,2.0210,2.8730,666.36,move_early
56.741424,20.4530,2.7930,2.8830,667.24,move_early
56.751861,10.4370,4.8040,4.4830,668.13,move_early
56.762158,10.2970,0.9130,3.2020,668.75,move_early
56.773982,11.8240,0.8100,4.1080,669.16,move_early
56.784060,10.0780,0.8710,2.8720,669.63,move_early
56.797755,13.6950,0.8650,4.8080,669.96,move_early
56.815760,18.0050,0.7650,2.8780,670.36,move_early
56.826392,10.6320,0.7890,2.8960,670.81,move_early
56.838303,11.9110,0.8780,3.5230,671.25,move_early
56.853610,15.3070,0.7410,2.8890,671.69,move_early
56.865796,12.1860,0.7870,2.8830,672.26,move_early
56.880963,15.1670,3.7860,2.8700,672.70,move_early
56.897271,16.3080,0.7420,2.8890,673.24,move_early
56.911010,13.7390,0.8170,2.8670,673.90,move_early
56.922001,10.9910,0.9850,3.8710,674.43,move_early
56.940883,18.8820,0.7700,2.8490,674.93,move_early
56.954144,13.2610,0.8000,2.8300,675.64,move_early
56.963998,9.8540,0.8610,2.8360,676.21,move_early
56.987143,23.1450,0.7200,2.8550,676.70,move_early
56.997128,9.9850,0.9650,2.8230,677.49,move_early
57.011844,14.7160,0.8510,2.9490,678.16,move_early
57.023534,11.6900,0.6810,2.9590,678.83,move_early
57.046712,23.1780,1.2880,2.9380,679.49,move_early
57.067424,20.7120,1.0450,2.9940,680.16,move_early
57.082947,15.5230,1.3020,2.9870,680.83,move_early
57.093490,10.5430,1.4410,2.9630,681.49,move_early
57.136325,42.8350,0.9880,2.9650,682.16,move_early
57.149150,12.8250,1.0050,2.9610,683.52,move_early
57.163451,14.3010,1.3280,2.9430,684.27,move_early
57.173868,10.4170,0.7900,2.9880,685.01,move_early
57.190704,16.8360,0.8730,4.9220,685.66,move_early
57.207607,16.9030,0.9060,2.9670,686.32,move_early
57.222920,15.3130,0.9230,2.9820,686.99,move_early
57.233386,10.4660,0.9060,3.0010,687.60,move_early
57.273178,39.7920,0.9070,3.0160,688.01,move_early
57.295020,21.8420,0.8330,3.0130,688.94,move_early
57.308708,13.6880,0.9420,3.0040,690.19,move_early
57.324121,15.4130,1.1700,4.7600,690.71,move_early
57.375337,51.2160,0.9840,3.0170,691.60,move_early
57.389984,14.6470,0.8540,3.0070,693.06,move_early
57.412062,22.0780,1.1390,2.9900,693.99,move_early
57.435581,23.5190,0.7930,3.0710,694.95,move_early
57.445143,9.5620,0.7600,3.0860,695.90,move_early
57.457205,12.0620,0.7240,3.8170,696.46,move_early
57.468672,11.4670,0.7260,4.2450,696.95,move_early
57.480498,11.8260,0.7370,4.3630,697.41,move_early
57.496608,16.1100,0.7480,3.0970,697.88,move_early
57.507005,10.3970,0.8280,4.3600,698.55,move_early
57.516875,9.8700,1.0410,4.6300,698.94,move_early
57.529003,12.1280,0.7770,3.0850,699.33,move_early
57.541207,12.2040,0.7330,3.0750,699.82,move_early
57.557419,16.2120,0.7190,3.0820,700.30,move_early
57.567082,9.6630,0.7070,3.0890,700.80,move_early
57.578850,11.7680,0.7590,3.0710,701.30,move_early
57.593369,14.5190,0.7490,4.3770,701.80,move_early
57.615818,22.4490,0.7120,3.0700,702.30,move_early
57.627800,11.9820,0.8200,3.0570,702.80,move_early
57.644386,16.5860,0.7400,4.3210,703.30,move_early
57.656112,11.7260,0.7880,3.0730,703.80,move_early
57.670506,14.3940,0.7210,3.1210,704.30,move_early
57.685296,14.7900,0.7000,4.3800,704.82,move_early
57.696208,10.9120,1.0110,3.0950,705.41,move_early
57.705855,9.6470,0.7940,3.0750,705.93,move_early
57.715926,10.0710,0.7040,3.0750,706.45,move_early
57.726141,10.2150,0.8920,3.1180,706.96,move_early
57.743591,17.4500,0.8350,4.4170,707.46,move_early
57.755601,12.0100,1.0770,3.1060,707.98,move_early
57.768776,13.1750,0.8170,3.0720,708.50,move_early
57.779084,10.3080,0.7580,3.5200,709.02,move_early
57.800889,21.8050,0.9740,4.3680,709.52,move_early
57.811840,10.9510,0.7260,3.0820,710.04,move_early
57.827070,15.2300,0.7500,3.0820,710.56,move_early
57.852872,25.8020,1.3080,3.0650,711.09,move_early
57.877894,25.0220,1.0380,3.0960,712.32,move_early
57.896271,18.3770,4.9910,3.1560,713.31,move_early
57.908115,11.8440,4.6120,3.1030,713.97,move_early
57.917836,9.7210,0.7780,4.6190,714.64,move_early
57.930910,13.0740,0.8600,3.1030,715.31,move_early
57.942280,11.3700,0.7590,3.0950,715.90,move_early
57.953754,11.4740,0.7590,3.3180,716.36,move_early
57.968046,14.2920,0.9380,3.1130,716.82,move_early
57.981584,13.5380,0.7590,3.0840,717.40,move_early
57.999897,18.3130,1.0790,3.0710,718.07,move_early
58.021966,22.0690,4.1520,4.3260,718.73,move_early
58.061284,39.3180,2.3270,3.0980,719.40,move_early
58.075837,14.5530,0.9000,3.1230,720.70,move_early
58.087183,11.3460,0.9800,4.4180,721.37,move_early
58.099080,11.8970,0.8140,3.1500,722.04,move_early
58.115772,16.6920,0.8100,3.1540,722.64,move_early
58.128251,12.4790,0.8200,3.1100,723.31,move_early
58.140565,12.3140,0.7890,3.0980,723.79,move_early
58.153880,13.3150,0.7190,3.1150,724.29,move_early
58.174304,20.4240,0.7930,3.1040,724.90,move_early
58.184459,10.1550,2.5120,4.2050,725.56,move_early
58.194562,10.1030,0.7620,3.1390,726.06,move_early
58.207802,13.2400,0.7740,3.1690,726.45,move_early
58.225802,18.0000,0.8640,3.1500,726.97,move_early
58.235816,10.0140,0.7550,3.1880,727.54,move_early
58.244759,8.9430,0.7990,3.1280,728.09,move_early
58.256838,12.0790,0.7240,4.7250,728.45,move_early
58.266626,9.7880,0.6800,5.1540,728.94,move_early
58.278381,11.7550,0.8480,5.3580,729.33,move_early
58.288507,10.1260,0.7770,4.7320,729.77,move_early
58.325975,37.4680,0.7260,3.1510,730.20,move_early
58.338329,12.3540,0.6830,3.1490,731.06,move_early
58.377682,39.3530,0.8570,4.3430,731.59,move_early
58.416655,38.9730,0.8110,3.1820,733.11,move_early
58.437105,20.4500,0.8970,3.1510,734.69,move_early
58.450599,13.4940,1.0020,3.1580,735.82,move_early
58.466565,15.9660,0.7580,3.1660,736.69,move_early
58.481756,15.1910,0.7450,5.2680,737.33,move_early
58.498767,17.0110,0.7690,3.1670,737.93,move_early
58.516728,17.9610,0.7500,3.1560,738.62,move_early
58.529914,13.1860,0.7360,3.1630,739.35,move_early
58.539484,9.5700,0.8670,3.1300,739.86,move_early
58.550788,11.3040,0.7600,6.2180,740.24,move_early
58.565305,14.5170,0.7290,3.1480,740.69,move_early
58.583527,18.2220,0.7400,4.3900,741.27,move_early
58.596058,12.5310,0.7560,3.1160,741.94,move_early
58.605518,9.4600,0.6980,3.1500,742.50,move_early
58.626635,21.1170,0.6930,3.1990,742.89,move_early
58.639101,12.4660,0.7090,3.1570,743.50,move_early
58.652660,13.5590,0.9740,4.3950,744.11,move_early
58.666305,13.6450,1.6920,3.1870,744.72,move_early
58.689630,23.3250,0.7200,4.3180,745.31,move_early
58.708347,18.7170,0.7740,3.2230,745.90,move_early
58.723286,14.9390,2.0150,4.7840,746.49,move_early
58.735169,11.8830,4.0290,3.2120,747.09,move_early
58.745103,9.9340,0.6990,4.7970,747.68,move_early
58.754987,9.8840,0.7500,3.2070,748.26,move_early
58.765803,10.8160,0.7980,3.1840,748.84,move_early
58.797689,31.8860,0.7630,4.3020,749.29,move_early
58.809355,11.6660,0.7530,3.1810,749.90,move_early
58.828261,18.9060,0.7480,3.2310,750.48,move_early
58.863951,35.6900,0.7650,3.1730,751.13,move_early
58.876023,12.0720,0.7540,4.3010,752.56,move_early
58.909803,33.7800,0.8540,3.1920,753.23,move_early
58.924775,14.9720,0.7060,3.1830,754.39,move_early
58.935219,10.4440,0.8000,3.1640,755.28,move_early
58.970225,35.0060,0.7270,3.1720,756.03,move_early
58.992826,22.6010,0.7110,3.1610,756.92,move_early
59.003098,10.2720,0.8440,3.1880,757.81,move_early
59.012548,9.4500,0.7110,3.3020,758.70,move_early
59.033278,20.7300,0.8510,5.3310,759.16,move_early
59.045059,11.7810,0.7380,4.7990,760.03,move_early
59.055792,10.7330,1.0980,4.2870,760.48,move_early
59.071264,15.4720,0.8190,5.6390,760.59,move_early
59.082031,10.7670,0.9080,3.3030,761.19,move_early
59.092159,10.1280,0.9160,4.5330,761.37,move_early
59.106376,14.2170,0.6890,4.0350,761.70,move_early
59.147921,41.5450,0.7370,4.5620,762.25,move_early
59.159931,12.0100,0.8640,6.6380,763.95,move_early
59.172854,12.9230,1.0910,4.5310,764.61,move_early
59.183102,10.2480,0.7920,3.2980,765.28,move_early
59.193387,10.2850,0.8690,3.2990,765.95,move_early
59.213700,20.3130,0.7660,2.8740,766.41,move_early
59.255791,42.0910,0.8280,3.1800,767.07,move_early
59.266660,10.8690,0.7660,3.3840,768.24,move_early
59.283743,17.0830,0.8320,3.4590,769.02,move_early
59.296826,13.0830,0.8140,2.8990,769.78,move_early
59.311916,15.0900,0.7620,3.4180,770.54,move_early
59.327901,15.9850,3.8910,2.8710,771.13,move_early
59.377873,49.9720,0.7320,3.3910,771.78,move_early
59.397692,19.8190,0.8240,2.8890,773.15,move_early
59.408749,11.0570,1.1490,2.8620,773.93,move_early
59.420851,12.1020,0.8370,4.0480,774.69,move_early
59.441479,20.6280,0.7250,3.3120,775.37,move_early
59.457497,16.0180,0.7400,4.1210,776.03,move_early
59.467930,10.4330,0.9420,4.1440,776.70,move_early
59.495557,27.6270,0.8210,3.4410,777.37,move_early
59.513111,17.5540,0.9780,2.8710,778.15,move_early
59.526992,13.8810,1.5970,2.8740,778.91,move_early
59.536700,9.7080,0.8860,3.2190,779.67,move_early
59.546106,9.4060,0.8080,3.4090,780.13,move_early
59.555634,9.5280,0.7180,2.8750,780.50,move_early
59.565866,10.2320,0.6960,2.8920,780.89,move_early
59.575782,9.9160,0.7460,2.9100,781.29,move_early
59.587903,12.1210,0.7190,2.8800,781.69,move_early
59.599383,11.4800,0.7280,3.3000,782.14,move_early
59.614100,14.7170,0.7440,4.0540,782.58,move_early
59.627821,13.7210,0.7130,2.8420,783.02,move_early
59.640153,12.3320,0.7660,2.8440,783.47,move_early
59.686062,45.9090,0.8080,2.8420,783.91,move_early
59.710507,24.4450,0.8260,3.8980,785.95,move_early
59.724059,13.5520,1.9480,3.1270,786.79,move_early
59.736000,11.9410,1.3370,2.8380,787.37,move_early
59.747287,11.2870,0.8480,2.8480,788.10,move_early
59.759036,11.7490,0.7640,4.1400,788.55,move_early
59.768257,9.2210,0.7550,4.0730,789.03,move_early
59.783456,15.1990,0.7120,2.8450,789.39,move_early
59.794199,10.7430,0.8210,2.8150,789.83,move_early
59.803726,9.5270,0.9280,3.9450,790.31,move_early
59.814034,10.3080,0.7730,2.8440,790.81,move_early
59.850816,36.7820,0.7200,4.0620,791.23,move_early
59.873643,22.8270,0.7510,2.8780,792.04,move_early
59.886195,12.5520,0.8810,2.8380,792.95,move_early
59.903278,17.0830,0.8470,4.5610,793.62,move_early
59.915770,12.4920,0.7420,2.8320,794.29,move_early
59.929475,13.7050,0.7970,2.8740,794.95,move_early
59.948739,19.2640,0.6940,4.0730,795.62,move_early
59.959451,10.7120,3.9230,4.3260,796.29,move_early
59.970605,11.1540,0.7700,2.8660,796.95,move_early
59.982016,11.4110,0.7270,3.3380,797.49,move_early
59.991727,9.7110,0.7570,2.8390,797.95,move_early
60.024208,32.4810,0.7820,3.1060,798.33,move_early
60.043704,19.4960,0.7410,2.8460,799.00,move_early
60.064799,21.0950,0.8510,2.8450,799.75,move_early
60.080914,16.1150,0.8350,2.8690,800.62,move_early
60.094692,13.7780,1.2730,2.8550,801.28,move_early
60.115646,20.9540,1.2020,2.8490,801.95,move_early
60.125705,10.0590,4.1180,3.8430,802.62,move_early
60.137814,12.1090,0.7540,2.8480,803.29,move_early
60.147772,9.9580,0.7040,3.3410,803.90,move_early
60.158796,11.0240,0.7530,2.8410,804.51,move_early
60.169054,10.2580,0.7780,2.8950,805.01,move_early
60.180299,11.2450,0.7310,2.8490,805.37,move_early
60.199909,19.6100,0.7790,2.9030,805.87,move_early
60.211350,11.4410,0.7620,4.1100,806.48,move_early
60.220989,9.6390,0.8930,5.1420,807.09,move_early
60.234693,13.7040,0.8040,2.8470,807.50,move_early
60.253374,18.6810,0.7330,2.8360,808.05,move_early
60.266381,13.0070,0.8110,2.8410,808.70,move_early
60.280685,14.3040,3.8940,2.8420,809.27,move_early
60.299700,19.0150,0.6590,2.8520,809.84,move_early
60.312710,13.0100,0.7220,2.8120,810.42,move_early
60.330610,17.9000,0.7730,2.7940,810.99,move_early
60.370488,39.8780,0.8860,3.6500,811.57,move_early
60.382639,12.1510,0.9400,2.8160,812.88,move_early
60.396574,13.9350,1.2050,2.8240,813.55,move_early
60.411863,15.2890,0.9360,3.4720,814.21,move_early
60.430615,18.7520,0.8920,2.8110,814.88,move_early
60.443696,13.0810,0.7370,2.8020,815.55,move_early
60.456748,13.0520,0.7970,4.0150,816.21,move_early
60.498582,41.8340,0.8370,4.0390,816.88,move_early
60.510610,12.0280,1.0540,2.8020,817.96,move_early
60.519637,9.0270,0.9170,4.0030,818.69,move_early
60.529931,10.2940,0.7390,2.8110,819.35,move_early
60.549936,20.0050,0.7210,2.7960,819.86,move_early
60.560557,10.6210,0.7830,2.8290,820.53,move_early
60.598401,37.8440,0.7800,3.0060,821.09,move_early
60.619124,20.7230,0.7640,2.8080,822.03,move_early
60.634676,15.5520,0.7850,2.8070,822.76,move_early
60.646112,11.4360,0.7140,2.7800,823.48,move_early
60.656442,10.3300,0.7730,2.8280,824.17,move_early
60.670987,14.5450,0.7110,4.0710,824.84,move_early
60.684149,13.1620,0.7120,2.8100,825.50,move_early
60.723299,39.1500,0.8020,2.7980,826.03,move_early
60.758250,34.9510,0.7430,2.8150,826.93,move_early
60.770826,12.5760,0.7740,2.8130,828.68,move_early
60.782698,11.8720,0.9110,2.7910,829.17,move_early
60.797507,14.8090,0.7930,5.1010,829.98,move_early
60.816633,19.1260,0.7360,2.8320,830.57,move_early
60.836451,19.8180,0.8070,2.8110,831.32,move_early
60.850185,13.7340,0.7300,2.8290,832.11,move_early
60.863236,13.0510,0.7140,4.0260,832.67,move_early
60.875403,12.1670,0.7090,2.8500,833.19,move_early
60.885721,10.3180,0.7390,3.7730,833.34,move_early
60.897532,11.8110,0.7340,4.0700,833.75,move_early
60.915084,17.5520,0.7040,2.8130,834.20,move_early
60.925252,10.1680,0.7320,2.8260,834.64,move_early
60.935500,10.2480,0.7050,2.7940,835.09,move_early
60.945311,9.8110,0.6880,3.1690,835.53,move_early
60.985839,40.5280,0.7440,2.7980,835.98,move_early
61.005696,19.8570,0.7590,4.4600,837.77,move_early
61.021463,15.7670,0.8810,2.7920,838.70,move_early
61.038207,16.7440,0.8520,2.8060,839.37,move_early
61.054654,16.4470,0.8150,3.8950,840.20,move_early
61.065094,10.4400,0.8660,2.8120,840.85,move_early
61.078482,13.3880,0.8070,2.7960,841.26,move_early
61.116889,38.4070,0.6660,4.7290,841.80,move_early
61.150959,34.0700,0.8330,2.8450,842.69,move_early
61.161236,10.2770,0.8620,2.8010,844.39,move_early
61.174628,13.3920,0.9180,2.8080,845.12,move_early
61.187775,13.1470,0.7910,4.7620,845.65,move_early
61.197211,9.4360,0.7470,2.8210,846.17,move_early
61.206821,9.6100,0.7120,2.8120,846.55,move_early
61.228351,21.5300,0.7290,2.8410,846.94,move_early
61.243865,15.5140,0.7410,2.8360,847.61,move_early
61.253785,9.9200,0.7400,2.8170,848.27,move_early
61.267670,13.8850,0.6560,2.8020,848.84,move_early
61.280287,12.6170,0.7270,2.8210,849.39,move_early
61.291774,11.4870,0.7390,3.7940,849.88,move_early
61.309482,17.7080,0.8380,2.8520,850.33,move_early
61.324368,14.8860,0.7250,3.8710,850.89,move_early
61.334387,10.0190,0.6850,2.8160,851.44,move_early
61.371767,37.3800,0.8820,2.8110,852.03,move_early
61.389041,17.2740,0.9630,2.8020,852.89,move_early
61.399125,10.0840,0.9330,2.8260,853.56,move_early
61.413665,14.5400,0.7520,2.8080,854.03,move_early
61.427436,13.7710,0.7000,4.0800,854.61,move_early
61.438931,11.4950,0.9580,2.8130,855.18,move_early
61.449558,10.6270,0.7480,3.8270,855.75,move_early
61.469303,19.7450,1.8280,2.8340,856.31,move_early
61.492347,23.0440,0.7260,2.7940,856.88,move_early
61.508491,16.1440,1.7550,2.8130,857.73,move_early
61.538221,29.7300,1.3750,2.8420,858.45,move_early
61.549593,11.3720,1.3080,2.8560,859.55,move_early
61.566367,16.7740,0.8470,4.0260,860.22,move_early
61.581125,14.7580,0.9630,2.8140,860.89,move_early
61.591414,10.2890,0.7930,3.8540,861.55,move_early
61.601703,10.2890,0.7550,4.0220,862.22,move_early
61.622390,20.6870,0.7140,2.8220,862.73,move_early
61.634865,12.4750,0.7590,2.8430,863.40,move_early
61.646070,11.2050,0.9280,2.8290,864.06,move_early
61.681930,35.8600,0.7930,4.2450,864.51,move_early
61.699168,17.2380,0.7710,2.8350,865.32,move_early
61.711876,12.7080,1.1040,2.8300,865.99,move_early
61.726702,14.8260,0.8870,4.2000,866.66,move_early
61.740941,14.2390,0.8120,2.8460,867.32,move_early
61.750537,9.5960,1.5370,2.8280,867.97,move_early
61.769686,19.1490,0.7060,2.8320,868.58,move_early
61.796874,27.1880,0.7690,2.8060,869.19,move_early
61.810607,13.7330,1.1390,2.8060,869.92,move_early
61.827306,16.6990,1.0980,2.8290,870.58,move_early
61.837223,9.9170,0.9140,2.8120,871.25,move_early
61.847861,10.6380,0.7030,2.8010,871.86,move_early
61.861592,13.7310,0.7650,4.0450,872.47,move_early
61.883299,21.7070,0.7180,3.8150,873.08,move_early
61.902226,18.9270,0.7920,2.8090,873.74,move_early
61.919639,17.4130,2.0840,2.8370,874.41,move_early
61.959854,40.2150,2.2370,2.8230,875.08,move_early
61.974761,14.9070,5.0630,2.8240,876.40,move_early
61.988539,13.7780,0.7310,3.7520,877.12,move_early
61.999420,10.8810,0.8920,4.2080,877.84,move_early
62.010322,10.9020,1.2340,6.3190,878.51,move_early
62.027492,17.1700,0.7110,3.1630,879.07,move_early
62.041593,14.1010,0.7030,3.2090,879.74,move_early
62.051180,9.5870,0.6990,3.1840,880.32,move_early
62.065895,14.7150,0.6700,3.1570,880.70,move_early
62.076282,10.3870,0.6680,3.1720,881.29,move_early
62.089752,13.4700,0.7060,3.1960,881.71,move_early
62.100012,10.2600,0.7360,3.1620,882.25,move_early
62.132629,32.6170,0.7040,3.1570,882.65,move_early
62.149201,16.5720,0.6310,4.4290,883.30,move_early
62.160839,11.6380,0.7340,4.4080,883.98,move_early
62.178646,17.8070,0.7690,4.5130,884.48,move_early
62.191021,12.3750,0.7150,3.1470,885.14,move_early
62.202612,11.5910,0.7420,3.1950,885.70,move_early
62.219597,16.9850,1.1540,3.1960,886.27,move_early
62.236463,16.8660,3.9850,3.5070,886.85,move_early
62.250072,13.6090,0.7300,3.2160,887.51,move_early
62.263482,13.4100,0.9910,3.1600,888.03,move_early
62.294751,31.2690,0.6710,3.1730,888.63,move_early
62.305407,10.6560,0.6980,3.1840,889.79,move_early
62.315046,9.6390,0.7470,3.1760,890.45,move_early
62.327367,12.3210,0.7700,3.1810,891.12,move_early
62.336990,9.6230,0.7050,3.1930,891.75,move_early
62.345879,8.8890,0.7380,4.3990,892.13,move_early
62.382260,36.3810,0.6710,4.7760,892.51,move_early
62.392050,9.7900,0.8760,3.7920,893.30,move_early
62.404801,12.7510,0.8290,3.1940,893.96,move_early
62.440853,36.0520,0.6890,3.2170,894.58,move_early
62.459658,18.8050,0.7510,4.6010,895.63,move_early
62.474180,14.5220,0.7710,4.4960,896.38,move_early
62.486748,12.5680,0.7700,3.1670,897.05,move_early
62.523547,36.7990,0.7220,3.1840,897.72,move_early
62.535613,12.0660,0.7090,3.1740,898.99,move_early
62.581929,46.3160,1.1130,3.1710,899.79,move_early
62.598699,16.7700,0.9160,3.1900,901.35,move_early
62.610811,12.1120,1.1770,3.2380,902.03,move_early
62.627414,16.6030,0.8290,3.2290,902.70,move_early
62.638884,11.4700,0.7000,3.2280,903.59,move_early
62.655371,16.4870,0.7750,3.2280,904.22,move_early
62.671551,16.1800,0.7000,3.2300,904.88,move_early
62.683176,11.6250,0.7160,3.4840,905.53,move_early
62.694742,11.5660,0.7330,5.0120,905.98,move_early
62.704142,9.4000,0.6640,3.2230,906.45,move_early
62.738536,34.3940,0.6670,3.2270,906.84,move_early
62.748604,10.0680,0.6750,3.2480,907.54,move_early
62.758031,9.4270,0.7160,3.2350,908.20,move_early
62.768765,10.7340,0.6990,3.2660,908.87,move_early
62.801577,32.8120,0.6700,3.2250,909.40,move_early
62.811054,9.4770,0.6630,4.9210,910.07,move_early
62.822999,11.9450,0.6720,3.3080,910.74,move_early
62.840814,17.8150,0.6970,3.2840,911.37,move_early
62.855126,14.3120,3.0720,3.2500,912.03,move_early
62.870640,15.5140,1.2900,3.2510,912.70,move_early
62.883835,13.1950,0.7450,3.2610,913.31,move_early
62.896266,12.4310,0.8020,3.2400,913.92,move_early
62.907112,10.8460,0.7500,3.2260,914.51,move_early
62.917364,10.2520,0.7130,3.2380,914.94,move_early
62.927893,10.5290,0.6660,3.2820,915.37,move_early
62.939887,11.9940,0.7700,3.2350,915.77,move_early
62.954538,14.6510,0.6880,4.5290,916.26,move_early
62.968094,13.5560,0.6830,3.2390,916.81,move_early
62.981680,13.5860,0.7800,6.7890,917.37,move_early
63.016242,34.5620,0.6540,3.2760,917.89,move_early
63.034955,18.7130,0.6540,3.2220,918.65,move_early
63.053385,18.4300,0.8020,3.2170,919.57,move_early
63.071577,18.1920,4.7960,3.2580,920.28,move_early
63.084317,12.7400,4.3890,3.2370,920.95,move_early
63.096851,12.5340,1.7730,3.2490,921.62,move_early
63.137990,41.1390,0.6300,3.2240,922.28,move_early
63.175593,37.6030,0.6850,3.2430,923.52,move_early
63.187157,11.5640,0.7290,3.2770,925.02,move_early
63.198230,11.0730,0.7340,3.2450,926.02,move_early
63.213176,14.9460,0.7310,3.2660,926.60,move_early
63.241470,28.2940,0.9160,4.5270,927.18,move_early
63.257135,15.6650,0.7000,3.2900,928.07,move_early
63.273193,16.0580,0.8000,4.5980,928.94,move_early
63.286321,13.1280,0.7110,4.3640,929.59,move_early
63.298194,11.8730,0.7470,3.2220,930.11,move_early
63.311891,13.6970,0.6200,3.2240,930.59,move_early
63.323876,11.9850,0.6560,3.6420,931.14,move_early
63.335856,11.9800,0.6740,3.2630,931.61,move_early
63.403105,67.2490,0.6410,3.2400,932.09,move_early
63.420050,16.9450,0.6600,3.2630,934.49,move_early
63.433860,13.8100,1.1100,3.2320,935.37,move_early
63.443480,9.6200,0.7290,3.2330,935.68,move_early
63.460311,16.8310,0.6420,3.1990,936.06,move_early
63.474418,14.1070,0.7260,5.1310,936.73,move_early
63.490097,15.6790,1.0690,3.2160,937.23,move_early
63.506661,16.5640,0.7330,3.2250,937.73,move_early
63.530129,23.4680,3.8060,4.2940,938.41,move_early
63.543416,13.2870,4.0760,3.2520,939.25,move_early
63.554119,10.7030,1.0690,4.6600,939.78,move_early
63.567631,13.5120,0.7630,3.2500,940.34,move_early
63.578745,11.1140,0.7780,5.4770,940.91,move_early
63.590345,11.6000,0.8110,4.9090,941.37,move_early
63.602350,12.0050,0.8640,3.2630,941.94,move_early
63.613941,11.5910,0.7690,4.9010,942.49,move_early
63.631047,17.1060,0.7200,3.2900,943.05,move_early
63.640931,9.8840,0.7200,3.2390,943.61,move_early
63.655268,14.3370,0.8860,3.2700,944.16,move_early
63.665449,10.1810,0.7230,3.2450,944.70,move_early
63.702554,37.1050,0.7370,3.2370,945.26,move_early
63.718106,15.5520,0.7040,3.2810,946.10,move_early
63.731405,13.2990,0.7830,3.2310,946.76,move_early
63.742912,11.5070,0.7710,3.2150,947.43,move_early
63.754900,11.9880,0.7080,3.2490,948.10,move_early
63.777220,22.3200,0.8100,3.2410,948.76,move_early
63.790800,13.5800,0.7290,3.2380,949.43,move_early
63.810618,19.8180,0.9040,3.2570,950.10,move_early
63.831214,20.5960,0.8070,6.2940,950.76,move_early
63.847465,16.2510,1.1030,3.2320,951.43,move_early
63.868606,21.1410,1.1610,4.5160,952.10,move_early
63.878804,10.1980,0.6860,3.2710,952.82,move_early
63.890920,12.1160,0.7960,3.2340,953.49,move_early
63.901141,10.2210,0.6920,3.2330,954.15,move_early
63.912957,11.8160,0.8650,3.2440,954.70,move_early
63.923560,10.6030,0.6510,3.2350,955.18,move_early
63.938326,14.7660,0.7170,3.2220,955.60,move_early
63.951623,13.2970,0.6810,4.8970,956.20,move_early
63.987660,36.0370,0.9010,3.2270,956.73,move_early
64.023063,35.4030,0.7670,5.4240,957.51,move_early
64.043140,20.0770,0.7420,3.2350,958.94,move_early
64.065725,22.5850,0.7880,3.2380,959.73,move_early
64.079554,13.8290,0.7600,4.0460,960.63,move_early
64.096633,17.0790,0.7790,3.2240,961.32,move_early
64.110638,14.0050,3.8720,6.6300,961.99,move_early
64.123596,12.9580,1.0040,5.3180,962.65,move_early
64.136166,12.5700,1.2110,4.8620,963.32,move_early
64.152546,16.3800,0.7080,4.4800,963.99,move_early
64.163754,11.2080,0.6620,3.2360,964.65,move_early
64.175836,12.0820,0.7010,5.6900,965.21,move_early
64.188136,12.3000,0.6770,3.2450,965.69,move_early
64.200127,11.9910,0.7030,3.1860,966.18,move_early
64.210385,10.2580,0.6340,3.8610,966.66,move_early
64.225546,15.1610,0.6630,3.1310,967.08,move_early
64.239452,13.9060,0.7770,4.3330,967.69,move_early
64.253014,13.5620,0.7730,3.1120,968.24,move_early
64.271391,18.3770,0.6790,3.0980,968.78,move_early
64.286741,15.3500,0.6520,3.4560,969.39,move_early
64.300970,14.2290,0.8150,3.8810,970.03,move_early
64.316077,15.1070,0.8480,3.0870,970.70,move_early
64.335211,19.1340,4.0320,4.3840,971.28,move_early
64.352342,17.1310,0.8570,3.1180,971.87,move_early
64.374811,22.4690,1.0280,4.2550,972.46,move_early
64.392207,17.3960,2.1280,4.3890,973.17,move_early
64.402184,9.9770,4.8010,2.7820,973.76,move_early
64.414526,12.3420,0.7600,2.7910,974.35,move_early
64.437776,23.2500,0.6530,4.0580,974.94,move_early
64.481849,44.0730,0.7470,2.7830,975.53,move_early
64.493329,11.4800,0.7000,3.3180,977.29,move_early
64.512890,19.5610,0.9140,2.7880,977.96,move_early
64.531928,19.0380,0.7650,4.0610,978.69,move_early
64.542937,11.0090,4.6650,3.1310,979.36,move_early
64.553593,10.6560,1.7420,2.7990,980.03,move_early
64.565959,12.3660,0.8500,3.7930,980.70,move_early
64.581408,15.4490,0.7340,2.7940,981.30,move_early
64.592423,11.0150,0.7990,2.8350,981.92,move_early
64.605097,12.6740,0.7310,2.8000,982.36,move_early
64.614898,9.8010,0.6980,3.3580,982.87,move_early
64.633079,18.1810,0.7330,5.7050,983.26,move_early
64.643472,10.3930,0.6730,2.8000,983.93,move_early
64.680962,37.4900,0.6530,4.6190,984.39,move_early
64.703945,22.9830,0.6540,2.7880,985.24,move_early
64.719474,15.5290,0.7560,4.0570,986.21,move_early
64.729582,10.1080,2.1040,2.7840,986.88,move_early
64.744917,15.3350,0.7500,2.8110,987.54,move_early
64.757431,12.5140,0.8070,4.0470,988.21,move_early
64.769872,12.4410,0.7560,3.3800,988.88,move_early
64.783486,13.6140,0.7240,4.0690,989.47,move_early
64.794798,11.3120,0.7150,2.8330,990.00,move_early
64.805608,10.8100,0.7320,2.8050,990.45,move_early
64.815737,10.1290,0.6530,3.3790,990.88,move_early
64.858505,42.7680,0.7180,4.0650,991.28,move_early
64.869182,10.6770,0.6660,2.7990,992.37,move_early
64.882589,13.4070,0.8510,2.8080,993.04,move_early
64.908564,25.9750,0.7040,3.3500,993.70,move_early
64.921128,12.5640,0.7230,4.5770,994.37,move_early
64.933233,12.1050,0.7350,5.2830,995.04,move_early
64.944905,11.6720,0.6670,2.7880,995.70,move_early
64.984747,39.8420,0.7750,2.7880,996.37,move_early
65.020490,35.7430,0.7070,4.0570,997.39,move_early
65.036496,16.0060,0.6980,2.7820,998.82,move_early
65.050474,13.9780,0.8760,4.0830,999.82,move_early
65.065498,15.0240,0.8200,3.3090,1000.69,move_early
65.078225,12.7270,0.8750,4.0550,1001.28,move_early
65.098452,20.2270,0.6910,2.8060,1001.79,move_early
65.113363,14.9110,0.7170,3.3700,1002.57,move_early
65.122966,9.6030,0.9090,3.3700,1003.21,move_early
65.149128,26.1620,0.7730,3.1490,1003.59,move_early
65.159234,10.1060,0.7230,4.2140,1004.33,move_early
65.169148,9.9140,0.7970,3.1410,1005.03,move_early
65.180382,11.2340,0.6650,5.6640,1005.43,move_early
65.193504,13.1220,0.7100,2.8120,1005.87,move_early
65.203663,10.1590,0.7050,2.8190,1006.40,move_early
65.213764,10.1010,0.6800,2.8010,1006.81,move_early
65.222826,9.0620,0.7260,4.1660,1007.21,move_early
65.239691,16.8650,0.6530,2.7950,1007.57,move_early
65.252453,12.7620,0.6900,4.0460,1008.07,move_early
65.263997,11.5440,0.6940,2.8090,1008.70,move_early
65.273764,9.7670,0.6490,2.8080,1009.20,move_early
65.286803,13.0390,0.6390,2.8560,1009.61,move_early
65.302815,16.0120,0.7260,2.8000,1010.11,move_early
65.316024,13.2090,0.8510,2.8510,1010.70,move_early
65.352673,36.6490,0.7600,2.8020,1011.19,move_early
65.393832,41.1590,0.6730,2.8220,1012.12,move_early
65.412282,18.4500,0.7950,2.7880,1014.03,move_early
65.426310,14.0280,0.8650,2.8100,1014.83,move_early
65.444124,17.8140,0.7690,2.7870,1015.75,move_early
65.454110,9.9860,0.6550,2.7820,1016.43,move_early
65.468925,14.8150,0.6960,5.1350,1016.82,move_early
65.478901,9.9760,0.6730,2.7880,1017.41,move_early
65.501719,22.8180,0.6590,4.4060,1017.84,move_early
65.513107,11.3880,0.8970,2.8010,1018.50,move_early
65.530173,17.0660,0.7450,2.7670,1019.17,move_early
65.545325,15.1520,0.6920,2.7660,1019.84,move_early
65.557141,11.8160,0.7650,2.8050,1020.48,move_early
65.572071,14.9300,0.6950,3.7810,1020.94,move_early
65.583172,11.1010,0.6830,2.7850,1021.54,move_early
65.594926,11.7540,0.6290,2.7880,1022.01,move_early
65.607586,12.6600,0.7100,4.0360,1022.46,move_early
65.620027,12.4410,0.6740,2.7870,1022.97,move_early
65.642370,22.3430,0.8290,2.7920,1023.48,move_early
65.670452,28.0820,0.9530,3.9840,1024.05,move_early
65.692691,22.2390,0.9870,4.5460,1024.86,move_early
65.717589,24.8980,1.1070,2.7680,1025.99,move_early
65.736470,18.8810,4.4800,2.7840,1026.91,move_early
65.758258,21.7880,5.1480,2.7660,1027.58,move_early
65.779776,21.5180,0.8370,3.8000,1028.35,move_early
65.796728,16.9520,0.9130,2.7780,1029.35,move_early
65.811332,14.6040,2.4730,2.7900,1030.02,move_early
65.823328,11.9960,0.9260,2.7700,1030.70,move_early
65.839339,16.0110,0.7980,2.7800,1031.37,move_early
65.851408,12.0690,4.4660,2.8040,1032.03,move_early
65.869940,18.5320,0.7320,2.7760,1032.70,move_early
65.881118,11.1780,0.8650,2.7770,1033.37,move_early
65.895507,14.3890,0.8570,2.7950,1033.92,move_early
65.910710,15.2030,0.7890,2.7810,1034.53,move_early
65.949670,38.9600,0.8280,2.7790,1035.11,move_early
65.965483,15.8130,0.8100,2.7550,1036.09,move_early
65.980267,14.7840,1.5750,2.7800,1036.81,move_early
65.992125,11.8580,1.0030,2.7750,1037.53,move_early
66.035938,43.8130,0.9120,3.4840,1038.20,move_early
66.054511,18.5730,0.9850,3.9880,1039.50,move_early
66.076345,21.8340,1.2580,2.8330,1040.30,move_early
66.091554,15.2090,1.1080,2.7730,1041.10,move_early
66.106206,14.6520,1.1580,2.8240,1041.90,move_early
66.120873,14.6670,0.9360,2.8040,1042.70,move_early
66.131406,10.5330,1.2420,2.7870,1043.50,move_early
66.143888,12.4820,0.7880,4.0050,1043.93,move_early
66.154445,10.5570,0.6690,2.7960,1044.42,move_early
66.167581,13.1360,0.7110,2.7680,1044.51,move_early
66.179455,11.8740,0.7900,2.8300,1044.96,move_early
66.192163,12.7080,0.7710,2.8030,1045.40,move_early
66.205615,13.4520,0.7050,2.8080,1045.85,move_early
66.227091,21.4760,0.6830,2.7950,1046.29,move_early
66.238236,11.1450,0.8080,2.7790,1047.09,move_early
66.251913,13.6770,0.7080,2.7810,1047.67,move_early
66.276718,24.8050,1.2880,2.8200,1048.17,move_early
66.297171,20.4530,0.6260,2.7980,1049.26,move_early
66.312157,14.9860,5.0390,3.4560,1050.05,move_early
66.328229,16.0720,4.6660,3.8710,1050.72,move_early
66.340191,11.9620,0.7040,2.7990,1051.38,move_early
66.350324,10.1330,0.7180,2.7890,1052.05,move_early
66.386328,36.0040,0.6610,2.7980,1052.67,move_early
66.422825,36.4970,0.7270,3.9630,1053.44,move_early
66.441560,18.7350,0.6900,2.7850,1055.25,move_early
66.457288,15.7280,0.8010,2.7700,1056.00,move_early
66.473615,16.3270,0.7560,2.7900,1056.95,move_early
66.487016,13.4010,0.7350,2.7840,1057.63,move_early
66.502271,15.2550,0.9580,6.1100,1058.27,move_early
66.512068,9.7970,1.8220,2.8250,1058.76,move_early
66.544031,31.9630,0.7360,2.7980,1059.14,move_early
66.560155,16.1240,0.7140,3.9660,1059.81,move_early
66.578765,18.6100,0.7160,4.0240,1060.48,move_early
66.590705,11.9400,0.9460,3.9050,1061.16,move_early
66.606842,16.1370,0.8170,3.8370,1061.83,move_early
66.626737,19.8950,4.0620,2.8610,1062.49,move_early
66.637413,10.6760,0.7600,2.8290,1063.16,move_early
66.649110,11.6970,0.7640,2.7940,1063.83,move_early
66.675879,26.7690,0.7100,2.8100,1064.44,move_early
66.690096,14.2170,0.7570,4.2520,1065.10,move_early
66.702282,12.1860,1.3190,2.8300,1065.77,move_early
66.719773,17.4910,0.6900,2.8270,1066.44,move_early
66.731932,12.1590,0.8600,2.8350,1067.10,move_early
66.744801,12.8690,0.7530,2.8180,1067.72,move_early
66.755128,10.3270,0.7650,2.8260,1068.33,move_early
66.767972,12.8440,0.6730,2.7840,1068.70,move_early
66.777819,9.8470,0.7200,2.7940,1069.31,move_early
66.791501,13.6820,0.7210,2.8450,1069.79,move_early
66.800955,9.4540,0.9750,2.8170,1070.32,move_early
66.814870,13.9150,0.8060,2.7920,1070.69,move_early
66.824753,9.8830,0.6510,2.8100,1071.23,move_early
66.840622,15.8690,0.7930,5.4410,1071.65,move_early
66.880100,39.4780,0.7050,2.8030,1072.18,move_early
66.899877,19.7770,0.6460,2.7890,1073.21,move_early
66.909574,9.6970,0.9740,2.7960,1073.99,move_early
66.920272,10.6980,0.7140,2.8030,1074.56,move_early
66.952523,32.2510,0.7340,2.7990,1075.13,move_early
66.968485,15.9620,0.6660,4.0410,1076.09,move_early
66.980668,12.1830,0.6990,2.7830,1076.76,move_early
66.990801,10.1330,0.6910,2.7800,1077.43,move_early
67.001725,10.9240,0.6660,3.1810,1078.10,move_early
67.019581,17.8560,0.7030,3.1590,1078.72,move_early
67.037985,18.4040,0.6550,3.1990,1079.39,move_early
67.048100,10.1150,0.7590,3.6730,1080.06,move_early
67.057764,9.6640,0.7560,3.1790,1080.58,move_early
67.074619,16.8550,0.6840,3.1820,1080.97,move_early
67.089160,14.5410,0.6600,3.2040,1081.63,move_early
67.106498,17.3380,1.0570,4.2490,1082.30,move_early
67.142075,35.5770,4.6160,4.6200,1082.97,move_early
67.157446,15.3710,3.9860,3.1640,1083.76,move_early
67.168093,10.6470,1.7620,3.1530,1084.43,move_early
67.177344,9.2510,0.8560,3.1480,1085.05,move_early
67.190174,12.8300,0.7010,3.1200,1085.66,move_early
67.200520,10.3460,0.7190,5.3630,1086.27,move_early
67.211946,11.4260,0.7450,4.4810,1086.70,move_early
67.224963,13.0170,0.6780,3.1460,1087.13,move_early
67.239307,14.3440,0.6680,3.1720,1087.65,move_early
67.249711,10.4040,0.6590,3.1950,1088.23,move_early
67.262572,12.8610,0.6550,3.1720,1088.64,move_early
67.274456,11.8840,0.6700,3.1810,1089.16,move_early
67.283776,9.3200,0.6900,3.1840,1089.63,move_early
67.295780,12.0040,0.7120,3.1650,1090.05,move_early
67.305932,10.1520,1.0060,3.1730,1090.49,move_early
67.326655,20.7230,0.6690,3.1860,1090.91,move_early
67.341656,15.0010,0.6160,3.1670,1091.41,move_early
67.352404,10.7480,0.7430,3.1750,1092.03,move_early
67.388589,36.1850,0.6600,3.1730,1092.53,move_early
67.403927,15.3380,0.6080,4.7930,1093.56,move_early
67.413639,9.7120,0.8360,4.3380,1094.22,move_early
67.428109,14.4700,0.7030,3.0970,1094.89,move_early
67.437937,9.8280,0.6590,3.1660,1095.56,move_early
67.448710,10.7730,0.6640,3.1180,1096.17,move_early
67.458388,9.6780,0.6660,3.1000,1096.60,move_early
67.473642,15.2540,0.6270,5.2590,1097.00,move_early
67.492036,18.3940,0.7470,3.1140,1097.59,move_early
67.501942,9.9060,0.7150,3.1140,1098.18,move_early
67.512951,11.0090,0.6450,3.1030,1098.73,move_early
67.522762,9.8110,0.6180,3.1170,1099.18,move_early
67.534114,11.3520,0.6440,3.1190,1099.57,move_early
67.543533,9.4190,0.7240,3.1180,1100.02,move_early
67.555126,11.5930,0.6560,3.1200,1100.40,move_early
67.564384,9.2580,0.7070,3.1220,1100.84,move_early
67.573501,9.1170,0.6790,3.1210,1101.23,move_early
67.611765,38.2640,0.6400,3.1080,1101.59,move_early
67.622078,10.3130,0.6790,3.1260,1102.47,move_early
67.661897,39.8190,0.7150,3.0090,1102.95,move_early
67.682702,20.8050,0.7120,3.2790,1104.48,move_early
67.697152,14.4500,0.8100,2.9990,1105.33,move_early
67.708814,11.6620,0.9800,5.5560,1106.00,move_early
67.725436,16.6220,0.7360,4.8070,1106.66,move_early
67.764527,39.0910,0.6900,3.0020,1107.33,move_early
67.789251,24.7240,0.8500,3.0290,1108.59,move_early
67.800844,11.5930,0.8490,4.2800,1109.59,move_early
67.810243,9.3990,0.9850,3.0770,1110.59,move_early
67.835165,24.9220,0.7040,4.5820,1111.06,move_early
67.859946,24.7810,0.7040,3.0410,1112.03,move_early
67.871247,11.3010,0.8460,3.0140,1112.97,move_early
67.886241,14.9940,0.7140,3.0330,1113.51,move_early
67.904564,18.3230,0.7060,3.0420,1114.16,move_early
67.922246,17.6820,1.7050,3.0220,1114.98,move_early
67.939865,17.6190,4.0400,3.0390,1115.72,move_early
67.948939,9.0740,4.4020,6.0730,1116.26,move_early
67.961731,12.7920,0.6610,4.5260,1116.62,move_early
67.974405,12.6740,0.6760,3.0320,1117.13,move_early
67.987652,13.2470,0.6870,3.0650,1117.69,move_early
68.025440,37.7880,0.7150,5.2900,1118.16,move_early
68.044855,19.4150,0.7170,4.0070,1119.06,move_early
68.067001,22.1460,1.0630,3.0250,1119.84,move_early
68.078363,11.3620,1.1190,3.0410,1120.69,move_early
68.092792,14.4290,0.7840,3.0170,1121.35,move_early
68.105246,12.4540,0.7400,3.0190,1122.02,move_early
68.115845,10.5990,0.7370,2.9850,1122.63,move_early
68.152651,36.8060,0.8560,3.0120,1123.24,move_early
68.192937,40.2860,0.6540,3.2970,1124.11,move_early
68.213051,20.1140,0.8620,3.0000,1125.77,move_early
68.226494,13.4430,1.0190,2.9890,1126.70,move_early
68.243008,16.5140,0.8680,4.3180,1127.70,move_early
68.259058,16.0500,0.7590,3.0160,1128.39,move_early
68.269179,10.1210,0.6590,3.0140,1129.03,move_early
68.281779,12.6000,0.6530,4.2720,1129.42,move_early
68.297486,15.7070,0.7000,2.9950,1129.94,move_early
68.309002,11.5160,0.7650,3.2980,1130.57,move_early
68.318428,9.4260,0.7970,3.0100,1131.01,move_early
68.330971,12.5430,0.6290,2.9960,1131.39,move_early
68.340240,9.2690,0.6960,3.0130,1131.89,move_early
68.352067,11.8270,0.8260,3.0290,1132.27,move_early
68.363899,11.8320,0.6840,2.9950,1132.74,move_early
68.375176,11.2770,0.7030,3.0220,1133.21,move_early
68.387198,12.0220,0.6510,2.9810,1133.67,move_early
68.402106,14.9080,0.7280,2.9780,1134.16,move_early
68.414497,12.3910,0.9410,3.0390,1134.70,move_early
68.431797,17.3000,0.6300,3.0280,1135.19,move_early
68.449142,17.3450,0.6820,3.2200,1135.67,move_early
68.466578,17.4360,1.0160,2.9830,1136.17,move_early
68.478296,11.7180,0.7650,3.0450,1136.70,move_early
68.488227,9.9310,0.7640,2.9970,1137.20,move_early
68.499079,10.8520,0.7830,4.1860,1137.70,move_early
68.512575,13.4960,0.8600,2.9850,1138.20,move_early
68.548677,36.1020,0.7040,3.0170,1138.70,move_early
68.562675,13.9980,0.7240,3.0130,1139.96,move_early
68.576345,13.6700,0.8310,2.9760,1140.51,move_early
68.597231,20.8860,0.7790,2.9710,1141.08,move_early
68.610512,13.2810,0.7620,4.1730,1141.92,move_early
68.625195,14.6830,1.0970,2.9990,1142.52,move_early
68.640823,15.6280,0.8190,3.0320,1143.12,move_early
68.665419,24.5960,0.7760,2.9760,1143.72,move_early
68.677872,12.4530,1.5240,3.0030,1144.66,move_early
68.696361,18.4890,1.0430,3.0190,1145.33,move_early
68.719537,23.1760,0.7680,4.5860,1145.99,move_early
68.732577,13.0400,0.6880,2.9850,1146.78,move_early
68.748829,16.2520,0.7100,4.2160,1147.50,move_early
68.763103,14.2740,0.7950,2.9870,1148.22,move_early
68.774032,10.9290,0.9380,3.2550,1148.89,move_early
68.784126,10.0940,0.8070,4.2240,1149.55,move_early
68.798048,13.9220,0.7090,4.2490,1150.02,move_early
68.816469,18.4210,0.6620,3.0130,1150.58,move_early
68.826820,10.3510,0.6790,3.0270,1151.24,move_early
68.842808,15.9880,0.7150,2.9710,1151.73,move_early
68.863429,20.6210,0.6560,2.9780,1152.39,move_early
68.872839,9.4100,0.7130,2.9700,1153.06,move_early
68.882532,9.6930,0.6790,2.9800,1153.57,move_early
68.894800,12.2680,0.6270,4.2350,1153.95,move_early
68.906319,11.5190,0.6360,2.9970,1154.45,move_early
68.918537,12.2180,0.7000,2.9950,1154.93,move_early
68.929064,10.5270,0.8660,4.2620,1155.39,move_early
68.963472,34.4080,0.6420,2.9720,1155.81,move_early
68.979531,16.0590,0.6380,2.9990,1156.54,move_early
68.989726,10.1950,0.7530,3.0090,1157.17,move_early
69.002998,13.2720,0.7280,3.0210,1157.71,move_early
69.032439,29.4410,0.6280,2.9670,1158.24,move_early
69.043676,11.2370,0.6590,3.3050,1159.32,move_early
69.055178,11.5020,0.8180,4.8860,1159.88,move_early
69.072819,17.6410,0.7390,5.4320,1160.46,move_early
69.084241,11.4220,0.7990,3.6610,1161.05,move_early
69.123857,39.6160,0.6660,2.9670,1161.37,move_early
69.142910,19.0530,0.6530,2.9520,1163.29,move_early
69.157810,14.9000,0.7760,3.6440,1164.06,move_early
69.167472,9.6620,0.7820,4.2450,1164.70,move_early
69.185682,18.2100,0.6940,4.9210,1165.02,move_early
69.194731,9.0490,0.6710,3.3370,1165.69,move_early
69.208824,14.0930,0.6640,4.7160,1166.35,move_early
69.222812,13.9880,0.6480,3.5010,1167.02,move_early
69.234116,11.3040,0.9080,3.1770,1167.58,move_early
69.252773,18.6570,0.7540,3.2000,1168.03,move_early
69.268688,15.9150,0.7280,4.0770,1168.56,move_early
69.280177,11.4890,0.8460,2.8360,1169.10,move_early
69.290500,10.3230,0.7900,5.0650,1169.63,move_early
69.305021,14.5210,0.6980,2.8420,1170.18,move_early
69.315087,10.0660,0.6830,4.7020,1170.73,move_early
69.325212,10.1250,0.6800,5.3050,1171.27,move_early
69.341950,16.7380,0.6920,2.8640,1171.66,move_early
69.382656,40.7060,0.6140,4.7120,1172.21,move_early
69.447896,65.2400,0.6840,2.8580,1173.31,move_early
69.484378,36.4820,0.9160,2.7440,1176.03,move_early
69.497379,13.0010,1.0190,4.0260,1177.74,move_early
69.508119,10.7400,0.9470,4.5240,1178.22,move_early
69.520723,12.6040,0.7180,2.7470,1178.70,move_early
69.532908,12.1850,0.6870,3.6910,1179.37,move_early
69.544154,11.2460,0.7470,3.2840,1179.87,move_early
69.555002,10.8480,0.6450,3.9810,1180.40,move_early
69.593780,38.7780,0.5910,2.7650,1180.86,move_early
69.604559,10.7790,0.5990,4.2750,1181.76,move_early
69.615861,11.3020,0.8970,5.0860,1182.43,move_early
69.626151,10.2900,0.7520,3.1030,1183.02,move_early
69.636476,10.3250,0.7090,4.0110,1183.62,move_early
69.668713,32.2370,0.7000,2.7400,1184.11,move_early
69.688597,19.8840,0.7520,2.7520,1184.81,move_early
69.702395,13.7980,1.1740,2.7460,1185.67,move_early
69.717612,15.2170,3.9550,2.7540,1186.34,move_early
69.728347,10.7350,1.1550,2.7490,1187.01,move_early
69.741340,12.9930,0.7370,2.7590,1187.62,move_early
69.755963,14.6230,0.8360,4.5230,1188.03,move_early
69.771980,16.0170,0.7010,3.9960,1188.65,move_early
69.783226,11.2460,0.7320,3.2920,1189.26,move_early
69.796001,12.7750,0.6890,3.0800,1189.87,move_early
69.807889,11.8880,0.6500,3.9760,1190.48,move_early
69.833258,25.3690,0.6450,2.7430,1190.98,move_early
69.873563,40.3050,0.6900,2.7430,1191.65,move_early
69.885667,12.1040,0.7290,3.2930,1192.94,move_early
69.896001,10.3340,0.6910,3.9630,1193.60,move_early
69.906963,10.9620,0.6760,3.7400,1194.27,move_early
69.918734,11.7710,0.6280,3.1910,1194.93,move_early
69.934876,16.1420,0.6500,2.7380,1195.55,move_early
69.949169,14.2930,3.8170,3.9800,1196.06,move_early
69.972349,23.1800,0.7460,2.7600,1196.63,move_early
69.982001,9.6520,0.6670,2.7430,1197.29,move_early
69.991537,9.5360,0.7300,3.3290,1197.94,move_early
70.027956,36.4190,0.7270,2.7610,1198.32,move_early
70.037934,9.9780,0.6600,2.7580,1199.12,move_early
70.052771,14.8370,0.8250,4.0360,1199.79,move_early
70.067249,14.4780,0.8690,2.7460,1200.46,move_early
70.078595,11.3460,0.9730,2.7290,1201.07,move_early
70.092506,13.9110,0.9380,2.7570,1201.68,move_early
70.104160,11.6540,0.7020,3.0860,1202.29,move_early
70.116971,12.8110,0.7530,2.7400,1202.85,move_early
70.126684,9.7130,0.7460,3.9930,1203.34,move_early
70.136463,9.7790,0.6800,2.7260,1203.72,move_early
70.147059,10.5960,0.6850,4.0320,1204.12,move_early
70.158508,11.4490,0.6610,2.7420,1204.54,move_early
70.171032,12.5240,0.6440,3.2730,1205.00,move_early
70.204966,33.9340,0.7120,2.7280,1205.50,move_early
70.222987,18.0210,0.6830,2.7360,1206.19,move_early
70.234862,11.8750,0.7490,2.7640,1206.95,move_early
70.248346,13.4840,1.4550,3.2510,1207.51,move_early
70.257659,9.3130,0.6030,2.7290,1208.03,move_early
70.268620,10.9610,0.6190,2.7340,1208.57,move_early
70.277895,9.2750,0.6180,4.5280,1209.10,move_early
70.289598,11.7030,0.6750,2.7420,1209.63,move_early
70.306597,16.9990,0.6410,2.7540,1210.17,move_early
70.316032,9.4350,0.6850,2.7290,1210.70,move_early
70.325092,9.0600,0.6100,2.7720,1211.23,move_early
70.359478,34.3860,0.6010,2.7320,1211.65,move_early
70.371454,11.9760,0.5740,2.7350,1212.37,move_early
70.382884,11.4300,0.7040,2.7320,1212.92,move_early
70.396734,13.8500,0.7340,2.7430,1213.46,move_early
70.411579,14.8450,0.7070,2.7550,1214.01,move_early
70.422935,11.3560,1.1020,3.7440,1214.55,move_early
70.442972,20.0370,0.7820,4.5450,1215.10,move_early
70.457048,14.0760,0.7330,2.7390,1215.72,move_early
70.475612,18.5640,0.7200,2.7650,1216.27,move_early
70.492351,16.7390,0.6830,2.7370,1217.01,move_early
70.504276,11.9250,0.6920,2.7400,1217.69,move_early
70.537177,32.9010,0.7280,2.7220,1218.27,move_early
70.548773,11.5960,0.6530,2.7520,1219.48,move_early
70.559149,10.3760,0.6340,2.7560,1220.14,move_early
70.568600,9.4510,0.6780,2.7420,1220.81,move_early
70.605023,36.4230,0.6230,2.7130,1221.40,move_early
70.619167,14.1440,0.6540,2.6990,1222.19,move_early
70.628483,9.3160,0.6420,2.7450,1222.91,move_early
70.641479,12.9960,0.6070,4.2980,1223.58,move_early
70.663429,21.9500,0.6060,2.7050,1224.24,move_early
70.674483,11.0540,0.6370,2.7360,1224.91,move_early
70.684236,9.7530,0.8600,2.7070,1225.58,move_early
70.701414,17.1780,0.6850,2.7240,1226.03,move_early
70.711499,10.0850,0.7160,3.7590,1226.70,move_early
70.727011,15.5120,0.7060,2.7020,1227.11,move_early
70.762936,35.9250,0.6320,2.7190,1227.72,move_early
70.804335,41.3990,0.6490,2.7020,1228.51,move_early
70.817675,13.3400,0.6960,2.7120,1230.51,move_early
70.828021,10.3460,0.8000,2.7060,1231.36,move_early
70.846684,18.6630,0.6630,2.6990,1231.78,move_early
70.863629,16.9450,0.6210,3.9560,1232.52,move_early
70.878970,15.3410,0.6350,2.7040,1233.20,move_early
70.914754,35.7840,0.6780,2.7080,1233.81,move_early
70.928152,13.3980,0.6370,2.7140,1234.70,move_early
70.939381,11.2290,0.6330,2.7170,1235.48,move_early
70.949146,9.7650,0.6310,2.7020,1236.23,move_early
70.960476,11.3300,0.7010,4.3170,1236.64,move_early
70.970621,10.1450,0.9350,5.1480,1237.07,move_early
71.005456,34.8350,0.6480,4.1500,1237.48,move_early
71.020953,15.4970,0.6650,2.7070,1238.21,move_early
71.031278,10.3250,0.7060,2.6940,1238.87,move_early
71.040665,9.3870,0.6090,2.7090,1239.54,move_early
71.062372,21.7070,0.6640,2.7080,1240.21,move_early
71.076135,13.7630,0.6950,2.7200,1240.87,move_early
71.089363,13.2280,0.7280,2.7050,1241.54,move_early
71.109735,20.3720,0.5910,2.6910,1242.15,move_early
71.119659,9.9240,0.6850,2.7050,1242.76,move_early
71.161534,41.8750,0.6390,2.7080,1243.37,move_early
71.172754,11.2200,0.5980,2.7360,1244.45,move_early
71.182476,9.7220,0.6810,3.9710,1245.12,move_early
71.203266,20.7900,0.6660,2.7190,1245.73,move_early
71.215385,12.1190,0.6580,3.9780,1246.40,move_early
71.228889,13.5040,0.6060,2.7390,1247.01,move_early
71.266400,37.5110,0.6380,2.7000,1247.62,move_early
71.280675,14.2750,0.5790,2.6940,1248.65,move_early
71.317745,37.0700,0.7170,3.7240,1249.32,move_early
71.328767,11.0220,0.6290,2.7200,1251.04,move_early
71.338959,10.1920,0.6920,2.6900,1251.81,move_early
71.350681,11.7220,0.8720,4.1680,1252.22,move_early
71.383256,32.5750,0.6510,2.7020,1252.36,move_early
71.422361,39.1050,0.9760,4.4460,1253.32,move_early
71.437416,15.0550,0.6060,2.6860,1255.24,move_early
71.447827,10.4110,0.8560,2.6850,1256.03,move_early
71.459514,11.6870,0.6990,2.6900,1256.24,move_early
71.472533,13.0190,0.7210,2.7350,1256.71,move_early
71.486291,13.7580,0.6790,2.7280,1257.23,move_early
71.497388,11.0970,0.6750,2.6920,1257.67,move_early
71.511670,14.2820,0.6230,2.7070,1258.12,move_early
71.521483,9.8130,0.6390,3.3800,1258.56,move_early
71.531877,10.3940,0.6990,3.7960,1259.01,move_early
71.541558,9.6810,0.5610,2.7030,1259.45,move_early
71.558714,17.1560,0.5900,3.2690,1259.90,move_early
71.575463,16.7490,0.6420,2.6910,1260.34,move_early
71.585271,9.8080,0.7150,4.1810,1261.01,move_early
71.595891,10.6200,0.6710,2.7010,1261.48,move_early
71.606807,10.9160,0.6330,2.7110,1261.94,move_early
71.647875,41.0680,0.6420,2.6950,1262.41,move_early
71.658147,10.2720,0.6580,2.7280,1263.93,move_early
71.680698,22.5510,0.8030,3.4890,1264.60,move_early
71.718408,37.7100,0.7860,2.6850,1265.27,move_early
71.735850,17.4420,0.7310,2.6930,1267.09,move_early
71.747292,11.4420,0.8880,2.6900,1268.03,move_early
71.760556,13.2640,1.2400,2.6940,1268.22,move_early
71.773906,13.3500,0.6700,4.2770,1268.74,move_early
71.783609,9.7030,0.6730,4.1650,1269.28,move_early
71.794941,11.3320,0.6570,2.7200,1269.66,move_early
71.807589,12.6480,0.6750,3.7430,1270.11,move_early
71.825303,17.7140,0.7140,3.9560,1270.55,move_early
71.841654,16.3510,1.2000,2.7240,1271.02,move_early
71.852406,10.7520,0.7040,2.6810,1271.66,move_early
71.862726,10.3200,0.7600,2.6880,1272.13,move_early
71.877501,14.7750,1.0170,3.9520,1272.60,move_early
71.894388,16.8870,0.6230,2.6940,1273.10,move_early
71.907479,13.0910,0.8160,2.7270,1273.92,move_early
71.918623,11.1440,3.7430,2.6900,1274.40,move_early
71.939564,20.9410,0.6170,2.6880,1274.90,move_early
71.957381,17.8170,0.6970,2.7110,1275.62,move_early
72.001246,43.8650,1.6320,2.6940,1276.30,move_early
72.028589,27.3430,0.7800,2.6920,1278.47,move_early
72.043089,14.5000,2.7910,2.9940,1279.53,move_early
72.088679,45.5900,1.4700,3.0060,1280.40,move_early
72.102447,13.7680,0.9060,2.9920,1281.60,move_early
72.114187,11.7400,0.7070,3.2980,1282.76,move_early
72.124698,10.5110,0.6440,2.9830,1282.90,move_early
72.138374,13.6760,0.7140,3.0520,1283.33,move_early
72.158319,19.9450,0.6770,3.0040,1283.86,move_early
72.191054,32.7350,0.7300,2.9940,1284.33,move_early
72.201645,10.5910,0.6330,3.0360,1285.63,move_early
72.211672,10.0270,0.6460,4.6300,1286.30,move_early
72.221855,10.1830,0.6070,3.0530,1286.97,move_early
72.236820,14.9650,0.6260,3.0730,1287.53,move_early
72.246090,9.2700,0.6420,3.0530,1288.12,move_early
72.256884,10.7940,0.6120,3.0480,1288.49,move_early
72.269138,12.2540,0.5800,4.3610,1288.93,move_early
72.287497,18.3590,0.5510,3.0590,1289.42,move_early
72.297918,10.4210,0.6410,3.0420,1290.03,move_early
72.306959,9.0410,0.7870,4.3250,1290.55,move_early
72.318045,11.0860,0.6340,4.3080,1290.93,move_early
72.352627,34.5820,0.6150,3.0440,1291.38,move_early
72.371267,18.6400,0.6160,3.0390,1292.10,move_early
72.381091,9.8240,0.6490,5.9270,1292.84,move_early
72.390838,9.7470,0.5810,3.0830,1293.37,move_early
72.404626,13.7880,0.5660,3.0750,1293.90,move_early
72.415947,11.3210,0.6520,3.0940,1294.43,move_early
72.456580,40.6330,0.5780,3.0780,1294.97,move_early
72.468580,12.0000,0.8230,3.0450,1296.25,move_early
72.488614,20.0340,0.6170,3.0660,1296.92,move_early
72.501012,12.3980,0.6480,3.1160,1297.59,move_early
72.512868,11.8560,0.7160,3.0960,1298.25,move_early
72.528537,15.6690,0.6300,3.0790,1298.92,move_early
72.538883,10.3460,0.6530,3.0710,1299.59,move_early
72.550514,11.6310,0.6550,3.0710,1300.22,move_early
72.562336,11.8220,0.6370,3.0920,1300.67,move_early
72.578506,16.1700,0.6150,5.0860,1301.15,move_early
72.593695,15.1890,0.5710,3.0630,1301.79,move_early
72.603726,10.0310,0.6430,3.0800,1302.40,move_early
72.640307,36.5810,0.6100,3.1350,1302.81,move_early
72.659975,19.6680,0.7160,4.4080,1303.61,move_early
72.670182,10.2070,0.6950,3.0890,1304.41,move_early
72.679940,9.7580,0.7170,3.1130,1305.07,move_early
72.696654,16.7140,0.7650,3.1160,1305.68,move_early
72.709763,13.1090,0.5670,3.1030,1306.30,move_early
72.748146,38.3830,0.5730,3.0930,1306.91,move_early
72.788901,40.7550,0.5900,3.0550,1307.97,move_early
72.799806,10.9050,1.0120,3.0870,1309.92,move_early
72.813114,13.3080,0.8730,3.1420,1310.65,move_early
72.826595,13.4810,0.6270,3.1190,1311.18,move_early
72.840520,13.9250,0.7280,3.1130,1311.72,move_early
72.889681,49.1610,0.6570,3.1010,1312.29,move_early
72.910072,20.3910,0.7950,4.1010,1313.63,move_early
72.926139,16.0670,1.1150,3.0920,1314.46,move_early
72.939743,13.6040,1.0050,4.4080,1315.29,move_early
72.950611,10.8680,0.6510,3.1270,1316.03,move_early
72.984396,33.7850,0.6120,3.1130,1316.68,move_early
72.998799,14.4030,0.6540,3.1410,1317.50,move_early
73.013374,14.5750,0.6730,3.9230,1318.30,move_early
73.022726,9.3520,0.6190,3.8110,1319.10,move_early
73.033538,10.8120,0.5920,3.7930,1319.56,move_early
73.047835,14.2970,0.5990,5.5890,1319.99,move_early
73.058546,10.7110,0.6430,3.7810,1320.56,move_early
73.075847,17.3010,0.5800,3.7470,1320.99,move_early
73.085332,9.4850,0.5890,5.5420,1321.66,move_early
73.094241,8.9090,0.5590,3.7470,1322.06,move_early
73.130258,36.0170,0.5460,5.8400,1322.42,move_early
73.148447,18.1890,0.7130,4.2900,1323.21,move_early
73.160045,11.5980,0.6890,4.1130,1323.93,move_early
73.170409,10.3640,0.6670,5.8190,1324.49,move_early
73.206909,36.5000,0.6440,3.7880,1325.05,move_early
73.244297,37.3880,0.5920,5.2580,1326.27,move_early
73.256539,12.2420,0.6810,2.9790,1327.78,move_early
73.274904,18.3650,0.7170,5.3720,1328.70,move_early
73.286422,11.5180,0.7000,2.9240,1329.66,move_early
73.322278,35.8560,0.6220,4.8900,1330.11,move_early
73.332686,10.4080,0.6030,2.9120,1331.37,move_early
73.343481,10.7950,0.6580,2.9210,1331.63,move_early
73.359911,16.4300,0.6390,2.9550,1332.30,move_early
73.370456,10.5450,0.5830,2.9300,1332.96,move_early
73.410830,40.3740,0.6110,2.9490,1333.37,move_early
73.429729,18.8990,0.6500,3.8240,1334.44,move_early
73.440381,10.6520,0.7690,2.9290,1335.52,move_early
73.465600,25.2190,0.6080,2.9650,1336.03,move_early
73.484106,18.5060,0.6500,4.1380,1336.95,move_early
73.494217,10.1110,0.7310,2.9450,1337.78,move_early
73.503465,9.2480,0.5870,3.2560,1338.44,move_early
73.521058,17.5930,0.6930,2.9370,1338.79,move_early
73.530693,9.6350,0.6820,3.8560,1339.51,move_early
73.575191,44.4980,0.7170,2.9280,1339.88,move_early
73.589586,14.3950,0.5750,4.2380,1340.99,move_early
73.602504,12.9180,0.5850,2.9410,1341.66,move_early
73.612117,9.6130,0.5780,2.9860,1342.33,move_early
73.621429,9.3120,0.5480,2.9300,1342.99,move_early
73.631110,9.6810,0.6220,2.9340,1343.52,move_early
73.644354,13.2440,0.5870,2.9340,1343.91,move_early
73.657486,13.1320,0.6010,2.9540,1344.45,move_early
73.669278,11.7920,0.7040,4.8040,1344.99,move_early
73.686061,16.7830,0.8560,2.9550,1345.46,move_early
73.699976,13.9150,0.7940,4.9490,1346.08,move_early
73.712554,12.5780,0.7870,2.9570,1346.61,move_early
73.723417,10.8630,0.5970,2.9410,1347.16,move_early
73.733823,10.4060,0.6800,4.1910,1347.59,move_early
73.769403,35.5800,0.6380,2.9310,1348.01,move_early
73.780689,11.2860,0.6420,2.9390,1348.77,move_early
73.791029,10.3400,0.6630,3.3310,1349.44,move_early
73.805351,14.3220,0.6370,3.2140,1350.10,move_early
73.845532,40.1810,0.5980,2.9380,1350.77,move_early
73.862143,16.6110,0.5920,2.9440,1352.03,move_early
73.881270,19.1270,0.6780,3.3260,1352.87,move_early
73.894492,13.2220,6.1930,2.9310,1353.67,move_early
73.906056,11.5640,1.0740,2.9440,1354.43,move_early
73.918088,12.0320,0.5880,2.9260,1354.89,move_early
73.931789,13.7010,0.5380,4.2030,1355.38,move_early
73.943305,11.5160,0.5770,2.9270,1355.94,move_early
73.954058,10.7530,0.9010,2.9360,1356.38,move_early
73.992428,38.3700,0.5260,2.9480,1356.81,move_early
74.002935,10.5070,0.5980,2.9240,1357.72,move_early
74.012970,10.0350,0.8400,2.9570,1358.38,move_early
74.023493,10.5230,0.6390,6.0400,1359.05,move_early
74.032559,9.0660,0.6250,3.6950,1359.59,move_early
74.042633,10.0740,0.6530,2.9250,1359.95,move_early
74.052119,9.4860,0.6330,3.7390,1360.35,move_early
74.080190,28.0710,0.6140,2.9380,1360.73,move_early
74.092976,12.7860,0.5980,4.1970,1361.37,move_early
74.102780,9.8040,0.7580,4.9490,1362.03,move_early
74.147319,44.5390,0.6050,2.9070,1362.70,move_early
74.185696,38.3770,0.5720,3.3470,1363.90,move_early
74.202097,16.4010,0.6840,2.9100,1365.76,move_early
74.211927,9.8300,0.7260,3.5370,1366.70,move_early
74.230511,18.5840,0.5870,2.8530,1366.80,move_early
74.240158,9.6470,0.6130,4.1410,1367.54,move_early
74.251022,10.8640,0.6180,2.8380,1367.93,move_early
74.260323,9.3010,0.6390,4.1400,1368.35,move_early
74.282442,22.1190,0.5470,2.8640,1368.75,move_early
74.293726,11.2840,0.5950,4.1070,1369.30,move_early
74.332676,38.9500,0.7250,4.7360,1369.75,move_early
74.350794,18.1180,0.6430,2.8430,1371.33,move_early
74.362613,11.8190,0.8770,2.9020,1372.38,move_early
74.375103,12.4900,0.7870,4.1250,1373.17,move_early
74.385661,10.5580,0.7420,2.8450,1373.67,move_early
74.422883,37.2220,0.6460,2.7370,1374.09,move_early
74.461182,38.2990,0.6030,3.9350,1375.37,move_early
74.480695,19.5130,0.6210,2.6820,1376.45,move_early
74.491201,10.5060,0.7560,2.6830,1377.34,move_early
74.503362,12.1610,0.7370,2.6910,1378.23,move_early
74.513212,9.8500,0.6300,3.6500,1378.79,move_early
74.523110,9.8980,0.6390,3.9100,1379.19,move_early
74.532510,9.4000,0.6150,2.7030,1379.57,move_early
74.544780,12.2700,0.5630,2.6940,1379.91,move_early
74.555225,10.4450,0.6180,5.5860,1380.31,move_early
74.589441,34.2160,0.6010,2.7020,1380.75,move_early
74.604178,14.7370,0.5960,2.7190,1381.57,move_early
74.615966,11.7880,0.6680,2.6820,1382.15,move_early
74.626406,10.4400,0.5620,2.6850,1382.65,move_early
74.636941,10.5350,0.5680,4.4780,1383.15,move_early
74.653759,16.8180,0.5380,2.6370,1383.65,move_early
74.665352,11.5930,0.5700,4.4710,1384.17,move_early
74.674839,9.4870,0.5450,2.6670,1384.67,move_early
74.692511,17.6720,0.5510,3.2040,1385.17,move_early
74.707584,15.0730,0.5670,2.6650,1385.71,move_early
74.718043,10.4590,0.8220,3.2000,1386.29,move_early
74.731260,13.2170,0.5990,3.2500,1386.81,move_early
74.766877,35.6170,0.5450,2.6300,1387.33,move_early
74.780226,13.3490,0.5970,2.6520,1388.67,move_early
74.792117,11.8910,0.6390,2.6390,1389.53,move_early
74.805977,13.8600,0.6210,2.6390,1390.03,move_early
74.815925,9.9480,0.7890,2.6680,1390.89,move_early
74.828292,12.3670,0.5700,2.6510,1391.29,move_early
74.843159,14.8670,0.5870,4.8530,1391.79,move_early
74.856784,13.6250,0.6010,2.6410,1392.37,move_early
74.874262,17.4780,0.5810,2.6430,1392.93,move_early
74.894190,19.9280,0.5850,2.6360,1393.60,move_early
74.905561,11.3710,0.6000,3.2460,1394.26,move_early
74.916634,11.0730,0.6310,3.2130,1394.89,move_early
74.927974,11.3400,0.8230,2.6350,1395.33,move_early
74.964894,36.9200,0.6960,3.2010,1395.77,move_early
75.007031,42.1370,0.5860,3.8940,1396.61,move_early
75.024753,17.7220,0.7840,4.0660,1398.63,move_early
75.037882,13.1290,0.8350,3.6220,1399.37,move_early
75.053196,15.3140,0.6970,2.6490,1400.17,move_early
75.063263,10.0670,0.6190,2.6370,1400.78,move_early
75.073639,10.3760,0.5900,2.6550,1401.18,move_early
75.088172,14.5330,0.5630,4.0400,1401.59,move_early
75.107781,19.6090,0.5580,2.6550,1402.19,move_early
75.118526,10.7450,0.6080,4.9380,1402.85,move_early
75.128695,10.1690,0.7100,2.6470,1403.39,move_early
75.141971,13.2760,0.5680,3.6060,1403.80,move_early
75.153146,11.1750,0.5200,2.6510,1404.33,move_early
75.163677,10.5310,0.6250,2.6610,1404.80,move_early
75.175472,11.7950,0.7230,3.2250,1405.19,move_early
75.184758,9.2860,0.5830,2.6480,1405.66,move_early
75.193503,8.7450,0.5870,2.6370,1406.04,move_early
75.205423,11.9200,0.5810,2.6430,1406.39,move_early
75.216891,11.4680,0.5500,4.4830,1406.85,move_early
75.230213,13.3220,0.6460,2.6420,1407.30,move_early
75.265940,35.7270,0.5840,2.6780,1407.74,move_early
75.284952,19.0120,0.6060,2.6610,1408.64,move_early
75.298234,13.2820,0.7380,2.6480,1409.40,move_early
75.312820,14.5860,0.6610,2.6590,1410.07,move_early
75.323764,10.9440,0.6240,2.6760,1410.74,move_early
75.334400,10.6360,0.6150,3.0080,1411.40,move_early
75.347284,12.8840,0.6440,2.6390,1412.02,move_early
75.382392,35.1080,0.5810,3.3510,1412.55,move_early
75.396983,14.5910,0.6530,4.1240,1413.29,move_early
75.435964,38.9810,0.6280,2.6720,1413.89,move_early
75.451251,15.2870,0.6200,3.7810,1415.78,move_early
75.461270,10.0190,0.7820,2.6480,1416.70,move_early
75.474078,12.8080,0.6890,5.4600,1416.78,move_early
75.484294,10.2160,0.5870,2.6580,1417.28,move_early
75.534918,50.6240,0.5560,2.6850,1417.68,move_early
75.546855,11.9370,0.5310,2.6470,1419.72,move_early
75.560922,14.0670,0.6650,3.8410,1420.20,move_early
75.601066,40.1440,0.5750,2.6490,1421.09,move_early
75.619344,18.2780,0.5980,2.6480,1422.09,move_early
75.629348,10.0040,0.6210,2.6400,1423.09,move_early
75.638696,9.3480,0.6170,2.6610,1423.83,move_early
75.652024,13.3280,0.6120,3.2900,1424.20,move_early
75.669569,17.5450,0.6010,3.7020,1424.74,move_early
75.682058,12.4890,0.6540,3.8690,1425.44,move_early
75.721196,39.1380,0.6340,2.6430,1425.94,move_early
75.733130,11.9340,0.5450,2.6800,1426.85,move_early
75.745372,12.2420,0.6690,2.6380,1427.52,move_early
75.755480,10.1080,0.6180,2.6340,1428.18,move_early
75.767810,12.3300,0.6440,2.6600,1428.85,move_early
75.777357,9.5470,0.6160,2.6430,1429.36,move_early
75.787368,10.0110,0.5770,2.6410,1429.75,move_early
75.797345,9.9770,0.6060,2.6380,1430.15,move_early
75.812854,15.5090,0.5830,2.6190,1430.57,move_early
75.822417,9.5630,0.7610,2.6300,1431.07,move_early
75.832348,9.9310,0.6300,2.6650,1431.55,move_early
75.844096,11.7480,0.5330,2.6320,1431.95,move_early
75.867150,23.0540,0.7660,2.6230,1432.42,move_early
75.878174,11.0240,1.6600,2.6330,1432.90,move_early
75.887423,9.2490,0.7180,2.6460,1433.37,move_early
75.911954,24.5310,0.6210,2.6150,1433.84,move_early
75.934889,22.9350,0.6580,2.6420,1434.53,move_early
75.956343,21.4540,1.0440,2.6360,1435.43,move_early
75.977633,21.2900,0.8670,2.6310,1436.60,move_early
75.990586,12.9530,8.3440,3.7760,1437.27,move_early
76.006453,15.8670,0.7350,2.6480,1437.93,move_early
76.020169,13.7160,0.7810,2.6450,1438.60,move_early
76.034354,14.1850,1.0790,2.6430,1439.27,move_early
76.048093,13.7390,0.8400,2.6530,1439.93,move_early
76.060896,12.8030,0.9620,2.6700,1440.60,move_early
76.080503,19.6070,1.0410,2.6370,1441.11,move_early
76.096013,15.5100,0.7980,2.6360,1441.78,move_early
76.109908,13.8950,0.8480,2.6390,1442.45,move_early
76.122166,12.2580,0.8760,2.6330,1443.07,move_early
76.158679,36.5130,0.7360,2.6320,1443.56,move_early
76.170175,11.4960,0.7400,2.6290,1444.70,move_early
76.213642,43.4670,0.9850,2.6230,1445.37,move_early
76.230982,17.3400,0.7170,2.6380,1446.56,move_early
76.242864,11.8820,0.8250,2.6390,1447.28,move_early
76.257162,14.2980,0.7540,4.8560,1448.01,move_early
76.276566,19.4040,0.5660,2.6390,1448.67,move_early
76.287771,11.2050,0.5760,2.6100,1449.37,move_early
76.297917,10.1460,0.8180,2.6460,1450.03,move_early
76.310591,12.6740,0.6600,2.6440,1450.58,move_early
76.330767,20.1760,0.6040,2.6110,1451.09,move_early
76.347513,16.7460,0.7440,2.6220,1451.76,move_early
76.359521,12.0080,0.9260,2.6210,1452.42,move_early
76.368517,8.9960,0.7790,2.6580,1453.03,move_early
76.381593,13.0760,0.5710,2.6280,1453.40,move_early
76.394649,13.0560,0.5800,2.6130,1453.92,move_early
76.407706,13.0570,0.5900,2.6180,1454.44,move_early
76.431548,23.8420,0.6350,2.6380,1454.96,move_early
76.444551,13.0030,0.5710,2.6400,1455.59,move_early
76.462498,17.9470,0.6560,2.6360,1456.20,move_early
76.486182,23.6840,0.6880,2.6270,1456.83,move_early
76.498899,12.7170,0.6500,3.4120,1457.50,move_early
76.537686,38.7870,0.7060,4.2650,1458.16,move_early
76.549209,11.5230,0.5600,2.6260,1459.52,move_early
76.588377,39.1680,0.7900,3.5290,1460.19,move_early
76.603332,14.9550,0.6700,2.6230,1461.56,move_early
76.614064,10.7320,0.8840,2.6440,1462.45,move_early
76.629636,15.5720,0.6500,2.6330,1463.24,move_early
76.640628,10.9920,0.7920,3.4790,1463.85,move_early
76.676863,36.2350,0.6300,2.6330,1464.28,move_early
76.694292,17.4290,0.5950,3.9330,1465.37,move_early
76.705302,11.0100,0.7910,3.9000,1466.20,move_early
76.717660,12.3580,0.7790,2.6110,1466.87,move_early
76.730914,13.2540,0.5790,2.6180,1467.40,move_early
76.755197,24.2830,1.4340,2.6160,1468.17,move_early
76.780284,25.0870,0.7940,2.8440,1468.92,move_early
76.790589,10.3050,1.1170,5.9900,1469.70,move_early
76.800218,9.6290,0.7660,2.6460,1470.28,move_early
76.810926,10.7080,0.6040,4.3030,1470.66,move_early
76.823170,12.2440,0.5360,2.6450,1471.08,move_early
76.835771,12.6010,0.5340,4.2630,1471.57,move_early
76.870444,34.6730,0.5490,2.6600,1472.08,move_early
76.891082,20.6380,0.5560,2.6310,1472.83,move_early
76.901299,10.2170,0.7520,2.6280,1473.65,move_early
76.915043,13.7440,0.8410,2.6470,1474.32,move_early
76.954274,39.2310,0.6250,4.2990,1474.93,move_early
76.966498,12.2240,0.6290,4.2960,1476.22,move_early
76.980189,13.6910,1.0080,3.9010,1476.89,move_early
76.994438,14.2490,0.8600,2.6650,1477.55,move_early
77.028658,34.2200,1.1620,2.6300,1478.22,move_early
77.040346,11.6880,0.6570,2.6110,1479.15,move_early
77.051191,10.8450,0.7180,2.6290,1479.88,move_early
77.063737,12.5460,0.8260,3.6980,1480.54,move_early
77.075075,11.3380,0.6600,2.6570,1481.21,move_early
77.098574,23.4990,0.5800,2.6070,1481.65,move_early
77.121728,23.1540,0.5580,2.6480,1482.32,move_early
77.131654,9.9260,0.5780,2.6210,1483.04,move_early
77.167651,35.9970,0.6130,2.6300,1483.71,move_early
77.177628,9.9770,0.5970,2.6210,1484.70,move_early
77.188305,10.6770,0.6560,2.6190,1485.42,move_early
77.197904,9.5990,0.6080,2.6450,1486.09,move_early
77.208136,10.2320,0.5660,2.6170,1486.59,move_early
77.218043,9.9070,0.6510,2.6410,1486.97,move_early
77.230399,12.3560,0.5150,3.8460,1487.37,move_early
77.239535,9.1360,0.6090,2.6340,1487.82,move_early
77.249077,9.5420,0.5260,2.6030,1488.23,move_early
77.260717,11.6400,0.5300,2.6290,1488.61,move_early
77.274655,13.9380,0.4990,4.7730,1489.05,move_early
77.285546,10.8910,0.5220,2.6460,1489.49,move_early
77.324233,38.6870,0.5610,2.6380,1489.92,move_early
77.355768,31.5350,0.6550,2.5990,1491.01,move_early
77.369564,13.7960,0.9290,3.6160,1492.59,move_early
77.381374,11.8100,0.8070,2.6280,1493.10,move_early
77.425475,44.1010,0.6360,2.6040,1493.92,move_early
77.442080,16.6050,0.7730,4.3000,1495.02,move_early
77.453529,11.4490,0.6750,2.6130,1496.00,move_early
77.465116,11.5870,0.5420,2.6050,1496.79,move_early
77.475535,10.4190,0.5620,2.6110,1496.92,move_early
77.495998,20.4630,0.5550,4.4760,1497.58,move_early
77.506657,10.6590,1.3130,2.6200,1498.25,move_early
77.517007,10.3500,0.6300,2.6260,1498.70,move_early
77.526738,9.7310,0.6330,2.8740,1499.14,move_early
77.544501,17.7630,0.5730,2.6450,1499.58,move_early
77.554968,10.4670,0.5470,2.6180,1500.08,move_early
77.563712,8.7440,0.6200,2.6580,1500.56,move_early
77.578559,14.8470,0.5280,4.3150,1501.04,move_early
77.596105,17.5460,0.5060,3.2460,1501.51,move_early
77.605898,9.7930,0.6270,3.7260,1502.03,move_early
77.615501,9.6030,0.5750,2.6050,1502.53,move_early
77.626350,10.8490,0.5430,2.5970,1503.02,move_early
77.648677,22.3270,0.4990,2.6390,1503.50,move_early
77.688023,39.3460,0.5280,2.6160,1504.03,move_early
77.706282,18.2590,0.6170,2.6320,1505.52,move_early
77.719444,13.1620,0.7700,3.4560,1505.52,move_early
77.736169,16.7250,0.5430,2.6570,1505.52,move_early
77.771653,35.4840,0.7080,2.6250,1505.52,move_early
77.782176,10.5230,0.6200,2.6060,1505.52,move_early
77.795128,12.9520,0.5930,2.6100,1505.52,move_early
77.807124,11.9960,0.7430,2.6150,1505.52,move_early
77.823384,16.2600,0.6440,2.6520,1505.52,move_early
77.834571,11.1870,0.6010,2.6720,1505.52,move_early
77.845270,10.6990,0.5330,2.6500,1505.52,move_early
77.855389,10.1190,0.5670,2.6170,1505.52,move_early
77.869834,14.4450,0.5280,2.6430,1505.52,move_early
77.880712,10.8780,0.5330,2.8310,1505.52,move_early
77.914436,33.7240,0.5590,2.6070,1505.52,move_early
77.951655,37.2190,0.5510,3.8530,1505.52,move_early
77.985420,33.7650,0.6080,2.6670,1505.52,move_early
77.999403,13.9830,0.6090,4.3220,1505.52,move_early
78.013972,14.5690,0.6490,2.6090,1505.52,move_early
78.031153,17.1810,0.5980,2.6130,1505.52,move_early
78.041615,10.4620,3.7370,2.6510,1505.52,move_early
78.056255,14.6400,0.5920,2.6460,1505.52,move_early
78.094083,37.8280,0.5570,2.6170,1505.52,move_early
78.105548,11.4650,0.5400,2.6210,1505.52,move_early
78.123398,17.8500,0.6050,2.6550,1505.52,move_early
78.133062,9.6640,0.6390,2.6310,1505.52,move_early
78.144118,11.0560,0.5300,2.6500,1505.52,move_early
78.153982,9.8640,0.5570,3.4310,1505.52,move_early
78.166610,12.6280,0.5610,2.6390,1505.52,move_early
78.175749,9.1390,0.7590,2.6250,1505.52,move_early
78.186229,10.4800,0.5810,4.5060,1505.52,move_early
78.200234,14.0050,0.7090,3.7510,1505.52,move_early
78.239070,38.8360,0.5170,2.6540,1505.52,move_early
78.259512,20.4420,0.5280,2.6670,1505.52,move_early
78.272333,12.8210,1.6240,2.6440,1505.52,move_early
78.281261,8.9280,0.5310,2.6050,1505.52,move_early
78.291359,10.0980,0.5620,3.7080,1505.52,move_early
78.307896,16.5370,0.5120,2.6120,1505.52,move_early
78.322772,14.8760,0.5680,3.8410,1505.52,move_early
78.337466,14.6940,1.8460,2.6490,1505.52,move_early
78.354445,16.9790,0.5710,2.6360,1505.52,move_early
78.366439,11.9940,0.5130,2.6620,1505.52,move_early
78.378949,12.5100,0.5690,2.6450,1505.52,move_early
78.390115,11.1660,1.4310,2.6470,1505.52,move_early
78.402023,11.9080,0.5480,2.6630,1505.52,move_early
78.414717,12.6940,0.5730,2.6350,1505.52,move_early
78.426217,11.5000,0.5550,2.6500,1505.52,move_early
78.438371,12.1540,0.9280,2.6620,1505.52,move_early
78.459029,20.6580,0.5440,2.6210,1505.52,move_early
78.471973,12.9440,0.5190,2.6340,1505.52,move_early
78.483777,11.8040,1.1510,4.2870,1505.52,move_early
78.496526,12.7490,0.6390,3.9080,1505.52,move_early
78.516289,19.7630,0.7430,2.6510,1505.52,move_early
78.538222,21.9330,1.8490,2.6680,1505.52,move_early
78.554882,16.6600,5.3280,2.6690,1505.52,move_early
78.576114,21.2320,3.7000,4.3060,1505.52,move_early
78.590598,14.4840,2.6470,2.6550,1505.52,move_early
78.608858,18.2600,0.5880,4.2850,1505.52,move_early
78.626044,17.1860,1.3320,2.6500,1505.52,move_early
78.637829,11.7850,2.2270,2.6860,1505.52,move_early
78.652076,14.2470,0.5780,2.6860,1505.52,move_early
78.664666,12.5900,3.9440,2.6960,1505.52,move_early
78.680917,16.2510,0.5950,2.7200,1505.52,move_early
78.694496,13.5790,3.1120,2.6960,1505.52,move_early
78.706915,12.4190,2.8750,2.6800,1505.52,move_early
78.721223,14.3080,0.5270,2.7080,1505.52,move_early
78.738697,17.4740,0.7350,2.7040,1505.52,move_early
78.754427,15.7300,1.4190,2.7110,1505.52,move_early
78.773391,18.9640,0.8390,2.7100,1505.52,move_early
78.810137,36.7460,0.7950,2.7230,1505.52,move_early
78.828341,18.2040,0.8220,2.9360,1505.52,move_early
78.843431,15.0900,0.9100,2.9480,1505.52,move_early
78.858149,14.7180,1.2770,2.9420,1505.52,move_early
78.870243,12.0940,1.1330,2.9230,1505.52,move_early
78.882326,12.0830,0.6700,2.9680,1505.52,move_early
78.894436,12.1100,0.6110,4.1190,1505.52,move_early
78.910375,15.9390,0.5800,2.9610,1505.52,move_early
78.922907,12.5320,0.6510,3.0010,1505.52,move_early
78.937759,14.8520,0.5750,4.7070,1505.52,move_early
78.949448,11.6890,0.5500,2.9920,1505.52,move_early
78.976786,27.3380,0.5460,2.9970,1505.52,move_early
78.988721,11.9350,0.5750,2.9910,1505.52,move_early
79.000417,11.6960,0.6950,3.4010,1505.52,move_early
79.012978,12.5610,0.5890,3.8480,1505.52,move_early
79.029569,16.5910,0.5860,4.3010,1505.52,move_early
79.042394,12.8250,0.7380,3.0900,1505.52,move_early
79.056606,14.2120,0.9640,3.8590,1505.52,move_early
79.072462,15.8560,0.6060,5.1510,1505.52,move_early
79.084038,11.5760,0.6670,5.1130,1505.52,move_early
79.095100,11.0620,0.5800,4.6670,1505.52,move_early
79.116690,21.5900,0.5620,4.3290,1505.52,move_early
79.135913,19.2230,0.5870,3.0860,1505.52,move_early
79.149395,13.4820,4.5330,3.4150,1505.52,move_early
79.165100,15.7050,0.7100,3.5560,1505.52,move_early
79.176208,11.1080,0.6880,3.8050,1505.52,move_early
79.186850,10.6420,0.7030,3.0850,1505.52,move_early
79.198773,11.9230,0.5580,3.7900,1505.52,move_early
79.211659,12.8860,0.5700,3.1750,1505.52,move_early
79.222579,10.9200,0.6690,2.8170,1505.52,move_early
79.233570,10.9910,0.6080,3.8110,1505.52,move_early
79.244620,11.0500,0.5690,4.0770,1505.52,move_early
79.258344,13.7240,0.5940,3.1630,1505.52,move_early
79.270611,12.2670,0.6510,4.6680,1505.52,move_early
79.283037,12.4260,0.8260,4.8740,1505.52,move_early
79.291671,8.6340,0.6420,2.8320,1505.52,move_early
79.333296,41.6250,0.5850,2.8440,1505.52,move_early
79.346575,13.2790,0.6120,2.8610,1505.52,move_early
79.365896,19.3210,4.0570,3.3800,1505.52,move_early
79.381312,15.4160,0.7770,4.1030,1505.52,move_early
79.400598,19.2860,0.6990,2.8410,1505.52,move_early
79.415959,15.3610,2.7300,4.5690,1505.52,move_early
79.435128,19.1690,1.8490,2.8290,1505.52,move_early
79.453424,18.2960,0.6220,2.8630,1505.52,move_early
79.477146,23.7220,1.5120,2.8590,1505.52,move_early
79.494121,16.9750,0.6440,4.8920,1505.52,move_early
79.520557,26.4360,4.2150,4.6450,1505.52,move_early
79.531843,11.2860,4.5630,2.8720,1505.52,move_early
79.543583,11.7400,0.6030,2.8580,1505.52,move_early
79.557915,14.3320,0.5250,2.8430,1505.52,move_early
79.574719,16.8040,0.5430,4.5960,1505.52,move_early
79.587425,12.7060,1.0540,4.2540,1505.52,move_early
79.598267,10.8420,1.8730,2.8570,1505.52,move_early
79.609104,10.8370,0.5740,3.1420,1505.52,move_early
79.628706,19.6020,0.5880,4.1070,1505.52,move_early
79.644839,16.1330,0.6060,2.8490,1505.52,move_early
79.656246,11.4070,4.2810,4.1280,1505.52,move_early
79.670589,14.3430,0.5800,2.8690,1505.52,move_early
79.681606,11.0170,0.5630,3.3600,1505.52,move_early
79.691158,9.5520,0.5830,3.3740,1505.52,move_early
79.701959,10.8010,0.5780,4.0810,1505.52,move_early
79.714668,12.7090,0.5640,3.2620,1505.52,move_early
79.730776,16.1080,0.5990,2.8580,1505.52,move_early
79.747375,16.5990,0.5780,2.8450,1505.52,move_early
79.761264,13.8890,2.0870,4.5870,1505.52,move_early
79.771323,10.0590,0.5450,3.1480,1505.52,move_early
79.786632,15.3090,0.9090,2.8320,1505.52,move_early
79.823262,36.6300,0.8190,2.8910,1505.52,move_early
79.834121,10.8590,0.6230,4.6030,1505.52,move_early
79.848293,14.1720,0.7820,3.1470,1505.52,move_early
79.862659,14.3660,0.6320,4.1060,1505.52,move_early
79.878232,15.5730,2.7780,4.6060,1505.52,move_early
79.920299,42.0670,0.9570,4.3270,1505.52,move_early
79.958920,38.6210,0.9820,3.9850,1505.52,move_early
79.974892,15.9720,1.3620,2.8380,1505.52,move_early
80.016473,41.5810,0.7010,4.1050,1505.52,move_early
80.038249,21.7760,2.4060,2.8610,1505.52,move_early
80.054348,16.0990,3.1280,2.8760,1505.52,move_early
80.097459,43.1110,0.8920,3.3190,1505.52,move_early
80.107979,10.5200,0.7910,2.8570,1505.52,move_early
80.128813,20.8340,0.8040,2.8580,1505.52,steady
80.140404,11.5910,3.9260,2.8630,1505.52,steady
80.153247,12.8430,0.7230,3.3610,1505.52,steady
80.163088,9.8410,0.6370,4.0980,1505.52,steady
80.173856,10.7680,0.6490,2.8800,1505.52,steady
80.189187,15.3310,0.5980,3.3810,1505.52,steady
80.200664,11.4770,0.6590,2.8760,1505.52,steady
80.220058,19.3940,0.6580,4.0820,1505.52,steady
80.258010,37.9520,0.6090,2.8680,1505.52,steady
80.270711,12.7010,0.6650,2.8450,1505.52,steady
80.306367,35.6560,0.6500,2.8900,1505.52,steady
80.322035,15.6680,0.5990,2.8690,1505.52,steady
80.332644,10.6090,0.6570,2.8380,1505.52,steady
80.366314,33.6700,0.5610,2.8330,1505.52,steady
80.399198,32.8840,0.6020,2.8590,1505.52,steady
80.408835,9.6370,0.8330,2.8810,1505.52,steady
80.417821,8.9860,0.5650,2.8300,1505.52,steady
80.453207,35.3860,0.5560,2.8430,1505.52,steady
80.466070,12.8630,0.5850,2.8630,1505.52,steady
80.479707,13.6370,0.6010,2.8300,1505.52,steady
80.490295,10.5880,0.6170,2.8610,1505.52,steady
80.510198,19.9030,0.6260,2.8860,1505.52,steady
80.519903,9.7050,0.5860,2.8490,1505.52,steady
80.529387,9.4840,0.6120,3.9940,1505.52,steady
80.538808,9.4210,0.5810,2.8380,1505.52,steady
80.548941,10.1330,0.6150,2.8890,1505.52,steady
80.563353,14.4120,0.6320,3.8820,1505.52,steady
80.601983,38.6300,0.6190,2.8690,1505.52,steady
80.616218,14.2350,0.6480,2.8730,1505.52,steady
80.626607,10.3890,0.7660,2.8410,1505.52,steady
80.664075,37.4680,0.6490,2.8290,1505.52,steady
80.696197,32.1220,0.6720,2.8920,1505.52,steady
80.719285,23.0880,0.7060,3.8050,1505.52,steady
80.730162,10.8770,0.5890,2.8880,1505.52,steady
80.740215,10.0530,0.6690,2.8530,1505.52,steady
80.750380,10.1650,0.6120,2.8590,1505.52,steady
80.760468,10.0880,0.5790,4.2550,1505.52,steady
80.791791,31.3230,0.5710,2.8540,1505.52,steady
80.817074,25.2830,0.6380,2.8450,1505.52,steady
80.853738,36.6640,0.6990,2.8650,1505.52,steady
80.871532,17.7940,0.6520,2.8320,1505.52,steady
80.881112,9.5800,0.6750,2.8420,1505.52,steady
80.894798,13.6860,0.7220,2.8400,1505.52,steady
80.905574,10.7760,0.5890,2.8410,1505.52,steady
80.915671,10.0970,0.5580,2.8460,1505.52,steady
80.950287,34.6160,0.5740,4.0810,1505.52,steady
80.961078,10.7910,0.5980,2.8240,1505.52,steady
80.971765,10.6870,0.6180,2.8600,1505.52,steady
80.981475,9.7100,0.6300,3.5870,1505.52,steady
80.995859,14.3840,0.6200,2.8290,1505.52,steady
81.005497,9.6380,0.5770,2.8470,1505.52,steady
81.017737,12.2400,0.5590,4.0750,1505.52,steady
81.027824,10.0870,0.5440,2.8410,1505.52,steady
81.038123,10.2990,0.6440,2.8480,1505.52,steady
81.048661,10.5380,0.5810,2.8540,1505.52,steady
81.059002,10.3410,0.6280,4.2970,1505.52,steady
81.068543,9.5410,0.5920,2.8870,1505.52,steady
81.081559,13.0160,0.5700,4.0440,1505.52,steady
81.090556,8.9970,0.5620,3.8540,1505.52,steady
81.128121,37.5650,0.6470,2.8450,1505.52,steady
81.137987,9.8660,0.5490,2.8590,1505.52,steady
81.149051,11.0640,0.6230,2.8610,1505.52,steady
81.168513,19.4620,0.6100,2.8300,1505.52,steady
81.182202,13.6890,0.5450,2.8410,1505.52,steady
81.193851,11.6490,0.6540,2.8550,1505.52,steady
81.203235,9.3840,0.5590,2.8490,1505.52,steady
81.213608,10.3730,0.6250,2.8310,1505.52,steady
81.223062,9.4540,0.6090,2.8360,1505.52,steady
81.238058,14.9960,0.6960,2.8370,1505.52,steady
81.252111,14.0530,0.6020,2.8570,1505.52,steady
81.261807,9.6960,0.6500,2.8670,1505.52,steady
81.273215,11.4080,0.6170,2.8750,1505.52,steady
81.283110,9.8950,0.5730,4.7500,1505.52,steady
81.292906,9.7960,0.6860,2.8770,1505.52,steady
81.302726,9.8200,0.5930,2.8460,1505.52,steady
81.336614,33.8880,0.6150,2.8540,1505.52,steady
81.346384,9.7700,0.6880,2.8620,1505.52,steady
81.356886,10.5020,0.6100,4.1200,1505.52,steady
81.374177,17.2910,0.6040,2.8600,1505.52,steady
81.393567,19.3900,0.6610,3.8280,1505.52,steady
81.404222,10.6550,0.7150,2.8450,1505.52,steady
81.416455,12.2330,0.7710,4.0600,1505.52,steady
81.438603,22.1480,0.6310,2.8760,1505.52,steady
81.454275,15.6720,0.6240,2.8550,1505.52,steady
81.463945,9.6700,0.6250,2.8760,1505.52,steady
81.500153,36.2080,0.5790,2.8790,1505.52,steady
81.510761,10.6080,0.5970,3.8660,1505.52,steady
81.524194,13.4330,0.6940,2.8540,1505.52,steady
81.534574,10.3800,0.6830,4.0440,1505.52,steady
81.544883,10.3090,0.6600,2.8350,1505.52,steady
81.568472,23.5890,0.6060,2.8440,1505.52,steady
81.610176,41.7040,0.6230,2.8870,1505.52,steady
81.621322,11.1460,0.6570,3.8030,1505.52,steady
81.630952,9.6300,0.8250,2.9580,1505.52,steady
81.643356,12.4040,0.5960,2.9850,1505.52,steady
81.653719,10.3630,0.6280,3.2530,1505.52,steady
81.697242,43.5230,0.6250,2.9530,1505.52,steady
81.734426,37.1840,0.6290,4.1920,1505.52,steady
81.769463,35.0370,0.6690,4.1910,1505.52,steady
81.803020,33.5570,0.7270,2.9770,1505.52,steady
81.815844,12.8240,0.6940,2.9880,1505.52,steady
81.825720,9.8760,0.8270,3.0310,1505.52,steady
81.836752,11.0320,0.6320,3.0540,1505.52,steady
81.848627,11.8750,0.6270,3.0290,1505.52,steady
81.863183,14.5560,0.6590,3.0560,1505.52,steady
81.898312,35.1290,0.7200,3.0400,1505.52,steady
81.908814,10.5020,0.7780,3.0390,1505.52,steady
81.918922,10.1080,0.6260,3.0500,1505.52,steady
81.953753,34.8310,0.7730,3.9830,1505.52,steady
81.994373,40.6200,0.6050,3.0590,1505.52,steady
82.007390,13.0170,0.7980,3.0580,1505.52,steady
82.016980,9.5900,0.7700,3.1080,1505.52,steady
82.029826,12.8460,0.6050,3.0840,1505.52,steady
82.051382,21.5560,0.6220,3.0960,1505.52,steady
82.087850,36.4680,0.7060,3.1000,1505.52,steady
82.099013,11.1630,0.6790,3.1020,1505.52,steady
82.109065,10.0520,0.7600,3.0930,1505.52,steady
82.118539,9.4740,0.6580,3.0990,1505.52,steady
82.129809,11.2700,0.6100,4.8450,1505.52,steady
82.145878,16.0690,0.6150,3.0690,1505.52,steady
82.178150,32.2720,0.6520,5.0010,1505.52,steady
82.190837,12.6870,0.6770,3.7760,1505.52,steady
82.217530,26.6930,0.7040,4.5880,1505.52,steady
82.235821,18.2910,0.6430,4.6820,1505.52,steady
82.247394,11.5730,0.6310,3.0940,1505.52,steady
82.257234,9.8400,0.6250,3.0890,1505.52,steady
82.272023,14.7890,0.5830,3.1420,1505.52,steady
82.285286,13.2630,0.6040,4.1670,1505.52,steady
82.294711,9.4250,0.6130,3.1230,1505.52,steady
82.304803,10.0920,0.5650,3.1200,1505.52,steady
82.314369,9.5660,0.7090,3.6930,1505.52,steady
82.322933,8.5640,0.5770,4.6460,1505.52,steady
82.335364,12.4310,0.5810,3.1360,1505.52,steady
82.345742,10.3780,0.7080,4.3720,1505.52,steady
82.355808,10.0660,0.5430,3.1280,1505.52,steady
82.368847,13.0390,0.6150,3.0990,1505.52,steady
82.379113,10.2660,0.6690,3.1060,1505.52,steady
82.388359,9.2460,0.6170,3.0990,1505.52,steady
82.397404,9.0450,0.5900,3.1120,1505.52,steady
82.406861,9.4570,0.5340,3.3390,1505.52,steady
82.415309,8.4480,0.5900,3.0810,1505.52,steady
82.424686,9.3770,0.5530,3.1020,1505.52,steady
82.436282,11.5960,0.7420,4.6090,1505.52,steady
82.447378,11.0960,0.6430,3.0560,1505.52,steady
82.460898,13.5200,0.5820,4.5270,1505.52,steady
82.473657,12.7590,0.5930,3.0930,1505.52,steady
82.488459,14.8020,0.6130,3.0780,1505.52,steady
82.497556,9.0970,0.6310,3.0650,1505.52,steady
82.507340,9.7840,0.8000,4.3210,1505.52,steady
82.548448,41.1080,0.5910,3.7300,1505.52,steady
82.564171,15.7230,0.6110,3.0620,1505.52,steady
82.578528,14.3570,0.6980,4.3480,1505.52,steady
82.588777,10.2490,0.6430,3.0730,1505.52,steady
82.622592,33.8150,0.6150,3.1010,1505.52,steady
82.635096,12.5040,0.6360,4.6270,1505.52,steady
82.645200,10.1040,0.8600,4.5990,1505.52,steady
82.656180,10.9800,0.7030,3.0490,1505.52,steady
82.665690,9.5100,0.6640,3.5400,1505.52,steady
82.676782,11.0920,0.6060,3.0820,1505.52,steady
82.698825,22.0430,0.6860,4.6280,1505.52,steady
82.709515,10.6900,0.6160,3.0820,1505.52,steady
82.719480,9.9650,0.6450,3.0850,1505.52,steady
82.755351,35.8710,0.6160,3.0510,1505.52,steady
82.773018,17.6670,0.5910,3.0760,1505.52,steady
82.809011,35.9930,0.8390,4.6510,1505.52,steady
82.819415,10.4040,0.6880,3.0460,1505.52,steady
82.830236,10.8210,0.7160,3.0420,1505.52,steady
82.841190,10.9540,0.7410,4.5460,1505.52,steady
82.854893,13.7030,0.7540,3.0950,1505.52,steady
82.864817,9.9240,0.6140,3.0380,1505.52,steady
82.876175,11.3580,0.6400,4.0980,1505.52,steady
82.911396,35.2210,0.6760,3.1000,1505.52,steady
82.924164,12.7680,0.6130,3.0640,1505.52,steady
82.958473,34.3090,0.7120,3.0570,1505.52,steady
82.995317,36.8440,0.6730,4.8480,1505.52,steady
83.015495,20.1780,0.8720,4.6290,1505.52,steady
83.049440,33.9450,0.7300,3.1030,1505.52,steady
83.070094,20.6540,0.6050,3.0520,1505.52,steady
83.078379,8.2850,0.8290,4.5470,1505.52,steady
83.121635,43.2560,0.7040,3.0540,1505.52,steady
83.153862,32.2270,0.6050,3.0570,1505.52,steady
83.158784,4.9220,0.7130,3.0610,1505.52,steady
83.166782,7.9980,0.6230,3.0640,1505.52,steady
83.169975,3.1930,0.5360,3.0410,1505.52,steady
83.174906,4.9310,0.5320,4.2990,1505.52,steady
83.178761,3.8550,0.5420,3.0670,1505.52,steady
83.183108,4.3470,0.5330,4.6380,1505.52,steady
83.186687,3.5790,0.5820,3.0410,1505.52,steady
83.194548,7.8610,0.5410,3.3580,1505.52,steady
83.197977,3.4290,0.5470,3.0470,1505.52,steady
83.202190,4.2130,0.5490,4.3120,1505.52,steady
83.205661,3.4710,0.5240,3.0930,1505.52,steady
83.210462,4.8010,0.5480,4.6960,1505.52,steady
83.213619,3.1570,0.5570,3.0520,1505.52,steady
83.218272,4.6530,0.5290,3.3490,1505.52,steady
83.223017,4.7450,0.5530,4.3050,1505.52,steady
83.226098,3.0810,0.5260,3.0980,1505.52,steady
83.230832,4.7340,0.5190,4.6860,1505.52,steady
83.234009,3.1770,0.5210,3.0920,1505.52,steady
83.239145,5.1360,0.5280,3.4550,1505.52,steady
83.248176,9.0310,0.5700,3.0460,1505.52,steady
83.251425,3.2490,0.5410,3.4450,1505.52,steady
83.259770,8.3450,0.5220,3.0920,1505.52,steady
83.268574,8.8040,0.5200,5.1340,1505.52,steady
83.277012,8.4380,0.5950,3.4600,1505.52,steady
83.280287,3.2750,0.5360,3.0920,1505.52,steady
83.289190,8.9030,0.5350,3.0760,1505.52,steady
83.295501,6.3110,0.5380,3.1110,1505.52,steady
83.299072,3.5710,0.5450,3.0820,1505.52,steady
83.302392,3.3200,0.5350,3.0730,1505.52,steady
83.312244,9.8520,0.5280,4.3100,1505.52,steady
83.321081,8.8370,0.7180,3.1000,1505.52,steady
83.329547,8.4660,0.5290,3.0490,1505.52,steady
83.339933,10.3860,0.5250,4.6560,1505.52,steady
83.350738,10.8050,0.5480,3.3330,1505.52,steady
83.359239,8.5010,0.5810,4.3070,1505.52,steady
83.370656,11.4170,0.6140,3.0810,1505.52,steady
83.384675,14.0190,0.5040,3.0680,1505.52,steady
83.404884,20.2090,0.6380,4.5780,1505.52,steady
83.442315,37.4310,0.5600,4.3360,1505.52,steady
83.454877,12.5620,0.6090,2.8430,1505.52,steady
83.467596,12.7190,0.6200,2.8450,1505.52,steady
83.477428,9.8320,0.7050,2.8910,1505.52,steady
83.489896,12.4680,0.6310,2.8460,1505.52,steady
83.500191,10.2950,0.5600,2.8720,1505.52,steady
83.509990,9.7990,0.6190,2.8570,1505.52,steady
83.521294,11.3040,0.5480,4.0860,1505.52,steady
83.531805,10.5110,0.5480,2.8680,1505.52,steady
83.545719,13.9140,0.6010,4.1050,1505.52,steady
83.555707,9.9880,0.6640,2.8720,1505.52,steady
83.566823,11.1160,0.6080,2.8730,1505.52,steady
83.577244,10.4210,0.5850,4.1020,1505.52,steady
83.586928,9.6840,0.5860,2.8910,1505.52,steady
83.596915,9.9870,0.5580,2.8490,1505.52,steady
83.607568,10.6530,0.5680,3.8440,1505.52,steady
83.618565,10.9970,0.5590,2.8400,1505.52,steady
83.633210,14.6450,0.5720,2.8910,1505.52,steady
83.645594,12.3840,0.6170,4.1020,1505.52,steady
83.658500,12.9060,0.6260,2.8470,1505.52,steady
83.668553,10.0530,0.6600,3.8390,1505.52,steady
83.680084,11.5310,0.5860,2.8920,1505.52,steady
83.691402,11.3180,0.6380,2.8510,1505.52,steady
83.702938,11.5360,0.5470,2.8620,1505.52,steady
83.742375,39.4370,0.5960,2.8710,1505.52,steady
83.778807,36.4320,0.6360,2.8690,1505.52,steady
83.789732,10.9250,0.7290,3.0780,1505.52,steady
83.803013,13.2810,0.6440,2.8520,1505.52,steady
83.813444,10.4310,0.6240,2.8720,1505.52,steady
83.825704,12.2600,0.6070,2.8560,1505.52,steady
83.838215,12.5110,0.6090,2.8560,1505.52,steady
83.852461,14.2460,0.6010,2.8780,1505.52,steady
83.893604,41.1430,0.6690,2.8660,1505.52,steady
83.914477,20.8730,1.0250,2.8730,1505.52,steady
83.958487,44.0100,2.2130,2.8470,1505.52,steady
83.977777,19.2900,1.5730,3.5460,1505.52,steady
83.991464,13.6870,1.3730,4.1720,1505.52,steady
84.003403,11.9390,0.7910,2.8880,1505.52,steady
84.041210,37.8070,0.7330,2.8700,1505.52,steady
84.053039,11.8290,0.7090,4.7570,1505.52,steady
84.065239,12.2000,0.9780,2.8490,1505.52,steady
84.079181,13.9420,0.7920,2.8950,1505.52,steady
84.093452,14.2710,0.7880,4.7310,1505.52,steady
84.107123,13.6710,0.6820,4.1250,1505.52,steady
84.122403,15.2800,0.8410,4.7230,1505.52,steady
84.137847,15.4440,0.8760,4.7290,1505.52,steady
84.156636,18.7890,0.9930,2.8580,1505.52,steady
84.180350,23.7140,1.0840,2.8760,1505.52,steady
84.195519,15.1690,0.9920,3.4700,1505.52,steady
84.210996,15.4770,0.9740,2.8360,1505.52,steady
84.228622,17.6260,0.8220,2.8440,1505.52,steady
84.243336,14.7140,0.8840,4.4680,1505.52,steady
84.280206,36.8700,0.7660,4.0830,1505.52,steady
84.296447,16.2410,0.7250,4.0820,1505.52,steady
84.311725,15.2780,0.9890,3.4410,1505.52,steady
84.325822,14.0970,0.8040,2.8810,1505.52,steady
84.362542,36.7200,0.6900,2.8900,1505.52,steady
84.375437,12.8950,0.6540,2.9000,1505.52,steady
84.393106,17.6690,0.8370,4.4470,1505.52,steady
84.431144,38.0380,0.8660,4.7680,1505.52,steady
84.476958,45.8140,0.8700,4.1480,1505.52,steady
84.491529,14.5710,0.9740,4.5530,1505.52,steady
84.508085,16.5560,0.9290,2.8690,1505.52,steady
84.546098,38.0130,0.7150,2.8650,1505.52,steady
84.587902,41.8040,0.8690,4.6680,1505.52,steady
84.602086,14.1840,0.7860,2.8820,1505.52,steady
84.637350,35.2640,0.8620,2.8720,1505.52,steady
84.648502,11.1520,0.7390,2.8630,1505.52,steady
84.660853,12.3510,0.6760,2.8660,1505.52,steady
84.696321,35.4680,0.7050,3.4920,1505.52,steady
84.734155,37.8340,0.6850,4.1020,1505.52,steady
84.773508,39.3530,0.6730,4.6790,1505.52,steady
84.798254,24.7460,0.7760,2.8840,1505.52,steady
84.832252,33.9980,0.7390,4.2900,1505.52,steady
84.847628,15.3760,0.6690,2.8700,1505.52,steady
84.857506,9.8780,0.7560,2.8810,1505.52,steady
84.870266,12.7600,0.6550,4.1140,1505.52,steady
84.883943,13.6770,0.6640,3.2510,1505.52,steady
84.896291,12.3480,0.6300,4.2520,1505.52,steady
84.906029,9.7380,0.6310,4.6530,1505.52,steady
84.922467,16.4380,0.6060,2.8920,1505.52,steady
84.933080,10.6130,0.6490,3.2520,1505.52,steady
84.943277,10.1970,0.7240,2.8840,1505.52,steady
84.977745,34.4680,0.6070,4.6700,1505.52,steady
84.988391,10.6460,0.6190,2.8690,1505.52,steady
84.999846,11.4550,0.7740,2.8800,1505.52,steady
85.038242,38.3960,0.5800,4.6610,1505.52,steady
85.049384,11.1420,0.6030,2.8780,1505.52,steady
85.060269,10.8850,0.9430,3.1150,1505.52,steady
85.073374,13.1050,0.6520,4.1200,1505.52,steady
85.089168,15.7940,0.7300,2.8500,1505.52,steady
85.128551,39.3830,0.7160,4.1090,1505.52,steady
85.145409,16.8580,1.1240,2.8810,1505.52,steady
85.155626,10.2170,0.9950,3.1210,1505.52,steady
85.168464,12.8380,0.7360,2.8710,1505.52,steady
85.180728,12.2640,0.6570,4.6610,1505.52,steady
85.215220,34.4920,0.8360,4.8650,1505.52,steady
85.225518,10.2980,0.6150,2.8690,1505.52,steady
85.237518,12.0000,0.6060,2.8550,1505.52,steady
85.248589,11.0710,0.7060,3.2200,1505.52,steady
85.264159,15.5700,0.6080,4.0920,1505.52,steady
85.281270,17.1110,0.6580,2.8700,1505.52,steady
85.293944,12.6740,0.6700,2.8880,1505.52,steady
85.304999,11.0550,0.7480,2.8650,1505.52,steady
85.316616,11.6170,0.6250,2.8510,1505.52,steady
85.333459,16.8430,0.5990,2.8840,1505.52,steady
85.360829,27.3700,0.6390,3.4200,1505.52,steady
85.371564,10.7350,0.6150,2.8730,1505.52,steady
85.387531,15.9670,0.5910,2.8790,1505.52,steady
85.397142,9.6110,0.6160,3.9850,1505.52,steady
85.409883,12.7410,0.6410,2.8680,1505.52,steady
85.421493,11.6100,0.5790,4.1300,1505.52,steady
85.440466,18.9730,0.6060,2.8760,1505.52,steady
85.455612,15.1460,0.6750,2.8340,1505.52,steady
85.466853,11.2410,0.6310,4.5390,1505.52,steady
85.480077,13.2240,0.5880,2.8380,1505.52,steady
85.493733,13.6560,0.5860,3.9130,1505.52,steady
85.529135,35.4020,0.6110,2.8760,1505.52,steady
85.540433,11.2980,0.6080,2.8620,1505.52,steady
85.551277,10.8440,0.6200,2.8810,1505.52,steady
85.590444,39.1670,0.5950,2.8450,1505.52,steady
85.601688,11.2440,0.5970,2.8390,1505.52,steady
85.612647,10.9590,0.6710,2.8740,1505.52,steady
85.624708,12.0610,0.6570,2.8490,1505.52,steady
85.641434,16.7260,0.6690,3.9380,1505.52,steady
85.654235,12.8010,0.7510,2.8780,1505.52,steady
85.666014,11.7790,0.6730,2.8590,1505.52,steady
85.676594,10.5800,0.6310,2.8890,1505.52,steady
85.692122,15.5280,0.6190,3.0520,1505.52,steady
85.706929,14.8070,0.6110,2.8460,1505.52,steady
85.715996,9.0670,0.5760,2.8440,1505.52,steady
85.726099,10.1030,0.6120,2.8400,1505.52,steady
85.738941,12.8420,0.5640,2.8650,1505.52,steady
85.774158,35.2170,0.6080,2.8570,1505.52,steady
85.784841,10.6830,0.6860,4.5220,1505.52,steady
85.795983,11.1420,0.7620,2.8620,1505.52,steady
85.836396,40.4130,0.7060,2.8720,1505.52,steady
85.866197,29.8010,0.7770,2.8460,1505.52,steady
85.880225,14.0280,1.0310,3.6810,1505.52,steady
85.894792,14.5670,0.9810,4.0160,1505.52,steady
85.905618,10.8260,0.8220,2.8350,1505.52,steady
85.915160,9.5420,0.7500,2.8540,1505.52,steady
85.926996,11.8360,0.7140,2.8690,1505.52,steady
85.938463,11.4670,0.6700,2.8410,1505.52,steady
85.974854,36.3910,0.6610,2.8440,1505.52,steady
85.995543,20.6890,0.7350,2.8810,1505.52,steady
86.006972,11.4290,0.9990,4.7050,1505.52,steady
86.019310,12.3380,0.9850,3.0870,1505.52,steady
86.029714,10.4040,0.7610,2.8630,1505.52,steady
86.046762,17.0480,0.6280,2.8420,1505.52,steady
86.061454,14.6920,0.8230,2.8530,1505.52,steady
86.078421,16.9670,1.0120,2.8300,1505.52,steady
86.097339,18.9180,0.9660,2.8790,1505.52,steady
86.113394,16.0550,1.0090,2.8490,1505.52,steady
86.128039,14.6450,0.8300,2.8700,1505.52,steady
86.139845,11.8060,0.7970,2.8440,1505.52,steady
86.155089,15.2440,0.6480,2.8480,1505.52,steady
86.166003,10.9140,0.6780,2.8510,1505.52,steady
86.178958,12.9550,0.9110,2.8620,1505.52,steady
86.192601,13.6430,0.9360,2.8950,1505.52,steady
86.206392,13.7910,0.8120,4.4540,1505.52,steady
86.219970,13.5780,0.7550,2.8470,1505.52,steady
86.255705,35.7350,0.9300,2.8620,1505.52,steady
86.271886,16.1810,0.7320,2.8510,1505.52,steady
86.284307,12.4210,1.0070,3.8920,1505.52,steady
86.297837,13.5300,0.6830,2.8790,1505.52,steady
86.307613,9.7760,0.7420,2.8420,1505.52,steady
86.320449,12.8360,0.6350,4.4210,1505.52,steady
86.331416,10.9670,0.5860,2.8630,1505.52,steady
86.343565,12.1490,0.6340,2.8670,1505.52,steady
86.378838,35.2730,0.6050,4.4110,1505.52,steady
86.412088,33.2500,0.5900,2.8550,1505.52,steady
86.421845,9.7570,0.6040,2.8720,1505.52,steady
86.457529,35.6840,0.6130,2.8800,1505.52,steady
86.470268,12.7390,0.5980,3.0540,1505.52,steady
86.480500,10.2320,0.6470,4.9430,1505.52,steady
86.515559,35.0590,0.6190,4.2300,1505.52,steady
86.553399,37.8400,0.5850,2.8620,1505.52,steady
86.590793,37.3940,0.5780,4.0560,1505.52,steady
86.603268,12.4750,0.6260,2.8510,1505.52,steady
86.615760,12.4920,0.8210,2.8540,1505.52,steady
86.647901,32.1410,0.6660,2.8400,1505.52,steady
86.672236,24.3350,0.5990,2.8480,1505.52,steady
86.681811,9.5750,0.6040,2.8410,1505.52,steady
86.691134,9.3230,0.7540,2.8470,1505.52,steady
86.727383,36.2490,0.5930,2.8800,1505.52,steady
86.737907,10.5240,0.6020,2.8530,1505.52,steady
86.747954,10.0470,0.6500,4.0770,1505.52,steady
86.764387,16.4330,0.7620,2.8970,1505.52,steady
86.778744,14.3570,0.7270,4.3530,1505.52,steady
86.816949,38.2050,0.7930,2.8780,1505.52,steady
86.829437,12.4880,0.7880,3.1250,1505.52,steady
86.842413,12.9760,1.0590,3.1050,1505.52,steady
86.853582,11.1690,0.8960,3.1090,1505.52,steady
86.865468,11.8860,0.7980,3.1380,1505.52,steady
86.879052,13.5840,0.7050,4.7240,1505.52,steady
86.896605,17.5530,0.6730,4.8810,1505.52,steady
86.935734,39.1290,0.7200,3.1090,1505.52,steady
86.950894,15.1600,0.7790,3.1160,1505.52,steady
86.967109,16.2150,0.8900,3.0900,1505.52,steady
86.983063,15.9540,0.7420,4.2770,1505.52,steady
87.023995,40.9320,0.6970,3.1090,1505.52,steady
87.035275,11.2800,0.7680,4.4010,1505.52,steady
87.048634,13.3590,0.9210,4.3840,1505.52,steady
87.061426,12.7920,0.6880,3.1570,1505.52,steady
87.071764,10.3380,0.6790,3.1220,1505.52,steady
87.110664,38.9000,0.6650,3.5560,1505.52,steady
87.123179,12.5150,0.6000,3.1150,1505.52,steady
87.135575,12.3960,0.6970,3.1120,1505.52,steady
87.148120,12.5450,0.6460,4.3760,1505.52,steady
87.163198,15.0780,0.6120,3.1550,1505.52,steady
87.173689,10.4910,0.5830,4.2890,1505.52,steady
87.184475,10.7860,0.5770,3.1460,1505.52,steady
87.195980,11.5050,0.6130,3.1430,1505.52,steady
87.209178,13.1980,0.6000,3.1580,1505.52,steady
87.225315,16.1370,0.6480,3.1770,1505.52,steady
87.236288,10.9730,0.6190,3.6520,1505.52,steady
87.269017,32.7290,0.7480,3.1900,1505.52,steady
87.282838,13.8210,0.6200,3.1630,1505.52,steady
87.321150,38.3120,0.7710,3.1580,1505.52,steady
87.339230,18.0800,0.6830,3.1400,1505.52,steady
87.356119,16.8890,1.0500,4.4100,1505.52,steady
87.369154,13.0350,1.0140,4.5350,1505.52,steady
87.381782,12.6280,1.1590,4.4420,1505.52,steady
87.391693,9.9110,0.7890,3.1760,1505.52,steady
87.403251,11.5580,0.6650,3.8640,1505.52,steady
87.415004,11.7530,0.6590,3.9190,1505.52,steady
87.464559,49.5550,0.8110,3.6280,1505.52,steady
87.480594,16.0350,0.6910,5.0170,1505.52,steady
87.490804,10.2100,1.0510,3.8610,1505.52,steady
87.500254,9.4500,0.8190,3.1870,1505.52,steady
87.510872,10.6180,0.6150,5.1780,1505.52,steady
87.519618,8.7460,0.6340,3.8850,1505.52,steady
87.530220,10.6020,0.5730,4.4110,1505.52,steady
87.571313,41.0930,0.5830,5.1270,1505.52,steady
87.609602,38.2890,0.6260,3.1990,1505.52,steady
87.620288,10.6860,0.8450,2.8750,1505.52,steady
87.630178,9.8900,0.8380,2.8340,1505.52,steady
87.641107,10.9290,0.6250,2.8690,1505.52,steady
87.652352,11.2450,0.7020,2.8380,1505.52,steady
87.662822,10.4700,0.5940,2.8790,1505.52,steady
87.698030,35.2080,0.7140,4.5170,1505.52,steady
87.708945,10.9150,0.7060,2.8780,1505.52,steady
87.719337,10.3920,1.2160,2.8710,1505.52,steady
87.735911,16.5740,0.6000,2.8530,1505.52,steady
87.750336,14.4250,0.5750,2.8830,1505.52,steady
87.762984,12.6480,0.6930,2.8540,1505.52,steady
87.771919,8.9350,0.6640,3.8300,1505.52,steady
87.809613,37.6940,0.6250,2.8690,1505.52,steady
87.820767,11.1540,0.6420,2.8550,1505.52,steady
87.831472,10.7050,0.6970,2.8390,1505.52,steady
87.840959,9.4870,0.5900,4.3700,1505.52,steady
87.850877,9.9180,0.5530,2.8770,1505.52,steady
87.885787,34.9100,0.5760,2.8580,1505.52,steady
87.910072,24.2850,0.7680,2.8820,1505.52,steady
87.948426,38.3540,1.0040,4.2750,1505.52,steady
87.961347,12.9210,1.1510,2.8510,1505.52,steady
87.973587,12.2400,1.2880,2.8850,1505.52,steady
87.985312,11.7250,0.8420,2.8780,1505.52,steady
87.997362,12.0500,0.6620,2.8390,1505.52,steady
88.039303,41.9410,0.5920,4.0000,1505.52,steady
88.050713,11.4100,0.5990,2.8930,1505.52,steady
88.063878,13.1650,1.2700,2.8630,1505.52,steady
88.077072,13.1940,0.8780,2.8690,1505.52,steady
88.088187,11.1150,0.7080,2.8480,1505.52,steady
88.098482,10.2950,0.7650,2.8440,1505.52,steady
88.124802,26.3200,0.6200,3.7040,1505.52,steady
88.137134,12.3320,0.6970,2.8390,1505.52,steady
88.149529,12.3950,0.6460,2.8530,1505.52,steady
88.164027,14.4980,0.6820,2.8340,1505.52,steady
88.177669,13.6420,1.2520,3.9420,1505.52,steady
88.193395,15.7260,0.9610,3.8180,1505.52,steady
88.205620,12.2250,0.7990,2.8820,1505.52,steady
88.219386,13.7660,0.6520,2.8370,1505.52,steady
88.229827,10.4410,0.8300,2.8780,1505.52,steady
88.275212,45.3850,0.6370,2.8670,1505.52,steady
88.310755,35.5430,0.6450,2.8430,1505.52,steady
88.323225,12.4700,0.9900,2.8370,1505.52,steady
88.357644,34.4190,0.8140,4.0650,1505.52,steady
88.371213,13.5690,0.6740,2.8950,1505.52,steady
88.384106,12.8930,0.7780,2.8760,1505.52,steady
88.394143,10.0370,0.6540,2.8450,1505.52,steady
88.435755,41.6120,0.7340,2.8610,1505.52,steady
88.447771,12.0160,0.8100,2.8730,1505.52,steady
88.457990,10.2190,0.8760,2.8520,1505.52,steady
88.468687,10.6970,0.6500,2.8890,1505.52,steady
88.473528,4.8410,0.7460,2.8580,1505.52,steady
88.478865,5.3370,0.6530,2.8950,1505.52,steady
88.484401,5.5360,0.7980,4.6220,1505.52,steady
88.490762,6.3610,0.7320,4.0440,1505.52,steady
88.495387,4.6250,0.5780,2.8720,1505.52,steady
88.499785,4.3980,0.5920,2.8980,1505.52,steady
88.504323,4.5380,0.5880,2.8630,1505.52,steady
88.508545,4.2220,0.5920,4.0720,1505.52,steady
88.511646,3.1010,0.5550,2.8690,1505.52,steady
88.514846,3.2000,0.5510,2.8550,1505.52,steady
88.519215,4.3690,0.5370,2.8630,1505.52,steady
88.527797,8.5820,1.7860,2.8360,1505.52,steady
88.539694,11.8970,0.5470,2.8730,1505.52,steady
88.543177,3.4830,0.5900,4.0280,1505.52,steady
88.546358,3.1810,0.5990,2.8660,1505.52,steady
88.550299,3.9410,0.5700,3.1440,1505.52,steady
88.554480,4.1810,0.5860,4.1200,1505.52,steady
88.564664,10.1840,0.5580,2.8440,1505.52,steady
88.567979,3.3150,0.5650,4.0900,1505.52,steady
88.571022,3.0430,0.5870,2.8440,1505.52,steady
88.580728,9.7060,0.5640,2.8810,1505.52,steady
88.584277,3.5490,0.5490,2.8590,1505.52,steady
88.587422,3.1450,0.5620,2.9110,1505.52,steady
88.591476,4.0540,0.5590,3.0380,1505.52,steady
88.594542,3.0660,0.5310,2.8510,1505.52,steady
88.598569,4.0270,0.5290,2.8410,1505.52,steady
88.601689,3.1200,0.5230,2.8910,1505.52,steady
88.607157,5.4680,0.5690,2.8620,1505.52,steady
88.612874,5.7170,0.5830,2.8690,1505.52,steady
88.617110,4.2360,0.5650,2.8530,1505.52,steady
88.620480,3.3700,0.6200,2.8390,1505.52,steady
88.624367,3.8870,0.5470,4.1060,1505.52,steady
88.628666,4.2990,0.5450,2.8950,1505.52,steady
88.633524,4.8580,0.5410,4.0860,1505.52,steady
88.644983,11.4590,0.5740,2.8680,1505.52,steady
88.652282,7.2990,0.5440,2.8620,1505.52,steady
88.666365,14.0830,0.5430,4.0800,1505.52,steady
88.705832,39.4670,0.6260,4.0510,1505.52,steady
88.720547,14.7150,0.6610,4.0560,1505.52,steady
88.744777,24.2300,0.6450,2.8590,1505.52,steady
88.759135,14.3580,0.6990,2.8700,1505.52,steady
88.769907,10.7720,0.6610,4.0840,1505.52,steady
88.779521,9.6140,0.5910,2.8350,1505.52,steady
88.793842,14.3210,0.7010,3.8740,1505.52,steady
88.805256,11.4140,0.6930,3.3990,1505.52,steady
88.819911,14.6550,0.7320,2.8340,1505.52,steady
88.833645,13.7340,0.6450,2.8560,1505.52,steady
88.845787,12.1420,0.7430,2.8570,1505.52,steady
88.856588,10.8010,0.7060,2.8520,1505.52,steady
88.868868,12.2800,0.6520,3.9560,1505.52,steady
88.880760,11.8920,0.6120,2.8440,1505.52,steady
88.919938,39.1780,0.6480,2.8420,1505.52,steady
88.934040,14.1020,0.6650,4.1170,1505.52,steady
88.943760,9.7200,1.0210,2.8810,1505.52,steady
88.954074,10.3140,0.6690,2.8310,1505.52,steady
88.965413,11.3390,0.7100,4.0650,1505.52,steady
88.981611,16.1980,0.6690,2.8650,1505.52,steady
88.993753,12.1420,0.8940,2.8700,1505.52,steady
89.003362,9.6090,0.7660,2.8570,1505.52,steady
89.039877,36.5150,0.6260,4.3470,1505.52,steady
89.087925,48.0480,0.6380,2.8780,1505.52,steady
89.104833,16.9080,1.0440,4.1180,1505.52,steady
89.116544,11.7110,1.0040,2.8820,1505.52,steady
89.153653,37.1090,0.6870,4.5780,1505.52,steady
89.163999,10.3460,0.6830,2.8550,1505.52,steady
89.177862,13.8630,0.7520,4.6320,1505.52,steady
89.187540,9.6780,0.7610,2.8990,1505.52,steady
89.202126,14.5860,0.7000,2.8950,1505.52,steady
89.215941,13.8150,0.8210,4.0770,1505.52,steady
89.225064,9.1230,0.6210,4.6190,1505.52,steady
89.235167,10.1030,0.7230,4.6680,1505.52,steady
89.244781,9.6140,0.8280,2.8460,1505.52,steady
89.256292,11.5110,0.6080,2.8870,1505.52,steady
89.266767,10.4750,0.6030,3.3150,1505.52,steady
89.277502,10.7350,0.5880,4.1320,1505.52,steady
89.287277,9.7750,0.6090,3.1670,1505.52,steady
89.326687,39.4100,0.5930,4.1110,1505.52,steady
89.338835,12.1480,0.5760,3.1830,1505.52,steady
89.379400,40.5650,0.8900,4.6240,1505.52,steady
89.389943,10.5430,0.6360,2.8890,1505.52,steady
89.401254,11.3110,0.7830,2.8630,1505.52,steady
89.410961,9.7070,0.6270,4.5860,1505.52,steady
89.424616,13.6550,0.5880,2.8770,1505.52,steady
89.434867,10.2510,0.6130,4.6390,1505.52,steady
89.447300,12.4330,0.6590,3.4830,1505.52,steady
89.462309,15.0090,0.6390,2.8680,1505.52,steady
89.474865,12.5560,0.5910,3.4260,1505.52,steady
89.489956,15.0910,0.6860,2.8490,1505.52,steady
89.525138,35.1820,0.6670,3.9230,1505.52,steady
89.538950,13.8120,0.7210,2.8580,1505.52,steady
89.549897,10.9470,0.6190,2.8760,1505.52,steady
89.558862,8.9650,0.5930,2.8950,1505.52,steady
89.568194,9.3320,0.6140,4.6150,1505.52,steady
89.614489,46.2950,0.6310,2.8460,1505.52,steady
89.626435,11.9460,0.6200,2.8670,1505.52,steady
89.636034,9.5990,0.7010,2.8590,1505.52,steady
89.647593,11.5590,0.6280,4.6400,1505.52,steady
89.656951,9.3580,0.6160,2.8380,1505.52,steady
89.667237,10.2860,0.6100,4.6120,1505.52,steady
89.680432,13.1950,0.7370,2.8590,1505.52,steady
89.696805,16.3730,0.5870,4.0240,1505.52,steady
89.708387,11.5820,0.6600,4.1250,1505.52,steady
89.721130,12.7430,0.6750,3.3400,1505.52,steady
89.735044,13.9140,0.6700,4.1030,1505.52,steady
89.771754,36.7100,0.6210,2.8690,1505.52,steady
89.787454,15.7000,0.6220,2.8750,1505.52,steady
89.797314,9.8600,1.0530,4.6490,1505.52,steady
89.810543,13.2290,1.1380,3.3560,1505.52,steady
89.820054,9.5110,0.6270,2.8670,1505.52,steady
89.835238,15.1840,0.5960,2.8730,1505.52,steady
89.869589,34.3510,0.5920,4.0770,1505.52,steady
89.881396,11.8070,0.6010,4.6100,1505.52,steady
89.894952,13.5560,0.6090,4.9790,1505.52,steady
89.932745,37.7930,0.7270,2.8860,1505.52,steady
89.944606,11.8610,0.6340,2.8590,1505.52,steady
89.955968,11.3620,0.6410,4.6430,1505.52,steady
89.965719,9.7510,0.6350,2.8870,1505.52,steady
89.981168,15.4490,0.6570,2.8550,1505.52,steady
89.998201,17.0330,0.6390,4.0210,1505.52,steady
90.014235,16.0340,0.8250,4.6300,1505.52,steady
90.040697,26.4620,0.7340,2.8700,1505.52,steady
90.055870,15.1730,0.6820,4.1260,1505.52,steady
90.067376,11.5060,0.6630,2.8850,1505.52,steady
90.080270,12.8940,0.8030,4.1060,1505.52,steady
90.114721,34.4510,0.5980,3.1900,1505.52,steady
90.125977,11.2560,0.6830,2.8520,1505.52,steady
90.163110,37.1330,0.9070,2.8600,1505.52,steady
90.176429,13.3190,0.6330,4.1050,1505.52,steady
90.194476,18.0470,0.7950,3.3790,1505.52,steady
90.224566,30.0900,0.6430,3.3660,1505.52,steady
90.240586,16.0200,0.6700,2.8560,1505.52,steady
90.256245,15.6590,0.6280,2.8520,1505.52,steady
90.269735,13.4900,0.6850,2.8270,1505.52,steady
90.281638,11.9030,0.6000,2.8490,1505.52,steady
90.293026,11.3880,0.6020,2.8900,1505.52,steady
90.334486,41.4600,0.6290,2.8440,1505.52,steady
90.348470,13.9840,0.5910,2.8570,1505.52,steady
90.363766,15.2960,0.6610,4.0670,1505.52,steady
90.377661,13.8950,0.6920,2.8630,1505.52,steady
90.416030,38.3690,0.6150,2.8400,1505.52,steady
90.428833,12.8030,0.6570,2.8480,1505.52,steady
90.442184,13.3510,0.9680,2.8430,1505.52,steady
90.477418,35.2340,0.8020,4.0780,1505.52,steady
90.489199,11.7810,0.6380,2.8460,1505.52,steady
90.500522,11.3230,0.6420,2.8380,1505.52,steady
90.513356,12.8340,0.6900,2.8390,1505.52,steady
90.525134,11.7780,0.5900,2.8910,1505.52,steady
90.536628,11.4940,0.6520,2.8830,1505.52,steady
90.551061,14.4330,0.5740,2.8620,1505.52,steady
90.579830,28.7690,0.6120,2.8500,1505.52,steady
90.613110,33.2800,0.6450,2.8580,1505.52,steady
90.627289,14.1790,0.6650,2.8580,1505.52,steady
90.636750,9.4610,0.6070,2.8550,1505.52,steady
90.646612,9.8620,0.5800,2.8360,1505.52,steady
90.658008,11.3960,0.5760,2.8350,1505.52,steady
90.668302,10.2940,0.6400,2.8600,1505.52,steady
90.693493,25.1910,0.5940,3.0770,1505.52,steady
90.707364,13.8710,0.5840,2.8600,1505.52,steady
90.720804,13.4400,0.6130,2.8640,1505.52,steady
90.759644,38.8400,0.6430,2.8750,1505.52,steady
90.798169,38.5250,0.6680,2.8410,1505.52,steady
90.810425,12.2560,0.8960,2.8480,1505.52,steady
90.849223,38.7980,0.8070,2.8700,1505.52,steady
90.865912,16.6890,0.7630,2.8470,1505.52,steady
90.877440,11.5280,0.7030,2.8400,1505.52,steady
90.915137,37.6970,0.6490,3.9470,1505.52,steady
90.925273,10.1360,0.7780,2.8600,1505.52,steady
90.936114,10.8410,0.7330,2.8560,1505.52,steady
90.950067,13.9530,0.6180,2.8800,1505.52,steady
90.989617,39.5500,0.8120,2.8410,1505.52,steady
91.001906,12.2890,0.8310,2.8600,1505.52,steady
91.014600,12.6940,0.9190,2.8640,1505.52,steady
91.026764,12.1640,0.6910,2.8620,1505.52,steady
91.037228,10.4640,0.6870,2.8920,1505.52,steady
91.048099,10.8710,0.7020,4.0920,1505.52,steady
91.057901,9.8020,0.6680,2.8440,1505.52,steady
91.068159,10.2580,0.6290,2.9010,1505.52,steady
91.077693,9.5340,0.6060,2.8680,1505.52,steady
91.088396,10.7030,0.7780,2.8890,1505.52,steady
91.100970,12.5740,0.5840,2.8640,1505.52,steady
91.112947,11.9770,0.6010,2.8620,1505.52,steady
91.124734,11.7870,0.6340,4.0850,1505.52,steady
91.135925,11.1910,0.6450,2.8760,1505.52,steady
91.147222,11.2970,0.6110,2.8840,1505.52,steady
91.159231,12.0090,0.6160,2.8400,1505.52,steady
91.193395,34.1640,0.6140,2.9050,1505.52,steady
91.203663,10.2680,0.7790,3.5950,1505.52,steady
91.214688,11.0250,0.6800,4.2680,1505.52,steady
91.223754,9.0660,0.6230,2.8840,1505.52,steady
91.259702,35.9480,0.6130,2.8680,1505.52,steady
91.264371,4.6690,0.6000,2.8730,1505.52,steady
91.268773,4.4020,0.6410,4.0800,1505.52,steady
91.273131,4.3580,0.5740,4.0160,1505.52,steady
91.276482,3.3510,0.6260,4.0480,1505.52,steady
91.309856,33.3740,0.5380,2.8880,1505.52,steady
91.350270,40.4140,0.5850,2.8460,1505.52,steady
91.368148,17.8780,0.6330,2.8420,1505.52,steady
91.379457,11.3090,0.7710,2.8560,1505.52,steady
91.389259,9.8020,0.6320,2.8770,1505.52,steady
91.395332,6.0730,0.5530,2.8380,1505.52,steady
91.398477,3.1450,0.7530,2.8850,1505.52,steady
91.402116,3.6390,0.5350,3.4580,1505.52,steady
91.405096,2.9800,0.5850,2.8590,1505.52,steady
91.409174,4.0780,0.5490,4.0750,1505.52,steady
91.412127,2.9530,0.5730,2.8580,1505.52,steady
91.416486,4.3590,0.5240,2.8800,1505.52,steady
91.419530,3.0440,0.5360,2.8560,1505.52,steady
91.424408,4.8780,0.5750,4.0930,1505.52,steady
91.427577,3.1690,0.5990,2.8500,1505.52,steady
91.430959,3.3820,0.6150,2.8780,1505.52,steady
91.433907,2.9480,0.5450,2.8580,1505.52,steady
91.438396,4.4890,0.5290,3.0790,1505.52,steady
91.441622,3.2260,0.5710,2.8520,1505.52,steady
91.445389,3.7670,0.5430,2.8490,1505.52,steady
91.449543,4.1540,0.5690,4.0830,1505.52,steady
91.452734,3.1910,0.5560,2.8820,1505.52,steady
91.463398,10.6640,0.5920,4.0740,1505.52,steady
91.475145,11.7470,0.5430,2.8810,1505.52,steady
91.478499,3.3540,0.6640,4.0710,1505.52,steady
91.482960,4.4610,0.5470,2.8670,1505.52,steady
91.486112,3.1520,0.5730,4.0870,1505.52,steady
91.489123,3.0110,0.5960,2.8640,1505.52,steady
91.502749,13.6260,0.5380,2.8840,1505.52,steady
91.506920,4.1710,0.5400,2.8460,1505.52,steady
91.510029,3.1090,0.5590,2.8700,1505.52,steady
91.514068,4.0390,0.5370,4.0770,1505.52,steady
91.517171,3.1030,0.5280,2.8370,1505.52,steady
91.521338,4.1670,0.5400,4.0680,1505.52,steady
91.524414,3.0760,0.6190,2.8420,1505.52,steady
91.528275,3.8610,0.5240,2.8840,1505.52,steady
91.531672,3.3970,0.5190,2.8270,1505.52,steady
91.536990,5.3180,0.8810,3.1150,1505.52,steady
91.542103,5.1130,0.5340,2.8490,1505.52,steady
91.545307,3.2040,0.5440,2.8940,1505.52,steady
91.551125,5.8180,0.6020,4.5870,1505.52,steady
91.556165,5.0400,0.5610,3.5770,1505.52,steady
91.565615,9.4500,0.6930,2.8530,1505.52,steady
91.573211,7.5960,0.5780,4.0500,1505.52,steady
91.578525,5.3140,0.6270,2.8600,1505.52,steady
91.583341,4.8160,0.6910,2.8660,1505.52,steady
91.589458,6.1170,0.6020,2.8850,1505.52,steady
91.598091,8.6330,0.5960,4.3580,1505.52,steady
91.612364,14.2730,0.6350,4.0990,1505.52,steady
91.624349,11.9850,0.7140,3.2970,1505.52,steady
91.633103,8.7540,0.5990,2.8900,1505.52,steady
91.645017,11.9140,0.6060,4.3130,1505.52,steady
91.657250,12.2330,0.6710,2.9110,1505.52,steady
91.668871,11.6210,0.8100,2.8560,1505.52,steady
91.683889,15.0180,0.6220,2.8750,1505.52,steady
91.695534,11.6450,0.6580,2.9090,1505.52,steady
91.707453,11.9190,1.5010,2.8460,1505.52,steady
91.745727,38.2740,0.6240,2.8900,1505.52,steady
91.766844,21.1170,0.6280,2.8410,1505.52,steady
91.782816,15.9720,1.0740,2.8560,1505.52,steady
91.801072,18.2560,0.8180,2.8690,1505.52,steady
91.815142,14.0700,0.8170,2.8460,1505.52,steady
91.827678,12.5360,0.7340,2.8880,1505.52,steady
91.837229,9.5510,0.6910,2.8970,1505.52,steady
91.855683,18.4540,0.7110,2.8940,1505.52,steady
91.892833,37.1500,0.8800,2.8630,1505.52,steady
91.912271,19.4380,1.0030,3.5790,1505.52,steady
91.952571,40.3000,1.0660,2.8490,1505.52,steady
91.969240,16.6690,0.7500,2.8950,1505.52,steady
92.009327,40.0870,1.0030,5.3180,1505.52,steady
92.046812,37.4850,1.0700,2.8510,1505.52,steady
92.088734,41.9220,1.0370,2.8630,1505.52,steady
92.099017,10.2830,1.2200,3.8420,1505.52,steady
92.120358,21.3410,0.8110,2.8730,1505.52,steady
92.134134,13.7760,0.6570,2.8910,1505.52,steady
92.145009,10.8750,0.6360,3.1760,1505.52,steady
92.155495,10.4860,0.6080,2.8740,1505.52,steady
92.165605,10.1100,0.6010,3.8170,1505.52,steady
92.176321,10.7160,0.6870,2.8730,1505.52,steady
92.185646,9.3250,0.6390,2.8570,1505.52,steady
92.195472,9.8260,0.5900,2.8760,1505.52,steady
92.204393,8.9210,0.6280,2.8540,1505.52,steady
92.219142,14.7490,0.5890,2.8920,1505.52,steady
92.228273,9.1310,0.7280,2.8830,1505.52,steady
92.239435,11.1620,0.6220,2.8520,1505.52,steady
92.250034,10.5990,0.5850,2.8460,1505.52,steady
92.261340,11.3060,0.5570,2.8900,1505.52,steady
92.296959,35.6190,0.5920,3.8420,1505.52,steady
92.334596,37.6370,0.6330,2.8320,1505.52,steady
92.345033,10.4370,0.6050,2.8450,1505.52,steady
92.359998,14.9650,0.6630,2.8850,1505.52,steady
92.370181,10.1830,0.5950,3.6370,1505.52,steady
92.383013,12.8320,0.7700,2.8570,1505.52,steady
92.395786,12.7730,0.5740,4.0570,1505.52,steady
92.438183,42.3970,0.8220,2.9070,1505.52,steady
92.452398,14.2150,0.6280,2.8420,1505.52,steady
92.467210,14.8120,0.6660,2.8510,1505.52,steady
92.478787,11.5770,0.6430,4.2760,1505.52,steady
92.488150,9.3630,0.5930,2.8870,1505.52,steady
92.497375,9.2250,0.5990,2.8710,1505.52,steady
92.509195,11.8200,0.6410,3.0940,1505.52,steady
92.524023,14.8280,0.5750,2.8640,1505.52,steady
92.533633,9.6100,0.6220,2.8970,1505.52,steady
92.558694,25.0610,0.6360,3.0780,1505.52,steady
92.568955,10.2610,0.5900,2.8570,1505.52,steady
92.580217,11.2620,0.6530,2.8930,1505.52,steady
92.592265,12.0480,0.5950,2.8460,1505.52,steady
92.627826,35.5610,0.6240,2.8940,1505.52,steady
92.637632,9.8060,0.6170,2.8820,1505.52,steady
92.647842,10.2100,0.6270,2.8810,1505.52,steady
92.658689,10.8470,0.5670,2.8450,1505.52,steady
92.675229,16.5400,0.5830,4.6190,1505.52,steady
92.715440,40.2110,0.6040,2.8760,1505.52,steady
92.726819,11.3790,0.7020,2.8810,1505.52,steady
92.738017,11.1980,0.5980,2.8470,1505.52,steady
92.775437,37.4200,0.6340,2.8620,1505.52,steady
92.803694,28.2570,0.6060,2.8640,1505.52,steady
92.813866,10.1720,0.6840,2.8560,1505.52,steady
92.827065,13.1990,0.7860,2.8500,1505.52,steady
92.838550,11.4850,0.6240,4.2850,1505.52,steady
92.849475,10.9250,0.6060,2.8470,1505.52,steady
92.858918,9.4430,0.6380,2.8510,1505.52,steady
92.884176,25.2580,0.6170,4.6470,1505.52,steady
92.922260,38.0840,0.5950,2.8610,1505.52,steady
92.935720,13.4600,0.5850,4.3170,1505.52,steady
92.947563,11.8430,0.6540,2.8450,1505.52,steady
92.983950,36.3870,0.6360,2.8360,1505.52,steady
92.994805,10.8550,0.6040,4.2870,1505.52,steady
93.009676,14.8710,0.7130,2.8770,1505.52,steady
93.021265,11.5890,0.6550,2.8680,1505.52,steady
93.037373,16.1080,0.8030,2.8930,1505.52,steady
93.049613,12.2400,0.7000,2.8490,1505.52,steady
93.086819,37.2060,0.6330,4.2950,1505.52,steady
93.126156,39.3370,0.6820,2.8740,1505.52,steady
93.144922,18.7660,0.9750,2.9070,1505.52,steady
93.155692,10.7700,0.9760,2.8700,1505.52,steady
93.170073,14.3810,0.8090,2.8560,1505.52,steady
93.182018,11.9450,0.7290,2.8910,1505.52,steady
93.209243,27.2250,0.6600,2.8450,1505.52,steady
93.218909,9.6660,0.6760,2.8460,1505.52,steady
93.258414,39.5050,0.6340,2.8400,1505.52,steady
93.271515,13.1010,0.6550,2.9040,1505.52,steady
93.283847,12.3320,0.7890,2.8670,1505.52,steady
93.299219,15.3720,0.6110,2.8510,1505.52,steady
93.308991,9.7720,0.6160,2.8630,1505.52,steady
93.319274,10.2830,0.6180,2.8550,1505.52,steady
93.330962,11.6880,0.5860,2.8650,1505.52,steady
93.345841,14.8790,0.5800,2.8450,1505.52,steady
93.355459,9.6180,0.5840,2.8940,1505.52,steady
93.365095,9.6360,0.5840,2.8580,1505.52,steady
93.375525,10.4300,0.5390,2.8440,1505.52,steady
93.386919,11.3940,0.5460,4.3990,1505.52,steady
93.400206,13.2870,0.6090,3.2950,1505.52,steady
93.437200,36.9940,0.6260,4.8600,1505.52,steady
93.446871,9.6710,0.6380,3.3360,1505.52,steady
93.456403,9.5320,0.7600,3.3010,1505.52,steady
93.470855,14.4520,0.6240,3.5720,1505.52,steady
93.484155,13.3000,0.6280,3.6220,1505.52,steady
93.500301,16.1460,0.6370,3.2970,1505.52,steady
93.510186,9.8850,0.7860,3.3310,1505.52,steady
93.520986,10.8000,0.6220,3.2900,1505.52,steady
93.536905,15.9190,0.5760,3.3050,1505.52,steady
93.572923,36.0180,0.5930,3.2920,1505.52,steady
93.586201,13.2780,0.6260,3.3140,1505.52,steady
93.623747,37.5460,0.6560,5.3300,1505.52,steady
93.633719,9.9720,0.6300,4.5790,1505.52,steady
93.666728,33.0090,0.5830,3.3140,1505.52,steady
93.676035,9.3070,0.6100,3.3310,1505.52,steady
93.716682,40.6470,0.6370,3.2980,1505.52,steady
93.728285,11.6030,0.6580,4.6020,1505.52,steady
93.740512,12.2270,0.7630,3.3050,1505.52,steady
93.744722,4.2100,0.6900,3.3150,1505.52,steady
93.748777,4.0550,0.6550,3.3400,1505.52,steady
93.756598,7.8210,0.6540,3.2950,1505.52,steady
93.792274,35.6760,0.6370,4.4800,1505.52,steady
93.802340,10.0660,0.7510,3.3070,1505.52,steady
93.811716,9.3760,0.8490,4.0020,1505.52,steady
93.820496,8.7800,0.5870,4.0040,1505.52,steady
93.829706,9.2100,0.5780,4.0110,1505.52,steady
93.840424,10.7180,0.6000,3.9850,1505.52,steady
93.850074,9.6500,0.6010,4.0390,1505.52,steady
93.861049,10.9750,0.6200,3.9780,1505.52,steady
93.869457,8.4080,0.5950,5.3270,1505.52,steady
93.875466,6.0090,0.5940,3.9980,1505.52,steady
93.880950,5.4840,0.6000,5.2630,1505.52,steady
93.892233,11.2830,0.5940,4.0080,1505.52,steady
93.902672,10.4390,0.6260,4.6060,1505.52,steady
93.909079,6.4070,0.6060,4.0170,1505.52,steady
93.913803,4.7240,0.6130,4.8520,1505.52,steady
93.918574,4.7710,0.6530,4.0440,1505.52,steady
93.925333,6.7590,0.6560,6.1930,1505.52,steady
93.942118,16.7850,0.5950,5.8140,1505.52,steady
93.948792,6.6740,0.6820,5.3630,1505.52,steady
93.954842,6.0500,0.8100,4.4800,1505.52,steady
93.961225,6.3830,0.6300,5.8930,1505.52,steady
93.966098,4.8730,0.5800,5.8310,1505.52,steady
94.000981,34.8830,0.5900,5.8630,1505.52,steady
94.039646,38.6650,0.5590,4.9940,1505.52,steady
94.053031,13.3850,0.6730,3.1980,1505.52,steady
94.068409,15.3780,0.8140,3.3570,1505.52,steady
94.081432,13.0230,0.6580,4.1170,1505.52,steady
94.096287,14.8550,0.7020,3.2110,1505.52,steady
94.101083,4.7960,0.5950,4.7480,1505.52,steady
94.133832,32.7490,0.6070,3.3880,1505.52,steady
94.140281,6.4490,0.6030,4.0890,1505.52,steady
94.151747,11.4660,0.6330,2.8440,1505.52,steady
94.164418,12.6710,0.6150,2.8410,1505.52,steady
94.178010,13.5920,0.6480,3.4230,1505.52,steady
94.189075,11.0650,0.6270,4.1070,1505.52,steady
94.224538,35.4630,0.6200,4.6620,1505.52,steady
94.240006,15.4680,0.6120,2.8650,1505.52,steady
94.250141,10.1350,0.5840,2.8280,1505.52,steady
94.262814,12.6730,0.6510,4.1170,1505.52,steady
94.278345,15.5310,0.7320,3.2050,1505.52,steady
94.291355,13.0100,0.6350,4.6910,1505.52,steady
94.296838,5.4830,0.7550,2.8480,1505.52,steady
94.301213,4.3750,0.6330,3.3840,1505.52,steady
94.329292,28.0790,0.6070,4.6470,1505.52,steady
94.341867,12.5750,0.5790,2.8520,1505.52,steady
94.353210,11.3430,0.5930,2.8460,1505.52,steady
94.365651,12.4410,0.7020,2.8400,1505.52,steady
94.409364,43.7130,0.7010,3.3950,1505.52,steady
94.426320,16.9560,0.7360,4.1540,1505.52,steady
94.437916,11.5960,0.9800,3.1990,1505.52,steady
94.449215,11.2990,0.8440,2.8520,1505.52,steady
94.459168,9.9530,0.6840,2.8540,1505.52,steady
94.465220,6.0520,0.6340,4.1170,1505.52,steady
94.468370,3.1500,0.6510,2.8630,1505.52,steady
94.472261,3.8910,0.5820,3.4040,1505.52,steady
94.475310,3.0490,0.5430,2.8710,1505.52,steady
94.481007,5.6970,0.5530,3.7250,1505.52,steady
94.484422,3.4150,0.5300,4.1160,1505.52,steady
94.487958,3.5360,0.5500,2.8720,1505.52,steady
94.493468,5.5100,0.5370,4.6470,1505.52,steady
94.496472,3.0040,0.5410,2.8380,1505.52,steady
94.502044,5.5720,0.5610,2.8550,1505.52,steady
94.505898,3.8540,0.5520,4.0800,1505.52,steady
94.509212,3.3140,0.5780,2.8530,1505.52,steady
94.520770,11.5580,0.6260,4.6310,1505.52,steady
94.531179,10.4090,0.5550,2.8480,1505.52,steady
94.551400,20.2210,0.5540,3.1770,1505.52,steady
94.563848,12.4480,0.5510,2.8410,1505.52,steady
94.579515,15.6670,0.5620,2.8430,1505.52,steady
94.614107,34.5920,0.6630,2.8440,1505.52,steady
94.628159,14.0520,0.6770,2.8550,1505.52,steady
94.635764,7.6050,0.7050,4.0930,1505.52,steady
94.639790,4.0260,0.6680,2.8670,1505.52,steady
94.650053,10.2630,0.6340,2.8540,1505.52,steady
94.654237,4.1840,0.6260,2.8760,1505.52,steady
94.694619,40.3820,0.6330,4.0920,1505.52,steady
94.711389,16.7700,0.6670,3.1590,1505.52,steady
94.726169,14.7800,0.9730,3.1940,1505.52,steady
94.736531,10.3620,0.9330,2.8820,1505.52,steady
94.746152,9.6210,0.5980,2.8690,1505.52,steady
94.757392,11.2400,0.6650,2.8530,1505.52,steady
94.768539,11.1470,0.6280,2.8620,1505.52,steady
94.779170,10.6310,0.6430,2.8500,1505.52,steady
94.796400,17.2300,0.6410,4.1150,1505.52,steady
94.813886,17.4860,0.6660,2.8810,1505.52,steady
94.826096,12.2100,0.6330,4.0770,1505.52,steady
94.836670,10.5740,0.6520,2.8630,1505.52,steady
94.841298,4.6280,0.5810,4.6490,1505.52,steady
94.848471,7.1730,0.6590,2.8570,1505.52,steady
94.851887,3.4160,0.6620,2.8570,1505.52,steady
94.859525,7.6380,0.5750,2.8620,1505.52,steady
94.872468,12.9430,0.5470,2.8700,1505.52,steady
94.912081,39.6130,0.5880,4.1100,1505.52,steady
94.922805,10.7240,0.8490,2.8830,1505.52,steady
94.929243,6.4380,0.8230,2.8400,1505.52,steady
94.933864,4.6210,0.6840,4.6480,1505.52,steady
94.938304,4.4400,0.6530,4.6230,1505.52,steady
94.959610,21.3060,0.5610,2.8380,1505.52,steady
94.973922,14.3120,0.6360,3.4350,1505.52,steady
94.982962,9.0400,0.7610,2.8490,1505.52,steady
94.991799,8.8370,0.6250,2.8590,1505.52,steady
95.028999,37.2000,0.5700,2.8500,1505.52,steady
95.033082,4.0830,0.5830,3.4650,1505.52,steady
95.037809,4.7270,0.7700,2.8580,1505.52,steady
95.042812,5.0030,0.5580,4.0970,1505.52,steady
95.058348,15.5360,0.5980,2.8660,1505.52,steady
95.097853,39.5050,0.6480,2.8460,1505.52,steady
95.112961,15.1080,0.6170,3.1300,1505.52,steady
95.140575,27.6140,0.7020,3.2080,1505.52,steady
95.151266,10.6910,0.7180,2.8640,1505.52,steady
95.160300,9.0340,0.6130,2.8620,1505.52,steady
95.170562,10.2620,0.6180,4.1290,1505.52,steady
95.181036,10.4740,0.6230,3.1780,1505.52,steady
95.214559,33.5230,0.5910,2.8640,1505.52,steady
95.229453,14.8940,0.5860,3.3430,1505.52,steady
95.267855,38.4020,0.6650,4.6240,1505.52,steady
95.282764,14.9090,0.7760,4.6060,1505.52,steady
95.293125,10.3610,0.7080,2.8830,1505.52,steady
95.303743,10.6180,0.6300,2.8970,1505.52,steady
95.313823,10.0800,0.6530,2.8500,1505.52,steady
95.323704,9.8810,0.7500,2.8670,1505.52,steady
95.334043,10.3390,0.6440,2.8760,1505.52,steady
95.368924,34.8810,0.5600,2.8520,1505.52,steady
95.382291,13.3670,0.5610,4.3170,1505.52,steady
95.394736,12.4450,0.7120,3.1090,1505.52,steady
95.410332,15.5960,0.6720,2.8680,1505.52,steady
95.427519,17.1870,0.6110,2.8880,1505.52,steady
95.438742,11.2230,0.6370,2.8910,1505.52,steady
95.453543,14.8010,0.6090,2.8430,1505.52,steady
95.462812,9.2690,0.5820,2.8310,1505.52,steady
95.480078,17.2660,0.7570,2.8670,1505.52,steady
95.497126,17.0480,0.6080,2.8590,1505.52,steady
95.508972,11.8460,0.5960,2.8580,1505.52,steady
95.518071,9.0990,0.6300,2.8510,1505.52,steady
95.531958,13.8870,0.6150,2.8530,1505.52,steady
95.543810,11.8520,0.5770,2.8630,1505.52,steady
95.558007,14.1970,0.6540,2.8520,1505.52,steady
95.570722,12.7150,0.6800,2.8640,1505.52,steady
95.582225,11.5030,0.7310,2.8740,1505.52,steady
95.595456,13.2310,0.6350,2.8760,1505.52,steady
95.607568,12.1120,0.6250,2.8980,1505.52,steady
95.648067,40.4990,0.5870,2.8740,1505.52,steady
95.683421,35.3540,0.6280,2.8510,1505.52,steady
95.696128,12.7070,0.6310,2.8760,1505.52,steady
95.705765,9.6370,0.6900,2.8480,1505.52,steady
95.718085,12.3200,0.6360,2.8650,1505.52,steady
95.728337,10.2520,0.6850,2.8470,1505.52,steady
95.746358,18.0210,0.6290,2.8610,1505.52,steady
95.755773,9.4150,0.6240,2.9010,1505.52,steady
95.795000,39.2270,0.6830,2.8620,1505.52,steady
95.830740,35.7400,0.6300,4.1250,1505.52,steady
95.844522,13.7820,0.8250,2.8630,1505.52,steady
95.858477,13.9550,1.2780,2.8570,1505.52,steady
95.875900,17.4230,0.8770,2.8560,1505.52,steady
95.887407,11.5070,0.9160,2.8570,1505.52,steady
95.898803,11.3960,1.0000,2.8590,1505.52,steady
95.908444,9.6410,0.8310,2.8850,1505.52,steady
95.922636,14.1920,0.6800,2.8550,1505.52,steady
95.932555,9.9190,0.6330,2.8540,1505.52,steady
95.969841,37.2860,0.8360,2.9030,1505.52,steady
95.976690,6.8490,0.7620,3.5800,1505.52,steady
95.981464,4.7740,1.0230,2.8570,1505.52,steady
95.987951,6.4870,0.8320,2.8380,1505.52,steady
95.993518,5.5670,0.7890,3.7120,1505.52,steady
96.004963,11.4450,0.5910,4.2740,1505.52,steady
96.008915,3.9520,0.6150,4.1240,1505.52,steady
96.012713,3.7980,0.6060,2.8490,1505.52,steady
96.015791,3.0780,0.6850,3.0860,1505.52,steady
96.018948,3.1570,0.5520,2.8480,1505.52,steady
96.023313,4.3650,0.5780,4.2910,1505.52,steady
96.026394,3.0810,0.5630,2.8750,1505.52,steady
96.030564,4.1700,0.6490,3.0260,1505.52,steady
96.034517,3.9530,0.5470,2.8790,1505.52,steady
96.038039,3.5220,0.5880,2.8760,1505.52,steady
96.042245,4.2060,0.5910,4.1290,1505.52,steady
96.053413,11.1680,0.5620,2.8430,1505.52,steady
96.060457,7.0440,0.7570,4.0880,1505.52,steady
96.064515,4.0580,0.9150,2.8610,1505.52,steady
96.067949,3.4340,0.6010,2.8600,1505.52,steady
96.072637,4.6880,0.6150,4.6430,1505.52,steady
96.075911,3.2740,0.6660,2.8730,1505.52,steady
96.081494,5.5830,0.5820,3.0280,1505.52,steady
96.084784,3.2900,0.5750,4.1130,1505.52,steady
96.088281,3.4970,0.5610,2.8550,1505.52,steady
96.092467,4.1860,0.6280,4.3000,1505.52,steady
96.095775,3.3080,0.7450,2.8310,1505.52,steady
96.100057,4.2820,0.5500,4.2590,1505.52,steady
96.103321,3.2640,0.5690,2.8800,1505.52,steady
96.107446,4.1250,0.5760,3.0300,1505.52,steady
96.118998,11.5520,0.5580,2.8820,1505.52,steady
96.128582,9.5840,0.6950,3.0180,1505.52,steady
96.165822,37.2400,0.6060,2.8730,1505.52,steady
96.180921,15.0990,0.6750,2.8420,1505.52,steady
96.202518,21.5970,1.0680,4.1090,1505.52,steady
96.218051,15.5330,0.9330,2.8740,1505.52,steady
96.235892,17.8410,1.2440,2.8810,1505.52,steady
96.247356,11.4640,0.9830,2.8490,1505.52,steady
96.259928,12.5720,0.7650,2.8700,1505.52,steady
96.275137,15.2090,0.7760,2.8640,1505.52,steady
96.287916,12.7790,0.6380,2.8580,1505.52,steady
96.301338,13.4220,0.6420,2.8570,1505.52,steady
96.313036,11.6980,0.6080,2.8460,1505.52,steady
96.324690,11.6540,0.5830,2.8580,1505.52,steady
96.338044,13.3540,0.5780,2.8980,1505.52,steady
96.352236,14.1920,0.5960,2.8570,1505.52,steady
96.387426,35.1900,0.6030,2.8470,1505.52,steady
96.421985,34.5590,0.6070,2.8540,1505.52,steady
96.431368,9.3830,0.6800,2.8590,1505.52,steady
96.441625,10.2570,0.6300,2.8690,1505.52,steady
96.451456,9.8310,0.5890,4.1140,1505.52,steady
96.461233,9.7770,0.6470,2.8460,1505.52,steady
96.473470,12.2370,0.5520,2.8700,1505.52,steady
96.485493,12.0230,0.6020,4.2480,1505.52,steady
96.496472,10.9790,0.6160,4.0800,1505.52,steady
96.508648,12.1760,0.5990,2.8370,1505.52,steady
96.518088,9.4400,0.5680,2.8480,1505.52,steady
96.557341,39.2530,0.5520,4.0360,1505.52,steady
96.596019,38.6780,0.6100,2.8350,1505.52,steady
96.610458,14.4390,0.7310,3.3560,1505.52,steady
96.623119,12.6610,0.8950,2.8900,1505.52,steady
96.634968,11.8490,0.7940,2.8560,1505.52,steady
96.669605,34.6370,0.6620,2.8570,1505.52,steady
96.683867,14.2620,0.6610,2.8510,1505.52,steady
96.711448,27.5810,0.6820,2.8490,1505.52,steady
96.723217,11.7690,0.6660,2.8680,1505.52,steady
96.735812,12.5950,0.6910,2.8690,1505.52,steady
96.771009,35.1970,0.6000,2.8810,1505.52,steady
96.782298,11.2890,0.6680,2.8480,1505.52,steady
96.792657,10.3590,0.6140,2.8640,1505.52,steady
96.832757,40.1000,0.6140,2.8490,1505.52,steady
96.845217,12.4600,0.6180,2.8930,1505.52,steady
96.855327,10.1100,0.6620,2.8670,1505.52,steady
96.867312,11.9850,0.5910,2.8770,1505.52,steady
96.878962,11.6500,0.5900,2.8930,1505.52,steady
96.918845,39.8830,0.6190,2.8630,1505.52,steady
96.933518,14.6730,0.6300,2.8620,1505.52,steady
96.945932,12.4140,0.6850,2.8550,1505.52,steady
96.954758,8.8260,0.6430,2.8600,1505.52,steady
96.964996,10.2380,0.6240,2.8860,1505.52,steady
96.997604,32.6080,0.5760,4.6120,1505.52,steady
97.032222,34.6180,0.6510,2.8530,1505.52,steady
97.060512,28.2900,0.6740,2.8520,1505.52,steady
97.075880,15.3680,0.7180,2.8530,1505.52,steady
97.090818,14.9380,0.8840,2.8530,1505.52,steady
97.096617,5.7990,0.9460,2.8420,1505.52,steady
97.101465,4.8480,0.7170,2.8520,1505.52,steady
97.104421,2.9560,0.6710,2.8640,1505.52,steady
97.107957,3.5360,0.5660,3.0470,1505.52,steady
97.113209,5.2520,0.5940,2.8660,1505.52,steady
97.117395,4.1860,0.6210,3.0010,1505.52,steady
97.120595,3.2000,0.5960,2.8890,1505.52,steady
97.123749,3.1540,0.5550,2.8590,1505.52,steady
97.127144,3.3950,0.5490,2.8790,1505.52,steady
97.130676,3.5320,0.5580,2.8690,1505.52,steady
97.134616,3.9400,0.5470,4.0900,1505.52,steady
97.137812,3.1960,0.5420,2.8680,1505.52,steady
97.141302,3.4900,0.5350,3.4340,1505.52,steady
97.145162,3.8600,0.5520,3.7030,1505.52,steady
97.149296,4.1340,0.5690,4.1290,1505.52,steady
97.152438,3.1420,0.5320,2.8800,1505.52,steady
97.156672,4.2340,0.7130,4.0700,1505.52,steady
97.160188,3.5160,0.5670,2.8940,1505.52,steady
97.164704,4.5160,0.5310,4.6470,1505.52,steady
97.175628,10.9240,0.5370,4.1170,1505.52,steady
97.182416,6.7880,0.5890,2.8620,1505.52,steady
97.186707,4.2910,0.5700,2.8820,1505.52,steady
97.189787,3.0800,0.5760,4.1010,1505.52,steady
97.192828,3.0410,0.5840,2.8640,1505.52,steady
97.204103,11.2750,0.5710,4.1330,1505.52,steady
97.207246,3.1430,0.5500,2.8540,1505.52,steady
97.211289,4.0430,0.5630,4.1110,1505.52,steady
97.214327,3.0380,0.6050,2.8620,1505.52,steady
97.225304,10.9770,0.5620,4.3010,1505.52,steady
97.228824,3.5200,0.5390,2.8510,1505.52,steady
97.232699,3.8750,0.5590,4.3050,1505.52,steady
97.235672,2.9730,0.5560,2.8450,1505.52,steady
97.239827,4.1550,0.5450,4.1270,1505.52,steady
97.244172,4.3450,0.5630,4.0750,1505.52,steady
97.247331,3.1590,0.5500,2.8630,1505.52,steady
97.250649,3.3180,0.5630,2.8630,1505.52,steady
97.254960,4.3110,0.8530,3.0470,1505.52,steady
97.258640,3.6800,0.5350,3.8430,1505.52,steady
97.262288,3.6480,0.5400,2.8550,1505.52,steady
97.265322,3.0340,0.5500,2.8670,1505.52,steady
97.269675,4.3530,0.5360,3.0680,1505.52,steady
97.274175,4.5000,0.5650,4.1360,1505.52,steady
97.277346,3.1710,0.5370,2.8490,1505.52,steady
97.281603,4.2570,0.5870,3.0470,1505.52,steady
97.285052,3.4490,0.5370,2.8570,1505.52,steady
97.294021,8.9690,0.5500,3.0720,1505.52,steady
97.297374,3.3530,0.5250,2.8880,1505.52,steady
97.301497,4.1230,0.5560,4.1170,1505.52,steady
97.304775,3.2780,0.5870,2.8580,1505.52,steady
97.338384,33.6090,0.5590,4.1200,1505.52,steady
97.352415,14.0310,0.5900,2.8570,1505.52,steady
97.364001,11.5860,0.5740,2.8670,1505.52,steady
97.403604,39.6030,0.6010,2.8560,1505.52,steady
97.415797,12.1930,0.5890,2.8830,1505.52,steady
97.428123,12.3260,0.6230,2.8670,1505.52,steady
97.459436,31.3130,0.6570,2.8620,1505.52,steady
97.503752,44.3160,0.6150,2.8540,1505.52,steady
97.522281,18.5290,0.6450,2.8810,1505.52,steady
97.534184,11.9030,0.7270,3.5040,1505.52,steady
97.548430,14.2460,0.6630,2.8520,1505.52,steady
97.564198,15.7680,0.6170,2.8550,1505.52,steady
97.575587,11.3890,0.7200,2.8640,1505.52,steady
97.588146,12.5590,0.6110,2.9060,1505.52,steady
97.602717,14.5710,0.5980,2.8570,1505.52,steady
97.616302,13.5850,0.7440,4.0370,1505.52,steady
97.651434,35.1320,0.6180,2.8670,1505.52,steady
97.661965,10.5310,0.6440,2.8530,1505.52,steady
97.672505,10.5400,0.6790,3.6480,1505.52,steady
97.685306,12.8010,0.6310,2.8940,1505.52,steady
97.698512,13.2060,0.8070,2.8650,1505.52,steady
97.707822,9.3100,0.5840,2.8730,1505.52,steady
97.718997,11.1750,0.5980,2.8580,1505.52,steady
97.731385,12.3880,0.6390,2.8450,1505.52,steady
97.742547,11.1620,0.6130,4.1090,1505.52,steady
97.753193,10.6460,0.6340,2.8920,1505.52,steady
97.788694,35.5010,0.6090,2.8700,1505.52,steady
97.803449,14.7550,0.6240,4.6510,1505.52,steady
97.815374,11.9250,0.7340,4.0900,1505.52,steady
97.826487,11.1130,0.6490,2.8740,1505.52,steady
97.836036,9.5490,0.7420,2.9050,1505.52,steady
97.847000,10.9640,0.6180,2.8540,1505.52,steady
97.883631,36.6310,0.5960,2.8780,1505.52,steady
97.927453,43.8220,0.7570,2.8600,1505.52,steady
97.939417,11.9640,0.7090,2.8620,1505.52,steady
97.949424,10.0070,0.6580,2.8990,1505.52,steady
97.959106,9.6820,0.6220,2.8970,1505.52,steady
97.972777,13.6710,0.7160,3.6520,1505.52,steady
97.984706,11.9290,0.6660,2.8650,1505.52,steady
97.999884,15.1780,0.6610,2.8520,1505.52,steady
98.012414,12.5300,0.7590,2.8640,1505.52,steady
98.025823,13.4090,0.7280,2.8630,1505.52,steady
98.037778,11.9550,0.6160,4.5620,1505.52,steady
98.049598,11.8200,0.6140,4.0830,1505.52,steady
98.066102,16.5040,0.7180,2.8970,1505.52,steady
98.104650,38.5480,0.6580,2.8540,1505.52,steady
98.116831,12.1810,0.6010,2.8660,1505.52,steady
98.126739,9.9080,0.6410,2.8440,1505.52,steady
98.140379,13.6400,0.6100,2.8580,1505.52,steady
98.151807,11.4280,0.5910,2.8690,1505.52,steady
98.158466,6.6590,0.5840,2.8440,1505.52,steady
98.163512,5.0460,0.5870,2.8640,1505.52,steady
98.167621,4.1090,0.6710,2.8700,1505.52,steady
98.177150,9.5290,0.6150,4.1250,1505.52,steady
98.212023,34.8730,0.6120,2.8600,1505.52,steady
98.222654,10.6310,0.5890,4.1190,1505.52,steady
98.233275,10.6210,0.6210,2.8660,1505.52,steady
98.243572,10.2970,0.6030,2.8660,1505.52,steady
98.256817,13.2450,0.5430,2.8670,1505.52,steady
98.269714,12.8970,0.6810,2.8690,1505.52,steady
98.281764,12.0500,0.7670,2.8830,1505.52,steady
98.292560,10.7960,0.6920,2.8760,1505.52,steady
98.302860,10.3000,0.6420,4.2890,1505.52,steady
98.315181,12.3210,0.6070,2.8490,1505.52,steady
98.326757,11.5760,0.6070,2.8960,1505.52,steady
98.348198,21.4410,0.5990,4.1320,1505.52,steady
98.359206,11.0080,0.5910,2.8490,1505.52,steady
98.370725,11.5190,0.5870,2.8600,1505.52,steady
98.382693,11.9680,0.6050,2.8760,1505.52,steady
98.393076,10.3830,0.6370,2.8780,1505.52,steady
98.412709,19.6330,0.6010,2.8500,1505.52,steady
98.422672,9.9630,0.6270,2.8580,1505.52,steady
98.432372,9.7000,0.6440,2.8720,1505.52,steady
98.446611,14.2390,0.6090,2.8690,1505.52,steady
98.459109,12.4980,0.6080,2.8420,1505.52,steady
98.494097,34.9880,0.6210,2.8920,1505.52,steady
98.527100,33.0030,0.6270,2.8680,1505.52,steady
98.559739,32.6390,0.6180,2.8430,1505.52,steady
98.573413,13.6740,0.6200,2.8670,1505.52,steady
98.583683,10.2700,0.6890,2.8540,1505.52,steady
98.595291,11.6080,0.6020,2.8850,1505.52,steady
98.606948,11.6570,0.6580,2.8580,1505.52,steady
98.645300,38.3520,0.6010,2.8960,1505.52,steady
98.657492,12.1920,0.6790,2.8720,1505.52,steady
98.669304,11.8120,0.9850,2.8600,1505.52,steady
98.681226,11.9220,0.8390,2.8970,1505.52,steady
98.692365,11.1390,0.6870,2.9120,1505.52,steady
98.718587,26.2220,0.7710,2.8860,1505.52,steady
98.731279,12.6920,0.6770,2.8840,1505.52,steady
98.746571,15.2920,0.7430,4.1470,1505.52,steady
98.757333,10.7620,0.7110,2.9010,1505.52,steady
98.772734,15.4010,0.7310,4.2910,1505.52,steady
98.784639,11.9050,0.6570,3.0060,1505.52,steady
98.794556,9.9170,0.8070,2.8490,1505.52,steady
98.804618,10.0620,0.6340,2.8590,1505.52,steady
98.818615,13.9970,0.5880,2.8960,1505.52,steady
98.853276,34.6610,0.5920,2.8440,1505.52,steady
98.895349,42.0730,0.6140,2.8480,1505.52,steady
98.906862,11.5130,1.0110,4.2690,1505.52,steady
98.913217,6.3550,0.6760,2.8590,1505.52,steady
98.921706,8.4890,0.6570,2.8910,1505.52,steady
98.934844,13.1380,0.6460,2.8690,1505.52,steady
98.944877,10.0330,0.6690,4.3210,1505.52,steady
98.951621,6.7440,0.5750,2.8850,1505.52,steady
98.956746,5.1250,0.5940,2.8470,1505.52,steady
98.960857,4.1110,0.5740,2.8600,1505.52,steady
98.964140,3.2830,0.5980,4.3270,1505.52,steady
98.967011,2.8710,0.6250,2.8420,1505.52,steady
98.971151,4.1400,0.5540,4.0890,1505.52,steady
98.974300,3.1490,0.5850,2.8580,1505.52,steady
98.978553,4.2530,0.6000,4.2440,1505.52,steady
98.988966,10.4130,0.5520,2.9000,1505.52,steady
98.992920,3.9540,0.5590,4.6490,1505.52,steady
98.998371,5.4510,0.5610,2.8540,1505.52,steady
99.002683,4.3120,0.5790,3.3900,1505.52,steady
99.006297,3.6140,0.6240,4.6650,1505.52,steady
99.016968,10.6710,0.5900,2.8720,1505.52,steady
99.020918,3.9500,1.4810,2.8650,1505.52,steady
99.035055,14.1370,0.5730,2.9080,1505.52,steady
99.047429,12.3740,0.6170,3.6820,1505.52,steady
99.058401,10.9720,1.8640,3.2170,1505.52,steady
99.102092,43.6910,0.7190,4.6800,1505.52,steady
99.123049,20.9570,0.6820,2.8560,1505.52,steady
99.131670,8.6210,0.8970,4.1060,1505.52,steady
99.139652,7.9820,0.8250,4.6810,1505.52,steady
99.144178,4.5260,0.6950,3.5480,1505.52,steady
99.148427,4.2490,0.6500,3.5170,1505.52,steady
99.152882,4.4550,0.8540,4.6670,1505.52,steady
99.156307,3.4250,0.5920,2.8940,1505.52,steady
99.160381,4.0740,0.5970,3.4450,1505.52,steady
99.165214,4.8330,0.6080,4.1230,1505.52,steady
99.170199,4.9850,0.6150,2.8540,1505.52,steady
99.175927,5.7280,0.5560,4.6910,1505.52,steady
99.180348,4.4210,0.6050,2.8800,1505.52,steady
99.190819,10.4710,0.5820,2.8580,1505.52,steady
99.200866,10.0470,0.5500,3.4480,1505.52,steady
99.236548,35.6820,0.6340,2.8920,1505.52,steady
99.249542,12.9940,0.6500,3.4350,1505.52,steady
99.289586,40.0440,0.8830,2.8730,1505.52,steady
99.301858,12.2720,0.7490,4.6670,1505.52,steady
99.315561,13.7030,0.9800,4.6730,1505.52,steady
99.354735,39.1740,0.8160,2.9170,1505.52,steady
99.367122,12.3870,0.7040,2.8640,1505.52,steady
99.379682,12.5600,0.6640,3.3910,1505.52,steady
99.394170,14.4880,0.6640,4.6520,1505.52,steady
99.405450,11.2800,0.8300,4.6960,1505.52,steady
99.421274,15.8240,0.6050,4.1190,1505.52,steady
99.440250,18.9760,0.6260,2.8700,1505.52,steady
99.452811,12.5610,0.6120,4.1400,1505.52,steady
99.463884,11.0730,0.6540,2.8570,1505.52,steady
99.479711,15.8270,0.7480,3.4430,1505.52,steady
99.504420,24.7090,0.6320,4.1060,1505.52,steady
99.516600,12.1800,0.6990,2.8640,1505.52,steady
99.528689,12.0890,0.6770,4.1500,1505.52,steady
99.543822,15.1330,0.5920,2.8650,1505.52,steady
99.556702,12.8800,0.6970,2.8840,1505.52,steady
99.568695,11.9930,0.6840,2.8800,1505.52,steady
99.584900,16.2050,0.6870,3.2020,1505.52,steady
99.596604,11.7040,0.6900,4.1490,1505.52,steady
99.610942,14.3380,0.9600,3.3980,1505.52,steady
99.624728,13.7860,0.6550,4.1250,1505.52,steady
99.635793,11.0650,0.6450,4.6910,1505.52,steady
99.671574,35.7810,0.7180,3.3980,1505.52,steady
99.709545,37.9710,0.6150,2.9070,1505.52,steady
99.720302,10.7570,0.7260,3.9680,1505.52,steady
99.730957,10.6550,0.8050,2.8860,1505.52,steady
99.768990,38.0330,0.7600,4.1280,1505.52,steady
99.784232,15.2420,0.8380,2.8650,1505.52,steady
99.821323,37.0910,1.0200,5.0220,1505.52,steady
99.832143,10.8200,0.8150,3.4270,1505.52,steady
99.846229,14.0860,0.8230,2.8630,1505.52,steady
99.858390,12.1610,0.6730,4.7020,1505.52,steady
99.871685,13.2950,0.6400,4.6790,1505.52,steady
99.882112,10.4270,0.6980,2.8910,1505.52,steady
99.896136,14.0240,0.6500,2.8690,1505.52,steady
99.906756,10.6200,0.7090,3.2320,1505.52,steady
99.945845,39.0890,1.5240,3.2300,1505.52,steady
99.959236,13.3910,0.6580,2.8730,1505.52,steady
99.968570,9.3340,0.6710,2.8660,1505.52,steady
99.979607,11.0370,0.6440,3.4530,1505.52,steady
99.991746,12.1390,0.6880,2.8810,1505.52,steady
100.003013,11.2670,0.6130,3.4480,1505.52,steady
100.013067,10.0540,0.6370,4.1260,1505.52,steady
100.052147,39.0800,0.6070,2.8770,1505.52,steady
100.091579,39.4320,0.6240,4.6820,1505.52,steady
100.104141,12.5620,0.7490,2.8760,1505.52,steady
100.120281,16.1400,0.6930,3.3980,1505.52,steady
100.133554,13.2730,0.6490,4.6730,1505.52,steady
100.145721,12.1670,0.6620,2.8830,1505.52,steady
100.158056,12.3350,0.6340,3.2230,1505.52,steady
100.198581,40.5250,0.5860,4.7040,1505.52,steady
100.232806,34.2250,0.6640,4.1120,1505.52,steady
100.248559,15.7530,1.1830,2.8790,1505.52,steady
100.261463,12.9040,0.8590,2.8560,1505.52,steady
100.272727,11.2640,0.7280,2.8830,1505.52,steady
100.284626,11.8990,0.7360,2.8610,1505.52,steady
100.296439,11.8130,0.6330,3.6470,1505.52,steady
100.336567,40.1280,0.6250,4.2950,1505.52,steady
100.362387,25.8200,0.6720,2.8880,1505.52,steady
100.374321,11.9340,0.7220,2.8640,1505.52,steady
100.388331,14.0100,0.6680,2.8690,1505.52,steady
100.423053,34.7220,0.6230,4.1430,1505.52,steady
100.432492,9.4390,0.6090,2.8900,1505.52,steady
100.469541,37.0490,0.6010,2.8590,1505.52,steady
100.498363,28.8220,0.6300,3.0320,1505.52,steady
100.510567,12.2040,0.7800,2.8820,1505.52,steady
100.520427,9.8600,0.6730,2.8710,1505.52,steady
100.530543,10.1160,0.7870,2.8610,1505.52,steady
100.571997,41.4540,0.6150,2.8920,1505.52,steady
100.605864,33.8670,0.6220,2.8640,1505.52,steady
100.630693,24.8290,0.6600,2.8720,1505.52,steady
100.665847,35.1540,0.6690,3.3430,1505.52,steady
100.681007,15.1600,0.6010,2.8480,1505.52,steady
100.716898,35.8910,0.6780,2.8540,1505.52,steady
100.729055,12.1570,0.8340,2.8740,1505.52,steady
100.739992,10.9370,0.6430,2.8820,1505.52,steady
100.758422,18.4300,0.6160,4.1310,1505.52,steady
100.770619,12.1970,0.8180,2.8470,1505.52,steady
100.781231,10.6120,0.6910,2.8760,1505.52,steady
100.790263,9.0320,0.6300,4.1280,1505.52,steady
100.800105,9.8420,0.6300,2.8700,1505.52,steady
100.809461,9.3560,0.6100,2.8740,1505.52,steady
100.821316,11.8550,0.6260,2.8510,1505.52,steady
100.831693,10.3770,0.8250,2.8550,1505.52,steady
100.841351,9.6580,0.5900,2.8570,1505.52,steady
100.855467,14.1160,0.6080,2.8870,1505.52,steady
100.893209,37.7420,0.5780,4.3170,1505.52,steady
100.905492,12.2830,0.6050,2.8950,1505.52,steady
100.915456,9.9640,0.6590,2.8640,1505.52,steady
100.926990,11.5340,0.6240,2.8650,1505.52,steady
100.942194,15.2040,0.6020,2.8740,1505.52,steady
100.953416,11.2220,0.5950,2.8590,1505.52,steady
100.965058,11.6420,0.6970,2.8760,1505.52,steady
100.977598,12.5400,0.6270,2.8700,1505.52,steady
100.990097,12.4990,0.6280,2.8840,1505.52,steady
101.028986,38.8890,0.6720,2.8890,1505.52,steady
101.067258,38.2720,0.5800,2.8780,1505.52,steady
101.079586,12.3280,0.6780,2.8600,1505.52,steady
101.091182,11.5960,0.6540,2.8680,1505.52,steady
101.102331,11.1490,0.6410,2.8650,1505.52,steady
101.113474,11.1430,0.5960,2.9040,1505.52,steady
101.125683,12.2090,0.6010,2.8480,1505.52,steady
101.136578,10.8950,0.6080,2.8850,1505.52,steady
101.149796,13.2180,0.6230,2.8800,1505.52,steady
101.164148,14.3520,0.6370,2.8650,1505.52,steady
101.179962,15.8140,0.6350,2.8870,1505.52,steady
101.190147,10.1850,0.6460,2.8590,1505.52,steady
101.231191,41.0440,0.6090,2.8520,1505.52,steady
101.273925,42.7340,0.6380,2.8630,1505.52,steady
101.304253,30.3280,1.0090,2.8680,1505.52,steady
101.339535,35.2820,0.6840,2.8490,1505.52,steady
101.375692,36.1570,0.9580,2.8860,1505.52,steady
101.409775,34.0830,0.7430,2.9040,1505.52,steady
101.422858,13.0830,0.7110,2.8790,1505.52,steady
101.433885,11.0270,0.6320,3.1940,1505.52,steady
101.444753,10.8680,0.6410,2.8800,1505.52,steady
101.482663,37.9100,0.6160,2.8580,1505.52,steady
101.494557,11.8940,0.7420,2.8810,1505.52,steady
101.509463,14.9060,0.8740,2.8680,1505.52,steady
101.519259,9.7960,0.7590,2.8920,1505.52,steady
101.528511,9.2520,0.6980,2.8510,1505.52,steady
101.541156,12.6450,0.6080,2.8710,1505.52,steady
101.551440,10.2840,0.5980,4.1360,1505.52,steady
101.568003,16.5630,0.6230,2.8800,1505.52,steady
101.580063,12.0600,0.6990,2.8600,1505.52,steady
101.592606,12.5430,0.6430,2.8770,1505.52,steady
101.606420,13.8140,0.6380,2.8700,1505.52,steady
101.618936,12.5160,0.6880,4.6300,1505.52,steady
101.630840,11.9040,0.6440,2.8800,1505.52,steady
101.645398,14.5580,0.6310,2.8800,1505.52,steady
101.658617,13.2190,0.6510,2.8710,1505.52,steady
101.667976,9.3590,0.5890,2.8550,1505.52,steady
101.678334,10.3580,0.6340,2.8520,1505.52,steady
101.687927,9.5930,0.6450,4.1190,1505.52,steady
101.697189,9.2620,0.6640,2.8760,1505.52,steady
101.708554,11.3650,0.6630,2.9260,1505.52,steady
101.722467,13.9130,0.5970,3.8640,1505.52,steady
101.738496,16.0290,0.6450,2.8940,1505.52,steady
101.750368,11.8720,0.6310,2.8730,1505.52,steady
101.763950,13.5820,0.6570,2.8580,1505.52,steady
101.804482,40.5320,0.6930,2.8930,1505.52,steady
101.831142,26.6600,0.6490,2.8790,1505.52,steady
101.841184,10.0420,0.7020,2.8550,1505.52,steady
101.851070,9.8860,0.6940,2.8720,1505.52,steady
101.888442,37.3720,0.6840,2.8760,1505.52,steady
101.908916,20.4740,0.7490,2.8670,1505.52,steady
101.921303,12.3870,1.0310,2.8560,1505.52,steady
101.934718,13.4150,0.8560,2.8620,1505.52,steady
101.946952,12.2340,0.7600,2.8820,1505.52,steady
101.962757,15.8050,0.7230,2.8480,1505.52,steady
101.976229,13.4720,0.7000,2.8740,1505.52,steady
101.991037,14.8080,0.7300,3.7150,1505.52,steady
102.005126,14.0890,0.6750,2.9980,1505.52,steady
102.039899,34.7730,0.7190,2.9850,1505.52,steady
102.052313,12.4140,0.7320,3.0020,1505.52,steady
102.068134,15.8210,0.6820,3.0020,1505.52,steady
102.080956,12.8220,0.6710,3.0020,1505.52,steady
102.094548,13.5920,0.9290,5.0670,1505.52,steady
102.106246,11.6980,0.7610,5.2860,1505.52,steady
102.117166,10.9200,0.7440,3.0000,1505.52,steady
102.154020,36.8540,0.7380,3.0310,1505.52,steady
102.168835,14.8150,0.6870,2.9850,1505.52,steady
102.208221,39.3860,0.9020,3.8370,1505.52,steady
102.247499,39.2780,0.8340,3.0670,1505.52,steady
102.286942,39.4430,0.7800,3.0500,1505.52,steady
102.330527,43.5850,1.0200,3.0310,1505.52,steady
102.341808,11.2810,0.9060,3.0280,1505.52,steady
102.352751,10.9430,0.9330,3.0200,1505.52,steady
102.374553,21.8020,0.7560,3.0620,1505.52,steady
102.384876,10.3230,0.7500,3.0290,1505.52,steady
102.395142,10.2660,0.9110,3.1210,1505.52,steady
102.405276,10.1340,0.7160,3.1460,1505.52,steady
102.416067,10.7910,0.6530,3.1240,1505.52,steady
102.428028,11.9610,0.6270,3.1940,1505.52,steady
102.441419,13.3910,0.6490,3.1340,1505.52,steady
102.451630,10.2110,0.6620,3.1200,1505.52,steady
102.467006,15.3760,0.7000,3.1460,1505.52,steady
102.480150,13.1440,0.6540,5.2250,1505.52,steady
102.491575,11.4250,0.8070,3.1660,1505.52,steady
102.505268,13.6930,0.7170,3.1720,1505.52,steady
102.515475,10.2070,0.7230,3.1240,1505.52,steady
102.529726,14.2510,0.7230,3.1160,1505.52,steady
102.542713,12.9870,0.7230,3.1370,1505.52,steady
102.553838,11.1250,0.9040,3.1640,1505.52,steady
102.566292,12.4540,0.6610,3.1400,1505.52,steady
102.582677,16.3850,0.6630,3.1290,1505.52,steady
102.598313,15.6360,0.8090,3.1780,1505.52,steady
102.613352,15.0390,0.9210,3.1850,1505.52,steady
102.633053,19.7010,0.6860,3.1840,1505.52,steady
102.646645,13.5920,0.7300,3.1760,1505.52,steady
102.659079,12.4340,0.6890,3.2140,1505.52,steady
102.699633,40.5540,0.6220,3.1730,1505.52,steady
102.711835,12.2020,0.6590,3.1660,1505.52,steady
102.722841,11.0060,0.7430,3.1720,1505.52,steady
102.746099,23.2580,0.6450,3.1920,1505.52,steady
102.758272,12.1730,0.6980,3.6160,1505.52,steady
102.773494,15.2220,0.7410,3.1770,1505.52,steady
102.783477,9.9830,0.6220,4.6880,1505.52,steady
102.797864,14.3870,0.6440,4.9900,1505.52,steady
102.836337,38.4730,0.6000,3.2450,1505.52,steady
102.872762,36.4250,0.6170,3.2580,1505.52,steady
102.905898,33.1360,0.6340,3.2540,1505.52,steady
102.920248,14.3500,0.6910,3.2460,1505.52,steady
102.929989,9.7410,0.6760,3.2420,1505.52,steady
102.947279,17.2900,0.6110,3.2780,1505.52,steady
102.968411,21.1320,0.6570,3.2570,1505.52,steady
102.980038,11.6270,0.6990,5.1260,1505.52,steady
102.990251,10.2130,0.6420,3.6700,1505.52,steady
103.031393,41.1420,0.6050,3.3560,1505.52,steady
103.065348,33.9550,0.5980,3.3070,1505.52,steady
103.098758,33.4100,0.6900,3.3310,1505.52,steady
103.129099,30.3410,0.6820,3.3710,1505.52,steady
103.165260,36.1610,0.7780,5.1540,1505.52,steady
103.203866,38.6060,0.7380,3.3290,1505.52,steady
103.219541,15.6750,0.7350,3.9740,1505.52,steady
103.230369,10.8280,0.8430,4.1010,1505.52,steady
103.242708,12.3390,0.7520,4.0810,1505.52,steady
103.278456,35.7480,0.8800,4.1030,1505.52,steady
103.308544,30.0880,0.6620,4.0670,1505.52,steady
103.321206,12.6620,0.7850,4.0650,1505.52,steady
103.360298,39.0920,0.6890,4.0760,1505.52,steady
103.393659,33.3610,0.6150,6.1140,1505.52,steady
103.398554,4.8950,0.7180,4.0520,1505.52,steady
103.406739,8.1850,0.8130,4.1370,1505.52,steady
103.410223,3.4840,0.6620,6.1930,1505.52,steady
103.415932,5.7090,0.7460,4.9750,1505.52,steady
103.420091,4.1590,0.5970,4.4460,1505.52,steady
103.429934,9.8430,0.5850,5.4100,1505.52,steady
103.437301,7.3670,0.6070,4.1440,1505.52,steady
103.440093,2.7920,0.6920,4.1310,1505.52,steady
103.448942,8.8490,0.5700,4.1450,1505.52,steady
103.456785,7.8430,0.5520,4.1550,1505.52,steady
103.464937,8.1520,0.5720,5.1450,1505.52,steady
103.468466,3.5290,0.5670,4.1770,1505.52,steady
103.474142,5.6760,0.6040,4.1330,1505.52,steady
103.479463,5.3210,0.7280,6.0840,1505.52,steady
103.483974,4.5110,0.6290,4.4330,1505.52,steady
103.487614,3.6400,0.6570,4.4800,1505.52,steady
103.492005,4.3910,0.5850,4.1470,1505.52,steady
103.502498,10.4930,0.5810,4.6050,1505.52,steady
103.513994,11.4960,0.5860,4.5820,1505.52,steady
103.517112,3.1180,0.5940,4.6250,1505.52,steady
103.521224,4.1120,0.5870,4.1290,1505.52,steady
103.525913,4.6890,0.5730,4.4450,1505.52,steady
103.530722,4.8090,0.5700,4.6410,1505.52,steady
103.535230,4.5080,0.5900,4.1790,1505.52,steady
103.539545,4.3150,0.7600,4.2030,1505.52,steady
103.546436,6.8910,0.5770,4.6160,1505.52,steady
103.549875,3.4390,0.5810,4.1200,1505.52,steady
103.553700,3.8250,0.5930,4.1390,1505.52,steady
103.561221,7.5210,0.5810,6.5880,1505.52,steady
103.567113,5.8920,0.5750,6.0890,1505.52,steady
103.572513,5.4000,0.6090,5.3340,1505.52,steady
103.576075,3.5620,0.5890,2.9280,1505.52,steady
103.579405,3.3300,0.7770,2.9540,1505.52,steady
103.582620,3.2150,0.6240,2.9300,1505.52,steady
103.585788,3.1680,0.5480,3.1910,1505.52,steady
103.589065,3.2770,0.5580,2.9130,1505.52,steady
103.592436,3.3710,0.6090,3.3080,1505.52,steady
103.596032,3.5960,0.6420,2.9230,1505.52,steady
103.599765,3.7330,0.5640,2.9310,1505.52,steady
103.603041,3.2760,0.5870,2.9010,1505.52,steady
103.606372,3.3310,0.5680,3.2700,1505.52,steady
103.617007,10.6350,0.5800,2.9090,1505.52,steady
103.660153,43.1460,0.5550,2.9010,1505.52,steady
103.695143,34.9900,0.6400,2.8930,1505.52,steady
103.709142,13.9990,0.7950,2.8550,1505.52,steady
103.747127,37.9850,0.7930,2.8610,1505.52,steady
103.760167,13.0400,0.7040,2.8540,1505.52,steady
103.795287,35.1200,0.7480,2.8810,1505.52,steady
103.814812,19.5250,0.6380,2.8830,1505.52,steady
103.927271,112.4590,0.7450,4.8320,1505.52,steady
103.974211,46.9400,0.7710,4.8320,1505.52,steady
103.989640,15.4290,0.7590,4.8320,1505.52,steady
104.012693,23.0530,0.8700,4.5430,1505.52,steady
104.037703,25.0100,0.8610,4.5430,1505.52,steady
104.062050,24.3470,0.8600,4.5430,1505.52,steady
104.086297,24.2470,0.8210,4.5430,1505.52,steady
104.136350,50.0530,0.8210,4.5430,1505.52,steady
104.184689,48.3390,0.8240,4.5430,1505.52,steady
104.206354,21.6650,0.8230,4.5430,1505.52,steady
104.221100,14.7460,0.8500,4.5430,1505.52,steady
104.232437,11.3370,0.7470,3.4470,1505.52,steady
104.251947,19.5100,0.7320,2.8550,1505.52,steady
104.263485,11.5380,0.6130,2.8850,1505.52,steady
104.268198,4.7130,0.6430,3.0930,1505.52,steady
104.283922,15.7240,0.6780,3.0600,1505.52,steady
104.329021,45.0990,0.6720,3.0600,1505.52,steady
104.382689,53.6680,0.6840,3.0600,1505.52,steady
104.427678,44.9890,0.6920,3.0600,1505.52,steady
104.477483,49.8050,0.6840,3.0600,1505.52,steady
104.499953,22.4700,0.6950,3.0600,1505.52,steady
104.514477,14.5240,0.7090,3.0600,1505.52,steady
104.526127,11.6500,0.8600,2.9440,1505.52,steady
104.568280,42.1530,0.6490,2.8540,1505.52,steady
104.579082,10.8020,0.6220,3.3710,1505.52,steady
104.589983,10.9010,0.7100,3.3840,1505.52,steady
104.603396,13.4130,0.6200,2.8670,1505.52,steady
104.615511,12.1150,0.6360,2.8650,1505.52,steady
104.623579,8.0680,0.6310,2.8620,1505.52,steady
104.627545,3.9660,0.8030,4.1190,1505.52,steady
104.632680,5.1350,0.6110,4.5370,1505.52,steady
104.639081,6.4010,0.6420,2.8600,1505.52,steady
104.643598,4.5170,0.6850,3.2390,1505.52,steady
104.649238,5.6400,0.6310,2.8720,1505.52,steady
104.653333,4.0950,0.6400,4.6380,1505.52,steady
104.656826,3.4930,0.6180,2.8700,1505.52,steady
104.660384,3.5580,0.6270,2.8770,1505.52,steady
104.664301,3.9170,0.7980,4.1360,1505.52,steady
104.667733,3.4320,0.5930,2.8560,1505.52,steady
104.671975,4.2420,0.5580,4.1540,1505.52,steady
104.675420,3.4450,0.5750,2.8730,1505.52,steady
104.681195,5.7750,0.5980,4.0080,1505.52,steady
104.685109,3.9140,0.6400,4.0910,1505.52,steady
104.688261,3.1520,0.5740,2.8800,1505.52,steady
104.692612,4.3510,0.5780,4.1650,1505.52,steady
104.696084,3.4720,0.5730,2.8570,1505.52,steady
104.700480,4.3960,0.5840,3.3650,1505.52,steady
104.703426,2.9460,0.6660,2.8550,1505.52,steady
104.708063,4.6370,0.5530,3.3790,1505.52,steady
104.711017,2.9540,0.6220,2.8850,1505.52,steady
104.715923,4.9060,0.5540,3.3790,1505.52,steady
104.719829,3.9060,0.5930,4.1160,1505.52,steady
104.723290,3.4610,0.5620,2.8590,1505.52,steady
104.727468,4.1780,0.7690,4.1260,1505.52,steady
104.731160,3.6920,0.5660,2.8530,1505.52,steady
104.735590,4.4300,0.5670,4.6110,1505.52,steady
104.738520,2.9300,0.5900,2.8620,1505.52,steady
104.743431,4.9110,0.5600,3.3940,1505.52,steady
104.746593,3.1620,0.5520,3.2590,1505.52,steady
104.752015,5.4220,0.6380,4.3220,1505.52,steady
104.756015,4.0000,0.5920,4.1120,1505.52,steady
104.759576,3.5610,0.5920,2.8640,1505.52,steady
104.767891,8.3150,0.8650,3.4000,1505.52,steady
104.779887,11.9960,0.5830,2.8540,1505.52,steady
104.816254,36.3670,0.6540,2.9060,1505.52,steady
104.831967,15.7130,0.6150,2.8740,1505.52,steady
104.846862,14.8950,0.6630,2.8840,1505.52,steady
104.863551,16.6890,0.6180,3.3560,1505.52,steady
104.876953,13.4020,0.6230,3.1880,1505.52,steady
104.882173,5.2200,0.6500,2.8690,1505.52,steady
104.885734,3.5610,0.7190,2.8570,1505.52,steady
104.918893,33.1590,0.6230,3.4410,1505.52,steady
104.929025,10.1320,0.6170,2.8640,1505.52,steady
104.938973,9.9480,0.9060,2.8650,1505.52,steady
104.980402,41.4290,0.6900,3.3940,1505.52,steady
104.990252,9.8500,0.6890,2.8610,1505.52,steady
105.028944,38.6920,0.8190,3.1220,1505.52,steady
105.069312,40.3680,0.6970,4.1050,1505.52,steady
105.080495,11.1830,1.0320,2.8440,1505.52,steady
105.091294,10.7990,0.8060,4.1000,1505.52,steady
105.102028,10.7340,0.6500,2.8710,1505.52,steady
105.142780,40.7520,0.6260,3.1580,1505.52,steady
105.158728,15.9480,0.6530,4.1500,1505.52,steady
105.171746,13.0180,0.7850,2.8970,1505.52,steady
105.182951,11.2050,0.7300,3.3520,1505.52,steady
105.194026,11.0750,0.6790,3.8720,1505.52,steady
105.206331,12.3050,0.7290,2.8700,1505.52,steady
105.219518,13.1870,0.6380,4.6550,1505.52,steady
105.229345,9.8270,0.6490,4.1330,1505.52,steady
105.241799,12.4540,0.6490,2.8980,1505.52,steady
105.255401,13.6020,0.6000,2.8860,1505.52,steady
105.269450,14.0490,0.7410,3.8770,1505.52,steady
105.311967,42.5170,0.6370,4.1140,1505.52,steady
105.320255,8.2880,0.7110,4.1060,1505.52,steady
105.329453,9.1980,0.9570,2.8840,1505.52,steady
105.334335,4.8820,0.7450,2.8720,1505.52,steady
105.339210,4.8750,0.6940,2.8610,1505.52,steady
105.343623,4.4130,0.6710,2.8720,1505.52,steady
105.346926,3.3030,0.6120,3.2110,1505.52,steady
105.350410,3.4840,0.5870,2.8640,1505.52,steady
105.358685,8.2750,0.6170,4.4450,1505.52,steady
105.362609,3.9240,0.6380,2.8500,1505.52,steady
105.366628,4.0190,0.5680,2.8800,1505.52,steady
105.370058,3.4300,0.6230,3.1120,1505.52,steady
105.373701,3.6430,0.5610,3.7020,1505.52,steady
105.377458,3.7570,0.5900,2.8700,1505.52,steady
105.381527,4.0690,0.5590,3.9930,1505.52,steady
105.384765,3.2380,0.5890,2.8540,1505.52,steady
105.388676,3.9110,0.5430,3.9120,1505.52,steady
105.391877,3.2010,0.5530,2.8500,1505.52,steady
105.395087,3.2100,0.5490,3.1700,1505.52,steady
105.398265,3.1780,0.5600,2.8510,1505.52,steady
105.401579,3.3140,0.5490,3.1260,1505.52,steady
105.410924,9.3450,0.5910,2.8460,1505.52,steady
105.447962,37.0380,0.5730,3.1340,1505.52,steady
105.483110,35.1480,0.6100,2.8760,1505.52,steady
105.497698,14.5880,0.6370,2.8620,1505.52,steady
105.542097,44.3990,0.7240,2.8660,1505.52,steady
105.554068,11.9710,0.6270,2.8630,1505.52,steady
105.569804,15.7360,0.8650,2.8490,1505.52,steady
105.612332,42.5280,0.7250,2.9030,1505.52,steady
105.622227,9.8950,0.6560,3.9480,1505.52,steady
105.635570,13.3430,0.6650,2.8590,1505.52,steady
105.647291,11.7210,0.6010,2.8420,1505.52,steady
105.687090,39.7990,0.6640,2.8840,1505.52,steady
105.698374,11.2840,0.6320,2.8790,1505.52,steady
105.715356,16.9820,0.7200,2.8600,1505.52,steady
105.727680,12.3240,0.5710,2.8600,1505.52,steady
105.741423,13.7430,0.6480,2.9040,1505.52,steady
105.753510,12.0870,0.8770,2.8910,1505.52,steady
105.766094,12.5840,0.6100,2.8880,1505.52,steady
105.780114,14.0200,0.6130,2.8580,1505.52,steady
105.792358,12.2440,0.6470,2.8510,1505.52,steady
105.827095,34.7370,0.6600,2.8720,1505.52,steady
105.838015,10.9200,0.9930,2.8770,1505.52,steady
105.848786,10.7710,0.7010,2.8550,1505.52,steady
105.860210,11.4240,0.6130,2.8490,1505.52,steady
105.883033,22.8230,0.6290,2.8610,1505.52,steady
105.897644,14.6110,0.6330,3.6950,1505.52,steady
105.932075,34.4310,0.7110,2.8510,1505.52,steady
105.943159,11.0840,0.6570,2.8500,1505.52,steady
105.978023,34.8640,0.9040,2.8530,1505.52,steady
105.988447,10.4240,0.6850,2.9070,1505.52,steady
106.001777,13.3300,0.9570,2.8830,1505.52,steady
106.043691,41.9140,0.8220,2.8440,1505.52,steady
106.057593,13.9020,0.7920,2.8540,1505.52,steady
106.075207,17.6140,1.1530,2.8520,1505.52,steady
106.088913,13.7060,0.8920,2.8530,1505.52,steady
106.100890,11.9770,0.9940,2.8930,1505.52,steady
106.116380,15.4900,0.7510,2.8830,1505.52,steady
106.127039,10.6590,0.8310,2.8650,1505.52,steady
106.139057,12.0180,0.9250,4.1190,1505.52,steady
106.152175,13.1180,0.7710,3.0130,1505.52,steady
106.195988,43.8130,0.7420,3.1980,1505.52,steady
106.207396,11.4080,0.7350,2.9120,1505.52,steady
106.244464,37.0680,0.9980,2.8770,1505.52,steady
106.251088,6.6240,0.7810,2.8980,1505.52,steady
106.256145,5.0570,1.0960,2.8460,1505.52,steady
106.260441,4.2960,0.9640,3.7720,1505.52,steady
106.264835,4.3940,0.6920,2.8910,1505.52,steady
106.268878,4.0430,0.7020,2.8680,1505.52,steady
106.272375,3.4970,0.6930,3.5410,1505.52,steady
106.276355,3.9800,0.6650,4.0130,1505.52,steady
106.280458,4.1030,0.6350,4.0970,1505.52,steady
106.283684,3.2260,0.7250,2.8890,1505.52,steady
106.287240,3.5560,0.6200,2.8510,1505.52,steady
106.291073,3.8330,0.6370,2.8940,1505.52,steady
106.325623,34.5500,0.7080,2.8580,1505.52,steady
106.336111,10.4880,0.6970,2.8670,1505.52,steady
106.345287,9.1760,0.7020,2.8460,1505.52,steady
106.354973,9.6860,0.6530,2.8310,1505.52,steady
106.364538,9.5650,0.6600,2.8410,1505.52,steady
106.398905,34.3670,0.6310,2.8630,1505.52,steady
106.433719,34.8140,0.6640,3.8410,1505.52,steady
106.472429,38.7100,0.6480,2.8520,1505.52,steady
106.486165,13.7360,0.7710,2.8490,1505.52,steady
106.495777,9.6120,0.8990,4.3820,1505.52,steady
106.505418,9.6410,0.7990,2.8850,1505.52,steady
106.517883,12.4650,0.6990,3.8000,1505.52,steady
106.527911,10.0280,0.6870,2.8470,1505.52,steady
106.537994,10.0830,0.6660,2.8590,1505.52,steady
106.548965,10.9710,0.6300,2.8890,1505.52,steady
106.559497,10.5320,0.6380,2.8540,1505.52,steady
106.576076,16.5790,0.6280,2.8960,1505.52,steady
106.586642,10.5660,0.7510,2.8700,1505.52,steady
106.621612,34.9700,0.7290,2.9040,1505.52,steady
106.634536,12.9240,0.6220,2.8660,1505.52,steady
106.644950,10.4140,0.6820,2.8620,1505.52,steady
106.660721,15.7710,0.6960,3.1850,1505.52,steady
106.669456,8.7350,0.6430,2.8830,1505.52,steady
106.673398,3.9420,0.6720,4.0940,1505.52,steady
106.677222,3.8240,0.6190,3.9360,1505.52,steady
106.680458,3.2360,0.5740,2.8670,1505.52,steady
106.687403,6.9450,0.6650,2.8630,1505.52,steady
106.690989,3.5860,0.5760,2.8950,1505.52,steady
106.694060,3.0710,0.5770,2.8900,1505.52,steady
106.697055,2.9950,0.5780,2.8460,1505.52,steady
106.700051,2.9960,0.5740,2.8830,1505.52,steady
106.703158,3.1070,0.5640,3.0680,1505.52,steady
106.706232,3.0740,0.5400,2.8550,1505.52,steady
106.709431,3.1990,0.5910,3.2310,1505.52,steady
106.712424,2.9930,0.5410,2.8500,1505.52,steady
106.717436,5.0120,0.5450,3.1960,1505.52,steady
106.720606,3.1700,0.6550,2.8530,1505.52,steady
106.727897,7.2910,0.5580,3.1620,1505.52,steady
106.731266,3.3690,0.5970,2.8480,1505.52,steady
106.735419,4.1530,0.5710,2.8480,1505.52,steady
106.778299,42.8800,0.8350,3.2220,1505.52,steady
106.813720,35.4210,0.6420,2.8440,1505.52,steady
106.824171,10.4510,0.7210,2.8470,1505.52,steady
106.837822,13.6510,0.7290,2.8670,1505.52,steady
106.881369,43.5470,0.6460,2.8690,1505.52,steady
106.893269,11.9000,0.5850,2.8420,1505.52,steady
106.906390,13.1210,0.8990,2.8610,1505.52,steady
106.921736,15.3460,0.7880,2.8680,1505.52,steady
106.932463,10.7270,0.7850,2.8690,1505.52,steady
106.944283,11.8200,0.7000,2.8590,1505.52,steady
106.956513,12.2300,0.6960,3.2480,1505.52,steady
106.976046,19.5330,0.6220,2.9000,1505.52,steady
106.981893,5.8470,0.6200,2.8670,1505.52,steady
106.992246,10.3530,0.6320,2.8760,1505.52,steady
106.997697,5.4510,0.6320,3.1950,1505.52,steady
107.001363,3.6660,0.5990,2.8480,1505.52,steady
107.004908,3.5450,0.6410,2.8500,1505.52,steady
107.008601,3.6930,0.6680,2.8920,1505.52,steady
107.012108,3.5070,0.6750,2.8460,1505.52,steady
107.016181,4.0730,0.6090,3.1980,1505.52,steady
107.021262,5.0810,0.5910,2.8490,1505.52,steady
107.033388,12.1260,0.5750,3.8240,1505.52,steady
107.043931,10.5430,0.5560,2.8720,1505.52,steady
107.055593,11.6620,0.6030,2.8610,1505.52,steady
107.065754,10.1610,0.6170,2.8880,1505.52,steady
107.080117,14.3630,0.6110,2.8920,1505.52,steady
107.090419,10.3020,0.7720,3.8950,1505.52,steady
107.105440,15.0210,0.6150,2.8570,1505.52,steady
107.109343,3.9030,0.5790,2.9000,1505.52,steady
107.112594,3.2510,0.5760,2.8810,1505.52,steady
107.115796,3.2020,0.5740,2.8550,1505.52,steady
107.119012,3.2160,0.5440,2.8410,1505.52,steady
107.122524,3.5120,0.5610,2.8550,1505.52,steady
107.125687,3.1630,0.5760,2.8770,1505.52,steady
107.158696,33.0090,0.5410,2.8670,1505.52,steady
107.194245,35.5490,0.5530,3.7860,1505.52,steady
107.204862,10.6170,0.7690,2.8630,1505.52,steady
107.227074,22.2120,0.5870,2.8670,1505.52,steady
107.247502,20.4280,0.5730,2.8690,1505.52,steady
107.284370,36.8680,0.5680,2.8620,1505.52,steady
107.320259,35.8890,0.6430,2.8610,1505.52,steady
107.351934,31.6750,0.6700,2.8680,1505.52,steady
107.364990,13.0560,0.9650,2.8680,1505.52,steady
107.381267,16.2770,0.8920,2.8600,1505.52,steady
107.393470,12.2030,0.8340,3.8890,1505.52,steady
107.403723,10.2530,0.7970,2.8450,1505.52,steady
107.413005,9.2820,0.6110,2.8650,1505.52,steady
107.423943,10.9380,0.6200,2.8930,1505.52,steady
107.460865,36.9220,0.6100,2.8690,1505.52,steady
107.496571,35.7060,0.6470,2.8830,1505.52,steady
107.519192,22.6210,0.7840,2.8620,1505.52,steady
107.547786,28.5940,0.7920,4.0250,1505.52,steady
107.559044,11.2580,0.6920,2.8450,1505.52,steady
107.570939,11.8950,0.6450,2.8380,1505.52,steady
107.580444,9.5050,0.6160,2.8550,1505.52,steady
107.605858,25.4140,0.6050,2.8980,1505.52,steady
107.615443,9.5850,0.5860,3.7950,1505.52,steady
107.625475,10.0320,0.5750,2.8840,1505.52,steady
107.640888,15.4130,0.6490,4.3350,1505.52,steady
107.677679,36.7910,0.5950,2.8960,1505.52,steady
107.707298,29.6190,0.6020,2.8640,1505.52,steady
107.748335,41.0370,0.6230,2.8590,1505.52,steady
107.758534,10.1990,0.8060,2.8610,1505.52,steady
107.769467,10.9330,0.8880,2.8690,1505.52,steady
107.782922,13.4550,0.6360,4.0050,1505.52,steady
107.796367,13.4450,0.6320,2.8440,1505.52,steady
107.818597,22.2300,0.6090,2.8510,1505.52,steady
107.841841,23.2440,0.6010,2.8770,1505.52,steady
107.854358,12.5170,0.6120,2.8670,1505.52,steady
107.864943,10.5850,0.5810,2.9070,1505.52,steady
107.874895,9.9520,0.6940,2.8660,1505.52,steady
107.884945,10.0500,0.5720,3.9190,1505.52,steady
107.921789,36.8440,0.5740,2.8830,1505.52,steady
107.957423,35.6340,0.5530,2.9070,1505.52,steady
107.983350,25.9270,0.6070,2.8570,1505.52,steady
108.018581,35.2310,0.7080,2.8460,1505.52,steady
108.032831,14.2500,0.7930,2.8780,1505.52,steady
108.047683,14.8520,0.6320,3.8010,1505.52,steady
108.057621,9.9380,0.6750,2.8710,1505.52,steady
108.069357,11.7360,0.6730,2.8630,1505.52,steady
108.106420,37.0630,0.6370,2.9110,1505.52,steady
108.134850,28.4300,0.5830,3.6540,1505.52,steady
108.158258,23.4080,0.6470,3.1430,1505.52,steady
108.171581,13.3230,0.7280,2.8660,1505.52,steady
108.184437,12.8560,0.6380,4.6270,1505.52,steady
108.218802,34.3650,0.6200,2.8700,1505.52,steady
108.233156,14.3540,0.5900,2.8600,1505.52,steady
108.264150,30.9940,0.6200,2.8930,1505.52,steady
108.308222,44.0720,0.6360,2.8680,1505.52,steady
108.320026,11.8040,0.6450,2.8500,1505.52,steady
108.360705,40.6790,0.9120,2.8770,1505.52,steady
108.371077,10.3720,0.6470,2.8460,1505.52,steady
108.386310,15.2330,0.8140,2.8610,1505.52,steady
108.396825,10.5150,0.7020,4.8590,1505.52,steady
108.407538,10.7130,0.7060,2.8870,1505.52,steady
108.418220,10.6820,0.6510,2.8600,1505.52,steady
108.457934,39.7140,0.6480,2.8480,1505.52,steady
108.470217,12.2830,0.6450,2.8950,1505.52,steady
108.477108,6.8910,0.9300,2.8800,1505.52,steady
108.480273,3.1650,0.8660,2.8690,1505.52,steady
108.483259,2.9860,0.6470,2.8690,1505.52,steady
108.487497,4.2380,0.5900,2.8560,1505.52,steady
108.491644,4.1470,0.5660,2.8710,1505.52,steady
108.494432,2.7880,0.6590,2.8580,1505.52,steady
108.497364,2.9320,0.5900,2.8600,1505.52,steady
108.500283,2.9190,0.5510,2.8550,1505.52,steady
108.504231,3.9480,0.5620,2.8810,1505.52,steady
108.507172,2.9410,0.5440,2.8670,1505.52,steady
108.521385,14.2130,0.5590,3.6290,1505.52,steady
108.532981,11.5960,0.5570,4.1100,1505.52,steady
108.539580,6.5990,0.6400,2.8640,1505.52,steady
108.542549,2.9690,0.7310,2.8720,1505.52,steady
108.545393,2.8440,0.5730,2.8440,1505.52,steady
108.548285,2.8920,0.5840,2.8470,1505.52,steady
108.551447,3.1620,0.5670,2.8800,1505.52,steady
108.554339,2.8920,0.5600,2.8690,1505.52,steady
108.565920,11.5810,0.5520,4.1210,1505.52,steady
108.604476,38.5560,0.5710,2.8530,1505.52,steady
108.628971,24.4950,0.6270,3.9140,1505.52,steady
108.638906,9.9350,0.6570,2.8670,1505.52,steady
108.648368,9.4620,0.6610,2.9180,1505.52,steady
108.658356,9.9880,0.6610,2.8530,1505.52,steady
108.669765,11.4090,0.7190,4.1370,1505.52,steady
108.695103,25.3380,0.5910,2.8900,1505.52,steady
108.699401,4.2980,0.6300,2.8960,1505.52,steady
108.703112,3.7110,0.6520,2.8540,1505.52,steady
108.705747,2.6350,0.6180,2.8650,1505.52,steady
108.709579,3.8320,0.6370,3.8460,1505.52,steady
108.712738,3.1590,0.5630,2.8760,1505.52,steady
108.715461,2.7230,0.5430,2.8520,1505.52,steady
108.719377,3.9160,0.5600,2.8620,1505.52,steady
108.722600,3.2230,0.5990,2.8620,1505.52,steady
108.728034,5.4340,0.5380,2.9090,1505.52,steady
108.730566,2.5320,0.5350,2.8520,1505.52,steady
108.742481,11.9150,0.5830,2.8530,1505.52,steady
108.752946,10.4650,0.6360,4.0770,1505.52,steady
108.757461,4.5150,0.7170,2.8770,1505.52,steady
108.760914,3.4530,0.6420,4.0100,1505.52,steady
108.763620,2.7060,0.6160,2.8600,1505.52,steady
108.767325,3.7050,0.5840,2.8890,1505.52,steady
108.770224,2.8990,0.5560,2.8570,1505.52,steady
108.775239,5.0150,0.5940,4.8310,1505.52,steady
108.778122,2.8830,0.5510,2.8520,1505.52,steady
108.782774,4.6520,0.5520,3.3410,1505.52,steady
108.787114,4.3400,0.5730,4.0870,1505.52,steady
108.790351,3.2370,0.5700,2.8630,1505.52,steady
108.793662,3.3110,0.6650,3.2360,1505.52,steady
108.796608,2.9460,0.5560,2.8560,1505.52,steady
108.799588,2.9800,0.5550,2.8810,1505.52,steady
108.802771,3.1830,0.7710,2.8520,1505.52,steady
108.805716,2.9450,0.5910,2.8570,1505.52,steady
108.808930,3.2140,0.5580,2.8770,1505.52,steady
108.811923,2.9930,0.6020,2.8500,1505.52,steady
108.815661,3.7380,0.5700,3.1240,1505.52,steady
108.821816,6.1550,0.5670,2.8630,1505.52,steady
108.827294,5.4780,0.5530,3.1190,1505.52,steady
108.832995,5.7010,0.5590,2.8970,1505.52,steady
108.836170,3.1750,0.5500,2.8880,1505.52,steady
108.839195,3.0250,0.5750,2.8850,1505.52,steady
108.842402,3.2070,0.6630,3.2390,1505.52,steady
108.845408,3.0060,0.5670,2.8550,1505.52,steady
108.848653,3.2450,0.5510,3.1310,1505.52,steady
108.851538,2.8850,0.6440,2.8740,1505.52,steady
108.854466,2.9280,0.5640,2.8590,1505.52,steady
108.859705,5.2390,0.5560,3.9430,1505.52,steady
108.863859,4.1540,0.5680,4.0960,1505.52,steady
108.867255,3.3960,0.6050,2.8570,1505.52,steady
108.871942,4.6870,0.5870,4.5850,1505.52,steady
108.874847,2.9050,0.5520,2.8440,1505.52,steady
108.878165,3.3180,0.7480,3.1870,1505.52,steady
108.884458,6.2930,0.5490,2.8680,1505.52,steady
108.887900,3.4420,0.5390,3.1130,1505.52,steady
108.909629,21.7290,0.5540,3.2610,1505.52,steady
108.912676,3.0470,0.5680,2.8500,1505.52,steady
108.915510,2.8340,0.5630,2.8520,1505.52,steady
108.918685,3.1750,0.5750,3.2220,1505.52,steady
108.925465,6.7800,0.5320,2.8500,1505.52,steady
108.928594,3.1290,0.5570,3.2420,1505.52,steady
108.931410,2.8160,0.5460,2.8600,1505.52,steady
108.934831,3.4210,0.5860,2.8500,1505.52,steady
108.937817,2.9860,0.5450,2.8580,1505.52,steady
108.941762,3.9450,0.6220,2.8590,1505.52,steady
108.944616,2.8540,0.5610,2.8500,1505.52,steady
108.948562,3.9460,0.5680,3.7870,1505.52,steady
108.958361,9.7990,0.5790,2.8550,1505.52,steady
108.964740,6.3790,0.5570,4.0710,1505.52,steady
108.985494,20.7540,0.6170,2.8540,1505.52,steady
108.988658,3.1640,0.5550,2.8710,1505.52,steady
108.998359,9.7010,0.5680,2.8640,1505.52,steady
109.025056,26.6970,0.5940,2.8930,1505.52,steady
109.039827,14.7710,0.6240,2.8740,1505.52,steady
109.052218,12.3910,0.6410,2.9050,1505.52,steady
109.064229,12.0110,0.6720,2.8720,1505.52,steady
109.071819,7.5900,0.6300,3.9820,1505.52,steady
109.075219,3.4000,0.6070,4.6100,1505.52,steady
109.079778,4.5590,0.6170,4.6310,1505.52,steady
109.083663,3.8850,0.6330,2.8600,1505.52,steady
109.090869,7.2060,0.5820,3.3940,1505.52,steady
109.094249,3.3800,0.6570,4.0920,1505.52,steady
109.098874,4.6250,0.5900,4.1000,1505.52,steady
109.102222,3.3480,0.5730,2.8950,1505.52,steady
109.106350,4.1280,0.5680,4.1380,1505.52,steady
109.109668,3.3180,0.6010,2.8750,1505.52,steady
109.114304,4.6360,0.5780,4.6110,1505.52,steady
109.117388,3.0840,0.5890,2.8420,1505.52,steady
109.122095,4.7070,0.5570,3.5840,1505.52,steady
109.126300,4.2050,0.5680,4.0870,1505.52,steady
109.129837,3.5370,0.5430,3.1510,1505.52,steady
109.134177,4.3400,0.5740,4.1170,1505.52,steady
109.138730,4.5530,0.5580,4.1210,1505.52,steady
109.142176,3.4460,0.6050,2.8790,1505.52,steady
109.146385,4.2090,0.6010,4.0930,1505.52,steady
109.149684,3.2990,0.6120,2.8880,1505.52,steady
109.155136,5.4520,0.5740,4.9350,1505.52,steady
109.160009,4.8730,0.5680,2.8610,1505.52,steady
109.164149,4.1400,0.5760,3.4030,1505.52,steady
109.167877,3.7280,0.5870,4.5920,1505.52,steady
109.171754,3.8770,0.5830,2.9150,1505.52,steady
109.175987,4.2330,0.5630,4.5970,1505.52,steady
109.182512,6.5250,0.5640,2.8590,1505.52,steady
109.185849,3.3370,0.5820,3.3720,1505.52,steady
109.189629,3.7800,0.5540,3.3490,1505.52,steady
109.193547,3.9180,0.5970,2.8790,1505.52,steady
109.197365,3.8180,0.6070,3.3790,1505.52,steady
109.202039,4.6740,0.6170,4.1200,1505.52,steady
109.205447,3.4080,0.7790,2.8670,1505.52,steady
109.209420,3.9730,0.5650,4.0960,1505.52,steady
109.212937,3.5170,0.5670,2.8980,1505.52,steady
109.217499,4.5620,0.5580,3.3340,1505.52,steady
109.220810,3.3110,0.6510,2.8590,1505.52,steady
109.225064,4.2540,0.5660,3.3250,1505.52,steady
109.228501,3.4370,0.5890,2.8870,1505.52,steady
109.232778,4.2770,0.5560,3.4160,1505.52,steady
109.236978,4.2000,0.6030,4.1080,1505.52,steady
109.240667,3.6890,0.5630,2.9150,1505.52,steady
109.245142,4.4750,0.5680,4.6280,1505.52,steady
109.251055,5.9130,0.7710,2.8770,1505.52,steady
109.254498,3.4430,0.6970,4.0970,1505.52,steady
109.258973,4.4750,0.6030,4.6540,1505.52,steady
109.268659,9.6860,0.5440,2.8840,1505.52,steady
109.313332,44.6730,0.5700,4.5640,1505.52,steady
109.325203,11.8710,0.6540,2.9130,1505.52,steady
109.337108,11.9050,0.8680,4.6010,1505.52,steady
109.347757,10.6490,0.7090,2.8730,1505.52,steady
109.357402,9.6450,0.7970,2.9290,1505.52,steady
109.368171,10.7690,0.6620,4.6300,1505.52,steady
109.381026,12.8550,0.6160,2.9130,1505.52,steady
109.394173,13.1470,0.6590,4.1410,1505.52,steady
109.406546,12.3730,0.6190,2.8930,1505.52,steady
109.418179,11.6330,0.7240,2.8820,1505.52,steady
109.430179,12.0000,0.6120,2.9140,1505.52,steady
109.442544,12.3650,0.6240,3.4080,1505.52,steady
109.456200,13.6560,0.7910,4.1260,1505.52,steady
109.469559,13.3590,0.6460,2.9370,1505.52,steady
109.507804,38.2450,0.6850,2.8910,1505.52,steady
109.519052,11.2480,0.6700,2.9080,1505.52,steady
109.532520,13.4680,0.7150,2.8840,1505.52,steady
109.546604,14.0840,0.8860,4.4590,1505.52,steady
109.594078,47.4740,0.8410,2.9180,1505.52,steady
109.638502,44.4240,0.7560,2.9030,1505.52,steady
109.672855,34.3530,0.9890,2.9110,1505.52,steady
109.696102,23.2470,0.7700,2.8840,1505.52,steady
109.731910,35.8080,0.6980,2.8770,1505.52,steady
109.768011,36.1010,0.7040,4.1560,1505.52,steady
109.791930,23.9190,0.7740,4.5650,1505.52,steady
109.830637,38.7070,0.8960,2.9150,1505.52,steady
109.835174,4.5370,0.7110,2.8810,1505.52,steady
109.838474,3.3000,0.7250,3.3140,1505.52,steady
109.849795,11.3210,0.6550,4.1110,1505.52,steady
109.859114,9.3190,0.5750,2.8900,1505.52,steady
109.869822,10.7080,0.6110,4.1420,1505.52,steady
109.879520,9.6980,0.6020,3.1640,1505.52,steady
109.882505,2.9850,0.7100,4.1140,1505.52,steady
109.917702,35.1970,0.5790,4.2030,1505.52,steady
109.956134,38.4320,0.5980,4.6010,1505.52,steady
109.972593,16.4590,1.0550,4.0950,1505.52,steady
109.985471,12.8780,1.1030,2.9070,1505.52,steady
109.997492,12.0210,0.8540,2.8960,1505.52,steady
110.019515,22.0230,0.7400,2.8960,1505.52,steady
110.053742,34.2270,0.6900,3.1700,1505.52,steady
110.074595,20.8530,0.6500,2.8970,1505.52,steady
110.078010,3.4150,0.7210,2.8990,1505.52,steady
110.081176,3.1660,0.6950,2.9330,1505.52,steady
110.084676,3.5000,0.6770,2.8740,1505.52,steady
110.088541,3.8650,0.6050,3.3680,1505.52,steady
110.092666,4.1250,0.6210,4.1390,1505.52,steady
110.096007,3.3410,0.5480,2.8750,1505.52,steady
110.100640,4.6330,0.5280,4.5750,1505.52,steady
110.103609,2.9690,0.5750,2.8750,1505.52,steady
110.108218,4.6090,0.5650,3.3220,1505.52,steady
110.111163,2.9450,0.5450,2.8740,1505.52,steady
110.115769,4.6060,0.5580,3.3300,1505.52,steady
110.119972,4.2030,0.5570,4.1110,1505.52,steady
110.123375,3.4030,0.5500,2.8780,1505.52,steady
110.127639,4.2640,0.5690,4.1560,1505.52,steady
110.131026,3.3870,0.5620,2.8990,1505.52,steady
110.135685,4.6590,0.5590,4.5480,1505.52,steady
110.138580,2.8950,0.5500,2.8720,1505.52,steady
110.143140,4.5600,0.5570,3.2880,1505.52,steady
110.146147,3.0070,0.5900,2.8810,1505.52,steady
110.150788,4.6410,0.5670,3.3380,1505.52,steady
110.154977,4.1890,0.5720,4.1000,1505.52,steady
110.158358,3.3810,0.5790,2.8690,1505.52,steady
110.162770,4.4120,0.6330,4.1340,1505.52,steady
110.166065,3.2950,0.7450,2.8770,1505.52,steady
110.170591,4.5260,0.5640,4.5550,1505.52,steady
110.173523,2.9320,0.5670,2.8590,1505.52,steady
110.178207,4.6840,0.6580,3.3560,1505.52,steady
110.182052,3.8450,0.5590,3.7240,1505.52,steady
110.186257,4.2050,0.5730,3.1510,1505.52,steady
110.190465,4.2080,0.6450,4.1530,1505.52,steady
110.193889,3.4240,0.5820,2.8830,1505.52,steady
110.198445,4.5560,0.5720,3.3280,1505.52,steady
110.202677,4.2320,0.5710,4.1130,1505.52,steady
110.206110,3.4330,0.5480,2.9250,1505.52,steady
110.210266,4.1560,0.5640,4.1180,1505.52,steady
110.213459,3.1930,0.5530,2.8870,1505.52,steady
110.217802,4.3430,0.5530,4.1170,1505.52,steady
110.220810,3.0080,0.5660,2.8720,1505.52,steady
110.231817,11.0070,0.5550,4.2690,1505.52,steady
110.234870,3.0530,0.5680,2.8710,1505.52,steady
110.239509,4.6390,0.6850,2.8870,1505.52,steady
110.243174,3.6650,0.6880,2.8990,1505.52,steady
110.445127,201.9530,0.6860,2.8990,1505.52,steady
